united 0.056277 -0.16598 0.33241 -0.064785 0.26881 0.10879 -0.80737 0.38447 0.12893 -1.5534 0.71653 -0.18614 0.0089044 -0.15388 0.29521 0.25558 -0.039114 -0.27194 -0.49091 -0.5301 0.30905 0.057643 0.6318 0.69008 -0.47529 0.23134 -0.072885 0.21801 -0.57426 0.15817 -0.078279 -0.072803 0.37013 0.21936 -0.74636 -0.16643 -0.11799 -0.091981 -0.70505 -0.07696 -0.72943 -0.24004 0.0058695 0.9727 -0.0081276 -0.087375 0.20047 0.11787 0.49449 0.070007 -0.15542 -0.49006 0.18777 0.33657 -0.37413 -0.12727 -0.15874 0.49383 -0.19739 0.0051016 0.052419 0.41422 0.26141 -0.35103 0.27808 -0.39897 0.1805 0.5688 -0.040096 -0.11961 -0.0069051 -0.364 0.034333 0.12314 -0.16442 0.3472 -0.58032 0.4233 -0.88996 0.25889 0.0079119 -0.29184 -0.29279 -0.092408 -0.43247 -0.74052 0.30896 0.16694 -0.20311 -0.38363 -0.47668 -0.14811 0.30018 0.12335 -0.23998 -0.20163 -0.039665 0.32957 -0.57683 0.46805 0.1307 -0.29669 0.067339 0.080139 -0.32314 0.29796 0.21181 0.67712 0.19904 0.1247 0.16796 -0.10322 0.33325 0.043035 -0.0076526 -0.25137 -0.2709 0.23406 -0.13713 -0.075154 -0.30239 0.042013 0.25054 0.28348 -0.17645 0.11053 -0.64704 -0.047623 0.58995 0.30471 -0.20848 0.42405 0.37761 -0.016332 -0.22813 0.36623 -0.50377 0.24048 -0.3608 0.079131 -0.22017 -0.31611 0.17226 -0.047023 -0.38004 0.4804 0.18543 0.076343 -0.28106 -0.33211 0.80243 -0.47231 -0.22054 0.35262 -0.12079 -0.22383 -0.51775 0.13789 -0.10833 0.02844 0.26998 0.33273 0.020211 -0.22362 0.7322 -0.23628 -0.031751 -0.32837 -0.077916 0.27943 0.28694 0.20448 -0.61989 0.1908 0.49896 0.16787 -0.32246 0.40321 -0.18322 0.80765 0.18537 0.24835 0.1045 0.064629 0.25443 -0.53633 -0.92847 0.074893 0.21184 0.22081 -0.086304 0.142 0.47742 0.10445 -0.42403 0.16915 0.83518 -0.64099 0.086562 -0.11581 1.2189 0.1589 0.17981 -0.31164 -0.35891 0.23827 0.23974 0.2097 -0.61455 -0.16002 -0.40344 -0.10105 -0.11497 0.62133 0.19118 -0.1357 -0.34206 0.33577 -0.26661 0.24519 0.54978 -0.58593 -0.068201 -0.14046 0.10908 0.28781 0.11806 0.30746 0.20131 0.030098 0.040918 0.082575 0.61641 0.23637 0.098034 0.048218 0.017724 0.25326 0.4503 0.087146 -0.93982 0.50808 0.28134 -0.020396 0.13031 -0.23075 0.14366 -0.38068 0.30804 -0.23785 0.12716 -0.2535 -0.15889 0.5966 0.055803 -0.53841 -0.62347 -0.028141 -0.19524 0.5228 0.091354 0.53998 0.059754 0.37031 0.049488 -0.061625 -0.32609 0.036495 0.34821 0.24046 0.13735 -0.25401 -0.40887 0.19674 0.27677 0.0072955 -2.3404 -0.084917 1.1905 0.65378 0.097328 -0.24942 0.29803 0.31238 0.29429 0.15796 -0.19783 0.6758 0.093091 0.068369 0.017244 -0.12095 0.50122 0.16138 0.35971 0.75288 0.47969 -0.27429 -0.17126 -0.80372
states 0.054331 -0.26916 0.036406 -0.20722 -0.053806 0.36629 -0.56936 0.26929 0.29027 -1.6434 0.57284 0.11846 -0.30659 -0.18001 0.15906 0.27473 -0.26778 -0.32999 -0.22678 -0.20861 0.41677 0.22535 0.65964 0.5518 -0.51315 -0.1709 0.01866 0.013971 -0.48936 0.034127 -0.22301 0.32121 0.18528 -0.053735 -0.64208 -0.17936 -0.087675 -0.088443 -0.81567 -0.090869 -0.67693 -0.31138 -0.17191 0.69282 0.0062633 -0.20594 0.24541 0.13985 0.17919 0.0043057 0.0029432 -0.36997 0.39234 0.22233 -0.25675 -0.29182 -0.29821 0.54914 0.099709 0.053866 0.11875 0.40835 0.39347 -0.49661 -0.011407 -0.66668 0.082156 0.7204 -0.063612 0.32935 -0.012979 -0.26496 -0.030454 0.042544 -0.40901 0.10573 -0.57667 0.29539 -0.73047 0.18409 0.33238 -0.32106 -0.22081 -0.0053203 -0.042198 -0.29922 0.082444 0.0051782 0.017671 -0.47688 -0.46387 0.050652 0.25375 -0.027681 -0.31682 -0.26188 -0.46389 0.46634 -0.62148 0.3616 0.11813 -0.18967 0.23063 -0.1335 -0.29373 0.23389 -0.06321 0.57091 0.17243 0.19213 0.080725 -0.23681 0.16781 0.1444 -0.27617 -0.12129 -0.056471 0.1946 0.039906 0.31699 -0.11343 0.36043 -0.069881 -0.083211 -0.076221 0.53099 -0.47755 -0.12648 0.17787 0.1589 -0.40759 0.32009 0.64917 -0.10916 -0.25661 0.006434 -0.50382 0.39298 -0.15774 0.15363 -0.13815 -0.21939 0.19044 0.076789 -0.65679 0.18989 0.059113 -0.029004 0.080913 0.12873 0.73154 -0.39444 -0.10271 0.14635 -0.066805 -0.16625 -0.55516 0.08815 -0.080933 -0.027073 0.38298 0.18334 -0.019682 -0.11809 0.70948 -0.31423 0.18313 -0.31353 -0.022373 0.35148 0.55484 0.048736 -0.53547 0.35909 0.58989 -0.1307 -0.090259 0.60459 -0.066955 0.61826 0.10706 0.25744 -0.13313 -0.16057 0.13205 -0.29808 -0.82791 -0.0085025 0.13627 0.019192 -0.10889 0.034951 0.29705 -0.0092966 -0.17016 -0.070109 0.92649 -0.42564 0.1589 -0.24716 0.92944 0.12184 0.10893 -0.087908 -0.26847 0.083766 -0.035406 0.44075 -0.37513 0.12447 -0.25881 0.063071 0.24141 0.63102 0.059635 -0.13849 -0.26762 0.44894 -0.15194 0.21315 0.29126 -0.32439 0.035749 -0.11287 0.36088 0.5174 0.23683 -0.048725 0.16141 -0.22628 -0.021627 -0.24932 0.55115 0.37764 -0.37202 0.045847 -0.11485 0.18006 0.47688 -0.12986 -0.93175 0.6432 0.24759 0.20498 -0.21003 -0.26075 0.026405 0.10368 0.034953 -0.36032 -0.13509 -0.28647 -0.12178 0.51848 0.10203 -0.5501 -0.54258 0.40801 -0.12962 0.44021 0.21978 0.31612 0.13325 0.043381 0.1352 -0.18399 -0.15725 0.1762 0.11192 0.028059 0.21549 -0.050122 -0.32775 0.34094 0.004674 -0.032235 -2.4713 0.0039318 1.0421 0.50593 0.23212 -0.35342 0.11446 0.12118 0.050954 0.28213 -0.31007 0.74037 0.11485 0.2384 0.21838 -0.40861 0.59812 0.30782 0.16411 0.6255 0.27342 -0.34046 0.032292 -0.49749
china -0.11286 0.033802 -0.2941 -0.75285 0.054276 -0.54167 0.068019 0.59827 0.40707 -2.4216 0.67319 -0.44478 0.19267 -0.132 -0.27979 -0.17061 -0.087901 -0.032694 -0.3663 0.25004 -0.18012 0.18174 0.17109 0.20651 -0.52343 0.2936 -0.14797 -0.33627 0.39343 0.28431 0.29872 0.62853 -0.20346 0.27751 -1.0096 0.20671 -0.12999 -0.85432 -0.42196 -0.13 0.54003 0.11573 -0.12678 0.32775 -0.10726 0.2095 -0.1187 0.24351 -1.0391 0.25945 0.36425 0.25624 -0.23305 0.17933 0.21582 0.82448 0.20714 0.11903 -0.25287 -0.29569 -0.27008 0.65743 -0.022714 -0.77507 0.06398 -0.032921 0.17008 0.80824 -0.58816 0.21539 -0.20832 0.30273 -0.0052951 -0.16262 -0.082132 0.32964 -0.54239 -0.011848 0.060443 0.55534 -0.28234 -0.19165 -0.25292 -0.40374 1.0096 -0.23732 -0.05222 -0.21439 0.51683 -0.43026 0.056678 -0.015126 -0.30487 0.61036 -0.0057971 0.13954 -0.17101 0.52008 -0.31587 -0.28945 0.22626 0.093885 -0.35134 0.19609 -0.063854 0.25502 -0.18738 -0.12288 -0.19039 0.42833 0.016198 -0.72557 -0.32121 -0.17481 0.67367 0.1483 0.12435 0.76097 0.093439 -0.066564 -0.59027 -0.13048 -0.04428 -0.36893 -0.1524 0.56732 -0.55685 0.81918 -0.10825 -0.76628 -0.82532 0.44591 0.44255 -0.04152 -0.07863 0.064299 -0.27792 -0.020597 0.097693 0.67124 0.13637 0.062541 0.31893 -1.0303 -0.3656 0.50771 0.092327 0.13383 0.085109 -0.22769 0.37967 -0.25551 0.21872 -0.23463 0.69672 0.224 -0.57862 0.91144 -0.6088 -0.28881 0.014998 0.55252 0.20409 -0.0048005 0.52435 -0.64297 0.40855 -0.8322 -0.44022 0.098128 -0.04037 0.33705 -0.78163 -0.29235 -0.35622 -0.30874 -0.010305 -0.097657 -0.19145 0.64846 -0.5687 -0.22893 -0.096972 -0.19725 0.51993 0.11601 -0.56334 0.4216 -0.6105 -0.48234 0.42825 -0.41685 -0.39815 0.16719 0.52909 -0.32967 0.60521 -0.42216 0.12745 0.060571 0.86801 0.093184 0.1168 -0.095533 -0.12922 0.81823 -0.19247 -0.067666 -0.42855 0.31852 -0.38401 -0.31259 -0.24751 0.20452 0.099494 -0.37441 -0.69178 0.20528 -0.051128 0.722 0.67511 0.61175 -0.22162 0.11487 0.083432 0.18446 -0.1178 0.47266 -0.37187 0.069497 -0.19681 -0.61121 0.23983 0.35411 -0.41869 0.218 -0.23668 -0.17653 0.40288 0.027388 -0.16273 0.44215 -0.19204 0.93419 0.056879 0.56512 0.040255 0.10924 0.33404 0.17854 0.65186 0.19401 0.51986 -0.18339 0.18928 -0.54576 -0.87496 -0.30271 -0.050409 -0.24406 0.0049453 -0.61252 0.26521 -0.054427 0.34969 0.21037 -0.2659 -0.24277 0.15039 0.15868 0.10193 -0.2519 -0.03081 0.37559 0.07343 -0.029411 -2.0853 -0.81006 0.40917 -0.18106 -0.036109 -0.47769 0.26093 -0.35338 0.32716 0.21245 0.18651 0.46949 -0.3254 0.388 -0.22521 0.41757 0.22724 -0.19168 0.080302 1.0795 0.24896 -0.40801 0.47543 -0.13274
south -0.39116 0.15113 -0.1826 -0.51432 -0.44362 0.33962 -0.21241 0.18222 0.16639 -1.3747 -0.15135 0.20987 -0.19217 0.53431 0.62678 -0.14268 -0.093616 0.15214 -0.146 -0.32866 -0.31001 0.051309 0.38784 0.030928 -0.38597 0.42802 -0.1028 0.31546 -0.33387 0.10426 0.28416 0.4653 -0.4138 0.30511 -0.13349 -0.4194 -0.16536 0.68069 -0.65092 -0.40908 0.40296 -0.17434 -0.33147 0.44387 0.19395 -0.06062 0.62468 -0.54055 0.28168 -0.1311 -0.12803 0.33635 0.14713 0.063475 0.012656 0.26064 0.53499 0.12576 -0.09109 -0.07301 0.18719 -0.24061 0.56918 0.019501 0.5806 0.15388 0.15931 0.37847 0.38194 -0.16299 -0.29621 -0.14793 -0.33825 -0.19085 -0.68839 -0.22004 -0.14234 -0.0039588 -0.091008 -0.24897 -0.22337 0.011206 0.095064 -0.026213 -0.22876 -0.6936 -0.15152 -0.57648 0.5429 0.015687 0.071149 0.11591 0.74267 0.10279 -0.40262 0.40535 0.52395 0.27731 0.0674 -0.11626 0.08671 -0.046507 0.43373 0.0095696 -0.0485 0.072716 -0.059677 0.16316 -0.016911 0.0093119 0.51221 -0.91176 -0.44489 -0.64105 0.6226 0.32079 -0.49488 -0.13719 -0.096734 -0.16593 0.31103 -0.141 -0.56588 -0.57418 -0.082035 0.57879 -0.017157 0.066726 -0.36726 -0.019882 -0.53059 0.12119 0.62645 -0.67911 0.29028 0.45257 0.067919 -0.41053 0.23333 -0.097338 -0.27797 -0.12679 -0.053295 0.009805 -1.059 0.19455 0.013858 -0.24787 -0.57073 -0.59754 0.52008 0.0095696 0.38497 0.026527 1.1289 0.27755 -0.71352 -0.17143 0.49192 0.28161 -0.42468 -0.32352 0.17223 0.068618 0.020388 -0.40852 0.074097 -0.2411 0.54143 -0.55461 0.010411 -0.053076 -0.67284 -0.33992 -0.13281 0.23593 -0.37838 -0.061717 0.19354 0.69882 -0.0017753 0.063799 -0.34252 -0.060307 0.29737 -0.13673 -0.81919 0.15631 -0.7337 -0.14408 -0.13016 0.47151 0.10281 0.11508 -0.38181 0.3199 0.92238 -0.73221 0.27069 -0.0058644 1.4263 -0.13313 -0.86157 -0.66736 0.05585 -0.35541 -0.12657 0.01786 0.37056 -0.00054698 0.37371 0.13733 -0.41938 0.41148 0.15984 -0.3165 0.17386 -0.14818 -0.49664 -0.39573 1.181 -0.27916 -0.16839 -0.30422 0.11436 -0.40881 -0.26223 -0.17917 -0.32159 0.099354 -0.14998 -0.26498 0.16328 0.74449 0.20351 0.066632 -0.20457 0.44887 0.2327 -0.25118 -0.34867 0.24904 0.056834 0.13861 -0.11757 0.23185 0.27963 0.022645 0.53021 -0.25844 -0.097862 -0.040771 -0.11215 -0.078828 0.17282 -0.8198 -0.32433 -0.14248 0.13311 0.091441 0.039234 -0.34622 -0.32313 -0.0062906 0.20828 0.015951 0.10798 0.0078463 -0.2884 0.11292 -0.23707 -0.13291 -0.072939 0.37182 -0.0013934 0.45223 -2.0445 0.71901 0.65461 0.50476 -0.57515 -0.027099 -0.25284 -0.65854 -0.3178 -0.16291 0.35276 -0.24002 -0.17377 0.1097 0.085074 -0.26255 0.36962 -0.17452 0.10734 1.0373 0.28169 -0.056988 0.14564 0.091975
american 0.28417 0.11386 0.16274 0.21845 -0.21082 0.20196 -1.1563 0.23203 0.055472 -0.83833 0.33533 0.60247 0.035299 -0.091434 0.15617 0.043341 0.67526 -0.35714 -0.32082 -0.20723 -0.1396 -0.15849 0.65722 0.38362 -0.15108 -0.141 0.055185 0.08323 -0.12117 0.27025 -0.46298 0.31455 -0.1336 -0.16093 -0.95998 0.14907 -0.43954 -0.4891 -0.07121 0.34097 -0.17004 -0.37266 0.30109 0.46881 0.17679 0.29786 0.062796 0.20277 -0.2835 -0.0044214 0.20038 -0.60311 -0.0028443 0.90494 -0.71981 -0.072014 -0.55164 0.099198 0.3362 -0.0068546 0.13846 0.014831 1.0052 -0.36804 -0.58888 0.18206 -0.17654 0.23639 0.29911 0.097989 0.48207 0.13082 -0.25169 0.090804 -0.78673 0.47429 -0.37738 0.1975 -0.60928 -0.22498 -0.30041 -0.49985 0.045731 0.25946 0.033472 -0.37005 0.30921 0.23428 -0.017424 -0.44492 -0.25752 -0.33451 0.32377 0.4722 0.33593 -0.17245 -0.46831 0.35455 -0.74689 0.015 -0.012197 -0.23035 0.1642 -0.32749 0.063237 0.088868 -0.26736 -0.14623 0.35027 0.031927 -0.39283 -0.13372 -0.2669 -0.43437 0.47807 0.15028 -0.083413 -0.24744 -0.22045 0.1398 -0.027492 0.40559 -0.14225 0.22736 -0.16037 0.19709 -0.46329 0.15774 0.068368 0.51472 -0.48137 0.11538 0.5831 -0.65428 -0.43427 0.19623 -0.26974 0.41204 -0.35246 0.30729 -0.051742 -0.29116 0.13444 0.2397 -0.27908 0.33148 -0.25208 -0.30726 -0.99865 0.697 1.1421 -0.36844 0.34292 0.046055 0.3937 -0.14239 -0.83383 -0.15084 0.30323 -0.57997 0.62288 0.098218 0.016162 -0.10642 -0.27171 0.22947 -0.0077096 0.40343 0.27785 -0.37594 0.56498 -0.098378 -1.1495 0.44712 0.66886 0.011704 -0.17431 0.038538 0.047653 0.7799 0.11287 0.30037 0.023134 0.4389 0.030465 -0.31865 -0.4967 0.018223 0.50644 0.16287 -0.37328 0.12945 0.044764 0.0044949 -0.07136 0.35179 0.45736 -0.030282 -0.016881 0.16149 1.5172 0.11318 0.34142 -0.33939 -0.22799 -0.061016 0.22308 0.21491 -0.13399 0.16262 -0.14345 -0.2684 -0.25834 0.5994 0.428 0.0029062 0.24431 0.20987 -0.29928 0.46677 0.38875 -0.55468 -0.13911 -0.3496 -0.022574 0.67651 -0.12671 0.063169 0.23362 -0.75927 0.36474 0.38838 0.19844 0.93097 -0.22477 0.12018 0.04868 -0.038925 -0.54374 -0.14911 -0.33666 0.3812 0.52773 -0.1842 -0.61666 -0.40937 -0.73193 -0.41902 0.17107 0.21029 0.019464 -0.32565 -0.13796 0.14437 0.62215 -0.2273 -0.014208 -0.37339 0.19982 0.22852 0.0069712 -0.21148 -0.13884 0.19165 0.45992 0.052823 -0.21784 0.35099 -0.089621 0.2713 0.082754 -0.22671 0.15644 -0.20488 -0.036577 0.23666 -1.7804 0.36732 0.65826 0.012035 -0.35814 -0.44058 0.27423 -0.10178 -0.022158 0.41848 -0.033341 0.39561 0.42398 -0.073456 0.62862 -0.34031 -0.057031 0.2619 -0.18146 0.38114 0.20356 -0.025824 -0.79688 -0.36565
north -0.30985 -0.091342 0.093621 -0.90442 -0.33925 0.15411 -0.058939 0.11738 -0.045736 -1.4726 -0.30917 -0.053969 0.068349 0.39431 0.45617 0.23111 -0.20812 -0.08147 -0.077824 -0.21966 0.08163 -0.018151 0.22584 0.37501 -0.56672 0.34375 0.10228 0.034002 -0.1155 -0.033612 0.571 -0.0042511 -0.13102 -0.045234 0.42522 -0.21632 -0.36829 0.65317 -0.42458 -0.54793 -0.081466 0.26746 -0.39397 0.66435 -0.018079 0.6457 0.73338 -0.21811 -0.13086 -0.1128 -0.39284 0.42323 0.36463 -0.15642 0.091179 -0.044867 0.28326 0.028103 0.14613 0.017603 0.20015 -0.012788 0.76922 -0.24161 0.47717 -0.050231 0.13048 0.6378 0.49318 0.073965 -0.046589 -0.29323 -0.23888 -0.13564 -0.54748 0.016883 -0.25172 0.17496 -0.38478 -0.296 -0.3777 -0.18996 -0.16632 0.16109 -0.2203 -1.076 -0.3452 -0.12443 0.414 0.16239 0.029214 0.26401 0.24051 0.23526 -0.25717 0.51812 0.40665 0.076499 -0.043038 -0.23395 -0.034556 0.13311 0.11491 0.45583 -0.55231 -0.26205 0.04615 0.086991 0.18556 0.33209 0.078568 -1.3462 -0.36832 -0.52529 -0.23527 0.11241 -0.56418 -0.19947 0.33482 0.16766 0.035405 -0.079767 -0.29287 -0.13632 -0.24754 0.40163 0.22594 -0.0062353 -0.079635 -0.43143 -0.3128 0.16238 0.205 -0.73167 0.44536 0.75133 0.061053 -0.4553 0.11534 -0.0032904 -0.13857 -0.42061 -0.035957 -0.25764 -0.86319 0.3253 0.083063 -0.26538 -0.59149 -0.8603 0.8101 0.21548 0.13831 0.19994 0.87264 0.1872 -0.66793 -0.1329 0.41512 0.45203 0.18405 -0.65644 0.087521 -0.28732 -0.10262 -0.11531 0.22398 -0.40519 0.60614 -0.42251 -0.075721 -0.17932 -0.74812 -0.29791 0.038842 0.23134 -0.15819 -0.20917 0.61733 0.48946 -0.12726 -0.21976 -0.5923 0.087776 0.37404 -0.44505 -0.6462 -0.22695 -0.42041 -0.098689 -0.4607 0.49709 0.22713 -0.083142 -0.29644 0.48346 0.46036 -0.86227 0.54985 0.40093 1.515 -0.26733 -0.51033 -0.11875 0.3244 -0.13567 0.0070064 -0.27429 0.21157 -0.026232 0.21383 0.46084 -0.37374 0.013921 -0.27963 -0.38998 0.28952 -0.11437 -0.73603 -0.36315 0.91822 -0.11595 0.035321 0.00034289 0.25092 -0.090243 -0.12925 -0.42358 -0.14987 -0.16791 -0.14388 -0.19079 0.4414 0.39194 0.25728 -0.1855 0.011379 0.40004 0.31257 -0.10662 -0.59343 -0.26591 0.3911 0.14207 -0.23355 0.014455 0.31602 0.076973 0.44617 -0.061818 -0.001249 0.25421 -0.60211 0.33249 0.26645 -0.55173 -0.35262 0.13684 0.2789 0.077364 -0.24811 -0.091768 -0.12874 0.11176 -0.23494 -0.16396 0.0023443 0.032981 0.17921 -0.10855 -0.11016 -0.18374 -0.4369 0.50202 0.053984 0.1669 -1.9337 0.46003 0.70703 0.29182 -0.26709 0.0090645 0.057458 -0.54882 -0.42564 -0.20647 0.23565 -0.11572 0.42557 0.26545 0.10314 -0.45476 0.69672 0.25084 0.074711 0.88909 0.14128 -0.068537 0.22008 0.11529
market -0.17645 -0.10193 -0.14548 0.18068 0.37692 0.09272 -0.21354 0.73681 0.12643 -2.3891 0.12619 0.095643 0.081408 0.26416 0.29431 -0.50291 -0.34999 -0.079271 -0.015707 -0.4868 -0.43038 0.33049 0.96395 -0.13308 -0.16531 0.14954 0.024843 0.058233 -0.30198 -0.17858 -0.68289 -0.039118 0.017297 0.066434 -1.5104 0.42195 -0.38396 0.14438 0.36916 -0.062772 0.17169 0.13188 0.14368 0.53622 0.16226 0.25152 0.073984 -0.3303 -0.44941 0.46047 0.27051 -0.71154 -0.34226 0.015366 0.56903 0.22975 -0.34039 0.65091 0.014502 -0.099052 0.30508 -0.5623 0.44986 -0.1766 -0.15607 0.50341 -0.090548 -0.28431 0.029403 -0.010303 -0.012337 0.2704 -0.23303 0.032708 0.37574 -0.47435 0.01594 -0.48174 -0.15404 -0.0861 0.33974 -0.34144 0.051693 0.4223 1.0564 0.21358 0.13487 0.24725 0.040936 0.17528 0.25576 -0.14548 -0.34566 -0.20577 0.16872 0.59791 -0.58996 0.05655 -0.38552 -0.17952 -0.25384 0.30469 -0.63195 -0.52281 -0.15999 0.14218 0.19574 0.050914 -0.24906 0.4235 -0.32073 -0.60656 -0.27923 -0.17303 0.71241 -0.10569 0.23439 0.40208 -0.29443 -0.41424 0.10309 -0.61806 0.39132 -0.28565 0.040225 -0.1496 0.021524 0.13462 -0.66489 -0.2085 0.2642 0.53115 -0.10168 0.22088 0.044458 0.029979 0.13771 -0.13567 0.21969 0.6921 0.10858 0.043929 0.28089 0.43082 -0.26606 0.0807 -0.29515 0.057282 -0.46708 -0.37695 0.095874 0.13339 0.23223 -0.15936 0.40482 0.075666 -0.69711 0.34202 -0.060947 -0.16745 -0.038684 0.16156 -0.64777 -0.3546 0.088164 -0.3807 0.50115 -0.43788 -0.40217 0.24346 -0.1433 -0.22099 -0.26284 0.09339 0.28229 -0.077156 0.10952 0.15269 -0.15237 0.58026 -0.12635 0.066835 -0.35723 -0.26802 0.80657 0.38788 0.2514 -0.44144 -0.54183 0.53114 0.074619 0.42219 -0.3463 -0.098084 -0.34123 -0.143 -0.0086812 -0.038584 -0.33769 -0.26941 0.61909 -0.56466 -0.18836 0.24238 -0.016616 0.22445 -0.50271 0.057619 0.1908 0.0835 -0.019556 -0.35054 -0.10055 -0.29886 -0.079813 0.16778 0.44771 0.32634 -0.50266 0.25203 0.234 0.14655 -0.71988 -0.3966 0.36645 0.66535 -0.73961 0.13208 0.77458 0.2278 0.38371 0.31713 0.17188 0.55661 0.10959 0.58032 0.24916 0.13264 -0.48681 0.13587 -0.018769 -0.0019671 0.32973 0.48291 -0.9494 -0.34617 0.30618 -0.36465 0.30588 0.2535 0.23097 0.27122 -0.16433 0.44975 -0.54223 -0.074405 -0.76512 0.56374 0.19418 0.15632 -0.45251 0.25011 -0.12531 -0.084166 0.31631 -0.068582 0.021357 0.3193 -0.051558 -0.23584 -0.42389 0.49743 0.198 -0.29006 -0.28829 -0.060134 -1.4631 -0.046413 -0.13153 0.063263 -0.91754 -0.30118 -0.15518 -0.049827 0.023823 -0.16787 0.035123 0.13395 0.27672 0.25786 -0.21088 -0.038912 -0.1279 0.26608 0.44945 0.93012 -0.14177 -0.33929 -0.18608 0.37129
iraq 0.055146 0.1434 0.49556 -0.22255 -0.015801 0.60464 -0.60697 1.0363 0.30315 -2.7513 0.11276 -0.078 0.18524 -0.12971 0.11376 0.37683 0.066209 -0.24843 0.19652 -0.32186 -0.36178 0.050634 0.65347 -0.33221 0.061051 -0.18865 0.060482 -0.017486 0.11213 0.67278 -0.65055 0.074228 -0.49117 -0.1605 0.099205 -0.32617 -0.12943 -0.54107 -0.16767 0.32027 0.045742 -0.47736 -0.024716 0.10279 -0.076569 -0.53974 -0.032564 -0.16986 0.21619 0.25563 0.046745 0.28365 -0.43344 0.25481 -0.066637 -0.21679 0.18221 0.31815 -0.20768 0.44391 -0.22258 0.54669 -0.034596 -0.86725 -0.47476 -0.45825 0.77892 0.33761 0.4731 0.0056249 0.19158 -0.36733 -0.021829 0.028408 0.51728 0.67908 -0.051491 1.039 -0.59048 -0.41885 -0.068224 -0.027287 -0.21506 0.01945 0.36042 -0.067874 -0.35367 0.46781 0.2119 0.20233 -0.038397 0.19695 -0.053975 0.054229 -0.15012 0.39923 -0.57912 0.29692 0.6018 0.33006 -0.31181 0.13974 -0.35396 0.39221 0.048 -0.080009 0.33305 0.45691 0.40973 -0.42724 0.65104 0.25782 -0.2187 0.16715 0.091761 0.54819 -0.0049452 -0.18077 0.5188 -0.27665 -0.095101 -0.27115 -0.016432 0.54902 0.33973 0.12559 -0.34656 0.29445 0.53592 0.020132 0.066018 -0.20431 -0.69434 -0.16664 -0.475 -0.23321 -0.27551 -0.11668 0.42572 -0.40747 -0.13991 0.025193 -0.058988 -0.047292 -0.65272 -0.0034452 -0.33361 -0.59897 -0.38576 -0.26033 0.34345 0.16621 -0.30805 0.16483 -0.086595 0.22689 0.24988 0.1771 0.32456 -0.16649 0.037606 -0.24135 0.11971 -0.14043 0.076176 0.13058 0.51194 -0.17321 -0.40463 0.13409 1.0426 -0.0039565 -0.036219 -0.70149 -0.084609 0.59424 0.039463 0.050775 0.057321 0.72413 -0.20266 -0.11203 -0.63599 0.0050067 -0.011269 0.16842 -0.34455 -0.47046 -0.036495 -0.15263 -0.49215 0.016953 0.60481 0.35654 -0.3347 0.81931 0.60367 0.62576 0.37878 0.21596 1.0463 0.10381 -0.12372 0.10161 -0.16216 0.24458 0.35904 -0.11646 -0.15239 0.039484 -0.15024 -0.34483 0.31689 0.34075 -0.06491 -0.091519 0.12321 -0.050725 -0.43812 0.89048 0.87048 -0.29156 0.075242 0.29034 -0.0068947 -0.12418 0.36126 -0.031002 0.16188 -0.35495 0.31041 0.17137 0.9211 0.007208 0.22444 0.22739 0.51479 0.51029 0.82862 -0.5109 0.18659 -0.091618 0.92103 -0.036534 0.53812 -1.1534 -0.15226 0.26938 -0.011522 0.19045 -0.23632 -0.10169 0.070561 -0.041186 0.35427 -0.11393 -0.20116 0.16132 -0.50171 0.27137 -0.043501 -0.16191 -0.54612 0.030667 0.1506 -0.13186 -0.1083 -0.59565 -0.066815 -0.6789 -0.291 0.068016 -0.054873 0.51667 -0.2399 -0.74171 -2.2056 0.12422 1.3434 -0.26206 0.70604 -0.2642 0.67946 -0.3996 0.6237 0.096711 0.39447 0.19861 0.26133 0.20599 -0.26676 -0.29201 0.51402 0.75104 -0.35744 0.83016 0.20549 -0.58213 -1.2651 -0.097649
economic 0.32314 -0.10563 -0.35974 -0.40938 0.43272 0.41515 -0.28718 0.38118 0.1269 -2.5951 0.32407 0.10892 -0.074006 -0.17312 0.084237 -0.4429 0.36947 0.079943 0.060706 0.021993 -0.52096 0.22995 0.69839 0.23425 -0.75998 0.28533 0.10712 -0.18464 0.20158 -0.25331 0.44018 0.4247 0.11378 -0.060155 -1.0155 0.52027 -0.3235 0.59169 0.14069 -0.14197 -0.15737 0.29905 0.31228 -0.454 0.11545 -0.12969 -0.54864 -0.058194 -0.87603 0.28163 0.042336 -0.16685 0.40704 -0.531 -0.05176 0.2218 0.35233 0.091071 -0.058324 -0.11708 0.33443 -0.23644 0.3161 -0.24546 -0.37107 0.2865 0.15299 0.44323 0.18488 -0.15366 -0.17102 0.51549 -0.15692 -0.30723 0.21775 -0.034853 -0.54441 0.04483 0.44165 0.24875 0.086178 -0.52522 0.22252 0.56226 0.78029 -0.51326 0.35883 0.0088809 -0.051263 -0.27787 0.067027 -0.10146 -0.88748 -0.21011 -0.051199 0.19884 -0.027164 0.55926 0.10182 -0.10114 -0.3128 0.029451 -0.37044 -0.060171 -0.10201 0.31164 -0.22055 -0.31034 -0.4363 -0.32605 0.56002 -0.83927 -0.18377 0.07534 0.68321 0.060994 0.48257 -0.027283 -0.03998 -0.28321 0.63361 -0.68806 -0.087503 -0.036256 0.18249 0.66843 -0.073823 -0.16 -0.26607 -0.11523 -0.3124 0.39784 0.10526 -0.46703 -0.74507 -0.20669 -0.4709 0.29699 -0.085139 0.5836 -0.27918 0.89442 -0.29297 -0.30229 0.1816 0.54091 -0.031867 0.06645 -0.70398 0.45492 0.28405 0.010767 0.04013 0.17262 0.039435 0.2185 -0.42505 0.46571 -0.13302 0.30061 -0.4415 0.61069 0.14593 -0.25411 -0.010668 -0.63597 -0.2992 -0.25804 -0.3951 0.77366 0.028634 -0.57132 -0.88669 -0.49361 0.52871 -0.35681 -0.091509 0.071164 -0.2435 0.69883 -0.19411 -0.18502 0.026999 -0.15346 0.066662 0.1015 -0.51261 -0.18544 -1.0058 0.35215 0.14926 0.29197 0.045994 0.035572 -0.073222 0.23134 0.62701 -0.5322 0.26034 0.033473 0.19038 0.20709 0.18593 0.63255 -0.083819 0.12495 0.079784 0.23142 0.072037 -0.13216 -0.24001 -0.17593 0.26907 -0.76477 0.7499 0.25114 -0.16017 0.26503 -0.069213 0.26434 0.30344 -0.063837 -0.026732 0.10581 0.11304 -0.042055 0.12939 0.52839 -0.15008 -0.2179 -0.35869 0.10895 -0.057524 -0.16554 -0.56713 0.052372 0.3074 -0.30276 0.34864 0.36934 -0.33677 0.43072 0.45633 0.060167 -1.246 0.35026 0.92439 -0.037959 0.34111 0.013873 -0.1196 0.27578 1.118 0.28031 -0.031068 -0.33525 -0.60828 -0.046281 -0.32848 0.37548 0.27336 -0.067593 0.35832 0.46018 0.10864 -0.27782 -0.17648 0.44689 -0.086284 -0.53649 -0.5519 0.50555 -0.12244 0.4089 0.52562 -0.45338 -1.5343 0.55348 1.3977 -0.55408 -0.37842 -0.10947 -0.45768 -0.0035908 0.8356 -0.47255 0.038029 -0.043375 0.19042 -0.2601 -0.22797 -0.10696 0.066683 0.28169 0.22282 1.4297 -0.3849 -0.013331 -0.098035 0.58206
business 0.0097015 0.25098 0.22338 -0.46483 -0.037214 -0.091608 -0.45559 0.45763 -0.15448 -1.946 -0.088577 -0.039477 0.51419 0.14452 -0.022366 -0.11423 0.026031 0.31308 0.087488 -0.020884 -0.070699 0.34944 0.75467 0.46708 -0.46105 0.28865 -0.11147 0.20041 -0.022767 -0.19943 -0.1204 0.40525 0.24754 0.4443 -1.427 0.6432 -0.038754 -0.2084 -0.17337 -0.30877 -0.1164 -0.0085283 -0.047662 0.41573 0.23337 0.01306 0.47903 0.25835 -0.096665 0.26827 0.080663 -0.27786 0.30935 0.1239 0.11946 0.075316 -0.032141 0.32646 0.020128 -0.39481 0.73197 -0.30642 -0.18611 -0.040756 0.4719 -0.072064 -0.22796 0.19366 -0.17309 -0.25339 -0.082484 0.12617 0.14855 0.19065 0.24423 -0.073614 -0.24635 -0.045137 0.24482 0.081425 0.019364 -0.42477 -0.15202 0.092572 0.83245 -0.28955 -0.0097046 -0.34026 -0.1448 0.012979 -0.3405 0.40409 -0.12072 0.18807 0.20817 0.25357 -0.35472 0.57908 0.15031 -0.50517 -0.34077 0.14131 -0.012684 -0.1217 -0.0091721 -0.26542 0.25712 -0.47314 0.0072054 0.041942 0.1513 -0.95002 -0.024205 0.11809 0.36763 0.029182 -0.0013106 -0.10303 -0.069037 0.1212 0.46674 -0.062541 0.68816 0.062056 0.22186 0.16935 0.39306 -0.37364 -0.11799 -0.448 0.094804 0.19478 0.14906 -0.43888 -0.51714 0.11575 -0.25527 -0.19167 -0.0282 -0.10426 -0.18287 -0.20092 0.47379 -0.11315 -0.19167 0.16046 0.033069 0.053838 -0.061675 0.1558 0.41429 0.34535 0.43598 -0.28151 0.24399 0.053895 -0.0092887 0.16461 -0.015316 -0.35402 0.040542 0.031096 -0.060363 0.16148 -0.10034 -0.41895 0.1776 -0.18607 -0.29894 1.0033 -0.088307 -0.30406 -1.3012 -0.0523 -0.49618 0.074664 0.00062433 -0.3426 0.11927 0.25681 0.4158 -0.026383 -0.096778 0.06077 0.21925 -0.17174 0.1317 0.12804 -0.56086 -0.42632 -0.36788 0.1825 -0.095269 0.015815 0.19902 0.13608 -0.22808 -0.20169 0.041113 -0.65962 0.55531 -0.30328 0.19209 0.068856 -0.33493 -0.23169 -0.06953 0.27456 0.041907 -0.80751 -0.13236 0.20871 0.23904 -0.1921 0.29452 0.56841 -0.025309 0.32582 -0.24001 0.27937 0.41068 -0.057189 -0.43486 0.42316 0.1483 0.38936 -0.21808 0.13228 0.5167 0.26136 -0.17028 0.27728 0.14076 0.087239 -0.11859 -0.38619 0.65484 -0.092941 -0.68715 -0.0028794 0.083978 0.14856 0.26276 -0.38256 -1.0349 0.32043 -0.18176 -0.41059 0.28462 0.28978 0.17441 0.022673 0.12358 0.11187 0.561 0.24877 -0.25119 0.13844 0.21671 0.18316 -0.095528 -0.41008 -0.0016453 0.16357 0.52782 0.18187 -0.040241 -0.19084 0.039777 -0.02201 -0.35879 0.88677 0.075216 -0.30838 0.22202 0.12887 -1.3954 0.18759 0.44374 -0.25365 -0.69806 -0.25269 -0.23841 0.15461 0.13667 0.48427 0.1889 0.56954 0.20628 -0.038125 0.39995 0.086789 -0.48424 -0.27906 0.075154 0.42679 -0.50794 -0.38692 -0.066581 0.31687
west -0.044975 -0.38301 -0.19541 -0.31315 -0.12829 -0.50889 -0.24842 0.19213 0.085058 -0.86572 -0.3895 -0.040689 0.20808 0.19519 0.65287 0.22944 -0.11736 -0.04895 0.5343 0.022319 0.12614 -0.23654 0.015072 0.13365 -0.13663 0.12497 -0.25355 0.33628 -0.47142 0.47088 0.41783 -0.051819 -0.10665 0.09498 -0.24898 -0.40551 -0.22232 0.21822 -0.39122 -0.7001 -0.56814 -0.14275 -0.41608 0.046567 0.42283 -0.005084 0.23951 -0.2439 0.079118 -0.30605 0.18852 0.14795 0.17697 -0.35876 0.22509 -0.4256 0.3753 -0.42459 0.10601 -0.60072 0.23457 -0.08104 0.47443 -0.33503 0.80973 0.43448 0.23195 0.42159 0.48628 -0.10552 0.34057 -0.021237 0.3926 -0.15575 -0.5925 -0.023439 -0.2378 0.25335 -0.551 0.20658 -0.21102 0.15047 -0.47093 0.37635 0.031121 -0.69265 0.016644 0.23814 0.74352 0.25682 0.08813 0.086676 0.43408 0.46839 -0.34754 0.10814 0.47899 -0.021649 -0.016709 -0.18186 -0.116 0.1667 0.40212 -0.15702 0.047482 0.11499 0.57016 0.17195 0.70029 0.22422 -0.23889 -0.78343 0.054643 -0.2324 0.20412 0.33409 -0.42412 -0.17263 -0.14372 -0.33289 0.53775 0.40153 -0.40501 -0.13368 -0.19427 0.57619 0.11632 -0.43129 0.18844 -0.48016 -0.070627 0.21429 -0.11972 -0.51943 0.2119 0.56735 0.21707 -0.41534 -0.25942 0.016804 -0.13889 0.14149 0.00022749 0.46395 -1.0237 -0.17476 0.33397 -0.1769 -0.60246 -0.35309 0.4452 0.25846 0.51605 -0.17566 0.65058 -0.12869 -0.32633 0.18223 0.22698 0.48946 0.077436 -0.10034 -0.040489 -0.37168 -0.35573 0.21114 0.53927 -0.033292 0.1114 -0.5345 0.33306 0.28301 -0.25935 -0.13929 -0.039843 0.54814 -0.53886 -0.18376 -0.23545 0.28821 -0.20781 0.07169 0.09165 0.11869 0.74246 -0.14899 -0.41206 -0.3051 -0.41431 0.49613 0.13225 1.0308 0.14958 -0.082428 -0.32634 0.043985 0.50564 -1.0135 -0.0091183 0.24913 1.6256 -0.26528 -0.51056 -0.23572 -0.25657 -0.26836 0.40262 -0.13818 0.61436 -0.19543 -0.26518 0.13089 0.0026763 0.06147 0.12514 -0.10909 0.22605 0.22679 0.012892 -0.7626 0.63743 -0.36951 0.11621 0.39545 0.61099 -0.26244 -0.092484 -0.10737 -0.22304 0.33778 0.014034 -0.037102 0.22319 -0.09904 0.20025 0.18008 0.13501 -0.1514 0.23522 -0.41863 -0.51392 0.35039 0.59014 0.00043452 -0.34089 -0.07833 -0.34021 0.080421 -0.0055676 -0.45901 0.56274 0.16076 0.23566 0.18904 0.22259 -0.23481 0.14367 -0.40304 0.13338 0.27732 0.3454 -0.28126 0.0083826 0.13482 -0.6985 -0.069107 -0.12619 -0.032098 -0.042548 0.4869 0.031658 -0.59885 -0.15109 0.044103 0.18646 0.54005 -2.0206 0.083931 -0.039675 -0.095815 -0.22058 -0.1106 -0.22001 -0.19382 -0.31629 0.10096 -0.10001 -0.028198 0.17653 -0.19262 -0.7214 -0.62546 0.58743 0.31444 0.4221 1.0038 0.18274 -0.6119 -0.072234 0.156
european 0.37636 0.1245 0.13028 0.024309 0.50706 0.18205 -0.44874 0.35522 0.27065 -2.2199 0.27274 0.089987 -0.095771 -0.19658 -0.025194 -0.52853 0.13585 0.34579 0.0018179 -0.24767 0.47233 -0.11625 0.88426 0.12965 -0.40956 -0.089691 0.23055 0.55781 -0.22778 0.48616 -0.62413 -0.24377 0.19711 0.11263 -1.1883 0.024652 0.57775 0.11042 -0.28542 0.4151 -0.67982 -0.073312 0.39515 -0.21735 -0.062041 0.56322 -0.19724 -0.18342 -0.52805 -0.4114 0.088846 -0.098932 0.072034 -0.14358 0.27324 0.67122 -0.16882 0.21936 0.78906 0.22729 -0.025204 0.059196 -0.010377 -0.37329 -0.82208 0.023937 0.0040298 0.42146 0.085122 -0.50313 0.35779 0.3664 -0.39343 0.063363 -0.20082 0.20565 0.17874 -0.10531 -0.18211 0.54502 -0.17821 -0.22741 -0.040309 0.078567 0.82167 0.106 0.15399 0.28438 -0.14888 -0.2732 0.36121 -0.19067 -0.54666 0.30346 0.31908 -0.20123 -0.24822 0.0038061 -0.96384 0.2225 -0.30406 -0.0025773 0.35999 -0.17173 -0.38834 0.22997 0.2501 -0.44823 -0.29395 0.30376 0.49876 -0.096115 -0.056948 -0.20546 -0.12966 -0.53149 -0.023173 0.64504 -0.11506 -0.32606 -0.14409 0.056919 0.37964 0.14642 -0.12979 0.95276 -0.29351 0.20466 0.16156 0.062562 0.026096 -0.19251 0.22756 -0.10105 -0.18028 0.030398 0.38048 -0.059383 -0.42083 -0.44404 0.38757 -0.36225 0.47253 -0.01306 0.31903 -0.46894 0.41376 0.077922 -0.86911 0.22432 0.59027 0.098942 0.26202 0.17779 0.019848 0.34143 -1.5622 0.19684 -0.077978 -0.10943 -0.26155 0.79602 0.048891 0.45868 0.24463 0.52329 0.078947 0.019276 0.19178 -0.24199 0.23464 -0.14338 -0.096617 0.36261 0.16943 -0.22154 -0.33519 0.18852 -0.20357 0.66751 0.18674 -0.48708 0.17415 -0.13102 0.387 -0.44341 -1.3435 -0.29943 0.015639 -0.24853 -0.20315 -0.24236 -0.30084 -0.26956 -0.34824 -0.30791 0.30954 -0.14744 -0.1326 0.39363 1.1514 0.093009 -0.47808 0.21678 0.39067 -0.15708 -0.40996 0.014753 -0.29756 0.38114 0.29203 0.11526 0.40627 0.2198 -0.22513 0.06773 0.46783 -0.033393 -0.28023 -0.46271 0.5075 -0.61953 -0.66688 -0.37449 -0.12455 0.1171 -0.41323 0.12421 -0.30127 0.1807 0.030468 0.29842 0.013415 0.12012 0.56632 -0.31565 0.25831 0.51164 0.45847 -0.25554 -0.24502 -0.077132 0.6042 0.052367 -0.25356 0.41736 -0.12094 0.081186 0.086366 -0.35658 -0.099454 0.22001 0.40536 0.31123 -0.34853 -0.42295 -0.39179 0.19577 -0.20155 0.82024 0.10351 0.12193 0.37599 0.33503 -0.036016 -0.031103 -0.57655 0.15969 -0.33978 -0.30208 0.23512 0.50417 -0.18397 0.15263 0.080176 0.33131 -1.6663 0.061911 0.6901 -0.39952 -0.37431 -0.31819 -0.11638 -0.068522 0.32436 -0.049704 0.26373 -0.26445 0.04643 -0.19938 0.094937 -0.44854 -0.41103 -0.094605 0.48306 0.61828 -0.45149 -0.045764 -0.24424 0.086098
british 0.44361 -0.24175 0.23657 0.16535 -0.12898 -0.37264 -0.1746 0.47279 -0.62498 -1.721 0.24105 -0.26013 0.40335 0.19825 0.13542 0.44771 -0.16216 -0.022214 -0.10811 -0.31218 -0.24754 0.048591 0.66373 0.24912 0.14862 -0.74707 0.066563 0.0062892 0.11841 0.62396 -0.97588 -0.25954 -0.18804 0.22991 -0.026697 -0.58237 0.11142 0.67196 0.20366 0.64616 -0.54028 -0.23923 0.25447 0.33535 0.51425 0.08614 -0.31107 -0.10255 -0.17829 -0.27556 -0.095669 -0.65754 0.10404 0.54144 -0.04563 0.27646 -0.23742 0.096782 -0.20897 -0.033804 0.13149 0.40735 0.029315 -0.15759 0.21681 -0.44584 -0.24794 0.012081 -0.74122 -0.10007 0.60484 0.37403 -0.26242 0.0062555 -0.41422 0.8541 0.26926 0.06567 -0.40598 0.47965 0.10447 0.097696 0.047544 0.55951 0.13217 -0.15796 0.15944 0.0097194 0.32309 -0.011932 -0.054296 0.31218 0.096169 0.17234 0.64457 -0.079677 0.28086 0.3115 -0.34947 -0.38261 -0.38037 0.072435 -0.50585 -0.016061 -0.16645 -0.078613 -0.67475 0.19686 0.15611 0.052353 0.51656 -0.15756 0.28701 -0.14345 0.23918 -0.055053 -0.20985 0.68029 0.35316 -0.99727 -0.11472 0.59657 -0.33045 -0.056386 -0.41073 -0.26891 -0.44655 -0.013736 0.51149 0.051133 0.15342 0.0037658 -0.12556 -0.89096 -0.3578 0.49495 0.12265 -0.42313 -0.23351 -0.045947 0.32131 -0.075759 -0.20994 0.14904 -0.36628 -0.61527 0.46143 0.034349 -0.44927 0.49853 0.92802 -0.5104 0.26374 0.27419 0.53995 0.067261 -0.9549 -0.12932 0.45307 -0.21123 0.19008 0.48336 0.030808 -0.32495 -0.45439 0.91809 0.4197 0.23832 0.52468 0.014329 0.24577 0.12323 -0.76959 0.32006 0.14969 0.25968 -0.64326 -0.59276 0.69452 0.60045 0.10424 0.33608 0.22233 -0.069943 0.51099 -0.78817 -0.20251 -0.26815 -0.0083859 -0.47115 -0.36623 0.069367 -0.015743 -0.67066 0.2627 0.40995 -0.046727 -0.075376 0.018436 -0.33731 1.5303 0.33755 -0.40981 0.15007 -0.00088381 0.083077 -0.21899 0.28972 0.23005 -0.14156 -0.074535 -0.15124 0.15736 0.4399 -0.018315 0.17569 0.047948 0.11352 0.55986 -0.048591 0.73229 0.022024 0.019729 -0.2868 -0.2957 0.32636 0.11962 -0.13871 0.41088 -0.23615 0.39155 0.35036 0.20009 0.3176 0.15774 0.17426 0.10747 0.31028 -0.42537 -0.2986 -0.48668 -0.23681 0.94302 0.098104 0.05757 0.20557 -0.75259 -0.51231 -0.033158 0.35312 -0.051979 -0.077415 0.15041 -0.28497 0.97815 -0.0091248 -0.1758 0.30929 -0.34735 0.067628 0.076615 -0.46023 0.28533 0.82281 0.045717 0.086228 0.047807 -0.0058104 0.23984 -0.23529 0.29032 0.01889 0.060512 -0.44394 -0.49782 0.14954 -1.2913 0.002447 0.66697 0.22732 0.13006 -0.25788 0.19817 -0.66281 -0.11119 -0.13536 0.15765 -0.34493 -0.13854 0.13367 0.19895 -0.21462 -0.50795 -0.16238 -0.18227 1.1228 -0.613 0.18575 -0.29561 -0.19987
trade -0.14711 -0.32297 -0.41944 -0.38027 -0.04572 0.56863 -0.32312 0.20487 0.22415 -2.0312 0.10052 -0.30165 -0.50185 -0.10843 0.13201 -0.1966 0.15652 -0.16366 -0.47149 0.24507 -0.44461 0.10511 0.58872 0.015285 -0.35717 0.40896 -0.28898 -0.54976 -0.032895 0.37212 -0.2541 0.25342 0.13609 -0.096125 -0.92853 -0.27403 0.30547 -0.46999 -0.10242 0.0035535 -0.30716 0.38262 -0.18236 0.15458 -0.022635 0.43246 -0.64627 0.4118 -0.2767 -0.45859 0.42936 -0.026393 -0.51792 -0.025624 -0.047398 0.17853 -0.93455 0.37776 -0.13938 -0.54745 0.42561 -0.45775 -0.21672 -0.65848 0.12809 -0.35969 0.30915 0.35379 0.4124 0.098927 0.34885 0.040412 0.3148 0.32108 0.55885 -0.30059 -0.0087013 -0.56371 -0.014125 0.46133 0.16666 -0.49777 -0.078503 0.0076303 0.47248 -0.16219 -0.23801 0.14092 -0.51786 -0.54864 -0.066135 -0.51519 -0.63235 -0.1368 -0.014071 0.68036 -0.46559 0.13705 -0.13035 0.30346 -0.1015 0.010035 -0.28322 -0.17595 -0.23631 -0.055379 0.065531 -0.19166 0.26758 -0.13247 0.028608 -0.64286 -0.79448 0.34357 0.73697 -0.063155 0.53424 0.73557 0.1132 -0.30577 0.36686 -0.53003 -0.36229 -0.50493 -0.29191 0.60271 0.11808 0.17732 0.22162 -0.90778 -0.24417 -0.057689 0.42094 -1.0737 -0.20669 0.14105 0.031015 -0.16163 0.1667 -0.079591 -0.013081 -0.28638 0.23609 -0.32269 -0.18822 0.49073 0.50458 -0.06178 -0.15497 -0.29116 0.17257 -0.11334 0.18961 -0.33767 -0.17158 0.10459 -1.0572 0.26727 0.0034671 -0.29675 0.30896 0.54481 0.13456 -0.34981 0.12707 -0.91891 0.12196 -0.24534 -0.078345 0.85167 -0.76126 -0.50912 -1.1477 -0.13427 0.43416 -0.38917 0.075723 -0.002754 -0.31624 0.40869 0.21245 -0.15512 -0.94129 -0.18284 0.39932 -0.50018 -0.37686 0.10554 -0.21866 0.53161 -0.18757 0.5706 -0.033656 -0.27138 0.092819 -0.0039319 0.20018 0.22763 0.18165 -0.00034886 0.61248 0.1828 0.0084691 -0.27815 0.35289 0.55183 0.20563 0.096084 0.33893 0.54204 -0.21212 -0.1763 0.18143 0.19477 -0.5869 0.040511 0.49548 0.54732 -0.29582 0.19328 0.72031 -0.71555 -0.35239 0.0040142 0.018472 0.81483 -0.50863 0.50482 0.46132 0.2768 0.094881 0.12597 0.13386 0.24196 0.02888 -0.25495 0.67709 0.29465 -0.13369 0.018144 -0.53779 -0.27608 -0.068238 0.46789 -0.48157 0.29633 0.43658 0.33083 0.84104 -0.20393 0.030827 -0.41164 0.2726 0.23738 -0.15565 -0.21597 -0.99969 -0.5015 -0.53346 0.65229 -0.11382 -0.044519 0.43711 0.043728 0.15166 0.0124 0.016396 0.24581 -0.62471 -0.69818 -0.22451 0.10229 0.72176 0.19947 0.070239 0.10135 -1.6116 -0.083437 0.58308 0.45156 -0.61179 -0.069899 0.20508 -0.27921 0.58967 -0.14669 0.50635 0.050434 0.018675 -0.014587 0.29047 0.34988 -0.88496 0.34211 -0.033777 1.1538 -0.41317 -0.33175 -0.046809 0.66012
east -0.2183 -0.292 -0.34106 -0.14572 0.10507 -0.31235 -0.31116 0.569 0.30652 -1.5605 -0.23128 -0.0017951 0.090463 0.18227 0.6016 -0.056207 -0.097312 0.409 0.38804 -0.2451 -0.27394 -0.074288 -0.020219 0.13184 -0.15219 0.26821 -0.23338 0.12535 -0.30651 0.32243 0.57237 0.029328 -0.045936 0.043967 -0.08634 -0.094165 -0.40331 -0.046856 0.0034236 -0.50166 -0.4653 -0.44476 -0.25131 0.016489 0.36353 0.28861 0.43899 -0.0022482 -0.17254 -0.42928 0.37769 0.41844 0.10049 -0.52447 0.16275 -0.072811 0.34435 0.33437 0.025932 -0.4304 -0.089929 -0.1696 0.053037 -0.16832 0.96257 0.086166 0.17398 0.57333 0.23673 -0.43095 0.2298 -0.041017 -0.10238 -0.57061 -0.58919 -0.00064085 0.13951 0.087595 -0.22584 0.43173 -0.13009 -0.11642 -0.38086 0.46044 0.45908 -0.87267 -0.012543 0.32011 0.73493 0.29244 0.28769 -0.052624 0.31715 0.3828 -0.62363 0.12775 0.55589 -0.40123 -0.050563 -0.18013 -0.42294 -0.26097 0.47015 0.16245 0.19888 -0.078342 0.69882 -0.1326 0.54501 0.16378 -0.034657 -0.95009 -0.035252 -0.071178 0.382 0.18884 -0.40957 -0.19494 0.13213 0.020346 0.23684 0.028636 -0.31321 -0.49653 -0.063819 0.43633 0.50416 0.011614 0.35561 -0.65346 -0.094537 0.3347 0.13659 -0.39076 0.10873 0.43687 -0.13021 0.0097346 -0.18704 -0.22847 0.056772 0.026303 0.11484 0.43188 -0.66862 -0.21291 0.36246 -0.066339 -0.98143 -0.66679 0.88274 0.14111 0.61492 -0.15366 0.57728 0.047868 -0.2547 -0.044411 0.35232 0.13966 -0.049539 -0.089353 -0.29668 -0.17258 0.023509 0.35953 0.42624 0.12326 -0.33745 -0.40683 0.39172 -0.30866 -0.48166 -0.3651 -0.16564 -0.020382 -0.45959 -0.1736 0.22844 0.03909 -0.35754 -0.017475 -0.099104 0.21396 0.85154 -0.15548 -0.14679 -0.012139 -0.445 0.24548 -0.012638 0.63762 0.41672 -0.23894 0.02624 0.43373 0.48038 -1.0837 0.44579 0.42742 1.2034 0.010543 -0.4233 0.15044 0.063502 0.24276 -0.092831 -0.29998 0.51536 0.23939 -0.24113 0.36732 -0.11034 -0.18226 0.24294 -0.10019 -0.14331 -0.11454 -0.15119 -0.53734 0.88284 -0.55253 0.00054964 0.40962 0.59084 -0.49388 -0.082424 0.32816 -0.35049 0.2643 0.12434 -0.19009 0.20344 0.10869 0.12206 0.117 0.017266 0.0078224 0.13761 -0.33668 -0.7943 0.42357 0.86829 0.13607 -0.13697 -0.22706 -0.10879 0.41889 0.16052 -0.39196 0.50988 0.25583 0.29384 0.2038 0.072811 -0.37315 0.077054 0.086087 0.024749 0.41415 -0.023042 -0.3119 0.18466 0.13845 -0.12934 -0.40549 -0.19454 0.049737 0.17967 0.011618 -0.51295 -0.47726 0.14374 0.30153 0.24375 0.65896 -1.7169 0.33131 0.4189 0.15145 -0.35195 0.15914 -0.067805 -0.42327 -0.056604 0.34342 0.3714 0.22112 -0.02014 0.036595 -0.66058 -0.30694 0.1325 0.28985 0.26504 0.87137 0.12885 -0.31603 0.10479 0.18804
central -0.082372 -0.20311 -0.3797 -0.64093 0.31504 -0.060771 0.082182 0.72665 -0.2768 -1.7189 -0.48095 -0.057632 0.0092127 0.51299 0.50794 0.10336 0.038589 -0.58962 0.47475 0.14858 0.24924 0.030717 0.51885 0.025769 0.13352 0.24187 0.126 -0.086638 -0.92605 0.046862 0.75484 0.26256 0.11022 0.64763 -0.072861 -0.15233 0.22835 0.19501 -0.63147 -0.31094 -0.34491 0.030862 -0.62983 0.29242 0.21822 0.19692 -0.13948 -0.0041981 -0.7593 0.045419 -0.077285 0.13502 0.23098 0.035126 -0.16891 -0.10603 0.17126 0.30914 0.2052 -0.35829 -0.42775 0.13787 0.59526 -0.30209 -0.23491 0.3354 0.71759 0.65924 -0.18037 -0.011689 0.093826 0.2582 0.036174 -0.36366 -0.49012 -0.015742 0.3289 -0.2429 0.28113 -0.38688 -0.058987 -0.20214 0.086317 0.10254 0.29397 0.079681 -0.43068 -0.3051 0.35373 0.97552 0.7241 -0.15104 0.041604 -0.12049 -0.20107 -0.18243 0.58449 0.047392 0.023314 -0.059214 0.17379 0.45795 -0.0062814 -0.17563 0.18246 0.26066 0.036809 0.20452 0.23349 0.78943 -0.35229 -0.58485 -0.065654 0.12859 0.61207 0.33426 -0.10694 0.027915 0.14468 -0.31823 0.038035 0.18979 0.23425 0.12324 -0.26809 0.04481 -0.24507 -0.35675 0.20647 -0.40611 -0.55483 0.31319 -0.39419 0.010275 0.53891 0.10628 0.066228 -0.20431 0.12532 0.46036 -0.22861 -0.090142 -0.0074478 0.076452 -0.53296 0.16387 0.21388 -0.1751 -0.26064 -0.1867 0.44235 -0.048013 0.85641 0.43508 0.62197 0.13321 -0.31575 -0.073025 -0.21259 0.47914 -0.46746 0.32858 0.43759 0.15864 0.090073 -0.1622 0.26991 -0.60512 0.55599 -0.13291 0.32939 -0.36072 -0.5816 0.23518 0.055537 0.82242 -0.25308 -0.10555 -0.25563 -0.060879 -0.25028 0.065911 -0.028829 -0.29928 0.45835 0.28742 -0.48951 0.068413 -0.17774 0.15458 -0.16092 0.46099 -0.32133 0.54839 0.27211 -0.12101 0.59807 -0.31765 -0.49303 0.96571 1.1613 -0.055932 -0.25606 0.016786 0.17044 -0.015919 -0.15823 0.085747 -0.18638 0.054034 -0.0092337 -0.18948 0.32603 0.055333 0.10013 -0.23012 -0.3051 -0.1545 0.26689 -0.28042 -0.15286 -0.50628 -0.33378 -0.16375 0.29417 -0.091381 -0.41384 0.11853 -0.23886 -0.54606 -0.14018 -0.10919 -0.22797 -0.2553 0.083161 -0.56766 -0.10665 0.11929 0.28996 -0.42071 -0.064399 0.36741 0.53736 -0.34529 0.21827 -0.11668 0.15145 -0.27673 -0.0012796 -0.19382 0.37252 0.37289 0.14451 0.086722 -0.17859 -0.11784 -0.80377 0.22762 0.25186 0.14086 0.24395 0.071472 0.41808 0.3079 0.20389 -0.53464 -0.22611 0.47357 0.064508 0.17376 -0.40375 -0.26109 -0.18423 0.61931 -0.2773 0.57985 -1.93 0.50315 0.86025 -0.22557 -0.053842 -0.38692 0.1908 -0.90671 -0.11557 0.40682 -0.061143 0.38257 -0.096155 -0.23594 -0.17229 0.30428 -0.099008 0.22921 0.44791 1.2461 -0.16745 -0.57046 -0.40268 0.12439
chinese -0.10239 -0.062908 -0.043242 -0.66657 -0.017152 -0.79602 0.06327 0.41267 0.31191 -1.7229 -0.038506 -0.46562 -0.2631 0.33459 -0.28618 -0.18258 0.19047 0.16346 -0.33268 -0.14113 -0.54887 -0.19702 0.2993 0.19003 -0.21188 0.34401 0.039377 0.12358 0.45806 0.50894 0.3662 0.3493 -0.21429 0.47354 -1.0383 0.17237 0.085215 -0.46614 0.10155 0.25186 0.42116 -0.3665 0.047368 0.39542 -0.14935 0.32123 0.095443 0.44255 -1.244 0.27729 0.24674 -0.29102 -0.12189 0.29178 -0.2519 0.86547 0.27267 0.061817 0.23 0.16482 -0.17792 0.48604 0.53125 -0.37744 0.34611 -0.086144 -0.3148 0.38862 -0.34166 0.294 -0.10717 0.30104 -0.45742 -0.11557 -0.4305 0.69013 0.2368 0.005799 0.31984 0.473 -0.35772 -0.045477 -0.060945 -0.11891 0.75989 -0.064136 0.021854 0.012324 0.76719 0.079182 -0.2813 -0.034467 -0.16199 0.74091 0.23553 0.37276 -0.062126 0.39433 -0.41228 -0.079321 0.41189 -0.13857 -0.27277 -0.22955 -0.42914 0.19451 -0.52487 -0.826 -0.071955 0.27176 -0.068607 -0.2257 -0.089349 -0.38026 1.058 0.12316 -0.14196 0.58254 -0.077602 -0.27944 -0.0050548 0.25002 0.0087659 -0.25382 -0.13367 0.20345 -0.35029 0.86377 -0.017167 -0.53184 -0.77824 0.47366 0.40247 -0.23959 0.049151 -0.036057 -0.3428 0.01672 0.19088 0.73672 0.37051 -0.22742 -0.079312 -0.92622 -0.24805 0.59709 0.033254 -0.086424 -0.067283 0.30127 0.47084 -0.29134 0.24937 0.18759 0.86232 -0.11763 -1.1283 0.71141 -0.47894 -0.61768 0.39429 0.70271 0.10467 -0.34255 0.16071 -0.32041 0.096962 -0.54071 -0.3993 -0.25721 -0.31809 -0.12716 -0.96066 0.042514 -0.25596 -0.42507 -0.24176 0.030324 0.11969 0.58933 -0.47605 -0.28649 -0.065527 0.22778 0.35752 0.1947 -0.47609 0.57109 0.32948 -0.39377 0.36824 -0.82755 -0.25976 0.13131 0.80375 -0.57991 0.23411 -0.29827 -0.30007 -0.18558 0.53369 0.5025 0.25706 0.14656 -0.18152 0.20604 -0.29753 0.058781 -0.50529 0.24252 -0.16367 -0.37824 -0.1338 0.19126 0.34039 -0.2611 -0.36319 0.085252 0.025048 0.88225 0.78084 0.45706 -0.33098 -0.34737 -0.053401 -0.16601 -0.12972 0.22669 -0.33374 0.19312 0.27335 -0.28571 -0.11179 0.83611 -0.25436 0.64659 -0.41954 -0.46249 -0.13044 0.13715 0.2809 0.45525 0.15841 0.76461 0.23279 0.64294 -0.32179 0.28774 0.21568 0.23278 0.77301 0.40733 0.5523 0.099322 0.51053 -0.13402 -0.74604 0.14308 -0.20482 0.042595 -0.67563 -0.8184 0.38424 -0.34669 0.59489 -0.15671 -0.49683 -0.048742 -0.10188 0.07847 0.018236 -0.27923 0.13333 -0.022424 0.23961 0.095116 -2.0541 -0.27795 0.16002 -0.27831 0.026703 -0.60747 0.40084 -0.074964 0.095804 0.2887 0.070864 -0.11863 0.13408 0.41543 0.088612 0.048688 -0.19987 -0.53898 0.048708 0.4716 0.039913 -0.16363 -0.090039 -0.15919
french -0.0701 0.31496 -0.28449 -0.3298 -0.2492 0.15972 -0.43294 -0.39028 -0.059389 -1.6952 0.05086 -0.14168 -0.049619 0.10782 0.35945 0.17727 0.034088 0.51791 0.31106 -0.0887 -0.46011 0.48857 0.39888 0.15315 -0.19499 -0.19422 0.55287 0.00087075 0.50025 0.99038 -0.77559 -0.13823 -0.41786 0.3915 -0.76927 -0.49974 0.51261 -0.26859 0.21271 0.10738 -0.34687 -0.42766 0.52165 -0.33761 -0.24053 0.081489 -0.041957 0.66611 -0.74553 0.03495 0.36792 -0.27348 0.86857 -0.016783 0.040171 0.004082 -0.15685 0.037634 0.8539 0.10812 0.044803 -0.077661 -0.027669 -0.13432 -0.73458 -0.61551 -0.10693 -0.17433 -0.63844 -0.49906 0.20659 -0.015746 -0.49394 0.14826 -0.45778 0.33002 0.78519 0.22549 -0.7763 -0.03402 -0.09659 0.13938 0.52921 0.6963 0.029396 -0.39743 0.31759 0.24251 -0.34953 -0.28117 -0.0012365 -0.28431 0.31383 0.21001 0.36029 0.27438 -0.010646 0.46002 -0.42417 -0.041345 -0.17169 0.22711 0.44706 -0.57869 0.34984 -0.091349 -0.89693 -0.63113 0.44171 0.43776 0.59016 0.088828 0.32215 -0.83248 0.25814 -0.069818 -0.21073 0.5342 0.30334 0.028796 0.021246 0.28656 -0.099166 -0.46142 -0.39292 -0.028613 -0.14124 0.36742 0.0031635 0.68791 0.27659 0.06442 -0.25229 -0.76884 0.02628 -0.18828 0.64793 -0.44362 0.20549 -0.35201 0.0636 -0.17267 0.028003 0.24328 0.10567 -0.37818 0.070373 -0.35385 -0.23033 1.0053 1.016 -0.27691 0.10161 -0.0078412 0.91011 -0.14201 -0.92266 -0.14029 -0.15972 -0.62803 0.34157 0.23818 -0.21664 0.17318 -0.2245 0.54196 0.040798 -0.44213 0.085356 0.20014 -0.035272 -0.088882 -0.39363 -0.49697 0.033173 0.21354 -0.44807 -0.24514 -0.1874 0.63476 0.40727 -0.082585 -0.040262 -0.049382 0.45366 -0.23261 -0.90439 0.67497 -0.054578 -0.39238 -0.2537 -0.14163 0.14378 -0.14362 0.47381 -0.67192 -0.43249 -0.10023 0.016521 0.16758 0.9285 -0.15989 -0.28703 -0.18983 0.30576 -0.69771 -0.836 0.1801 -0.14862 0.33165 0.13758 0.18901 -0.019417 -0.0072715 0.70752 0.27563 0.65206 -0.38325 0.61268 0.076362 0.80591 0.22368 -0.08057 -0.50261 -0.57725 -0.0916 0.46309 0.20147 0.028809 -0.12287 0.70844 0.40371 -0.69215 0.61336 0.44759 0.62496 0.0393 0.59851 -0.2764 -0.20708 0.16788 -0.22083 0.64451 -0.55731 0.43916 0.49155 -0.45351 -0.47292 -0.036356 -0.25472 0.48049 0.49904 0.97692 0.28171 0.43664 -0.077851 -0.11235 0.049412 -0.26512 0.042818 0.22412 -0.27776 -0.5342 0.83806 0.61048 0.23891 -0.42514 0.2928 0.058948 -0.30374 0.29927 -0.11578 -0.228 -0.57407 0.17125 0.63086 -1.5892 -0.23829 0.032005 -0.11874 0.62547 0.15976 0.2958 -0.44947 0.49347 0.35202 0.3242 -0.17863 -0.065608 0.44781 0.20527 -0.3053 -0.28364 -0.16074 0.35695 0.3872 -0.31584 0.28047 -0.21627 -0.23398
capital 0.55308 -0.31169 -0.54397 -0.42538 0.39009 -0.37036 0.88636 1.1425 0.32468 -2.2198 -0.038028 0.2047 -0.48917 0.61815 0.024549 0.0096946 -0.28242 0.26353 0.10308 -0.28405 -0.37302 -0.28229 0.38645 0.13202 0.71804 0.34015 0.49121 0.19123 -0.39642 0.24196 0.15135 0.41302 0.040297 0.52755 -0.5108 -0.6089 -0.39923 0.56674 -0.58365 -0.3246 0.33618 -0.27838 -0.41335 0.037808 0.14699 0.050075 -0.060684 0.9891 -0.23524 0.6492 0.42387 -0.37328 0.062529 0.33227 0.20443 -0.14325 -0.4672 0.18176 0.47423 0.021452 -0.45437 -0.47619 0.25171 -0.34377 0.20375 0.87696 0.019675 0.17148 -0.17957 -0.30136 0.33707 0.44337 0.23704 0.01993 -0.20779 0.49113 0.46716 -0.50936 0.55296 -0.27239 0.27077 -0.56625 0.1494 0.11228 0.098208 -0.31734 -0.0091252 0.023232 0.77621 0.64408 0.23564 0.36309 -0.20078 -0.1334 -0.097378 0.40822 0.24311 -0.19952 -0.67706 0.30059 -0.11454 0.24195 -0.0019069 0.0233 0.16943 0.4135 -0.087747 -0.16713 0.20714 0.18389 -0.26381 -0.82722 -0.63282 0.32546 0.53913 0.16212 0.17858 -0.49255 0.45442 -0.57234 0.33552 -0.17241 0.11137 0.21346 -0.08144 -0.25361 0.42907 0.078717 -0.91429 0.12856 0.14066 0.1656 0.31468 -0.36454 0.35044 -0.030062 -0.10122 -0.1554 -0.065128 -0.1695 -0.84621 0.037315 0.11491 0.4349 -0.23213 -0.077006 0.55742 -0.15217 -0.9314 0.023147 1.0474 -0.18702 0.45806 0.56788 0.53135 0.032435 -0.048777 -0.17299 0.040976 -0.48448 0.417 0.15599 -0.10791 -0.3231 -0.50189 -0.29163 1.0181 -0.25472 -0.022322 0.33941 -0.30666 -0.098514 -0.29608 -0.24314 -0.22173 0.15257 0.18221 -0.22415 -0.08288 0.84627 -0.31284 -0.48818 -0.38509 0.20205 0.21216 0.2157 0.033719 0.34088 -0.25788 -0.47404 0.26549 -0.065548 -0.20729 -0.41718 0.64209 -0.19841 0.42542 -0.15071 -0.39479 1.0074 0.58217 -1.0245 -0.0023047 0.72176 -0.64147 -0.33904 -0.086196 0.074838 0.37994 -0.13909 0.37059 -0.13527 -0.02852 -0.47453 0.12126 0.46454 0.33104 0.25059 -0.8149 -0.1672 0.3709 0.6089 0.12931 0.2654 -0.17862 0.067645 0.52471 -0.47028 0.089824 -0.56453 -0.27034 0.36631 0.43778 0.42787 0.47598 0.42997 -0.24095 -0.41334 0.16655 0.084095 0.30931 -0.22243 0.69372 0.16828 0.0096087 0.39583 0.55445 0.051935 -0.10576 -0.50311 0.30034 0.18426 0.37265 -0.50392 0.44589 0.37279 -0.42339 0.3486 0.18125 0.00028663 0.45714 0.26167 -0.10238 0.30249 0.44123 -0.4401 0.40083 -0.31097 -0.24798 -0.083182 -0.25605 -0.22874 -0.26577 -0.52431 0.060631 0.098008 -1.6906 -0.46791 0.40311 -0.21211 -0.043307 -0.40742 -0.60807 -0.64827 -0.49631 0.44521 -0.27606 0.22728 -0.058996 -0.15147 0.33614 -0.32231 0.070971 0.23726 0.068568 0.80889 -0.12369 -0.032914 -0.4489 0.17797
japan -0.033127 0.20492 -0.13129 -0.62211 0.26258 -0.0025751 -0.21852 0.61948 -0.11947 -1.8783 0.60723 0.10709 0.66805 -0.023459 0.10588 -0.23143 -0.068403 -0.1309 -0.13279 -0.24566 0.15559 -0.12329 -0.12592 0.20937 -0.57484 -0.076266 0.36195 -0.79145 0.22313 0.16523 -0.32312 -0.20121 0.39629 -0.011809 -0.5304 0.0013861 0.61518 -0.69859 -0.36547 0.25944 0.64648 0.3083 0.074213 -0.27852 -0.69315 -0.41553 -0.1684 -0.33082 -0.6919 0.4956 -0.070838 0.30352 0.1662 0.062993 -0.38663 0.11836 0.1691 0.34677 -0.77199 -0.19438 -0.027827 0.69725 -0.14263 -0.50192 0.35473 0.064952 -0.22335 0.79229 0.11489 -0.10667 -0.30218 0.44591 -0.32825 -0.040979 0.0065728 -0.45569 -0.21401 0.59876 -0.23765 -0.75967 -0.23615 0.2563 -0.27428 0.69092 0.30636 0.47544 -0.25792 -0.63144 0.10761 -0.90481 0.28574 -0.21024 -0.52963 -0.33547 0.23338 -0.17815 -0.45719 0.023259 -0.094509 0.032541 -0.1623 -0.39265 -0.082224 0.05534 0.10146 -0.047362 0.14823 -0.13355 -0.22209 0.64586 -0.10704 -0.78888 -0.23114 -0.58817 0.65249 0.2225 0.0060516 0.53285 0.61395 -0.39246 0.16354 -0.49945 -0.3245 -0.17592 -0.13317 0.78331 -1.0917 -0.26392 0.015085 -0.040794 -0.22913 1.0869 1.167 0.12701 0.23727 0.42015 -0.19735 -0.055963 0.4692 0.053494 -0.019274 -0.14175 0.21582 -0.56255 0.54783 -0.03771 -0.045918 0.054546 0.53372 -0.53364 0.65914 -0.38379 0.053058 0.61563 0.36695 0.62874 -0.7771 -0.0049204 -0.73127 -0.23169 0.16186 0.20992 -0.044263 -0.43233 0.68864 -0.17799 0.10504 0.19504 0.12649 -0.40001 0.25905 -0.72641 -0.49775 0.060819 -0.35724 0.22763 0.28296 0.20107 0.19066 1.1347 0.052517 0.20116 -0.37014 -0.12939 0.98572 0.089581 -0.30034 0.010297 -0.59155 -0.17496 0.39345 0.031465 0.12227 -0.22032 -0.24806 -0.062542 0.76065 -0.037008 -0.43745 -0.022912 1.4629 -0.031934 -0.20028 0.20967 -0.61798 1.0021 0.042236 0.15688 -0.10204 -0.35966 -0.36106 -0.26679 0.058258 0.20126 -0.32269 -0.30851 -0.48149 -0.23708 -0.26066 0.45576 0.58251 -0.033679 -0.034661 -0.36932 -0.15827 0.54005 -0.19843 -0.073582 -0.14305 0.037311 -0.16729 -0.88295 0.0055232 0.77712 0.085398 -0.082164 0.07643 0.51574 0.51371 0.52358 -0.30499 0.044397 -0.047292 0.48268 -0.17287 0.28204 0.17981 0.25802 0.11798 -0.059491 0.18809 -0.49409 -0.086748 0.7938 -0.64027 -0.64091 -0.8867 0.51074 0.33521 -0.13955 0.21913 -0.82561 -0.33576 -0.017197 0.083391 0.21063 -0.86943 0.13737 0.31658 -0.42352 -0.071384 0.15683 0.3921 -0.071511 0.012417 0.2132 -1.8834 -0.10971 1.0906 -0.51809 -0.10145 0.23294 -0.16339 0.082608 -0.12902 -0.26383 -0.25612 0.47529 0.081458 0.027126 0.28304 0.7266 -0.10887 -0.31917 0.10829 1.2636 0.45329 0.19691 0.28128 -0.82022
france -0.055966 0.33098 -0.48706 -0.63245 0.072906 0.54625 -0.040818 -0.068302 0.017669 -1.7192 0.63679 -0.14927 0.21591 -0.45068 0.30043 0.21499 -0.07414 0.55876 0.10662 0.28551 -0.3689 0.72203 0.15396 0.11345 -0.60126 -0.57111 0.41505 -0.20347 0.16531 0.63124 -0.77005 -0.3026 -0.50839 0.55926 -1.038 -0.68186 0.57905 -0.42094 -0.3888 -0.19517 -0.43155 -0.31099 0.36055 -0.39106 -0.58718 -0.15774 0.13408 0.75595 0.16151 -0.37458 0.10214 0.12893 0.9727 -0.58133 0.44972 0.02003 -0.35883 -0.063266 0.47629 -0.40336 -0.37269 0.56424 -0.52578 -0.24461 -0.7874 -0.81476 0.31068 0.055933 -0.37837 -0.26595 -0.07701 -0.20037 -0.15868 -0.09022 -0.21265 -0.018562 -0.018781 0.144 -0.72747 -0.039233 -0.10749 0.037988 0.15168 0.71152 -0.23795 0.064947 0.31126 0.069939 -0.46109 -0.4581 0.33955 -0.47408 0.44543 -0.2303 0.26445 -0.14113 -0.2452 0.65596 -0.35718 0.078136 -0.43686 0.072648 0.33366 -0.2097 0.52535 0.063034 -0.26364 0.33701 -0.15457 0.47752 0.3591 -0.25345 0.37681 -0.64692 -0.055199 -0.35584 0.055432 0.71769 0.19166 0.10678 -0.30252 -0.021128 -0.051167 -0.55438 -0.1986 0.62892 -0.63701 0.28693 0.27626 0.34279 0.47562 -0.065373 -0.064048 -0.41519 -0.35064 -0.40783 0.45085 -0.50531 0.27776 -0.43899 -0.16439 -0.25692 -0.0053715 -0.039016 -0.091245 -0.44833 -0.28659 -0.81737 -0.057906 0.41293 0.62307 -0.35825 0.062524 0.027088 0.3294 0.083387 -0.4397 -0.0043705 -0.65431 -0.18451 0.12614 -0.011859 -0.3374 0.027249 0.42567 0.54902 0.029459 -0.67886 -0.25666 0.37696 0.22621 0.35936 0.064466 -0.83238 -0.26073 0.39573 -0.18747 -0.37337 -0.28883 1.1036 -0.13651 0.1114 0.044952 -0.33704 0.75452 -0.16587 -1.3352 0.67671 -0.5944 -0.30932 -0.37772 0.00046474 0.15142 -0.38775 -0.099708 -0.94751 -0.11036 0.11209 0.29644 0.18328 1.2896 -0.20671 -0.65376 -0.16972 0.57084 -0.0060047 -1.0059 0.16858 -0.53043 -0.12424 -0.08961 0.4576 -0.1454 0.35346 0.30197 0.23056 0.28004 -0.69333 0.54768 -0.29636 0.55402 0.18283 -0.038603 -0.64959 -0.32164 -0.050521 0.66065 0.21459 -0.11346 0.13104 -0.16482 -0.27077 -0.37089 0.26073 0.32221 0.33063 0.029957 0.70487 0.37762 -0.15694 -0.43349 -0.060576 0.62632 -0.40047 0.67239 0.040707 0.079469 -0.52537 -0.0022598 -0.32231 0.1241 0.20315 0.72522 0.43114 -0.1091 -0.1631 -0.35959 -0.35122 -0.43144 -0.1875 0.83869 0.085325 -0.23705 1.1001 0.38692 0.37339 -0.72893 -0.10522 0.13405 0.047224 0.31673 0.34673 -0.35407 -0.17806 -0.10423 0.20275 -1.6813 -0.48924 0.64335 0.19622 0.66399 0.18485 -0.15111 -0.29832 0.31045 0.48917 0.33887 0.76722 -0.134 0.55847 0.4451 -0.096998 0.09862 -0.19646 0.40751 0.43885 0.20325 -0.11074 0.23883 -0.65954
financial 0.22395 -0.50267 -0.17551 -0.18233 0.28407 0.34074 0.20336 0.37532 -0.31483 -2.37 0.18403 0.2216 0.15959 0.031298 -0.17163 -0.032082 -0.56697 0.31215 0.21389 -0.43592 0.21115 -0.13497 0.3799 -0.052415 -0.59866 0.91191 -0.29897 0.45155 -0.31794 -0.08154 -0.35596 0.20064 0.28767 -0.015559 -1.392 -0.33437 0.19232 0.46234 0.31354 -0.30372 -0.29214 -0.44185 0.26452 0.63861 0.41755 0.33661 -0.25991 0.24313 -0.26541 0.22203 0.28333 0.27016 0.52304 -0.32579 0.013147 0.070387 0.031818 0.70879 -0.15681 -0.53871 0.56538 -0.41959 0.29378 -0.079463 0.16966 0.2553 0.043449 -0.078822 -0.022694 -0.61499 -0.045302 0.53953 -0.15491 0.024036 0.062524 0.18892 -0.50252 0.12366 0.1688 0.063249 0.2735 -0.14831 -0.16068 0.40281 0.92583 -0.023879 0.42534 0.14282 -0.75208 0.056702 -0.60544 0.13693 -0.86893 -0.08489 0.21353 0.26359 -0.22386 0.16483 0.53822 -0.23476 0.0049283 0.38196 -0.45569 -0.20221 0.38166 -0.12202 -0.28446 0.18139 -0.028993 0.10738 -0.20815 -0.74651 -0.20556 0.3002 0.53646 0.15412 0.57647 -0.1667 0.089771 -0.55804 0.73927 -0.23215 0.28354 0.28586 0.2626 0.086903 -0.075671 -0.58804 -0.5219 -0.33892 0.15245 0.33814 0.033059 0.1745 -0.35303 -0.19097 -0.24398 0.073013 -0.28235 0.106 -0.31716 0.57104 0.19305 0.23549 0.085668 0.34561 -0.22195 -0.38535 -0.065537 0.18717 0.33644 0.0096302 0.23344 -0.074391 0.2961 0.091349 -0.37387 0.33586 -0.41687 0.29646 0.0088766 0.37593 -0.12516 -0.026411 -0.42888 -0.020489 0.34008 -0.10794 -0.14837 0.71504 -0.019152 -0.012368 -0.81241 -0.20491 0.034906 -0.32411 0.34 -0.13875 0.22812 1.0632 0.53568 -0.33175 0.012242 0.41531 -0.59842 0.24664 -0.51321 -0.44532 -0.33929 -0.032835 0.12196 0.048188 -0.28903 -0.38322 -0.074162 -0.22454 0.61215 -0.25639 0.19585 0.034989 0.29142 0.061478 0.049815 0.5562 -0.22087 0.065363 -0.24057 -0.10998 0.015668 -0.68374 -0.25258 -0.04282 0.083103 -0.25978 0.44434 0.24017 0.37665 -0.009159 -0.29209 0.30345 -0.11369 0.19811 0.038428 -0.007901 0.19957 0.32313 -0.49179 0.52979 -0.13739 -0.1346 -0.32153 0.67991 -0.15636 -0.03729 -0.38881 0.22394 0.41616 -0.034866 0.0043614 0.16818 -0.054402 0.099141 0.79251 -0.29999 -1.1372 0.15494 0.30173 -0.40054 0.25671 0.27794 0.10649 0.53607 0.10716 -0.1078 0.33405 -0.43772 -0.7359 0.21893 0.25899 0.32507 -0.14601 0.29423 -0.17165 0.056146 0.43179 -0.068156 0.042375 -0.21624 -0.16387 -0.26675 -0.73249 0.69344 0.12299 0.36403 0.26923 -0.16094 -0.9363 -0.096218 0.9078 -0.41017 -0.30832 -0.03699 -0.12834 -0.40737 0.5119 -0.43814 0.11268 0.46024 0.76835 -0.63716 -0.11626 0.13351 -0.35341 0.11313 0.49274 1.003 -0.24959 0.37481 -0.080624 -0.018162
russia -0.10292 -0.0040756 -0.087242 -0.61466 -0.11474 -0.15587 -0.23862 0.081568 0.4404 -2.0176 1.0439 -0.13257 0.030028 0.22109 -0.10819 -0.22095 0.1833 0.52876 -0.39403 0.34204 0.090726 -0.16728 0.69789 0.1921 -0.24661 0.073545 0.78566 -0.02024 -0.76367 0.56101 0.25633 0.15165 0.22343 -0.13104 -0.4015 -0.2218 -0.093733 -0.078235 -0.64114 -0.059485 -0.48178 -0.28186 -0.54765 0.10471 -0.44037 -0.51494 -0.32419 0.07163 -0.47263 0.24073 0.93246 0.053859 0.12303 -0.93335 0.066982 0.26591 -0.38319 0.2019 0.19369 -0.11001 0.17094 1.0207 -0.22494 -0.99652 -0.66415 -0.35443 -0.078038 0.3654 -0.12845 -0.22254 0.048164 0.077928 -0.85841 -0.36161 0.29052 -0.68159 -0.43135 0.44639 0.10028 0.4142 0.39026 -0.29222 -0.30916 -0.01969 0.7332 -0.25975 -0.10191 -0.40127 0.066143 -0.56987 0.28379 0.028086 -0.43181 0.033128 -0.0050766 -0.28958 -1.1992 0.42926 -0.17986 -0.14762 -0.11636 0.2528 0.093923 0.077202 0.33822 0.40047 0.019182 0.48203 -1.033 -0.053492 0.56188 0.14013 0.0017511 0.034321 -0.34859 -0.467 0.2998 0.45235 0.25956 0.30158 -0.14031 -0.49109 0.24806 -0.14846 0.32816 0.75956 -0.6046 0.11591 0.2572 -0.4918 -0.3107 -0.29613 0.0054734 -0.188 -0.27775 0.37386 -0.036124 0.29432 0.23929 -0.27949 0.31347 -0.25147 0.096237 0.22254 -0.3459 -0.0069459 0.20817 -0.30305 -0.075985 -0.38456 0.13325 -0.35333 -0.33112 -0.16446 0.093274 0.7803 -0.021584 0.39123 -0.17166 -0.19139 -0.4624 0.56832 0.69154 0.10478 0.41232 -0.21741 0.0045154 -0.022145 0.25656 -0.47055 -0.18153 -0.080922 -0.095515 -0.36424 -0.13501 0.45469 0.20478 0.15668 -0.071219 0.35689 -0.41718 -0.049862 -0.058408 -0.82236 0.71355 0.82858 -0.3284 -0.12206 -0.79504 -0.22901 -0.13783 -0.20884 -0.086696 -0.022835 0.12033 -0.26205 0.6252 -0.24064 0.91656 0.25179 1.4263 -0.001929 -0.1827 -0.32426 -0.33477 -0.27682 -0.34088 -0.38852 -0.28405 0.079453 -0.23675 0.25605 0.010475 0.65969 0.025941 -0.35405 0.4084 -0.10887 -0.70061 0.40085 0.58215 0.17214 0.24305 -0.29423 0.35889 -0.013535 0.096645 -0.29134 -0.21375 0.31845 -0.77764 -0.53045 0.51553 0.14507 0.03247 0.33642 0.16995 -0.17761 0.091668 0.16857 -0.612 0.35464 0.97645 0.28864 0.31966 0.16693 0.21912 0.3953 0.15275 -0.40815 0.23215 0.077569 0.30919 0.48649 0.56115 -0.21694 -0.90224 0.032622 0.64172 0.58716 0.067716 0.42319 -0.22103 0.15277 0.25023 -0.29353 -0.36719 0.0033414 0.17698 0.12368 1.0046 -0.49872 -0.24781 -0.23524 0.083491 0.11597 -1.845 -0.7813 1.4021 -0.16453 0.55668 0.37805 -0.2194 -0.2209 -0.013188 0.061162 -0.13037 0.40685 -0.031988 0.70238 -0.58482 0.29068 0.55447 -0.317 0.5862 0.72166 0.44314 0.06255 0.21399 0.035232
economy 0.32368 -0.14921 -0.47491 0.11804 0.34319 0.2301 -0.20581 0.43724 0.077597 -2.5859 -0.13203 0.06049 -0.36986 0.41528 0.47718 -0.19045 0.10687 -0.4391 0.41823 0.072872 -0.36925 0.86438 0.80545 0.36165 -0.54403 -0.15015 0.39311 -0.27925 -0.1449 0.37017 0.24557 0.635 0.19779 -0.13815 -1.0725 0.51231 -0.027595 0.15365 0.64059 -0.087174 -0.13142 0.023022 0.11258 -0.095268 -0.084125 -0.38622 -0.17089 -0.11209 -0.91248 0.40316 0.0032385 -0.43732 0.81592 -0.2297 0.24989 -0.12738 0.6444 -0.039641 -0.38168 0.070891 0.048221 -0.35916 -0.19948 -0.16231 -0.51719 0.25753 0.10956 -0.27445 0.16038 0.064404 -0.35002 0.59031 -0.18313 -0.31525 0.66775 -0.6643 0.1548 -0.13658 0.14897 0.43041 -0.1889 -0.64126 0.096057 0.29458 0.86357 -0.22567 -0.32251 -0.060724 -0.26138 -0.24877 0.74028 0.23011 -0.79764 -0.8851 0.12707 -0.096505 -0.5573 0.65015 -0.37587 0.29258 -0.38031 0.3239 -0.3282 -0.68275 -0.13621 -0.12178 -0.10792 -0.2068 -0.22874 -0.12266 0.20461 -0.63949 -0.41917 -0.18995 0.54077 0.056469 0.58557 0.22171 0.17667 -0.39963 0.32579 -0.9378 -0.14608 0.22109 0.36475 0.7097 -0.27398 -0.33779 -0.23299 -0.30516 0.065362 0.65742 0.20111 -0.039803 -0.30445 0.16123 -0.18814 0.47395 -0.026016 0.65624 -0.12054 0.13779 -0.37357 0.095986 -0.11597 0.019831 0.018185 -0.19357 -0.45613 0.5201 0.44331 -0.1667 -0.15128 0.14058 0.58056 0.15367 -0.42216 0.22432 -0.067746 -0.14404 0.1101 0.19667 -0.11587 -0.55555 -0.056303 -0.73481 -0.2764 -0.41921 -0.079581 0.44479 0.035064 -0.033348 -0.58299 -0.093088 0.63731 -0.218 0.16437 -0.0050354 0.61154 0.77463 -0.28176 0.029784 0.093658 -0.42494 0.80634 -0.0029981 -0.047472 -0.37912 -0.67343 0.41439 0.14345 0.39232 0.29308 -0.1968 -0.0854 0.29719 0.68854 -0.16807 -0.12237 -0.61174 0.34753 0.6224 0.38084 0.23294 -0.28778 -0.64187 0.21101 0.05339 0.073997 -0.30143 -0.36333 -0.50954 0.36504 -0.69333 1.0297 0.64935 0.0089755 0.36517 -0.067079 0.48568 0.33783 -0.15281 -0.45312 -0.055356 0.49382 0.095502 -0.20593 0.090308 0.44244 0.38954 -0.27055 -0.070209 0.43009 0.48933 -0.74042 -0.059338 0.38986 -0.23199 0.12457 0.12898 -0.33209 0.30659 0.43186 0.23435 -0.61778 -0.20851 0.51348 -0.12857 -0.20621 0.0016628 -0.2639 -0.12807 0.78179 0.43605 0.10593 -0.13374 -0.76464 0.14242 -0.17072 -0.18038 0.29027 -0.52153 -0.1448 0.36636 0.17831 -0.21278 0.19955 0.011064 0.050109 -0.49417 -0.62914 0.82188 -0.46143 0.1827 0.28175 -0.31539 -1.0327 0.46891 0.72695 -0.70238 -0.22939 -0.10038 -0.41958 0.2892 0.76775 -0.43583 -0.1467 0.082314 0.25136 -0.17133 0.30052 0.29396 0.099092 -0.031199 0.29332 0.9598 -0.61669 -0.49706 -0.22234 0.43098
america 0.058489 -0.25842 -0.013714 -0.12991 -0.24317 0.80817 -0.73859 0.68369 0.035096 -1.402 0.9009 0.16326 0.16109 -0.27931 0.21604 -0.26137 0.14417 -0.26277 -0.24252 0.082353 -0.062638 0.37031 0.65962 0.23178 -0.44202 -0.18971 0.21155 -0.086515 -0.11751 -0.17021 -0.043983 0.54723 -0.14636 -0.40266 -0.8373 0.12009 -0.0785 -0.42377 -0.20081 -0.18051 -0.051198 -0.1693 -0.13624 0.48605 0.08153 0.063648 0.31479 0.23262 0.11605 -0.25602 0.17535 0.059225 0.0054992 0.35402 -0.42574 0.10849 -0.31691 -0.20802 0.12963 -0.068191 0.24378 -0.02458 0.098606 -0.18751 -0.29935 0.40835 -0.040737 0.71439 0.022632 -0.020012 -0.24854 0.059211 -0.12204 0.075426 -0.16433 -0.070031 -0.21207 0.020083 -0.39992 -0.37857 -0.39331 0.23015 -0.35663 0.15155 -0.23603 0.055532 -0.11886 -0.17283 -0.36305 -0.39935 -0.043175 -0.74277 0.068785 0.031685 -0.20839 -0.37921 -0.12483 0.18009 0.15888 -0.37566 0.34816 0.23054 0.001227 0.30351 0.29512 0.0017735 -0.024432 0.37263 0.087557 0.47301 -0.24189 -0.74619 -0.14519 -0.52139 -0.17959 -0.16369 0.048172 -0.030957 -0.11701 0.004729 -0.020603 -0.44686 -0.072045 0.20444 -0.10543 0.5924 -0.4203 0.09921 0.010319 0.032646 0.082154 -0.18496 0.14047 -0.099635 -0.3226 0.18407 -0.38324 0.18463 -0.024488 0.20849 -0.25727 -0.2252 -0.085726 0.47286 -0.054521 0.055318 -0.21775 -0.36056 -0.29403 -0.0078766 0.35117 0.22399 0.36074 -0.10501 0.23979 0.03794 -0.46936 0.028546 0.22664 -0.39497 0.423 0.2259 0.10341 0.53071 -0.018564 -0.13626 -0.30719 0.12886 0.14108 -0.038817 0.26947 -0.071936 -1.0744 0.6254 1.0328 0.11424 -0.14079 0.098811 0.36417 0.85422 0.070222 -0.27193 0.3586 -0.15023 0.4103 -0.4632 -0.40498 0.0047335 -0.32629 0.039083 -0.1903 0.53478 0.044279 -0.18453 -0.12556 0.39451 0.45549 -0.56538 0.063019 0.21923 1.4383 0.28353 0.079426 -0.23905 0.029352 0.26962 0.41272 0.33401 -0.45427 0.065111 -0.24945 0.0069249 -0.045204 0.063266 -0.26958 0.4313 -0.10447 0.075767 -0.28334 0.29405 0.21698 0.071639 -0.08748 0.077691 0.39301 0.42962 0.34864 -0.33869 -0.23104 -0.46833 -0.47185 0.11908 0.068223 0.50871 0.091729 -0.45089 0.080747 0.20443 0.28032 -0.41673 -0.72876 0.12308 0.2813 -0.30815 -0.62093 -0.57521 -0.23917 -0.23079 0.63655 0.40385 0.51437 -0.17961 -0.70045 0.94323 0.12953 -0.13348 -0.34518 -0.14549 0.46002 -0.22716 0.36226 -0.21207 0.042832 0.28666 0.2122 0.27605 -0.1851 -0.31967 -0.35459 0.42402 -0.1394 -0.2857 0.075907 0.019204 0.41285 -0.045584 -1.4586 0.24446 1.0162 -0.10256 -0.4557 -0.4093 -0.059211 0.1441 0.16565 0.23493 0.16776 0.2526 0.14724 -0.096267 0.21782 -0.050783 -0.041376 0.39886 0.36146 0.063213 0.15873 0.037675 -0.40837 -0.12147
russian 0.029215 0.10225 0.14988 -0.20514 -0.47068 -0.59153 -0.44999 -0.17511 0.039193 -1.7615 0.19522 -0.19933 -0.16424 0.35269 -0.12963 -0.16906 0.57379 0.51088 -0.30591 0.20713 -0.049078 -0.43125 0.83035 0.25296 0.12871 0.092851 1.0891 0.52836 -0.50953 0.6199 0.19994 -0.3164 0.37529 0.014463 -0.26796 -0.40897 -0.31989 -0.16742 -0.088376 0.45041 -0.42549 -0.63522 -0.14963 0.061537 -0.37015 -0.20133 -0.46757 0.10782 -0.91453 0.27358 1.132 -0.27019 -0.11466 -0.54665 -0.35271 0.23698 -0.29073 0.06118 0.46247 0.20996 0.5081 0.6876 0.40393 -1.0435 -0.7502 -0.149 -0.4628 -0.13902 -0.13989 -0.103 0.60522 0.23014 -1.1916 -0.50452 -0.090715 -0.15184 0.21908 0.49706 0.072483 0.64626 0.20257 -0.27264 0.028128 0.18023 0.73305 -0.069781 -0.07396 -0.20692 0.35691 -0.076396 0.25977 0.24696 -0.37464 0.56906 0.13631 -2.0606e-05 -1.259 0.27327 -0.34382 -0.33133 0.13232 0.46503 0.29706 -0.018099 0.20825 0.2294 -0.27742 -0.23401 -0.75421 -0.20153 0.29585 0.60504 0.086801 -0.1724 -0.098006 -0.071221 0.18493 0.16591 0.10933 0.40989 0.43655 -0.081533 0.39281 -0.049579 0.011842 0.18369 -0.24706 0.11619 0.18716 -0.34225 -0.42077 -0.17755 -0.27995 -0.40997 0.27773 0.50074 -0.061481 0.37849 0.21466 -0.2791 0.46506 -0.41254 -0.059401 0.34434 -0.027333 0.11765 0.24658 -0.2449 -0.47882 0.33229 0.80079 -0.34563 -0.30747 0.14506 0.88731 0.59394 -0.20164 0.035654 0.37994 -0.55657 -0.11692 0.72358 0.69542 0.021356 0.013877 -0.012147 -0.0071774 0.15356 0.39666 -0.46733 -0.43667 -0.49094 -0.44053 0.036645 -0.12089 0.46442 0.060676 -0.097397 -0.049544 0.0024705 -0.10404 -0.11203 0.072914 -0.083051 0.76739 0.62062 -0.16541 -0.13174 0.076874 -0.14225 -0.10121 -0.57751 -0.022204 -0.045277 0.49181 -0.3298 -0.0037212 -0.12629 0.60784 0.31554 0.93966 0.31653 0.15832 -0.38926 -0.41577 -0.77427 -0.69653 -0.3378 -0.16456 0.050021 -0.038169 -0.07113 -0.23532 0.28688 0.41441 -0.49048 0.81389 -0.14317 -0.58207 0.54995 0.95148 0.21809 0.2433 -0.5438 0.2527 -0.16706 0.029246 -0.55368 -0.16381 0.23039 0.035133 -0.17843 0.13929 0.27678 0.44844 0.59455 0.13456 -0.48834 -0.69149 0.26508 0.025089 0.26925 1.3074 -0.085837 0.29789 0.42652 -0.28643 0.23992 -0.018068 -0.20167 0.21568 0.19203 0.43165 0.26991 1.2046 0.14913 -0.65799 0.12854 0.8307 0.57086 -0.3703 0.38987 -0.30868 -0.013107 0.45795 -0.78826 -0.41855 0.1811 0.077389 0.085974 1.1011 -0.91502 -0.076324 -0.6856 0.38494 0.29047 -1.7951 -0.41052 0.9482 -0.46405 0.19984 0.26619 -0.042202 0.15387 -0.096247 0.0018286 -0.29747 0.020851 0.26899 0.68898 -0.2654 0.017423 -0.02863 -0.61769 0.59206 0.79241 0.19718 0.21649 -0.20815 0.25712
india -0.11337 -0.57114 0.070453 -0.36241 -0.050125 -0.73224 0.0053144 0.73643 -0.47838 -2.0426 0.89094 -0.16986 -0.3274 -0.2248 0.58587 0.38909 -0.78668 -0.029682 -0.50677 -0.13206 -0.23225 -0.27431 0.47933 0.44104 -0.54903 -0.0084795 0.39307 -0.10722 -0.38326 0.14742 0.36448 0.39203 -0.26223 -0.21355 -0.18301 -0.37038 0.15173 -0.063059 -0.90597 0.25776 0.32715 -0.57639 0.0021658 0.19618 -0.033329 -0.81134 -0.061402 0.27819 -0.067204 -0.53376 0.88306 -0.56227 0.19905 -0.32555 0.75748 0.30028 -0.13704 0.2423 0.13628 0.23217 -0.28347 -0.08735 -0.26226 -0.68542 0.85062 -0.12459 0.17726 -0.14221 -0.53211 0.031076 -0.15925 0.15676 -0.32764 -0.34191 0.66373 -0.083746 -0.27801 -0.3259 -0.58553 0.59509 0.98003 0.45763 -0.40739 -0.141 0.0478 0.54944 -0.0199 -0.97376 0.46856 -0.19449 -0.027223 -0.15349 0.40461 -0.13635 0.6513 0.38179 0.19373 -0.10557 -0.51371 0.052077 0.17496 -0.068007 -0.26771 -0.23099 0.32478 -0.48599 0.19567 0.24993 0.16697 0.1104 0.97969 -0.91254 -0.45009 -0.56602 0.34635 -0.11553 0.30245 0.37647 -0.25365 -0.54709 -0.42545 -0.058639 -0.24224 -0.13232 -0.25327 0.63682 -0.42098 -0.29362 -0.29381 -0.091507 0.14876 0.16478 0.31079 -0.3967 -0.28513 0.42441 0.35618 -0.18441 -0.01558 0.11808 -0.44691 0.30948 0.41045 -0.44941 -1.3516 0.41777 0.67717 -0.016589 0.36741 -0.14718 0.56295 0.0065646 -0.065084 0.2614 0.15238 -0.091335 -0.11221 0.15704 0.42238 -0.42626 0.019778 0.83995 0.11109 0.014967 -0.21591 0.025083 0.14462 0.19372 -0.41747 0.20112 -0.55372 -0.27143 -0.10956 -0.08875 -0.1061 0.62587 -0.2236 0.04874 0.29276 0.54444 -0.064714 -0.43141 -0.30769 0.20172 0.57471 0.31874 -0.52126 0.47731 -0.39601 -0.26483 0.37267 0.12427 0.06011 -0.010151 -0.71039 -0.3355 1.0127 -0.18736 0.67953 -0.29087 1.1837 -0.023823 -0.14715 0.31654 0.20609 -0.10151 0.15421 0.28108 -0.26101 -0.44042 -0.14698 0.45729 -0.26665 0.34678 0.10094 -0.52444 -0.62796 -0.22247 0.10115 0.66376 -0.011209 0.37814 -0.027388 -0.44076 -0.0085332 -0.24745 -0.033645 -0.14656 -0.19185 0.50072 -0.55358 -0.4854 -0.15595 0.40578 0.091794 0.15335 0.23226 0.17876 0.28957 -0.50595 -0.51281 0.3619 -0.50596 0.71619 -0.50136 0.64374 0.090692 0.28896 -0.28917 0.091625 0.1088 -0.36076 -0.22884 0.078121 0.039988 -0.45835 -0.03301 0.13922 -0.040556 0.64257 0.56194 -0.46597 0.11575 0.088526 0.089601 0.026024 0.19089 0.013142 0.27771 0.54879 -0.11396 -0.37262 -0.33716 0.041301 0.36248 0.29868 -1.6126 -0.94427 0.40015 -0.0825 -0.045447 -0.64683 0.49098 0.26529 0.11082 -0.10805 -0.23343 0.35197 -0.42082 0.61923 0.18138 -0.00078167 -0.13359 0.28594 -0.34807 1.5725 0.041247 -0.39104 0.35309 -0.17767
southern -0.044563 0.066975 -0.055387 -0.20511 -0.59719 -0.14065 -0.069395 0.54035 0.15649 -0.81768 -0.32498 0.075957 0.046506 0.57226 0.49693 -0.047315 -0.051843 0.21831 0.034889 -0.14623 -0.12021 0.4199 0.49912 -0.48336 -0.66694 -0.18248 0.18065 0.13777 -0.45983 -0.00342 -0.08859 0.24883 -0.61102 0.62213 0.15052 0.064429 -0.11063 0.14003 -0.47222 -0.2271 0.57011 -0.48914 -0.26932 0.042528 0.52316 -0.25072 0.50206 -0.08074 0.32719 -0.032165 0.12024 0.56692 0.279 -0.17401 0.21165 0.19817 0.092984 -0.2216 0.31107 0.053495 -0.37188 -0.23126 0.83751 -0.75665 -0.32554 0.032931 -0.2856 0.36808 0.16352 0.085473 0.22032 -0.43634 0.10238 0.041776 -0.70154 -0.094635 0.097139 0.049084 0.020071 -0.3036 -0.17652 0.076521 -0.77184 0.32701 0.10291 0.02559 -0.30528 -0.092807 0.51893 0.24214 -0.29844 0.24313 0.20253 0.30522 -0.22001 -0.091314 0.045747 0.22932 -0.047115 0.45437 -0.2301 0.43508 0.32541 0.091326 -0.27601 0.21565 0.33966 0.42174 0.53294 0.26408 0.22944 -1.0602 0.35664 -0.33564 1.0486 -0.19708 -0.10632 0.14619 0.35106 0.10615 -0.16124 -0.36426 -0.49396 -0.36734 -0.13218 0.77271 -0.28129 0.096432 0.36375 0.49853 -0.089202 0.2129 0.41889 -0.1442 0.039675 -0.62423 0.039545 -0.039725 0.080571 -0.090739 -0.013646 0.16404 -0.58144 -0.17108 -0.70886 0.43987 -0.099164 -0.40878 -0.53546 0.38576 0.48929 0.0012224 1.0687 0.11436 1.0466 0.35517 0.056321 -0.3029 0.58813 0.27424 -0.1235 -0.041166 0.28842 -0.18391 -0.41871 -0.21174 0.26603 -0.16877 0.22229 -0.39676 0.23451 -0.059357 -0.15303 0.26029 -0.074482 0.84531 0.053344 -0.11761 0.15564 0.12079 0.029293 -0.023386 -0.1722 0.17509 0.31188 -0.0060083 -0.81603 0.17792 -0.81919 -0.49896 -0.1493 0.26157 -0.22952 0.33772 0.19198 0.22297 0.47234 -0.55224 0.038773 0.74933 1.1843 -0.11014 -0.43846 -0.49376 -0.44378 -0.24065 -0.14183 0.11061 0.61594 0.31958 0.1182 0.44505 0.35247 0.30633 0.49522 -0.034862 -0.28108 0.064156 0.34337 -0.15068 0.97527 -0.038454 0.10617 -0.41446 -0.11418 0.020219 0.30122 -0.71345 -0.10385 -0.53562 0.14709 -0.2482 -0.50865 0.35543 0.24793 -0.3059 0.054741 0.36466 -0.055426 0.00044411 -0.2126 -0.016722 0.32484 -0.12583 -0.082423 0.25489 -0.10174 -0.0841 0.028212 -0.020874 -0.22422 0.0299 -0.26538 -0.13973 0.22207 -0.27113 -0.2496 0.11091 0.12311 -0.020936 0.1201 0.02585 -0.070715 0.18314 -0.04299 -0.23473 -0.19435 0.061267 0.30463 0.041386 0.22589 -0.26643 0.056107 0.32081 -0.038382 -0.39856 -2.0315 0.43856 0.4025 0.44194 -0.16362 0.037416 -0.36113 -0.55737 -0.46304 0.3201 0.25439 -0.089206 0.21004 -0.35632 -0.074291 -0.083091 0.02849 -0.37126 0.31069 1.2859 0.072179 -0.75412 -0.23853 0.1566
germany 0.046596 0.18904 -0.46218 -0.36952 0.49638 -0.084072 -0.21817 0.10112 0.22574 -1.8982 0.4634 0.34359 0.080282 -0.17099 0.12771 -0.57395 0.3355 0.048452 0.10111 0.11154 0.74975 0.21449 0.093244 0.39629 -0.82285 -0.4786 0.15886 0.32569 -0.4413 0.47514 -0.82776 -0.0091277 -0.11681 0.31074 -0.73891 -0.93395 0.47229 0.061625 -0.23209 0.091641 -0.6454 -0.41851 -0.1191 -0.8377 -0.22462 -0.13239 0.46743 0.42136 0.085805 -0.4119 -0.12885 -0.3719 -0.074528 0.25856 0.42807 -0.10703 0.15059 -0.093651 0.00020426 0.27187 -0.77064 0.12115 -0.51601 -0.90579 0.055391 -0.41215 -0.10934 0.55614 -0.11423 -0.22789 -0.3136 0.39942 -0.17418 -0.32829 -0.018092 -0.30644 -0.60059 0.55119 -0.079793 0.40236 -0.090854 -0.32376 -0.16997 0.23463 0.75075 0.5867 -0.16544 0.089686 -0.39967 -0.048933 0.20688 0.01057 0.29394 -0.22833 0.33369 -0.41849 -0.028932 0.79906 -0.69466 -0.41362 -0.40735 -0.54909 0.04779 -0.20116 0.32808 -0.49723 0.48904 0.39019 -0.57577 0.25102 0.48658 0.079282 0.089703 -0.37535 -0.084325 0.28171 -0.50114 0.0056733 -0.079146 -0.44476 0.29921 0.088691 0.44266 -0.16471 0.081618 0.94206 -0.0056012 0.14982 0.024455 -0.42174 -0.040294 0.43824 0.046113 0.1855 -0.75827 0.058845 0.28938 -0.0095693 0.038061 -0.049673 0.10547 -0.1924 -0.025505 0.071931 0.50595 0.34814 0.15281 -0.45152 -0.43343 0.45366 0.36144 0.18477 0.008504 0.1415 0.16374 0.46635 -0.093285 0.1958 -0.3629 0.1901 -0.25292 -0.16623 0.40528 -0.32054 0.74378 1.1915 0.32155 0.047077 0.31221 -0.1781 0.73097 0.37333 -0.25939 -0.36473 -0.25395 0.29954 0.53114 -0.40312 0.24995 0.94325 0.2663 0.23605 -0.86847 -1.0634 1.0301 -0.21658 -1.1831 -0.50515 -0.096721 -0.13074 0.0060968 0.020941 0.011997 -0.084362 -0.41398 -0.37339 0.5611 -0.54758 0.087178 0.074864 1.1872 0.053332 -0.77 -0.098641 -0.43487 -0.33498 -0.67023 0.047192 -0.43604 -0.26619 -0.29983 0.19651 -0.25937 0.12411 0.076934 0.13771 -0.1147 0.37667 -0.12897 -0.21604 0.48092 -0.061375 0.095193 -0.24116 -0.40125 0.20202 0.022887 -0.34533 0.11999 -0.20539 -0.045075 -0.29034 0.42979 0.54485 0.014853 0.029321 -0.28414 0.65476 0.64791 -0.26195 -0.80182 0.50255 0.6253 -0.32873 0.52968 0.24924 0.30055 0.1714 0.16186 -0.0094696 -0.12293 -0.40749 0.51695 0.68097 -0.13849 0.099114 -0.39958 -0.56245 -0.071594 0.041159 0.51042 -0.39967 0.70918 0.092197 -0.42696 -0.11023 -0.97495 -0.31463 0.019504 -0.60017 -0.17973 -0.17978 -0.45234 0.046427 -0.26432 -0.19633 -1.5363 -0.38197 0.79408 -0.0037235 -0.1093 0.4954 -0.91031 -0.11928 0.53723 0.42657 0.29081 0.56418 -0.48337 0.55939 0.24139 0.027593 0.20519 0.3665 0.2922 0.72185 0.43242 -0.54401 0.72344 0.0443
german -0.17395 0.26118 -0.59189 -0.14095 0.14062 -0.49495 -0.48612 -0.071979 0.10639 -2.0307 -0.46734 0.32341 -0.11944 -0.016742 -0.031495 -0.49178 0.48682 -0.15504 0.33779 -0.20452 0.48576 0.10103 0.2893 0.46253 -0.40725 -0.6923 0.16989 0.72808 -0.14229 0.67551 -0.73379 -0.10438 -0.11796 0.15696 -0.6581 -0.96524 0.32639 -0.18876 0.41055 0.62418 -0.54569 -0.23929 0.065181 -0.82854 0.069211 -0.057229 0.30076 0.26005 -0.65749 -0.34341 0.063974 -0.46854 -0.18087 0.46 -0.13361 0.0041913 -0.057701 -0.093533 0.58228 0.58595 -0.32527 -0.30103 0.35268 -0.79194 -0.15899 -0.093376 -0.077436 0.10676 -0.28593 -0.12407 0.29534 0.93511 -0.58416 -0.23398 -0.24698 -0.0818 0.36007 0.61917 -0.26851 0.53649 -0.097227 -0.14087 0.19586 0.7724 0.72808 0.44705 -0.35029 0.54935 0.064385 0.4283 0.14651 0.12662 0.10615 0.2142 0.70397 -0.14882 0.0016072 0.58654 -0.86636 -0.51956 -0.43453 -0.34805 0.16552 -0.4919 0.25771 -0.88612 0.13439 -0.38058 0.014317 0.080483 0.23201 0.60993 0.089378 -0.32633 0.14364 0.36727 -0.43899 -0.17636 0.11515 -0.47288 0.66329 0.4446 0.42832 -0.11805 -0.089949 0.33134 0.38179 0.37603 -0.10743 -0.44042 -0.21666 0.43555 -0.022735 -0.068408 -0.38035 0.19759 0.40845 0.067879 0.11543 -0.19936 0.3718 -0.072772 0.016069 0.24985 0.86168 0.47872 0.23563 -0.18449 -0.65049 1.0901 0.66212 0.19728 0.14756 0.12935 0.77387 0.15848 -0.34631 -0.074845 0.050999 -0.3486 0.15659 -0.12029 0.51936 -0.25115 0.11578 1.2074 0.42456 0.19839 0.50804 -0.30093 0.7075 0.15667 -0.6497 -0.11488 0.13603 0.24427 0.28458 -0.44747 0.43852 0.6167 0.70157 0.0035303 -0.82374 -0.48174 0.94775 -0.67831 -0.88231 -0.49861 0.50275 -0.091397 -0.012349 -0.34072 0.18046 0.065591 -0.12835 -0.25328 0.065932 -0.48677 -0.083818 0.21713 0.69114 0.33494 -0.6151 -0.069582 -0.4899 -0.69394 -0.9556 0.051767 0.095095 0.095236 -0.10754 0.090183 -0.52861 -0.31845 0.37688 0.05426 0.12468 0.4493 0.08962 0.086355 0.7578 0.039877 0.11244 -0.42474 -0.51458 -0.0031076 0.071056 -0.56883 0.1988 -0.31377 0.63134 0.16723 -0.041364 1.0815 0.077185 0.32209 -0.20214 0.32813 -0.09318 -0.15522 -0.18215 0.14011 0.90279 -0.61174 0.31253 0.82058 -0.11986 -0.092769 -0.017208 0.038924 -0.062698 -0.15331 0.71784 0.57189 0.49815 0.25487 -0.24675 -0.44031 0.31783 0.021158 0.060011 -0.61616 0.48028 0.21503 -0.22138 -0.31099 -0.98128 0.10881 -0.19224 -0.59959 0.11492 -0.53358 -0.2609 -0.46823 0.019625 -0.11813 -1.0982 0.062487 0.45476 -0.11326 -0.23941 0.50498 -0.82458 -0.13456 0.59877 0.26955 0.10113 -0.29636 -0.025664 0.34384 0.082627 -0.20214 -0.48323 0.018798 0.13161 0.83052 0.018249 -0.195 0.20411 0.35298
europe 0.057036 -0.15672 0.026353 -0.14236 0.20415 0.77327 -0.35368 0.63213 0.032844 -2.3155 0.43119 0.31025 -0.089594 -0.27878 0.15134 -0.89171 -0.060372 0.54198 -0.084858 -0.05947 0.44088 0.20591 0.4521 -0.064251 -0.53447 -0.16182 0.09653 0.32433 -0.1145 0.40874 -0.41014 -0.10797 -0.059183 0.049325 -0.61581 -0.1553 0.13616 -0.007505 -0.16745 -0.021525 -0.56237 -0.45668 0.007187 -0.39491 0.005147 0.14526 0.26462 -0.049436 -0.45476 -0.45913 0.16419 -0.031477 0.12032 -0.29182 0.411 -0.059535 -0.03388 0.056458 0.33074 0.1489 -0.057363 0.080507 0.10489 -0.20431 -0.4457 0.41857 -0.17856 0.63273 -0.19493 -0.1838 0.01844 -0.0083897 -0.54566 -0.18402 0.023866 0.044225 -0.03246 0.23686 -0.19883 0.29388 -0.32694 -0.12378 -0.41738 0.41378 0.17024 0.43599 0.14476 0.092622 -0.41093 -0.46235 0.39848 -0.29047 -0.40672 0.16376 -0.23015 -0.28526 -0.048219 0.10384 -0.19859 0.17713 -0.27458 0.18468 0.19536 0.053366 -0.29478 0.17979 0.65676 0.45085 -0.32251 0.64392 0.18846 -0.32958 -0.033076 -0.098468 -0.23134 -0.74833 0.22721 0.52059 -0.16672 -0.41773 -0.17759 -0.49583 0.22797 0.039438 0.23769 0.74055 -0.31965 0.18085 0.33983 -0.36081 0.41779 0.19836 0.013486 -0.12306 -0.44941 -0.18949 0.045289 -0.15622 -0.10616 -0.21424 0.22812 -0.55324 0.21955 0.097461 0.09228 -0.22082 0.27667 -0.13763 -0.72001 -0.04256 0.23153 0.20993 0.2335 -0.14613 0.0046897 0.42785 -0.98072 0.24214 0.19941 -0.30533 -0.18433 0.21195 -0.058873 0.51798 0.37923 0.72177 0.004582 0.070814 0.15228 -0.11979 0.40479 -0.069196 -0.28307 0.31906 0.18442 0.24981 -0.26088 -0.16958 0.26425 0.64844 -0.17988 -0.27511 0.18305 -0.1998 0.79517 -0.41728 -0.99287 0.053469 -0.55353 -0.28677 -0.34394 0.18453 -0.18213 -0.2796 -0.14873 -0.42311 0.38222 -0.53836 0.2202 0.28545 1.216 0.27123 -0.19656 0.31931 -0.084772 0.43772 -0.25335 -0.25076 -0.41732 0.037895 -0.10287 0.19032 0.47666 0.18714 -0.3311 0.20538 0.15634 0.13303 -0.11152 -0.15282 0.49408 0.038479 -0.61767 -0.25219 0.11455 0.067181 -0.036316 -0.14747 -0.22565 -0.19385 -0.073167 -0.33858 0.15714 0.21576 0.2303 -0.58177 0.16067 0.49782 0.20636 -0.27659 -0.78455 -0.097753 0.74663 -0.21139 -0.050708 -0.35461 0.11459 0.13007 0.35106 0.21294 0.094776 0.15996 -0.032189 0.64597 -0.13009 0.015201 -0.52976 0.10234 -0.0084814 0.30001 0.49736 0.012397 0.37431 0.39696 -0.15442 -0.25038 -0.52899 -0.20635 -0.15226 -0.15417 0.23234 0.31405 -0.14715 -0.11241 0.23291 0.21302 -1.4714 -0.37376 0.66521 -0.54701 -0.76309 -0.26499 -0.18206 0.1332 0.42028 0.020082 0.21234 0.28842 -0.19133 0.075311 0.30656 -0.15757 0.0033548 0.45923 0.30682 0.55046 -0.13091 -0.21972 -0.10994 -0.19722
northern 0.28974 -0.029849 -0.090088 -0.25242 0.067847 -0.075353 -0.079324 0.71569 -0.09712 -1.3544 -0.66845 -0.31949 0.2714 0.15515 0.40073 0.16458 -0.45537 0.19024 0.14572 0.15031 -0.2342 0.28265 0.29185 -0.25663 -0.44318 -0.76557 0.24904 -0.17764 -0.39448 -0.027019 0.094393 -0.058891 -0.3217 0.51313 0.61078 -0.12619 0.22657 0.75027 -0.41686 -0.23324 0.25442 -0.38284 -0.12162 0.27946 0.39813 -0.33091 0.55623 0.38634 0.17975 -0.0079258 -0.54986 0.35623 0.63875 0.15318 0.26596 0.13129 0.30381 -0.46215 -0.22818 0.51286 -0.23512 0.2015 0.099208 -0.69646 -0.20189 0.073997 -0.65488 0.61214 0.14785 0.16489 0.46202 -0.43203 -0.00070295 0.1422 -0.6955 0.2046 -0.2402 0.20021 -0.085316 -0.26066 0.12717 0.14088 -0.60364 0.21474 -0.32157 -0.321 -0.80961 -0.17255 0.49205 0.39273 -0.024892 0.26022 0.073054 0.014235 -0.41844 0.12624 0.3813 -0.24463 -0.45624 0.14178 -0.16898 0.6033 -0.21791 0.122 -0.3905 0.21405 0.56644 0.73457 0.7673 0.5671 -0.22343 -1.1474 0.24862 -0.47232 0.56605 -0.32434 -0.18598 -0.025076 0.44852 -0.43095 -0.098528 0.063247 -0.42512 0.011558 0.025926 -0.053776 -0.055527 0.29905 0.66025 -0.18871 -0.16599 0.15089 -0.039071 -0.27162 0.61819 -0.039683 -0.18962 -0.36573 0.19871 -0.35305 0.20378 -0.43991 -0.32285 -0.4641 -0.7987 -0.10121 0.40039 -0.4543 -0.50127 -0.52168 0.65287 -0.24251 0.69187 0.26529 0.66033 0.43507 -0.10832 0.074715 0.22968 0.21193 0.046407 0.029756 0.36517 -0.27982 -0.36239 -0.055845 0.38201 -0.62685 0.011239 -0.47197 -0.16467 -0.17074 -0.15118 0.69896 0.13331 0.4806 0.27817 -0.10262 0.26595 0.44455 -0.1131 -0.040729 -0.080629 0.20763 0.69588 -0.0086489 -0.48396 0.0018237 -0.51436 -0.45212 0.27831 0.22114 0.11394 -0.10382 -0.21185 0.41022 0.38567 -0.39223 -0.28663 0.4291 1.407 -0.10393 -0.84168 -0.095481 -0.13115 0.3378 -0.23405 0.33679 0.46315 0.50776 0.32065 0.49633 0.37935 0.055819 0.47487 -0.33842 0.02011 -0.08435 0.35511 -0.21705 1.0407 -0.084286 -0.22997 -0.30136 0.0051398 0.025845 0.26725 -0.95642 -0.11594 -0.5132 0.13936 0.029325 -0.15029 0.22044 0.69592 0.01242 -0.6415 0.29057 0.17732 -0.10264 -0.71897 -0.063996 0.59744 0.086505 -0.077105 0.034787 0.098425 -0.21672 0.07673 0.035942 -0.26758 0.34063 -0.44264 -0.21353 0.44009 -0.11636 0.18294 -0.043088 -0.238 0.14708 0.0051705 0.25788 0.71778 0.48824 -0.33186 -0.32058 -0.14476 0.016059 0.42313 -0.39207 0.25187 -0.052594 -0.14973 0.038242 -0.022592 -0.29171 -1.6866 0.24242 0.60576 0.43579 0.14201 0.28978 0.082805 -0.26594 -0.14899 0.59192 0.19207 -0.12568 0.54912 -0.23457 -0.082435 -0.22438 0.21823 -0.011712 0.20186 1.1974 0.0023696 -0.6912 -0.153 0.26912
iran 0.28581 0.19797 0.35313 -0.81041 0.11978 -0.69864 -0.17337 0.3721 0.0057339 -2.3414 0.52107 0.012968 0.30816 -0.31533 0.017589 0.50995 -0.13274 -0.22667 -0.68466 -0.39116 0.36294 -0.026907 0.023243 0.67086 -0.46168 -0.5855 0.47954 -0.21011 -0.36287 0.25382 -0.074385 -0.10332 -0.46388 -0.31503 0.27781 -0.51219 -0.25694 -0.77197 -0.31253 0.074892 -0.12136 0.51409 -0.46017 0.043315 -0.55113 0.45248 -0.35424 -0.08113 0.0045131 -0.14125 -0.32644 0.2388 0.0082498 -0.67431 0.098561 -0.22301 -0.39629 0.36438 0.39991 -0.44159 -0.061284 0.76029 -0.47324 -1.1964 -0.37113 0.17041 0.76591 0.71864 -0.031571 0.28199 -0.099125 -0.22583 0.099067 0.099154 0.41679 0.011414 -0.055887 0.62649 -0.56494 0.61663 -0.020843 -0.64197 -0.42973 0.66804 0.53948 -0.70264 -0.16269 0.045473 0.11197 -0.1496 -0.41731 -0.069777 0.017266 0.36192 0.2483 0.37132 -0.55126 0.22058 0.32607 -0.047662 -0.33233 0.0080333 -0.58068 -0.028606 0.29523 -0.10517 -0.033458 -0.024489 0.12147 0.021477 0.72289 -0.38212 -0.048059 -0.17167 0.23498 0.58801 0.043795 0.20256 1.0776 0.075327 -0.26855 -0.070712 0.25793 0.28169 -0.11495 0.66222 -0.01087 -0.25402 0.49495 -0.15845 -0.28454 -0.27955 -0.45024 0.40692 -0.18137 -0.15683 -0.31847 0.10808 -0.46831 -0.26834 0.04545 -0.19644 0.4054 0.0019922 -0.28851 0.35434 0.4612 -1.1497 -0.14256 0.026883 0.16937 0.63604 -0.21373 0.67282 -0.24268 -0.098759 -0.020774 -0.044542 0.095369 -0.32336 -0.38223 0.18958 -0.029323 0.27836 -0.40568 -0.17546 0.22781 -0.98714 0.021126 -0.065502 0.36171 -0.22056 -0.1966 -1.0275 0.14211 0.4513 -0.12183 -0.096705 -0.15964 0.45239 -0.22267 -0.62082 0.012149 -0.76603 0.084005 0.51632 -0.15031 -0.33503 -0.096336 -0.46714 -0.30119 0.18372 0.56787 0.31528 -0.62843 -0.20005 0.4182 -0.20791 1.0209 -0.16948 1.3073 -0.11455 -0.028116 0.050332 0.74477 -0.17946 -0.0011038 0.0081067 -0.60981 -0.29443 0.15699 0.40048 0.19866 0.45272 -0.034166 -0.52049 0.021094 -0.0070602 -0.64603 0.81968 0.35625 0.3334 0.082239 0.051687 0.25141 0.43956 0.03821 0.42861 -0.30588 -0.30316 -0.10102 -0.53553 0.75994 0.089157 0.53756 0.41653 -0.68957 -0.30577 1.2543 -0.40679 -0.081132 0.033379 -0.0087174 0.49724 0.29107 0.063256 -0.16596 0.36987 -0.48644 0.2757 0.45722 0.59049 -0.90285 0.31102 -0.11456 -0.5177 -0.27197 -0.17017 -0.238 0.067344 0.25261 0.39186 0.19952 -0.01929 0.013758 -0.17122 0.051022 -0.8022 -0.03506 -0.17583 -0.028492 -0.4619 -0.53662 0.36539 -0.4419 -0.5107 -2.0501 -0.1948 1.4185 0.015126 0.47383 0.13075 0.57729 -0.4924 1.1645 -0.29301 0.16969 0.49173 0.33002 0.79067 -0.58628 -0.27116 1.0239 0.54304 -0.043908 0.99948 0.34456 -0.38976 -0.18106 0.030199
growth -0.4617 2.8935e-05 -0.28895 0.060231 0.2205 0.047254 0.029426 0.60347 0.073698 -2.4198 -0.1277 0.40981 -0.27218 -0.18171 0.33627 -0.38288 -0.011544 -0.16312 -0.13435 -0.19968 -0.98575 0.43656 0.18911 0.23935 -0.28782 -0.049354 0.078354 -0.71052 -0.11316 0.09465 0.29551 0.70867 -0.023973 0.00053016 -1.1719 0.51601 -0.41927 0.36713 0.17627 -0.23977 -0.16012 0.36215 -0.26422 -0.51712 0.11072 -0.28482 -0.33189 0.45691 -0.33965 0.1775 0.058958 -0.14544 0.012723 -0.28747 0.15419 0.25882 0.19422 -0.071936 -0.1392 0.067256 -0.050702 -0.55212 0.57284 -0.066994 -0.21393 0.20841 -0.041045 0.46809 0.0095651 0.37652 -0.43661 0.70976 -0.0524 0.16281 0.13238 -0.52459 0.15006 -0.67229 -0.50127 0.47195 -0.32896 -0.27608 0.40631 0.47087 0.83349 0.20789 -0.20462 -0.070405 0.011394 -0.33737 0.68667 -0.060762 -0.60636 0.010192 0.055517 -0.1153 -0.20714 0.83637 -0.19114 -0.29771 -0.46751 0.12467 -0.68726 -0.48693 -0.46306 0.15491 -0.13573 -0.10195 -0.1949 0.066176 0.059981 -0.62601 -0.02228 -0.27352 0.39485 -0.18415 0.69883 0.13218 -0.50407 0.1372 0.093928 -0.72531 0.63557 0.22956 0.043927 0.31108 -0.074079 -0.11886 0.015482 -0.12738 0.1052 0.70127 0.011483 -0.049869 -0.16041 0.096226 0.16341 -0.1728 -0.14953 0.60251 -0.17895 -0.16612 -0.084235 -0.37795 0.24279 0.18877 -0.5383 0.040006 -0.10805 0.16326 0.15516 -0.3006 -0.22229 0.28181 -0.13862 -0.093244 -0.66273 0.47399 -0.35848 -0.26067 -0.092847 0.36566 -0.12108 -0.32148 -0.13993 -0.49914 0.16628 -0.071982 -0.32101 1.1939 0.58731 -0.099186 -0.33164 0.1497 0.24398 0.068149 0.24368 -0.060108 0.079037 0.5545 -0.66127 -0.7012 -0.076812 -0.47843 0.44899 -0.054037 -0.16387 -0.029227 -0.96575 0.34436 0.019521 0.56694 0.19184 0.16025 0.25777 -0.13799 0.62096 -0.29551 -0.16299 -0.039915 0.43659 -0.47691 0.20688 0.35842 -0.40542 0.1631 -0.2329 0.42851 -0.25282 -0.33031 -0.15695 -0.3811 0.15782 -0.97074 0.19237 0.44963 -0.55364 0.86019 0.11747 -0.15797 0.23094 -0.065156 -0.33646 -0.21771 0.090119 0.19198 -0.26416 0.37018 0.21223 0.27411 -0.4966 0.40674 -0.17246 0.0020129 -0.92695 -0.15053 0.28072 0.082537 0.148 -0.054523 0.022676 -0.27848 0.20756 0.30906 -1.3117 -0.0078616 1.529 -0.77656 -0.23765 -0.15932 -0.11078 -0.145 0.45705 -0.03524 -0.19733 -0.44501 -0.089493 0.1651 -0.19369 0.43385 0.98752 -0.13965 0.038801 0.43819 -0.13276 -0.29513 0.47414 0.35023 -0.42453 -0.069278 -0.47112 0.30954 -0.69033 -0.0015135 0.2756 -0.47508 -1.1841 0.45323 -0.027138 -0.8111 -0.54294 -0.044036 -0.64265 0.82532 0.12392 0.2626 0.059383 -0.19189 -0.035729 0.032596 0.057749 0.18012 -0.2123 0.39328 0.50926 1.2528 -0.28174 -0.082593 0.184 -0.29647
western 0.44667 0.13084 -0.092386 -0.60725 -0.21763 -0.38058 -0.41064 0.57396 0.28984 -1.1463 -0.094261 0.12881 0.25529 0.61708 0.6168 -0.42136 0.16493 -0.01819 0.21445 -0.37854 0.39508 -0.59888 0.89377 0.10531 0.026518 -0.12018 0.50751 -0.067745 -0.084586 0.61949 -0.042223 -0.062393 -0.1866 0.23994 -0.090984 0.040275 0.016053 0.10785 -0.3524 -0.30366 -0.19312 -0.20988 -0.46892 -0.31078 0.44532 0.36284 0.45173 0.019696 -0.37938 -0.51461 0.18288 0.094405 0.20811 -0.26874 0.30106 0.13334 -0.072366 -0.08372 0.36559 -0.29717 0.017806 0.072474 0.4418 -0.77062 0.099812 0.12072 -0.10501 0.32666 0.24457 0.18776 0.39901 0.0084401 0.54351 0.22778 -0.66981 -0.1361 -0.5382 0.093801 -0.30072 0.28496 0.058286 -0.064966 -0.57917 0.26541 0.32682 -0.032758 0.1681 -0.15646 0.28987 -0.20762 -0.10675 0.24149 0.23519 1.007 -0.18423 0.25127 0.10544 0.25983 -0.4328 0.54126 0.054583 0.34295 -0.036829 0.01077 0.16164 0.29041 -0.18046 0.23795 0.51263 0.60565 0.16495 -0.7532 0.16069 0.0769 0.62228 -0.091028 0.18936 0.23618 0.48235 -0.25938 0.46475 -0.0013525 -0.32109 0.1582 -0.41641 0.44373 -0.3022 -0.017538 0.4574 -0.16728 -0.079463 -0.018924 0.27734 -0.18606 -0.18598 -0.12037 0.046982 -0.047728 -0.2946 -0.030688 0.26799 -0.29039 -0.19533 -0.18356 -0.67501 0.20815 0.37785 -0.416 -0.76606 -0.041421 0.79985 -0.094287 0.27455 0.049373 0.55919 0.12079 -0.034288 0.096773 0.31701 0.22104 0.0079516 -0.27156 0.22274 -0.35534 -0.050853 -0.24468 0.29458 -0.29158 -0.095392 -0.69012 0.25404 -0.27018 -0.43422 0.29304 -0.17171 0.49875 0.1988 0.44435 -0.60961 0.034303 0.11476 0.097146 0.091627 -0.26043 0.69633 0.23224 -0.58846 0.18364 -0.027987 -0.46709 3.9726e-05 0.51975 -0.11127 -0.013189 -0.025451 -0.3169 0.33708 -0.96065 0.068695 0.78765 1.3512 -0.56699 -0.24926 -0.27848 -0.27261 0.16019 -0.31513 0.40801 0.49317 -0.29076 -0.11296 0.68715 0.74937 0.38235 0.22643 0.21619 -0.28465 -0.077316 0.051173 -0.47521 0.3693 0.037017 0.058572 -0.52197 0.30422 -0.078747 -0.2498 -0.23073 0.10659 -0.056213 0.33328 -0.11007 -0.3325 0.056803 0.22929 -0.27402 0.055671 0.043884 0.014224 -0.35985 -0.40475 0.51708 0.81607 0.40153 -0.53485 0.0035313 -0.36167 0.082259 0.0062675 0.37583 0.28317 0.23129 0.44076 0.25028 0.016922 -0.35782 0.090359 0.5809 -0.26836 0.4601 0.06212 -0.29683 0.11716 0.25291 -0.55201 -0.67748 -0.11531 -0.38731 0.062761 0.14587 0.11971 -0.36435 -0.088645 -0.13806 0.21373 0.28376 -2.0272 0.41944 0.7395 -0.4018 0.43514 -0.28249 -0.23748 -0.32181 0.071081 0.21562 -0.23348 -0.22281 0.36379 -0.031644 0.12707 -0.55393 0.23241 0.032881 0.4407 1.0309 0.24997 -0.46645 0.17236 -0.12921
england -0.23057 0.19392 0.2562 -0.063596 0.36684 -0.24985 0.36931 0.15619 -0.54335 -0.76408 0.26634 0.077863 0.27417 -0.25511 0.035777 0.07558 -0.26188 -0.35105 -0.40994 -0.41245 -0.50342 0.2451 -0.33253 0.11441 -0.31759 -0.47896 -0.2886 0.13037 -0.31397 0.001364 0.26851 -0.20266 -0.29817 0.63954 -1.3109 -0.3146 0.31194 0.42288 -0.53327 -0.29094 -0.029069 -0.22156 0.061854 0.22108 0.22446 0.02641 0.055936 -0.03593 0.16769 -0.27913 -0.62936 -0.3087 0.19094 -0.23482 0.039423 0.17723 0.38985 -0.027919 -0.31507 -0.15253 0.47222 0.047219 -0.37807 -0.083386 0.19171 0.052274 0.28529 -0.54937 -0.24203 -0.21794 -0.0081501 -0.11269 0.17878 -0.47479 -0.46721 0.083431 -0.29563 0.19868 -0.31243 0.11176 0.011605 0.71469 -0.53069 0.42194 -0.10659 0.036329 0.66609 -0.33504 0.548 0.33194 0.59561 0.29326 0.3171 -0.60716 -0.28614 -0.13692 0.51254 -0.16964 -0.46053 -0.24672 -0.30388 0.19935 -0.39266 0.076818 -0.13117 0.026747 0.68175 0.679 -0.23824 0.81393 0.70337 -0.77001 -0.10702 -0.16394 0.22423 0.053587 -0.77225 0.20395 -0.27497 -1.036 -0.46434 0.3952 -0.44658 -0.010666 0.14251 0.65857 -1.0096 -0.39163 0.30914 0.48231 0.70574 0.25404 -0.52686 -0.66629 0.029522 0.68644 0.18679 -0.37273 -0.73312 -0.34135 0.41265 -0.15521 -0.0016312 0.36888 -0.78463 0.093385 0.21996 -0.10049 -0.083873 -0.54708 -0.17168 -0.47936 -0.38703 -0.52537 0.15771 0.11198 -0.7223 -0.49141 0.17171 0.39499 -0.2763 0.12014 -0.0046135 0.018643 0.085802 0.35573 0.30266 -0.47787 0.3992 -0.10437 0.10289 0.18656 -0.57035 0.74851 0.060494 0.88672 -0.18872 -0.079689 0.10665 0.53792 0.12208 -0.11416 0.27623 -0.17188 0.70649 -0.19835 -1.0662 -0.12986 -0.33462 0.058629 -0.32427 0.61052 0.28988 0.073796 -0.22433 -0.50353 0.37225 -0.61234 -0.059586 -0.38944 1.3236 0.30321 -0.57165 -0.45851 0.18634 -0.1711 0.22048 0.41401 -0.68884 -0.47208 -0.19908 -0.0032045 -0.032228 0.074155 0.0024993 -0.32081 -0.40841 -0.62177 -0.13014 -0.56072 0.47854 -0.36895 -0.41468 -0.63458 -0.36353 -0.2513 0.28016 -0.10864 -0.11777 0.3467 -0.11717 0.3746 0.048893 -0.45291 0.10568 -0.3703 0.014237 1.1252 -0.12935 0.048092 -0.45152 -0.097887 0.66254 0.066514 -0.30525 0.3803 -0.074787 -0.02656 -0.13059 0.16081 0.27577 0.16767 0.044045 -0.17993 0.30593 0.30229 0.20775 -0.61099 0.40031 -0.1798 0.69673 0.01717 0.21482 1.1526 -0.50705 0.14857 -0.5015 -0.63433 -0.16953 0.23765 -0.36138 -0.20741 -0.0084187 0.20022 -0.41003 0.16171 -1.4126 0.1075 0.62764 0.47878 -0.3356 0.14658 0.3305 0.022232 0.11705 -0.008783 -0.3945 -0.33297 -0.36265 0.42077 -0.41662 -0.043739 -0.08772 -0.020434 0.22859 0.475 0.057592 -0.21062 0.077187 0.0072261
korea -0.36134 0.11578 0.02098 -0.84719 -0.21797 0.15126 -0.043149 0.23104 -0.16531 -2.1928 0.73207 0.24597 -0.09481 0.20982 0.34393 -0.066123 0.18086 0.059659 -0.71913 -0.20596 0.15432 -0.2062 0.023639 0.31096 -0.47545 0.3374 0.093363 -0.27129 0.053681 -0.022392 0.22338 0.049088 0.18443 0.11478 0.029706 -0.16165 -0.054027 0.22754 -0.65703 -0.10077 0.49465 0.26768 0.010315 0.67338 -0.60741 -0.022795 0.42309 -0.69452 -0.29614 0.329 -0.20768 0.56023 0.2147 0.013231 -0.30304 0.19909 0.60853 0.048687 -0.2481 -0.092602 0.088095 0.65809 0.073125 -0.10923 0.15596 0.071972 0.41691 0.83561 0.43868 -0.20638 -0.68095 0.10949 -0.46674 0.052112 -0.17517 -0.01497 -0.38517 0.44037 0.13799 -0.28348 -0.23344 -0.1117 -0.36964 0.15976 0.14005 -0.64273 -0.84272 -0.68946 -0.055575 -0.26821 -0.16102 0.15037 -0.32645 -0.10156 0.034793 0.37937 -0.19951 0.52542 -0.075056 -0.3431 -0.27614 -0.13459 0.16128 0.27714 0.048227 -0.28125 -0.74203 0.078476 -0.62777 0.09725 0.48327 -0.6251 -0.50417 -0.66674 0.23438 0.21314 -0.19298 -0.023528 0.4978 0.21844 0.16927 -0.72601 -0.23407 -0.037643 0.16898 0.94785 -0.49284 0.20263 -0.62383 -0.11188 -0.56352 0.3099 0.75241 -0.38662 0.27931 0.81638 0.080131 -0.0082154 0.20926 0.52877 -0.52744 -0.15904 0.078203 -0.77715 -0.48375 0.55563 -0.23587 -0.14754 0.14688 -1.0151 0.14863 -0.043741 -0.21955 0.60435 0.68789 0.25265 -0.98874 0.17917 -0.23768 0.22383 -0.11843 -0.24734 0.025142 0.092545 0.35899 -0.37621 -0.33125 -0.34245 0.52094 -0.54326 0.069001 0.12198 -0.94915 -0.91799 -0.13836 -0.0028267 -0.016421 0.028312 0.43805 1.1625 -0.017964 -0.37028 -1.0368 -0.41317 -0.17863 0.4027 -1.0162 -0.025593 -0.54767 -0.3807 -0.080174 -0.24048 -0.010415 0.064804 -0.58196 0.26935 0.77839 -0.54971 0.58916 0.18745 1.2172 0.26747 -0.31729 -0.24074 -0.012537 0.20172 0.29155 -0.16832 -0.47982 -0.5198 0.10197 0.159 -0.74893 0.4825 -0.45055 -0.45728 0.070661 -0.55849 -0.82356 0.53621 0.83121 0.12951 0.027487 -0.0075303 -0.12147 0.028785 -0.27314 0.012596 -0.11903 0.081722 -0.53988 -0.85328 0.26621 1.0174 -0.14929 0.47333 -0.30954 0.099869 0.55177 0.1623 -0.092998 -0.090841 -0.18867 0.53108 0.42948 0.061394 0.56203 0.29699 0.39029 -0.39304 -0.22925 0.10743 -0.60446 0.42529 -0.043272 -0.9969 -0.83987 -0.015532 -0.08167 0.063823 -0.22608 -0.47775 -0.49114 -0.33555 0.33781 0.22197 -0.2921 -0.049429 -0.025727 -0.028334 -0.10375 0.27602 0.02233 0.56034 -0.19897 0.081681 -1.8644 -0.27376 0.94242 -0.0043853 -0.29442 -0.22283 0.10401 -0.70655 0.32233 -0.72069 0.31313 0.2992 -0.13189 0.61542 -0.08556 0.22036 0.36673 0.013954 0.19229 0.94324 0.7845 -0.037528 0.45054 -0.55363
australia -0.040609 -0.044575 -0.37878 -0.33111 0.38301 -0.0094588 -0.62921 0.58603 0.059291 -1.5274 1.106 0.1151 0.21773 -0.12895 0.48024 -0.11324 -0.14202 0.077322 -0.58116 -0.21622 -0.3584 -0.14832 0.55047 0.046506 0.15794 0.46585 -0.28051 0.29304 -0.64133 -0.2841 -0.25261 0.13949 -0.2537 0.81044 -1.0052 -0.48074 0.6753 -0.0057606 -0.69854 -0.072867 -0.093054 -0.22472 -0.16867 -0.15572 0.0078449 -0.27117 -0.44842 -0.0048568 0.16884 -0.18882 -0.57101 -0.089394 -0.075667 0.32873 -0.02895 0.62984 -0.10374 -0.13075 -0.45341 -0.37107 -0.056367 0.23378 -0.48715 -0.206 0.57351 -0.064893 -0.033066 0.18429 -0.5679 0.43767 -0.74608 0.13766 0.081033 -0.28362 -0.70201 -0.45755 -0.077788 -0.17605 -0.14349 0.31286 -0.01561 0.16981 -0.35963 -0.30066 -0.19879 -0.040724 0.46102 -0.98598 0.34768 -0.81847 0.18637 0.18923 0.25201 -0.14452 0.045713 0.26363 0.045749 0.24074 -0.279 -0.29348 0.17142 -0.028066 -0.65326 -0.059965 0.34302 0.28839 0.00515 0.56548 -0.14805 0.30059 0.54571 -0.57123 -0.12161 -0.29262 0.4974 -0.15369 -0.29485 0.39723 0.022234 -0.64713 -0.0017628 0.18461 -0.94053 0.053444 0.0067836 0.39613 -0.69114 -0.22437 0.10033 0.054177 0.23869 -0.055233 0.16337 -0.65348 0.076816 0.61448 0.48015 -0.015846 0.11831 0.12539 -0.0071775 0.41632 0.22402 0.048251 -1.0837 -0.50091 0.27312 -0.58032 0.11917 -0.49084 0.66907 -0.16587 -0.40552 -0.28802 -0.0055384 -0.39176 -0.9197 -0.16547 -0.044007 0.18909 -0.24686 -0.3755 0.26447 0.057988 0.24365 0.10822 -0.029545 0.48476 0.55622 -0.012915 0.049902 0.12177 0.19519 0.15127 -0.35983 0.58178 0.1196 0.00061876 0.50258 0.73939 -0.19138 0.068416 0.61397 -0.58947 0.72424 0.21119 -0.27696 0.41109 -0.16349 -0.31148 -0.38568 0.64229 -0.096675 0.016045 -0.26244 -0.4095 1.0922 0.037055 -0.12861 -0.16264 1.4779 0.49723 -1.0977 -0.44278 -0.047721 0.80124 0.070565 -0.15927 0.082418 -0.86 -0.10593 0.24086 -0.083181 0.85056 0.00091199 0.16573 -0.96097 0.13694 0.062955 -0.37585 0.65527 -0.24362 -0.22348 -0.78015 -0.0076375 0.16613 0.23966 -0.37471 -0.23166 0.81701 -0.19157 -0.10415 0.11867 0.040501 -0.005528 0.45925 -0.26773 0.66238 0.28184 -0.26701 -0.47953 0.52804 -0.21731 0.15997 -0.04511 0.46086 0.25654 0.021904 0.097052 0.071125 -0.013277 -0.41477 0.002436 -0.17925 0.26641 0.04395 -0.06476 0.21348 0.14785 0.24125 0.12727 -0.55865 -0.044931 0.59662 -0.18115 0.0095425 -0.078387 -1.0384 -0.23074 0.33993 -0.46009 -0.04436 0.41765 -0.47554 0.046137 -0.045756 -1.1248 0.0087079 1.0887 0.22806 -0.26155 -0.34025 -0.51473 0.3913 -0.37417 -0.28723 -0.23385 0.075081 -0.0584 0.16903 0.19852 0.047398 0.0036427 0.13285 0.22501 0.71826 -0.28711 0.16039 0.40574 -0.58292
japanese -0.258 0.22476 -0.18171 -0.44906 -0.034568 -0.31442 -0.4673 0.2592 -0.31921 -1.6406 -0.37124 -0.033077 0.51278 0.63951 -0.13847 -0.53887 0.13486 -0.38451 0.062492 -0.52603 -0.24621 -0.33937 0.2027 0.090382 -0.4228 -0.19114 0.3672 -0.39147 0.51674 0.68733 -0.53493 -0.54769 0.40961 -0.36346 -0.3279 -0.21934 0.53168 -0.73479 0.16773 0.6053 0.55458 0.15177 0.30488 -0.121 -0.55338 -0.050573 -0.16114 -0.11487 -1.1249 0.64814 -0.072343 -0.20573 0.047118 0.20317 -0.79902 0.066981 0.0015321 0.37646 -0.18271 0.073227 0.24502 0.24515 0.33024 -0.25918 0.38858 0.14716 -0.55552 0.18753 0.13275 -0.052133 -0.053229 0.48717 -1.0408 0.14669 -0.21393 0.13433 0.38204 0.57233 -0.092947 -0.70336 -0.34884 0.13696 0.06135 0.75787 0.38219 0.47188 -0.19967 -0.31978 0.6214 -0.48818 0.22645 -0.2729 -0.38558 0.055264 0.58651 0.25538 -0.37756 -0.38965 -0.05864 0.1187 -0.10118 -0.53863 0.073214 -0.011416 -0.25458 -0.089079 -0.19054 -0.78362 0.19706 0.40255 -0.26049 -0.077996 -0.12063 -0.86341 0.81828 0.48677 -0.14861 0.20184 0.16981 -0.53584 0.3902 -0.37733 -0.47784 -0.10548 -0.33312 0.28046 -0.54628 -0.11834 -0.12183 -0.028787 -0.37876 1.1512 0.98767 -0.089617 0.62839 0.43935 -0.19229 -0.35742 0.65772 0.082126 0.28758 -0.36763 0.23726 -0.58686 0.76224 0.16256 0.15605 0.0070259 0.19894 -0.11047 0.90815 -0.44114 0.10375 0.46955 0.85088 0.40516 -1.2432 -0.31984 -0.49288 -0.58203 0.55608 0.15599 -0.10817 -0.60038 0.32394 0.22962 0.17286 0.41098 -0.014757 -0.53085 -0.12882 -1.0294 -0.82188 0.20008 -0.366 -0.074479 -0.11334 0.11638 0.5115 0.85284 0.25807 0.052982 -0.62784 0.29924 0.56258 0.053022 0.16677 0.063111 0.42461 -0.052999 0.2134 -0.34272 0.37531 -0.07922 0.14034 -0.13969 0.023236 -0.28177 -0.56032 -0.06199 1.009 0.26057 0.158 0.47101 -0.47869 0.55158 -0.064411 0.40528 -0.018409 0.010895 -0.17302 -0.41881 -0.047359 -0.47015 -0.10039 -0.28523 0.12671 0.035702 -0.14069 0.93105 0.7067 -0.11304 -0.24537 -0.33942 -0.37234 0.338 -0.26753 0.076054 -0.10503 -0.18725 0.48547 -0.56704 -0.31763 1.3164 0.22424 0.12398 0.00047762 0.34478 -0.26452 0.41393 0.36576 -0.090881 0.22753 0.31279 -0.39089 0.68561 -0.22366 0.28755 -0.072158 0.13622 0.25733 -0.33344 0.0025225 0.88837 0.0081922 -0.21884 -0.72066 0.63513 0.29588 -0.19916 -0.34816 -1.0397 -0.47998 -0.1478 0.22954 -0.045697 -0.83439 0.24712 0.25926 -0.36868 0.091637 -0.21251 0.33971 -0.29438 0.066702 0.74294 -1.6983 0.28904 0.64187 -0.65471 -0.20446 0.28801 -0.024131 0.010254 -0.0039348 -0.59379 -0.15215 -0.18807 0.51177 -0.1175 0.6341 0.14445 -0.72692 -0.58466 -0.0045721 1.0496 0.2305 0.45433 0.032308 -0.48968
africa -0.076791 0.075704 -0.40347 -0.27423 -0.17844 1.0416 -0.49928 0.3986 0.0046891 -1.8489 0.46548 0.47619 -0.32082 -0.11184 -0.22893 -1.0106 0.064677 0.060301 -0.61867 -0.68192 -0.37393 0.47429 0.47004 0.28243 -0.022452 0.68766 0.011241 0.30878 -0.22241 0.13731 -0.44693 0.5091 -0.5491 0.29515 -0.70157 -0.74674 0.29875 0.73687 -0.51869 -0.38408 0.018626 -0.42083 -0.34017 -0.45479 0.55532 -0.47776 0.085785 -0.25382 0.27095 -0.62074 0.035099 0.41675 0.35591 0.23573 0.32732 0.62383 0.44942 0.15877 -0.12552 -0.0014326 -0.11257 -0.24232 -0.17683 0.056144 0.28178 0.55799 0.37023 0.5136 -0.0046472 -0.32374 -0.097235 0.1248 0.019191 -0.36648 -0.24308 -0.46636 0.32709 -0.38095 -0.062939 0.22176 0.4675 0.28488 -0.067456 0.19166 -0.4352 -0.19481 0.28366 -0.5739 0.10624 -0.4917 -0.077176 -0.46194 0.39349 0.21931 -0.31832 -0.072293 0.73128 0.080392 -0.014047 -0.23641 0.43554 0.092167 1.0106 -0.18746 0.3077 0.10526 0.36426 0.38204 -0.10391 0.21676 0.8919 -0.65604 -0.75078 -0.27782 0.39728 -0.1685 0.077615 0.30223 0.19479 -0.3141 -0.36024 -0.031848 -0.26545 -0.36312 0.11096 0.47101 -0.10041 0.14442 -0.020414 -0.28167 -0.18202 -0.3189 0.58068 -0.71444 -0.48949 0.17607 0.0058375 -0.061825 -0.22395 -0.04029 -0.40501 -0.03593 0.31085 0.04642 -0.76283 0.13956 0.33335 -0.19073 -0.30857 -0.051898 -0.036255 -0.24388 0.43036 -0.21108 0.099321 0.12792 -0.40746 -0.0013197 0.51435 0.16198 -0.35014 -0.15754 0.14072 0.69561 0.19803 -0.32505 0.29474 -0.21719 0.05399 -0.38316 0.30905 0.17068 -0.41007 -0.063063 -0.0024808 0.063598 -0.35021 0.077771 -0.2084 0.93697 -0.14937 0.084704 0.07241 -0.42045 0.39018 -0.042263 -0.90438 0.64413 -1.127 -0.49401 0.30367 0.64285 0.37454 0.11982 -0.2971 0.0072185 0.84609 -0.39886 0.18373 -0.065538 0.98004 -0.15006 -0.4736 -0.69843 0.50864 0.080459 -0.041443 0.027118 0.17143 0.058059 0.24272 -0.31453 -0.073728 0.38187 0.10966 -0.0055066 0.0050408 -0.27018 0.041706 -0.61426 0.7588 -0.07929 -0.23429 0.12959 -0.093914 -1.0061 0.1813 -0.091431 -0.30317 0.29336 -0.27035 -0.21521 -0.15522 0.72709 -0.21146 0.29668 -0.65955 0.56831 0.38184 -1.033 -0.37638 0.27966 -0.18782 0.18403 0.040319 0.21512 0.093502 -0.093993 0.40322 -0.18936 0.24978 0.11657 0.08928 -0.25381 0.10224 -0.15462 -0.13638 -0.52886 -0.43503 0.42272 0.24246 -0.45459 -0.23477 0.35586 0.015953 0.2363 -0.09325 0.033708 -0.50637 0.52501 -0.37653 0.20236 -0.32543 0.25943 0.066427 0.1025 -1.7583 0.64474 0.81536 -0.0040087 -0.88928 0.12824 -0.28437 -0.10278 0.0049375 -0.23996 0.0739 -0.12607 -0.84816 -0.039853 -0.067853 -0.25403 -0.065466 0.15627 -0.067786 0.9911 0.029148 -0.2117 0.15801 -0.22304
pakistan 0.011546 0.045479 0.24323 -0.65194 -0.24716 -0.3718 0.33257 0.49209 -0.44105 -2.3372 0.87992 0.14931 0.05571 -0.084053 0.4841 1.0403 -0.20318 -0.18931 -0.56313 0.24973 -0.48432 -0.66813 0.13142 0.23713 -0.61166 0.14346 -0.11729 0.11182 -0.35678 -0.39057 0.46182 0.24273 0.015359 -0.29456 -0.046328 -0.27678 0.11149 -0.11017 -0.87359 -0.067395 0.6297 0.080831 -0.64615 0.18178 0.14186 -0.36959 -0.078131 -0.05838 0.1177 -0.50154 -0.043882 -0.14597 -0.089986 -0.33595 0.78767 0.3828 -0.16857 -0.003519 0.14466 0.034237 -0.23887 0.27045 -0.73419 -0.90729 0.22932 0.39433 0.75248 -0.46067 -0.24831 0.54493 -0.089872 0.17131 -0.23106 -0.0097084 0.75481 -0.23685 0.36268 -0.17503 -0.45819 0.46816 0.87397 0.64726 -0.23789 -0.34375 -0.27524 -0.010948 0.1911 -0.7407 -0.17256 -0.030896 -0.083417 0.55872 0.79319 0.45975 0.38524 0.76522 -0.23824 -0.44958 0.022246 0.51205 0.43281 0.087357 -0.11708 -0.55593 0.099978 -0.23341 0.58146 0.31851 0.24734 0.1855 0.57851 -0.65073 -0.2197 -0.19449 1.0397 0.2818 0.095356 0.43482 0.00097408 -0.5852 -0.27865 -0.10253 -0.20844 0.51992 -0.32551 0.63777 -0.36123 -0.088551 0.26465 0.19052 0.1169 0.13699 0.15659 -0.53962 -0.15501 0.22557 0.40199 0.058182 -0.24617 -0.17265 -0.28046 0.4549 -0.1241 -0.21854 -1.3548 0.45071 0.28502 -0.55945 0.18968 0.080831 0.40499 -0.029107 -0.045676 0.053563 -0.19549 -0.26818 0.23345 0.1827 0.75532 0.22784 -0.088199 0.1391 0.010948 0.24562 -0.03458 0.5187 0.38558 -0.66942 -0.23146 -0.03583 0.037855 -0.21211 -0.25773 -0.51129 0.12461 1.167 -0.17914 -0.031383 0.30999 0.93083 -0.43055 -0.58013 -0.24718 -0.2998 0.19282 0.85519 -0.36876 0.49655 -0.13216 -0.19994 0.41133 0.22746 -0.12111 -0.044507 -0.45593 -0.19021 0.61237 -0.06596 0.54146 -0.074718 1.2542 0.00089699 0.40476 -0.079677 0.38343 -0.074589 0.48256 0.29122 -0.27886 -0.29952 -0.194 0.6338 -0.089574 0.5774 -0.4195 -0.65513 -0.81222 -0.29531 0.16828 0.61026 0.35906 0.17127 -0.06725 -0.17349 -0.081789 -0.39158 0.49898 0.18861 -0.30515 -0.14011 -0.41813 0.047671 -0.075176 0.11488 0.367 0.018943 0.076824 0.0029868 0.81773 -0.34082 -0.0033686 0.2605 0.20639 0.46415 0.54764 0.03819 0.17554 0.2363 0.025313 0.39221 0.22507 -0.16015 -0.28876 -0.69492 0.20186 -0.23859 0.22615 -0.26261 -0.31383 0.8488 0.46912 -0.34792 0.1136 0.38489 0.20489 -0.059389 0.52074 0.26196 0.013732 0.21956 -0.062282 0.078677 -0.68955 0.22881 0.068419 -0.01924 -1.4805 -0.7795 1.0561 0.54667 0.14299 0.07493 0.44466 0.044634 0.4431 -0.51268 -0.0058709 0.84937 -0.11432 0.37687 0.34907 -0.45949 0.17812 0.58001 -0.6155 1.4919 0.28083 -0.45922 -0.35477 -0.35445
african 0.24476 0.2764 -0.25165 -0.029891 -0.23247 0.64222 -0.34061 0.4487 0.38111 -1.2693 -0.26211 0.37062 -0.27254 0.0037884 -0.045628 -0.73516 0.4629 0.074262 -0.38373 -0.97878 -0.20828 0.25425 0.56532 0.53097 0.0027348 0.38379 -0.00045847 0.43711 -0.091051 0.50867 -0.43861 0.25909 -0.55716 0.12613 -1.0022 -0.44503 0.45958 0.74134 -0.26 -0.095862 -0.40544 -0.44217 0.01402 -0.5524 0.8312 -0.13207 0.033304 -0.27544 0.0555 -0.79217 0.47828 0.12106 0.1147 0.63062 -0.11573 0.51964 0.53582 0.09267 0.26657 -0.038119 -0.19669 -0.1067 0.99508 0.25822 0.15773 0.41694 0.37489 0.2486 0.30567 -0.41905 0.41266 -0.13583 -0.25459 -0.25682 -0.20002 0.03829 0.48351 -0.16143 -0.059673 0.25487 0.1514 -0.29494 0.35003 -0.070528 -0.36879 -0.48382 0.18563 -0.26723 -0.070944 -0.23184 -0.24947 -0.66388 0.30921 0.56967 0.094709 -0.38927 1.0356 0.19583 -0.14171 0.22672 0.29008 -0.18171 1.0677 -0.58169 0.25369 0.28536 0.25561 -0.11628 0.17456 -0.10378 0.49582 -0.20672 -0.74209 -0.2934 0.77893 0.047637 0.13702 0.17413 0.51162 -0.20571 -0.094653 0.35333 -0.11403 -0.48656 -0.18484 0.33164 0.18632 0.62706 -0.0012473 0.10688 -0.62904 -0.52094 0.39411 -0.71949 -0.19839 0.03876 -0.34106 0.13554 -0.4998 0.10853 -0.38848 0.063743 -0.0026817 0.088651 -0.53696 0.39191 -0.2057 -0.12141 -0.59097 0.29936 0.41661 -0.33591 0.61048 -0.062062 0.43036 -0.17713 -0.82699 -0.22238 0.57104 0.18426 -0.042878 0.24011 0.2116 0.47366 -0.41239 -0.33808 0.1809 -0.02896 0.095061 -0.69529 0.42893 0.17779 -0.77715 -0.13596 0.43796 -0.32766 -0.48677 0.35429 -0.49211 1.1705 -0.017595 0.13019 0.046051 0.13999 0.069374 -0.26631 -0.95975 0.55586 -0.68866 -0.2663 0.32936 -0.17892 0.40224 0.32437 -0.1203 -0.020339 0.53611 -0.28963 -0.42548 -0.12378 0.71952 -0.32127 -0.3832 -0.57493 0.55054 -0.18731 0.26733 0.036406 0.28614 0.15443 0.44966 -0.60551 -0.12266 0.39299 0.5314 0.19068 0.47792 -0.34981 0.099674 -0.38977 0.45353 -0.68363 -0.19551 -0.20445 -0.24599 -0.75641 -0.32135 0.30292 -0.30067 0.57059 0.32272 -0.041965 -0.51647 1.0213 0.029357 0.5043 -0.53902 0.036482 0.21787 -0.7928 0.061168 0.31367 -0.42274 0.085963 -0.055543 0.31646 -0.30316 -0.28595 0.19979 -0.27502 -0.12052 0.088154 0.58395 -0.42058 0.28291 -0.22546 -0.17319 -0.31797 -0.32822 0.64325 0.20768 -0.063465 -0.34818 0.11115 0.23373 0.078184 -0.0051521 0.8403 -0.46669 0.75336 -0.13116 0.35033 -0.14562 0.10859 -0.020041 0.40935 -1.996 1.244 0.51744 -0.0010074 -0.61276 -0.13726 -0.010315 -0.19317 -0.081229 -0.08776 -0.11298 -0.079694 -0.57365 -0.58348 0.091714 -0.61226 -0.25445 -0.11684 -0.11596 1.0168 -0.049431 -0.24313 -0.36675 0.021129
britain 0.43999 -0.33786 0.34408 0.048907 0.24168 0.26556 0.26283 0.48867 -0.37754 -1.7436 0.87479 -0.15576 0.24394 0.12841 0.015193 0.029216 -0.14386 -0.0053525 -0.37851 0.023746 -0.039802 0.25326 0.50738 0.051315 -0.029003 -0.59093 -0.10855 -0.13486 0.14463 0.27001 -1.1947 0.17272 -0.28828 0.31215 -0.51076 -0.62474 0.30769 0.38378 -0.40325 0.0025351 -0.58901 -0.0020864 -0.059805 0.25591 0.15138 -0.28178 -0.34714 -0.20781 0.20405 -0.46567 -0.44128 -0.33011 0.2046 0.075901 0.40913 0.12963 -0.028931 0.15094 -0.72344 -0.12774 0.025875 0.72201 -0.3535 -0.018487 0.032685 -0.52381 0.028474 0.48013 -0.6533 -0.03224 0.22181 0.20193 -0.077628 -0.36883 0.15458 0.61151 -0.451 0.10752 -0.53134 0.64956 0.29803 -0.067798 -0.38474 0.32177 0.18072 0.0055955 0.43881 -0.33417 -0.33153 -0.4148 0.12797 0.049408 -0.23523 -0.22858 0.34695 -0.66816 -0.035327 0.39624 -0.24237 -0.10397 -0.26396 -0.0053627 -0.5287 0.12491 -0.050276 0.17176 0.054943 0.85615 -0.26064 0.12076 0.62064 -0.090787 0.17311 0.12195 -0.036068 -0.051924 -0.27611 0.864 0.26021 -1.1224 -0.33764 0.058777 -0.053059 -0.1552 -0.021778 0.24603 -0.69305 0.11735 0.45018 -0.26352 0.15653 0.0106 -0.13738 -0.275 -0.59812 0.4749 -0.15957 -0.41299 -0.24264 -0.2311 0.31898 -0.23905 -0.12509 0.09459 -0.54801 -0.34642 0.15902 -0.27264 -0.30174 -0.17342 0.33466 -0.50614 0.010068 0.39215 -0.12661 0.11404 -0.9351 0.12559 0.038025 0.066164 -0.026663 0.70087 0.21205 -0.26391 0.0058547 0.6212 0.15973 -0.25679 0.40714 -0.17667 0.26636 0.57261 -0.20083 -0.022019 -0.2377 0.13296 -0.51126 -0.35987 0.60447 0.64049 -0.21607 0.39637 0.15121 -0.43351 0.53345 -0.47284 -0.59161 -0.34001 -0.29212 -0.48025 -0.67999 -0.0097757 0.34965 -0.41793 0.19185 0.2926 0.15782 0.01615 0.039267 -0.36767 1.2889 0.11271 -0.54673 0.51398 0.077902 0.20899 -0.22027 -0.066594 -0.22505 -0.19928 0.0029592 -0.16426 0.2581 0.48894 -0.071866 0.36033 -0.19629 -0.14901 0.29861 -0.25059 0.64935 0.10467 -0.10282 -0.47041 -0.098391 0.22637 0.26732 0.10149 0.26655 0.39141 -0.15499 -0.21947 0.27865 0.30878 0.098498 -0.044599 0.15827 0.49887 0.38034 -0.45416 -0.86594 0.051075 0.84507 -0.071577 0.39572 -0.083986 -0.23874 -0.18106 0.058154 0.33066 -0.092073 -0.12662 0.1959 -0.14103 0.41286 -0.38375 -0.11858 0.0085381 -0.35992 0.015666 0.40645 -0.1032 0.45166 0.87661 -0.1604 0.47075 0.003462 -0.33116 0.13726 -0.23229 0.16603 0.45352 -0.068567 -0.11687 -0.44292 0.0043195 -1.6364 -0.30642 1.0498 0.29213 0.29396 0.17079 0.009344 -0.46273 -0.038978 -0.13032 0.089743 0.15986 -0.46593 0.42333 0.17034 0.049553 -0.027165 0.035304 -0.14759 0.75016 -0.025034 0.071622 0.05535 -0.40573
middle -0.071276 -0.077994 0.044405 0.008483 0.60808 0.43824 -0.17892 0.12445 -0.027434 -1.5919 -0.21181 0.17948 0.12379 -0.27315 -0.13692 -0.12936 -0.29555 0.046752 0.19054 -0.12286 -0.3891 0.17325 0.17309 0.14801 -0.16612 -0.069209 0.20368 -0.26771 0.033836 0.31975 0.26351 0.27455 -0.22338 0.2511 -0.67226 -0.041244 -0.24629 -0.038288 0.084375 0.143 0.031719 -0.54137 -0.22988 -0.21065 0.29896 0.24379 0.15224 -0.00064547 0.18661 -0.57237 0.39246 0.19489 -0.051615 -0.77488 -0.065667 -0.27822 0.30717 0.15744 0.2486 0.19884 0.44204 -0.42019 0.13924 -0.16532 -0.084723 -0.22458 0.47721 0.30283 0.089451 -0.23109 -0.12911 -0.47639 -0.03972 -0.32485 -0.15394 -0.1113 -0.037672 0.079551 -0.19393 0.53763 0.27077 -0.26088 -0.6897 0.40855 0.39741 0.0044142 0.065744 0.10566 0.2014 0.3138 0.0030424 0.35316 -0.34614 0.56912 -0.48218 -0.083333 -0.043348 -0.13877 -0.17266 -0.17991 -0.49527 -0.3365 0.51799 0.14115 -0.29878 -0.0018539 0.068093 -0.31649 0.47593 -0.084333 -0.16089 -0.2026 0.25343 0.043906 0.2224 -0.10892 -0.31973 -0.44484 0.054906 -0.20004 -0.0096677 -0.45975 -0.13424 -0.40014 -0.26809 0.50534 0.38772 -0.036322 0.55309 -0.62605 0.28479 0.19914 0.21868 -0.19777 -0.068919 -0.035594 -0.34755 0.18848 -0.27447 -0.18765 0.14102 -0.38686 0.28266 -0.44611 -0.27223 -0.11771 0.10302 0.30947 -0.38744 0.27013 0.48233 0.1674 0.45661 0.18281 0.15246 -0.066025 -0.3733 -0.19331 0.34737 -0.026828 0.39205 -0.1312 -0.30199 -0.14512 0.32133 -0.17453 0.17157 0.34987 0.046691 -0.32599 0.0058428 -0.22453 -0.2179 0.019287 0.023599 0.15133 -0.38519 -0.25153 0.02829 0.0058134 -0.091558 -0.15187 0.26241 -0.023582 0.23906 -0.16441 -0.22431 -0.073754 -0.21828 0.16346 -0.0078671 0.44969 0.87033 0.084388 0.38539 0.54839 0.040603 -0.92245 0.88338 0.135 1.5038 0.46942 0.35669 0.32189 0.46819 -0.10913 -0.36673 -0.10803 0.013556 0.45684 0.31587 0.051208 -0.30582 0.028083 0.3092 0.13216 -0.07427 -0.20154 0.15599 0.008981 0.77746 -0.1343 -0.40017 0.014885 0.59006 0.21915 0.14289 0.18122 -0.029551 0.20534 -0.065087 -0.38694 0.094765 0.51541 0.11892 0.93067 -0.12662 0.0026184 0.17388 -0.41581 -0.35364 0.11963 0.43748 0.48006 -0.76933 -0.71266 0.19155 0.09739 -0.12928 -0.1844 0.48235 0.37874 0.20198 -0.16023 -0.0061178 -0.16357 0.33447 0.25936 0.061322 0.41573 0.054835 -0.10698 0.12454 0.24376 -0.28526 -0.34219 -0.054212 0.059441 0.12316 0.79445 -0.39682 0.10425 0.17051 0.38852 0.12281 -0.27161 -1.4599 0.48184 0.62458 -0.073124 -0.071336 -0.21856 0.11394 -0.24373 0.18893 0.1704 0.70471 0.2618 0.19236 0.15275 -0.10292 -0.25301 -0.28581 0.40548 0.29207 0.32729 0.32848 -0.23798 -0.5449 0.096089
iraqi 0.23257 0.28233 0.70117 -0.1672 0.10154 0.16283 0.13464 0.98778 0.27048 -2.2326 -0.45746 -0.1156 0.026544 0.11103 -0.014102 0.47948 0.21754 -0.47978 0.071756 -0.66372 -0.56558 -0.13005 0.42043 -0.33136 0.2681 -0.13795 0.47413 0.24815 0.27199 0.75782 -0.55856 -0.3545 -0.43131 0.15188 0.39754 -0.38558 -0.16348 0.083752 0.010561 0.47691 0.23756 -0.23766 -0.13505 0.059977 -0.23304 0.013912 0.042202 0.03614 0.0017433 0.13524 -0.052473 -0.29368 -0.29685 0.21861 -0.23655 -0.18033 0.063172 0.27099 0.38714 0.51802 -0.14749 0.61243 -0.092691 -0.8545 -0.5648 0.15102 0.40468 -0.033243 -0.080011 0.64687 0.6135 -0.20568 -0.51709 -0.21184 0.22693 0.93697 0.08739 0.80484 -0.14339 -0.19444 -0.4309 -0.15101 0.052455 0.22781 0.15711 0.1982 -0.41729 -0.0061571 0.40484 0.16282 -0.13161 0.040522 -0.19227 0.29279 0.0936 0.34121 -0.76669 0.063877 0.8011 0.37527 -0.26927 -0.23061 -0.33943 -0.10682 0.00035097 -0.044192 0.56689 -0.31628 0.24528 -0.47721 0.39803 0.36721 -0.32378 -0.15602 0.12819 0.94534 -0.31107 -0.3056 0.65375 -0.3824 0.063641 0.096763 0.38793 0.55575 -0.18183 -0.31304 0.025311 0.64793 0.66356 0.06371 0.11407 -0.55275 -0.60747 -0.37804 -0.068272 -0.34716 0.0027758 -0.61164 0.19775 -0.2118 0.085692 -0.039188 -0.41017 0.28208 -0.31519 0.40192 -0.41587 -0.20224 -0.70934 0.047348 0.71989 0.50284 -0.31942 0.43984 0.06719 0.42391 0.22292 0.030657 0.49408 0.097512 0.14478 0.069046 0.065346 -0.35667 -0.22425 0.0034493 0.39554 0.033589 0.041818 0.19201 0.75302 -0.20439 -0.39312 -0.20452 0.20868 0.43581 0.096144 -0.033828 -0.28346 0.69756 -0.14619 -0.22287 -0.27431 0.17677 -0.0088135 0.31813 0.12757 -0.70133 0.36051 0.15242 -0.26807 -0.39377 0.46679 0.25456 -0.023643 1.0291 0.053341 0.49643 -0.59112 -0.035991 0.60025 0.26733 0.007429 -0.12061 0.077972 -0.13624 0.40654 -0.20299 -0.069008 0.058814 0.045475 -0.28144 -0.046812 0.090908 0.33578 -0.55392 0.65253 0.14601 -0.71791 0.92901 0.85257 -0.46516 0.14728 0.01437 -0.07828 0.17271 0.085033 -0.68585 0.2175 -0.51883 0.47463 0.56921 0.76768 -0.0066363 0.31168 0.13169 0.085902 0.078294 1.0246 -0.49607 0.30154 -0.050912 0.71449 -0.28931 0.63899 -0.77175 0.0028914 -0.34626 -0.085486 0.50324 -0.25667 -0.36752 0.24234 -0.49594 1.0201 0.057657 -0.45507 0.54152 -0.58504 0.15409 -0.19138 -0.070299 -0.094584 -0.087608 0.26271 -0.54614 -0.27769 -0.35487 -0.054176 -0.9281 -0.15973 -0.15128 -0.093497 0.29673 0.25131 -0.77162 -2.2072 0.54227 0.88314 0.084664 0.80178 -0.53359 0.81536 -0.087843 0.62822 0.35603 0.36586 0.18675 0.46329 0.084414 -0.27777 -0.55995 0.30858 0.3122 -0.25315 0.57069 0.181 -0.3314 -1.572 -0.2659
english -0.67433 -0.22641 0.35998 0.093677 -0.34317 -0.1449 -0.043744 -0.0072138 -0.35911 -0.84902 -0.19089 0.31132 -0.091621 0.22271 0.30582 0.14599 -0.15771 0.15027 0.10498 -0.45735 -0.60382 -0.25128 -0.19006 0.76068 -0.4138 -0.22028 -0.039687 0.18761 0.183 0.27681 -0.24502 -0.026608 -0.099619 0.61612 -0.96109 -0.24863 0.50265 -0.66031 -0.37204 0.17764 0.015998 -0.13401 0.29576 0.18536 0.25924 0.13566 0.19982 0.8804 -0.30463 -0.11441 0.018603 -0.061295 0.32367 -0.36581 -0.26157 0.50098 0.42184 -0.67703 0.34174 0.59719 0.9269 -0.048545 0.10435 0.43366 -0.19042 0.047881 0.17868 -0.13126 0.15245 -0.36479 0.27519 0.10202 -0.5157 -0.20617 -0.46746 0.44928 0.79402 0.52725 -0.50006 -0.17419 0.13729 0.17648 -0.087512 0.022581 -0.31604 -0.21401 0.40092 0.05066 0.47913 0.54576 -0.50347 0.26064 -0.026682 0.42996 0.19284 0.28272 0.29649 -0.48727 -0.41448 -0.036132 -0.28895 -0.056415 -0.041604 0.0080769 -0.29666 -0.018166 -0.15885 -0.19183 0.65215 0.44561 0.33647 -0.44188 0.27998 -0.29172 0.3531 -0.060853 -0.915 -0.14445 0.065088 -0.71525 0.031769 0.54236 -0.33145 0.026304 -0.45896 0.020741 -0.576 0.14389 0.22759 -0.074756 0.11034 0.012352 0.16152 -0.48192 0.37298 0.44846 0.091932 0.13702 -0.51641 0.081302 0.47833 -0.041633 -0.27649 -0.1646 0.29264 0.13511 0.50899 0.0053288 -0.12144 0.43809 0.26746 -0.06728 -0.30606 -0.02171 0.39126 -0.04613 -1.0604 -0.079839 0.51638 -0.34289 0.58286 0.21177 0.12557 -0.023322 -0.28864 0.53946 -0.24842 -0.20332 0.39706 -0.20312 0.05312 0.14168 -1.1193 0.61056 0.50972 0.045463 -0.58302 -0.48246 0.12 0.30267 0.086844 -0.33493 -0.26649 0.015855 0.53428 -1.0091 -0.77 -0.16709 0.15714 0.30328 -0.37933 0.30909 0.8922 0.068221 0.34248 -0.10343 -0.34847 -0.31329 -0.30018 -0.68166 1.0273 0.53271 -0.42363 -0.34307 0.33721 -0.57632 -0.13319 0.40596 -0.54935 -0.1338 0.011065 -0.045917 -0.26758 0.02914 0.51599 0.44108 -0.20898 -0.31504 0.053805 -0.036939 0.33981 0.49591 -0.56089 -0.29836 -0.28627 -0.30972 0.59605 0.055523 -0.044749 -0.11916 0.34518 0.58851 -0.57193 0.13222 0.14221 0.68177 0.24006 0.4891 -0.55416 0.098878 0.22796 -0.16114 0.51906 -0.040049 -0.22352 0.84602 -0.92811 0.068624 -0.17355 0.10925 0.45519 0.17234 -0.040101 0.19445 0.31837 0.46559 0.63156 0.074947 0.58715 -0.17172 -0.2029 -0.095786 -0.037019 0.68487 -0.25023 -0.1463 -0.092465 -0.36126 -0.019324 0.21236 0.058167 -0.15061 -0.017829 -0.77274 -0.27704 0.059449 -1.4654 -0.14099 0.32966 0.23273 -0.24665 -0.23857 0.020804 -0.1703 0.038538 -0.070418 -0.36848 -0.6675 0.01869 0.25879 -0.2788 0.15106 -0.38415 -0.30622 0.58446 0.45091 0.14521 -0.14532 -0.56207 0.40299
summer -0.05222 -0.16919 0.18984 0.2945 0.11975 0.49019 0.070541 0.27927 -0.28095 -0.59261 0.070006 0.32505 0.027207 0.21051 -0.14632 -0.022603 0.19188 -0.32377 0.17671 0.27991 -0.13963 0.23254 -0.22868 -0.04803 0.19062 -0.34671 0.18428 -0.2082 -0.14044 -0.027644 0.41015 -0.17526 -0.33384 -0.027149 -1.1563 0.084048 -0.42567 -0.0072845 0.012446 0.17304 0.54127 -0.29099 -0.22487 0.1896 -0.023704 -0.16824 0.21376 0.14833 0.22637 0.56184 0.14489 -0.37348 -0.13086 -0.53164 0.29614 0.22199 -0.10152 -0.18991 0.38986 0.41901 -0.24779 0.094043 0.070092 -0.28401 -0.30963 -0.40747 -0.34595 0.20067 -0.43042 -0.5337 -0.10981 -0.053722 -0.41508 0.062286 -1.0279 0.045854 0.23456 0.046806 -0.43277 0.15507 -0.042879 0.24552 -0.2252 -0.47497 0.44165 0.36314 -0.27918 0.10353 -0.079742 -0.057235 0.031109 0.038386 -0.1863 -0.49921 0.15013 0.06501 0.19054 0.13641 -0.075372 -0.11252 -0.12063 -0.13787 -0.15148 0.41551 -0.47008 -0.24494 -0.094797 -0.0025553 -0.13438 0.11575 0.030707 -0.00070047 -0.035452 -0.40086 -0.31379 -0.086686 -0.42821 0.36142 0.021747 -0.25209 -0.16104 -0.29749 -0.24424 0.27859 0.57424 0.53127 0.065876 0.061853 0.012092 0.04723 -0.3349 0.50697 0.19953 -0.2357 0.1895 -0.15125 -0.19206 0.47181 -0.15549 -0.29877 -0.0046744 0.023658 -0.37244 -0.041298 -0.66502 0.12158 0.48494 -0.24727 -0.14131 0.27813 0.59033 0.063709 -0.11759 -0.15997 0.44587 -0.74738 -0.37928 0.1233 -0.35387 0.14951 0.32028 -0.58502 -0.18938 0.015871 -0.028434 0.14415 -0.18494 0.10842 1.105 0.47901 -0.29812 0.50725 -0.94945 0.33584 -0.096969 0.54977 0.3296 -0.41421 -0.12091 0.43401 -0.17983 -0.20542 -0.32536 -0.093918 0.71249 0.47338 -0.013084 0.1502 -0.31217 -0.36028 -0.32131 -0.12221 -0.13843 -0.6106 -0.26931 -0.08042 0.029732 -0.19885 -0.048249 0.04931 0.87256 0.015893 -0.16423 0.50004 -0.065409 -0.39901 -0.26434 0.092552 -0.39448 -0.27003 0.17416 -0.34905 0.10117 0.15221 0.074737 0.19315 0.25055 -0.19473 0.0002796 -0.28682 1.2846 -0.61559 -0.44606 0.051612 -0.18652 -0.17667 0.15182 0.043906 -0.0075779 -0.34068 0.46289 0.10946 0.24185 -0.89101 0.34833 -0.02716 0.1346 -0.18842 0.23278 -0.18534 0.018931 0.26461 -0.12338 -0.24488 -0.81896 -0.30874 0.30781 -0.36715 -0.22403 -0.27774 -0.040334 0.38236 -0.16363 0.50297 0.13584 -0.31565 0.29505 -0.21513 0.16956 0.23738 -0.19961 -0.0463 0.22023 -0.073376 -0.22116 -0.081692 -0.062553 -0.18192 0.47873 -0.12709 0.043481 -0.075494 -0.33153 0.08148 0.72295 -0.27694 -2.1587 -0.53696 -0.10204 0.20543 -0.55927 -0.57473 0.10433 0.47981 -0.18966 0.30036 0.092428 0.30078 -0.35498 -0.30074 -0.20871 0.17524 -0.28619 0.056958 0.094024 -0.094549 0.16443 0.084993 0.15133 0.16941
canada 0.25836 0.14153 -0.47499 -0.060427 -0.1558 0.33012 -0.5541 0.47438 -0.68565 -1.185 0.84861 -0.26529 -0.21535 0.10592 -0.2281 0.79917 -0.46448 0.10458 -0.21554 0.12379 -0.64091 0.53306 0.53376 0.3067 -0.038342 0.2616 0.2917 -0.45894 -0.33007 0.057012 -0.37354 0.27174 0.32555 0.32485 -0.68717 0.087202 0.39793 0.504 -0.12578 0.01131 -0.91692 0.35132 0.084608 0.80779 -0.060778 0.017115 -0.35097 0.21772 -0.063157 0.022138 -0.28859 0.0060472 0.23216 0.0054394 -0.098861 0.074383 -0.015562 -0.12656 -0.065324 -0.072667 -0.18582 1.0677 -0.39888 -0.60716 0.12365 -0.51758 -0.47956 0.56492 -0.08174 0.16852 -0.32067 0.16312 -0.091756 0.44795 -0.61856 -0.3252 -0.3702 -0.020141 -0.016318 -0.25446 -0.38037 -0.21527 -0.14443 -0.51253 -0.39658 -0.52603 0.13496 -0.51341 -0.81248 -0.55087 0.062145 0.070197 0.42075 0.062072 0.55674 -0.31108 -0.20962 0.12162 -0.54749 0.21063 0.30231 0.052119 -0.44879 0.024813 0.2229 0.02964 -0.26962 0.62038 -0.29753 0.81416 -0.090812 -0.7074 -0.2662 -0.30723 -0.31215 -0.4061 0.44718 0.79727 0.00024194 0.11506 -0.42043 0.30036 -0.41258 -0.29143 -0.23937 0.35314 -0.16229 0.025641 0.68199 -0.095315 -0.080022 -0.27438 0.037514 -1.0763 0.53431 -0.06887 -0.26664 0.13743 -0.25579 -0.13273 0.22323 0.20982 0.035183 0.41378 -0.018074 -0.18955 0.38634 -0.49428 -0.0051449 -0.27259 0.8633 -0.20619 -0.11506 -0.15792 0.16895 0.16182 -0.62639 -0.11784 -0.10988 -0.52266 -0.11561 0.3021 0.13644 -0.05734 0.026619 0.75033 0.04925 -0.13155 -0.23018 0.26431 -0.14202 0.32476 -0.36412 0.22968 0.49682 0.40225 0.19679 -0.060924 -0.16263 0.8291 -0.60777 0.10593 0.37443 -0.70247 0.88484 -0.155 -0.49236 -0.052164 -0.59663 0.053845 0.28479 0.046324 -0.054857 0.23837 -0.36866 0.093946 0.73635 -0.17674 0.014459 0.013866 0.92473 -0.46051 -0.35598 -0.40978 -0.38284 0.68499 0.13171 0.36958 -0.10612 -0.068489 -0.10579 -0.28147 0.45173 0.5909 -0.5419 -0.14321 -0.48149 -0.054712 0.18966 -0.023889 0.34796 0.25727 -0.0025308 -0.47508 0.17621 0.53388 0.66136 -0.41011 0.21562 -0.16009 -0.10382 0.33918 -0.14234 -0.071664 0.13564 -0.31416 0.38672 0.35415 0.14684 -0.020721 -0.68944 0.63072 0.39112 0.14848 -0.068142 -0.36735 0.017277 -0.010821 0.34817 0.050991 0.44593 -0.047059 0.24895 0.32507 0.14964 -0.28359 -0.18852 0.53411 -0.28163 0.22377 0.25583 -0.40576 0.13707 1.0879 -0.29323 0.1775 0.235 -0.29068 -0.68159 -0.14112 -0.20865 -0.27427 0.21667 -0.40889 0.23333 0.10681 -1.6245 -0.34885 0.92905 0.2607 0.28958 0.12134 -0.59511 -0.13193 -0.29381 0.33762 0.46175 0.49419 -0.31987 0.47781 0.34812 0.40394 -0.34528 0.30197 0.25444 0.4604 0.17417 0.17466 0.53683 -0.45132
investment -0.10589 -0.34152 -0.17129 -0.14178 0.63072 -0.099786 0.367 0.80461 -0.3644 -2.1446 0.54234 0.19432 -0.19554 -0.39494 0.056915 -0.67052 -0.24025 -0.28055 0.1227 -0.34599 -0.41913 0.096945 0.22261 0.13425 -0.142 0.25892 0.0060226 0.46467 -0.14261 0.12659 -0.53453 0.6372 0.47792 0.078532 -1.3441 0.19615 -0.20127 0.21121 0.36538 -0.47119 0.16991 -0.098953 -0.2936 0.51489 -0.089256 -0.46023 -0.58153 0.63491 -0.25524 0.46804 -0.35463 -0.3614 0.018135 -0.39831 0.26571 0.42364 -0.02788 0.6351 -0.16862 -0.12621 0.36115 -0.49938 -0.34631 -0.25111 0.27494 0.82471 0.15279 -0.35209 -0.018231 -0.1494 -0.19363 0.47962 0.86136 0.62457 0.25636 0.26379 -0.040444 -0.37007 -0.1573 -0.36831 0.072772 -0.041904 -0.10612 -0.026332 0.67895 -0.07924 0.16307 -0.29326 0.0061581 -0.54785 -0.29161 0.7504 -0.91743 0.0098924 0.097476 -0.0073822 -0.57661 -0.050062 0.077726 -0.22159 -0.24607 0.27858 -0.14138 -0.22977 -0.42489 0.15908 -0.72621 0.071042 0.15344 -0.010505 -0.11817 -1.4124 -0.6209 0.32535 0.20074 -0.42242 0.28747 -0.12736 0.076983 0.31679 0.66624 -0.06617 -0.20364 0.11935 0.20173 -0.15592 0.41366 -0.18356 -0.84435 -0.35695 -0.12554 0.16017 0.3252 -0.33055 -0.47853 0.3386 -0.18596 -0.18366 -0.56714 -0.24008 -0.31355 -0.12358 1.0792 -0.14574 -0.055123 0.17654 0.014563 0.00075749 -0.40866 -0.034662 0.65867 -0.088748 -0.04345 -0.21214 0.067335 0.2361 -0.12176 0.11209 -0.52889 -0.082319 0.06969 0.50769 -0.18864 0.33888 0.30822 -0.51395 0.72761 -0.14773 0.064806 0.66104 -0.046441 -0.20472 -0.85962 -0.4268 -0.31375 -0.098687 0.16175 -0.55991 -0.16089 0.72927 0.039968 -0.40495 -0.013549 -0.11937 0.29043 -0.13438 -0.11725 -0.14679 -0.26959 -0.2438 0.060776 0.068505 -0.24824 -0.18256 0.27184 -0.43518 0.60727 -0.66639 0.207 -0.12089 0.34502 -0.1992 -0.11022 0.18662 -0.12701 0.31419 -0.11686 0.35737 0.64501 -0.43704 0.11271 -0.81736 -0.13703 -0.75506 0.34859 0.33059 0.61381 0.78544 -0.29501 -0.057139 0.42212 -0.047761 -0.14482 0.061228 -0.14312 0.0043938 -0.02476 0.27119 0.19969 -0.0033292 -0.7465 0.15153 0.066143 0.58672 -0.044056 -0.12042 -0.10338 -0.30575 -0.10506 -0.024704 0.71925 -0.39397 0.56253 0.051372 -0.49178 0.091612 0.36497 -0.67697 -0.068354 -0.26147 0.27529 -0.21635 0.36297 -0.27006 0.15776 -0.083443 -0.84922 0.18413 -0.2129 0.045947 0.43043 0.257 0.17751 -0.07703 0.03906 0.12076 0.57671 -0.04315 -0.1638 0.068963 -0.77893 -0.075699 -0.010338 -0.2417 0.089781 -0.53147 -0.95146 -0.37499 0.33457 -0.19326 -0.26782 -0.49285 -0.68393 -0.30697 -0.0019154 0.47622 0.44696 0.040397 0.46303 0.072794 -0.1045 -0.047439 -0.41224 0.30232 0.79978 0.797 -0.24328 0.15368 -0.13643 0.48892
indian -0.2608 -0.20755 -0.073593 0.11897 -0.12161 -1.0779 -0.32324 0.38951 -0.46867 -1.347 0.029351 0.25947 -0.56531 0.19208 0.36942 0.46484 -0.59947 0.11758 -0.10648 0.24083 -0.36335 -0.36362 0.46505 0.33493 -0.42196 -0.15889 0.37455 0.2066 -0.40817 0.31118 0.51798 0.34816 -0.47062 -0.44338 -0.14051 -0.23707 0.24565 -0.012053 -0.45634 0.44398 -0.043948 -0.94693 0.39263 0.3963 0.41592 -0.32241 -0.054847 0.25548 -0.33312 -0.22876 1.0031 -0.73314 0.24847 0.0033034 -0.11432 -0.17615 -0.25084 0.32501 0.83539 0.46775 -0.15667 -0.45796 0.66553 -0.4348 0.6215 -0.51395 -0.33673 -0.60953 -0.33266 0.019032 0.5219 0.14994 -0.68937 0.090522 0.29765 0.088002 0.37661 -0.34129 -0.47728 0.54389 0.8848 0.24563 -0.13528 -0.19192 0.067088 0.28998 -0.09773 -0.46854 0.38437 -0.030514 -0.33233 -0.30346 0.73263 0.19095 0.56514 0.64906 0.37372 -0.079211 -0.29577 0.28271 0.45637 0.14186 -0.12173 -0.50802 0.16246 -0.31804 -0.19475 -0.39455 0.47982 -0.0058876 0.71436 -0.52688 -0.2969 -0.41546 0.59836 -0.079377 0.37412 0.28969 -0.17618 -0.37543 0.088844 0.44711 -0.31919 0.049219 -0.4845 0.28544 -0.0030362 -0.21562 -0.49998 0.20308 -0.2038 0.40048 0.067525 -0.83868 0.30832 0.30407 0.44614 -0.21167 -0.088382 0.22995 -0.1732 0.17233 0.15293 -0.41285 -1.0565 0.35042 0.37206 0.016129 0.16692 0.090998 1.1578 -0.021795 0.19405 0.21585 0.57088 -0.37914 -0.47493 -0.15468 0.575 -0.51543 0.37369 0.71308 -0.0024344 0.19347 -0.81387 0.18538 0.45805 0.30772 -0.74734 0.00017661 -0.47705 -0.65531 -0.36818 -0.042763 -0.019071 0.54828 -0.57424 0.08794 0.47559 0.58804 0.11921 -0.079994 -0.059646 0.93636 0.23206 0.084453 -0.39832 0.52662 0.069506 -0.50707 0.33885 -0.16082 -0.13658 -0.1424 -0.25538 -0.080831 0.49206 -0.24745 -0.10167 -0.22925 1.0509 0.014431 0.087198 0.33372 0.25724 -0.24325 0.14932 0.27312 0.098215 -0.1538 -0.15058 0.46011 -0.43651 0.16591 0.56496 -0.20999 -0.25196 0.12352 0.22707 0.80241 -0.11878 0.095714 -0.0591 -0.68955 0.070931 -0.25489 -0.36627 -0.31753 -0.043779 0.60301 0.42094 -0.030146 -0.43039 0.60754 0.22477 0.091481 0.13317 -0.24177 0.076091 -0.21609 -0.37656 0.50149 -0.19793 0.14371 -0.61056 0.44762 -0.48682 0.012139 -0.25957 0.22687 -0.25158 -0.17585 0.084533 -0.17151 0.25022 -0.36146 0.24717 0.48819 -0.17995 0.66795 -0.19489 -0.50163 -0.17025 -0.05129 0.41169 -0.48275 0.50127 0.63202 0.085454 0.68915 0.36182 -0.44631 -0.12511 0.083156 0.79618 0.43991 -1.5884 0.16332 -0.15595 -0.12696 0.04436 -0.68593 0.77852 0.48041 -0.1117 -0.50185 -0.29285 -0.0053189 -0.027775 0.14758 0.64979 -0.50082 -0.59543 0.056119 -0.46162 1.3827 -0.0087664 -0.23173 -0.135 0.056622
australian -0.020175 0.21116 -0.15082 0.0050026 0.26401 -0.41203 -0.96948 0.27152 0.069439 -1.2038 0.3478 0.059061 0.20389 0.31813 0.17346 -0.30238 0.16165 -0.11846 -0.35436 -0.53885 -0.2447 -0.15093 0.35619 0.27702 0.54462 0.44214 0.0085116 0.65476 -0.068974 0.03121 -0.45498 -0.19203 -0.19518 0.64424 -1.1398 -0.59127 0.5431 -0.070816 -0.046455 0.354 -0.21936 -0.4642 0.042994 -0.16273 0.36046 0.016538 -0.67474 -0.053346 -0.12894 0.041238 -0.49199 -0.23614 -0.48109 0.71402 -0.30679 0.73372 -0.041036 -0.16906 -0.25381 -0.58555 0.072031 -0.12277 0.31245 -0.19453 0.11444 -0.24241 -0.19612 -0.28082 -0.74799 0.57194 -0.22516 0.27287 -0.36192 -0.023844 -0.78369 -0.23088 0.385 -0.29904 -0.29488 0.55219 -0.075498 -0.10589 0.1736 -0.29529 0.059665 -0.16529 0.47064 -0.19784 0.3558 -0.24897 0.1272 0.19641 0.22599 0.10337 0.33232 0.4619 0.15261 0.43979 -0.13554 -0.15887 0.20412 0.10327 -0.72926 -0.16049 0.00070013 0.29411 -0.60449 -0.085525 0.06313 -0.093051 0.18763 0.24848 -0.20659 -0.42998 0.5372 0.16224 -0.21324 0.23322 0.13861 -0.65771 0.080482 0.55755 -0.82572 0.093634 0.11232 -0.23563 -0.3624 0.065891 -0.15067 0.23056 0.04217 -0.036618 -0.22873 -0.63425 0.29087 0.36521 0.46034 0.14789 0.10407 0.32186 0.13491 0.54736 0.037516 0.3776 -0.89825 -0.52759 0.031925 -0.42777 -0.15242 0.36276 1.3859 -0.38021 -0.35965 -0.3321 0.48253 -0.61535 -1.4959 -0.2866 0.2846 -0.078344 -0.065915 -0.34152 0.18754 -0.15807 -0.31496 0.11581 -0.16388 0.60575 0.7094 -0.17102 -0.11128 0.09094 -0.29542 0.048614 -0.30513 0.34112 0.24655 -0.068593 0.25091 0.52974 0.051154 -0.015054 0.52982 0.024563 0.25722 -0.044717 0.0049857 0.46786 0.51825 -0.41018 -0.45653 0.20189 -0.26882 0.1473 0.029329 -0.094807 0.40323 0.43439 -0.32894 0.009911 1.5467 0.71052 -0.75553 -0.33881 -0.19664 0.78721 0.090959 -0.31107 0.49533 -0.38693 -0.036088 0.021107 -0.13772 0.36028 0.2742 0.22823 -0.55532 0.57367 0.15726 0.2076 0.76605 -0.54592 -0.17921 -0.96877 -0.025598 0.1525 -0.23963 -0.47504 -0.029678 0.84029 0.55067 0.26677 0.17585 0.36727 0.35936 0.8829 -0.17542 0.7658 -0.3195 0.090587 0.010632 0.19413 0.12508 -0.046955 -0.013867 0.79292 -0.12982 -0.68744 -0.28668 0.020069 -0.19565 -0.3936 0.18711 -0.69342 0.63774 -0.0093419 0.31137 0.457 0.29326 0.40548 -0.14603 -0.49876 -0.3668 0.47002 0.31637 -0.15212 0.11228 -0.45182 -0.09491 0.035519 -0.23121 -0.23937 0.74773 -0.50215 0.11718 -0.13722 -0.75544 0.52675 0.74929 0.2802 -0.19128 -0.57946 -0.26295 0.27777 -0.23268 -0.57489 -0.1687 -0.54777 0.15912 -0.28326 0.34132 0.066266 -0.15229 0.11924 0.15832 0.8053 -0.7984 0.39348 0.10561 -0.39483
eastern 0.025561 -0.077883 -0.032452 -0.35696 -0.20639 -0.28158 0.15993 0.91251 0.65138 -1.2999 -0.58902 0.4099 -0.25569 0.25223 0.55158 -0.10744 -0.12955 0.39845 0.20457 -0.25741 -0.031068 -0.38198 0.56122 0.20508 -0.14389 -0.054696 0.19211 -0.0084273 -0.54583 0.31743 0.34737 0.051917 -0.039184 0.10763 -0.034435 0.46781 0.089329 0.056534 -0.097932 -0.16481 0.07654 -0.62023 -0.25719 -0.1548 0.50224 0.33413 0.46995 0.11104 -0.36116 -0.45904 0.44771 0.26141 0.30132 -0.37873 -0.031153 -0.037602 0.26293 -0.076724 0.6376 -0.18796 -0.32456 -0.044102 0.22253 -0.46267 -0.19969 0.0087002 -0.40953 0.51369 0.10328 0.076911 0.3381 -0.14769 -0.10163 -0.11651 -0.97523 -0.031057 -0.31707 0.0079536 0.14816 0.032804 0.41211 0.0017937 -0.39085 0.059685 0.1153 -0.2999 -0.058406 -0.22945 0.26162 0.2107 -0.082113 0.024668 0.24887 0.57063 -0.82374 0.12076 0.44063 -0.19716 -0.31607 0.40929 0.1483 0.61434 0.46881 0.10894 0.4561 -0.22232 0.3657 0.17767 0.54778 0.68022 -0.17757 -1.1276 0.034658 0.16431 0.67211 -0.13086 0.10854 0.10166 0.42546 -0.059365 -0.17037 -0.19776 -0.40811 -0.096447 -0.10865 0.67104 0.066551 0.061501 0.54729 -0.65827 0.033464 0.29345 0.17826 0.1236 -0.074184 -0.43525 -0.13819 0.083531 -0.4221 0.10918 -0.10095 -0.18533 -0.16671 -0.13213 -0.47518 0.16979 0.18178 -0.53286 -0.99075 -0.073019 0.86757 -0.064108 0.56631 -0.10104 0.62897 -0.076611 0.007594 0.063768 0.45113 0.05232 0.17123 0.1866 0.096369 0.11794 -0.4024 0.36165 0.04177 -0.5503 -0.57923 -0.70397 0.22776 -0.53131 -0.11549 0.54933 -0.14195 0.47876 0.28097 0.39124 -0.38273 0.064829 0.13754 0.056337 -0.093859 -0.27845 0.87962 0.23566 -0.61457 0.40567 -0.73199 -0.064859 0.1456 0.49221 -0.060152 0.17805 0.50932 -0.12121 0.23613 -0.74327 0.03495 0.83452 1.0366 -0.4928 -0.69606 -0.097128 -0.31068 0.44933 -0.70379 -0.19423 0.27701 -0.081236 -0.43623 0.68198 0.38618 -0.040765 0.097654 -0.10487 -0.2187 -0.10068 0.087651 -0.098448 0.91016 0.011462 -0.21037 -0.56881 0.24245 0.074486 0.028887 -0.28508 -0.084054 -0.33113 0.11671 0.15098 -0.23752 0.24984 0.082571 -0.55137 -0.077329 0.099815 -0.18387 -0.41963 -0.59036 0.47696 0.89079 0.19085 -0.0026783 -0.089916 0.016328 0.33578 -0.023229 0.068266 -0.35257 0.78262 0.42621 0.45347 0.14687 -0.049039 0.26698 0.3985 -0.33787 0.83937 -0.030586 0.23947 0.30421 0.47456 -0.035966 -0.68733 -0.060011 -0.043663 0.18398 -0.047629 -0.098238 -0.58324 -0.20025 0.062136 0.29496 0.51286 -1.561 0.28882 0.14541 0.30436 -0.16326 0.1957 -0.14269 -0.3594 -0.0073752 0.4811 0.18052 0.20416 -0.054135 -0.10975 -0.034388 -0.39697 0.12897 0.34296 0.30185 1.1227 0.19411 -0.78578 0.24591 0.090461
asia -0.085461 -0.098362 -0.1945 -0.82419 0.35089 0.41816 -0.26283 0.99086 -0.051163 -2.1173 0.94859 0.44095 -0.066853 -0.19915 0.10166 -1.0111 -0.12254 0.77687 -0.46934 -0.31694 -0.29761 -0.13577 -0.0032206 -0.45363 -0.4167 0.39753 0.19385 -0.19469 0.18768 -0.36641 0.434 0.17521 0.17668 -0.14687 -0.67267 0.12345 -0.28378 -0.31873 0.33313 -0.27137 -0.12876 -0.64086 -0.081075 -0.071079 0.4161 -0.011721 0.11005 -0.18245 -0.58769 -0.33 0.44939 0.44168 0.36752 -0.63243 0.17113 0.10295 0.080124 0.10065 0.016488 -0.30667 0.1383 0.066185 0.095687 -0.14495 0.056295 0.65524 -0.12454 0.60088 -0.23178 -0.14753 -0.28262 0.34146 -0.57225 -0.4264 0.034907 -0.07988 0.28669 -0.28003 0.19664 0.10294 0.13463 0.041566 -0.62172 0.53475 0.18789 -0.092999 -0.18148 -0.17003 0.088323 -0.47623 0.12878 -0.31575 -0.16896 0.31422 -0.28741 0.091262 0.042217 -0.020724 0.34421 0.069014 0.14044 0.064217 0.09275 0.30281 -0.13777 0.2617 0.41682 0.067137 -0.02685 0.61425 -0.28436 -1.0637 -0.54357 0.26196 0.69862 -0.29858 0.30477 0.13602 -0.16173 -0.37344 -0.16741 -0.6838 -0.19535 -0.15191 0.10747 0.91548 -0.67634 -0.013528 0.14037 -0.78531 -0.27619 0.29669 0.21517 -0.5685 -0.42574 -0.20647 -0.15139 -0.023251 -0.28019 0.093931 -0.16438 0.26328 0.65443 -0.46465 -0.20652 -0.096165 -0.041314 -0.23611 -0.48384 -0.21833 0.51675 0.40592 0.49117 -0.15359 0.26503 0.18083 -0.85943 -0.067794 0.21767 -0.48238 -0.26782 0.35531 0.061755 0.39658 0.25161 0.25471 0.41329 0.11806 -0.22774 0.31695 0.16014 -0.65642 -0.69644 0.058802 -0.042515 0.15716 -0.10926 0.12941 0.91627 0.59899 -0.66389 -0.54601 -0.16866 -0.17595 0.45921 -0.19158 -0.62596 0.48382 -0.65916 -0.36428 0.31307 0.3799 -0.30557 -0.14983 -0.27292 -0.064888 1.0902 -0.5776 0.32481 0.53885 1.1067 0.30165 -0.29314 0.16745 -0.2739 1.2727 -0.00053255 -0.32147 -0.051209 -0.080137 -0.22794 0.059684 0.5672 -0.15976 0.16532 -0.1007 -0.28683 -0.086004 -0.37182 0.25348 0.47268 -0.10085 -0.50202 -0.0058614 0.20075 0.020876 0.266 0.11372 -0.78492 0.14392 -0.23254 -0.37544 0.35768 0.33091 0.048394 -0.089873 0.16308 0.28663 0.064576 0.22048 -0.49915 0.18076 0.21516 0.3426 0.089978 -0.32864 0.157 -0.014529 0.045791 0.30069 0.22911 -0.19024 -0.032321 0.51319 -0.39985 -0.16658 -0.51476 0.33871 0.41791 0.53191 0.33952 -0.19985 -0.022515 0.49092 0.26996 -0.36576 -0.035867 0.31413 -0.31628 0.4788 -0.070025 0.32247 0.12267 -0.039341 0.2881 -0.0086792 -0.87054 -0.084167 0.37322 -0.82775 -0.90565 -0.6051 -0.015323 -0.14402 -0.073682 -0.22367 0.16529 0.21999 -0.57259 0.10947 0.068939 0.14622 -0.08152 0.26896 0.1393 0.95623 -0.071611 -0.10669 -0.46168 -0.33085
mexico 0.3 0.80191 -0.72953 -0.42422 -0.27676 0.29602 -0.75357 0.48055 0.25331 -1.0576 0.50552 0.40464 -0.31943 0.22438 -0.37195 -0.55594 -0.088215 -0.069873 0.26719 0.36606 -0.43964 0.15139 0.59775 -0.13251 -0.33206 -0.68432 0.27626 0.38775 -0.45529 -0.27649 0.22889 1.0434 -0.54249 -0.04746 -0.35963 -0.069166 0.44331 -0.1042 -0.35748 -0.41307 -0.18764 -0.25599 0.16438 0.47996 0.044449 -0.28678 0.12063 0.51858 -0.037285 0.32908 -0.32805 -0.36179 -0.042683 0.16944 -0.44437 -0.30547 -0.30861 -0.10594 0.18978 -0.30977 -0.058663 0.17041 0.64294 0.079289 -0.18994 -0.22415 0.36896 0.47998 0.68272 -0.69615 -0.70499 0.66523 0.1769 -0.03684 -0.19351 -0.45357 -0.10044 0.31244 0.2868 -0.24721 0.048415 -0.44822 -0.74104 0.46306 -0.25022 -0.021201 0.050634 -0.6652 0.17546 -0.20901 0.67453 0.03585 0.42998 -0.38306 -0.094949 -0.2262 -0.40629 -0.0076858 0.060979 -0.16557 0.45503 0.37844 -0.29328 -0.074291 0.076807 0.077622 0.17282 0.70865 -0.15264 0.80448 0.2598 -0.67257 0.1035 -0.26086 0.15394 -0.16798 0.47762 -0.043669 -0.01319 0.086372 0.35149 -0.31774 -0.75675 -0.062776 -0.012019 0.71812 -0.12927 -0.080516 -0.21188 0.56961 -0.1898 0.036744 -0.013778 0.29506 0.046315 -0.26927 -0.57851 0.87397 0.40544 -0.010117 -0.3382 -0.5161 -0.66406 0.15809 -0.45226 -0.26229 0.40817 -0.14979 -0.45507 -0.18846 0.47767 0.524 0.30689 0.11513 -0.18847 0.17849 -0.017421 -0.14368 -0.2066 -0.20573 0.3007 0.36612 0.098802 0.29631 0.32784 -0.78008 0.41432 -0.51404 0.0045154 0.41752 0.03962 0.13799 -0.30959 0.20419 0.72348 0.49366 0.064335 0.0069478 0.47527 0.60654 0.19483 -0.032467 0.14299 0.22649 0.5709 -0.67445 -0.81242 -0.0018106 -0.40053 -0.24841 -0.060069 0.23797 -0.7054 -0.14679 -0.09831 -0.041531 0.77919 -0.16717 0.022953 0.17858 0.60304 0.53992 0.067235 0.11875 -0.19957 0.063608 0.039399 0.53734 0.3352 0.24344 -0.55972 0.19736 -0.16989 0.76105 0.08699 0.23825 -0.37542 -0.58958 0.17717 0.56203 0.32146 0.077348 0.32194 0.17451 0.40834 0.30595 0.38017 -0.38866 0.072931 -0.37173 -0.29875 -0.15619 0.095325 0.1149 -0.069104 -0.043677 0.1447 0.34825 0.84658 -0.034697 -0.40165 0.25315 -0.23163 -0.012062 -0.5615 -0.4196 0.23505 -0.46644 -0.042723 -0.11073 0.23496 -0.42196 -0.49026 0.97901 -0.14653 -0.1231 -0.32495 0.34533 -0.075637 -0.22104 -0.089143 -0.0067435 0.37822 -0.13726 0.0059608 0.03565 0.26111 -0.23745 -0.93827 -0.33654 -0.064236 -0.37575 0.014075 0.17602 0.43659 0.074175 -1.925 -0.46658 0.4945 0.29324 0.55339 -0.22202 0.20704 0.13471 -0.47311 0.020161 0.083016 0.45202 -0.27671 0.2281 0.23207 0.28521 0.23596 -0.15614 0.47132 0.61869 0.17178 -0.6537 0.16372 0.40059
italy 0.032153 0.41639 -0.41594 0.065672 0.23653 0.13082 -0.4866 -0.22486 -0.50132 -1.4622 0.30859 0.23616 0.69443 0.42745 -0.19237 -0.42195 0.21496 0.14659 -0.22117 0.38409 -0.080372 0.55915 0.41271 -0.2662 -0.2167 -0.46194 -0.13238 -0.3792 -0.45265 -0.14679 -0.89217 0.5588 -0.15136 0.39178 -0.79342 0.0095561 0.54513 -0.48459 -0.15227 -0.11922 0.047221 -0.68031 -0.24821 -0.070483 -0.44197 -0.59512 0.49523 0.67179 0.17471 0.21527 -0.70643 -0.19617 0.82933 0.11375 0.29953 0.46081 0.0020299 -0.11754 0.53374 0.37924 -0.29984 0.41343 -0.48491 -0.56444 -0.34234 0.24201 -0.30778 0.37202 0.080052 -0.69809 -0.091955 0.082229 -0.50565 -0.85593 -0.01696 -0.041366 -0.040501 -0.13037 0.080091 0.0052495 -0.11208 -0.4133 -0.64772 0.32204 0.069617 1.0066 0.13685 0.049752 -0.087193 0.19636 0.89091 0.23745 -0.082034 -0.7522 0.16386 -0.56735 -0.78445 0.31227 -0.85711 -0.033404 0.079955 -0.12227 -0.16739 -0.46322 -0.23503 -0.15009 0.24856 0.22724 0.073596 0.43277 0.84279 -0.070446 -0.050143 -0.8696 0.3701 -0.24815 -0.18592 0.15462 0.46849 -0.16883 -0.48678 0.4775 0.097791 -0.36822 0.67405 0.76392 -0.64854 -0.24223 0.11016 0.43371 0.10852 -0.48127 0.25998 0.13706 0.064923 -0.2331 0.27919 -0.30654 -0.050469 -0.97621 0.23131 0.03227 -0.48912 0.4827 0.026809 -0.10198 -0.13602 -0.88859 -0.24956 -0.22699 0.03149 0.072403 0.11716 -0.24574 -0.33961 0.22998 0.095439 0.81062 -0.96646 -0.43485 -0.45732 -0.61294 0.34501 0.43241 0.61887 0.061878 -0.2655 -0.4516 0.21393 -0.096996 0.20165 0.77376 0.012449 0.17116 -0.96408 0.27821 0.36893 -0.21663 0.20354 0.49349 0.032491 0.54136 0.18836 0.18051 0.49799 0.029277 -1.436 -0.006205 -0.45367 0.073398 0.22048 0.15779 0.010517 -0.056673 0.020352 -0.81182 0.0229 -0.13331 -0.10685 0.57464 1.2489 0.12326 -0.51998 0.18219 0.19542 0.027079 -0.3701 0.29959 -0.19176 -0.33379 0.077214 0.044306 -0.064597 0.57042 -0.088545 -0.066076 0.098542 -0.76135 -0.19276 0.11927 0.54701 0.17193 0.25822 -0.43474 -0.55975 -0.32153 0.36146 -0.55887 -0.28261 0.35804 -0.42149 -0.45975 -0.19106 0.030533 0.73621 -0.42836 -0.013654 0.66219 0.62788 -0.016263 -0.57606 -0.065195 0.55944 -0.19528 0.68663 0.55054 -0.057769 0.40581 -0.16754 0.12342 0.20264 0.12152 0.2194 0.2172 0.2055 -0.51146 -0.26767 0.041104 -0.23702 0.36625 0.21434 -0.66055 0.20993 0.52511 0.16919 -0.18631 -0.49475 -0.095554 0.10619 -0.77474 -0.043391 0.055522 -0.2845 0.24503 -0.51361 -0.085433 -1.5727 -0.61673 0.88221 0.2522 0.015237 0.64228 -0.24738 0.014615 0.35971 0.089688 0.15652 0.48027 0.30739 -0.060933 -0.10947 0.17966 -0.11769 0.59752 -0.13748 0.62898 -0.14288 -0.51203 -0.0030393 -0.56419
asian -0.030735 0.070913 0.038299 -0.58339 0.10861 0.11874 -0.062297 1.0412 0.31994 -1.2919 0.66582 0.63943 -0.20576 0.075518 0.15064 -0.84633 0.18634 0.92589 -0.34267 -0.44664 -0.31661 -0.42345 0.13652 -0.22762 -0.40674 0.10894 0.066297 0.19122 -0.021247 -0.33871 0.23206 0.07136 0.12331 -0.31848 -1.026 0.33132 -0.1782 -0.41981 0.135 0.11073 0.15351 -0.49647 0.2805 -0.10636 0.69156 0.29942 0.081504 -0.016906 -0.85265 -0.22751 0.59285 -0.068943 0.36513 -0.47802 -0.30459 0.2275 0.26414 0.076715 0.19486 -0.42876 -0.0069037 0.2145 0.59306 -0.42265 0.19036 0.31236 -0.26366 0.66768 0.23415 -0.21556 -0.44969 0.079529 -0.87866 -0.29754 -0.21676 0.39155 0.32271 -0.15897 -0.04055 -0.012128 0.23972 -0.21734 -0.24483 0.083087 0.2704 -0.50486 -0.32952 -0.25832 0.1228 -0.42488 0.16623 -0.25616 0.092035 0.17008 0.52065 0.1143 0.18558 0.12012 0.13301 0.29977 0.20615 -0.51885 -0.001742 -0.45077 -0.07782 0.11862 0.24128 -0.33975 0.24366 0.19697 -0.031623 -0.42954 -0.6564 -0.22758 1.3314 0.082884 0.12327 -0.091769 -0.027424 -0.27056 -0.050329 -0.36255 -0.21582 -0.02118 -0.023353 1.251 -0.60911 0.21052 -0.19926 -0.41872 -0.74734 0.33746 0.55342 -0.067314 -0.072988 -0.19544 -0.10092 0.17772 -0.53534 0.4965 0.10774 0.12106 0.2281 -0.36517 -0.13748 0.0053321 -0.067797 -0.18554 -0.32282 0.28631 0.29086 0.1807 0.45638 -0.06359 0.14242 -0.30541 -1.2867 -0.20378 -0.17596 -0.33159 -0.055397 0.71755 -0.062365 -0.17422 0.11633 -0.036605 0.27796 -0.0057351 0.17665 -0.35042 0.23793 -0.52726 -1.0527 -0.32643 -0.013141 -0.16412 -0.019027 0.4497 0.7257 1.0361 -0.55043 -0.37909 -0.33064 0.37465 0.30386 0.10587 -0.52575 0.46486 -0.014182 -0.34919 0.033106 -0.1182 -0.42723 0.063256 -0.47732 -0.20848 1.0203 -0.28335 0.0056033 0.35685 1.1681 0.019501 -0.33165 -0.21548 -0.31987 0.76006 0.064661 -0.29399 -0.074489 0.12186 -0.14363 0.08691 0.13597 -0.051845 0.13708 -0.20009 0.18812 -0.32285 -0.41692 0.58925 0.39466 -0.54028 -0.5757 -0.53639 -0.047612 -0.34106 -0.32558 0.60792 -1.1165 0.32144 0.19611 -0.2489 -0.19613 0.42691 0.18852 0.30803 0.3011 0.058795 0.19033 0.23419 0.0015764 0.15343 -0.068232 0.83148 -0.4071 0.059945 -0.23236 0.23432 -0.25189 -0.098331 -0.016227 -0.3751 0.086225 0.31189 -0.44883 -0.63796 -0.38338 0.52396 0.0015974 1.2003 -0.10827 -0.12742 -0.077888 0.13946 0.34499 -0.39757 0.059639 0.58352 -0.37639 0.40404 -0.065159 0.71631 -0.10874 0.060696 -0.06885 0.11204 -1.4079 0.5027 0.18734 -0.50124 -0.80571 -0.68145 0.12211 0.028438 -0.18299 -0.24221 0.065697 0.33014 -0.27601 -0.21169 -0.059865 -0.15449 -0.61605 0.088173 0.33485 1.027 0.060052 -0.23872 -0.5365 -0.065612
poor 0.2276 -0.10096 0.15344 -0.11363 0.038617 0.29059 0.23172 1.0087 -0.19926 -1.3117 0.083902 0.26543 -0.47747 0.19405 0.068729 -0.42281 0.039884 -0.068884 0.44596 -0.61661 -0.41866 0.16312 0.20646 -0.05389 -0.23904 -0.077068 0.54515 0.54547 -0.0063567 0.10386 -0.11931 0.76513 -0.2018 0.23215 -1.1469 2.7136e-05 -0.10945 -0.078164 0.12519 -0.67313 0.25384 -0.3878 0.10009 -0.3357 -0.17743 0.060636 -0.51951 0.073555 -0.021337 -0.29357 0.69434 -0.0060669 0.1674 -0.18554 -0.41826 -0.25862 0.63059 -0.29234 0.046305 0.09681 -0.14897 -0.5324 0.37581 -0.30389 -0.39637 0.017528 0.36123 -0.49137 -0.12407 -0.041282 -0.45941 -0.29573 -0.036549 -0.3004 -0.15207 -0.48911 -0.30219 0.28717 -0.47009 0.15412 0.30481 0.23984 0.26412 -0.12519 -0.22136 0.1619 0.69654 -0.60468 -0.34089 -0.27112 0.069289 0.027175 -0.33723 -0.22776 0.43032 0.11293 0.19248 -0.095002 -0.35275 -0.046383 0.23406 -0.37007 -0.10394 0.049777 -0.22246 0.29333 -0.12288 0.17829 -0.13503 0.11234 -0.36738 -0.6655 0.086077 -0.37169 0.41674 -0.54198 0.58453 -0.20097 -0.18709 -0.039809 0.071151 0.039201 0.44141 0.038353 0.15708 0.29199 -0.1985 0.13238 -0.0037389 0.40383 -0.27945 0.34787 0.57556 0.84701 0.056803 -0.14852 0.012959 0.1998 -0.4832 0.34163 0.2519 0.12092 0.21117 -0.29314 -0.61075 0.11148 0.14446 0.18704 0.020444 -0.25275 -0.50926 -0.55431 0.36886 0.020776 -0.10903 0.45294 0.10332 0.041721 0.98645 -0.31586 0.066207 -0.15696 0.80796 -0.23904 -0.3298 -0.2724 -0.15882 -0.34307 0.2645 -0.16303 -0.095434 0.51618 -0.88043 0.12851 -0.25874 -0.34306 0.076176 0.32976 -0.65109 1.1636 0.075582 0.054905 0.16683 0.15742 -0.039584 -0.21291 0.18385 -0.27117 -0.2677 0.59716 -0.41863 -0.00096695 -0.28497 0.24043 -0.001267 -0.23751 -0.18242 -0.66408 0.24242 -0.32433 0.59117 0.66534 0.33927 0.29508 -0.21489 -0.10386 0.024667 -0.28993 0.023635 0.10651 -0.31166 0.10766 -0.56109 -0.65473 0.1254 0.34765 0.41492 -0.036715 0.17733 0.28227 -0.16652 -0.39628 -0.096255 -0.12528 0.12037 -0.25991 0.54822 -0.19424 -0.35281 0.28248 -0.060451 0.010723 -0.43775 0.074873 0.082601 0.22869 -0.1638 0.25886 0.63255 0.24253 0.059405 0.027404 0.52015 -0.1459 -1.2595 -0.39482 -0.077433 -0.054092 0.3288 0.52996 0.36161 0.030459 0.21722 0.12828 0.87507 0.2001 -0.65038 0.13978 0.002413 -0.039845 -0.27038 0.29016 -0.70312 0.21658 0.1124 0.4428 0.29875 -0.13292 -0.49316 0.2726 -0.31187 0.27467 -0.32483 -0.059648 -0.47647 -0.094511 -1.7768 0.38523 0.32044 0.25556 -0.60024 -0.085537 0.24005 0.094271 0.071753 0.31701 0.34852 0.089158 -0.088405 -0.23695 -0.54663 -0.45051 -0.42947 0.025243 0.165 0.41226 -0.58948 -0.56748 -0.26278 -0.32033
income -0.63459 0.25192 0.4761 0.32131 0.2231 0.46315 0.3454 0.40293 -0.82083 -1.6638 -0.60697 -0.023187 0.28686 -0.081395 -0.37281 -0.22349 0.18168 -0.20578 0.52112 -0.53556 0.13973 0.46029 -0.47247 0.29746 -0.46223 0.029533 0.24807 0.081306 -0.094635 0.44165 -0.55056 0.54808 0.11177 0.25192 -1.278 -0.74362 0.26759 0.34739 0.53857 0.17155 0.61581 -0.37296 -0.33625 0.32102 -0.16375 -0.30515 -0.41944 0.54737 0.013088 0.55601 0.57065 0.28323 0.31603 -0.25682 -0.34236 -0.4764 -0.053529 0.26567 0.032658 0.39507 -0.10026 -0.51564 0.31201 -0.33401 0.11583 -0.14688 -0.245 -0.0024511 0.02436 -0.14862 -0.25901 0.092428 0.074099 0.20651 0.25858 0.15171 0.18531 -0.28848 0.13907 0.21272 0.057692 -0.21978 0.16086 -0.41428 0.2828 -0.62856 0.31394 -0.51807 -0.39167 0.37984 0.059068 0.10485 -0.062996 -0.15409 0.0072215 -0.11167 -0.39054 -0.28897 -0.26916 -0.093416 -0.21476 -0.21809 -0.21893 -0.26461 -0.12262 0.3696 0.1601 -0.10662 0.002128 -0.17682 0.041923 -1.1672 0.38166 0.14475 0.024895 0.48657 0.7151 -0.63472 -0.29702 0.28399 0.47826 0.30749 0.32662 0.71359 0.35188 0.055845 0.60107 -0.13309 0.25814 0.63861 -0.40007 0.4368 0.0017599 0.36948 0.0068018 -0.41895 -0.48606 0.10138 -0.18457 -0.32848 -0.36307 -0.14878 0.85952 -0.20841 0.20054 0.68743 -0.25305 0.38639 0.49986 0.022387 0.37936 0.012212 0.028167 -0.19286 -0.51901 0.26238 -0.59885 -0.13934 0.19713 -0.77462 0.14342 0.13223 -0.019978 0.23735 0.098869 -0.17362 0.1645 -0.31955 0.21432 0.61122 0.022684 -0.15969 -0.39759 0.54485 -0.12553 -0.43527 0.14279 0.020058 0.28734 1.4357 0.45473 -0.47302 -0.48725 0.36416 0.30033 0.13579 0.32113 0.0067106 -0.49019 0.7228 0.11016 0.77986 -0.14518 0.036739 0.10516 0.13519 0.14376 -0.33302 0.51422 -0.27485 -0.076479 -0.083705 -0.1286 0.3211 0.028647 -0.0087032 0.083833 -0.10227 0.15683 -0.32542 -0.55403 -1.0431 -0.13199 -0.14802 0.099762 0.56067 -0.22559 0.68285 0.57491 0.63162 -0.21268 0.3415 0.12476 0.14077 0.11901 -0.037668 0.31763 0.42771 0.21337 0.37101 -1.31 -0.1522 0.062658 0.45076 -0.053078 -0.073455 0.013664 -0.072727 0.25258 0.44437 0.085899 -0.31322 1.2424 0.5884 -1.4065 -0.3647 0.86139 -1.0121 -0.10134 -0.32508 0.00347 0.49125 0.48805 -0.36376 -0.17 0.19243 -0.43616 0.68781 0.019373 0.29097 0.075511 0.50974 -0.10879 -0.12326 -0.11882 0.26346 0.9231 0.084493 -0.27477 0.39224 -0.2059 0.26933 0.062515 0.12388 -0.42218 -0.65361 -1.6226 0.70586 0.37553 -0.14929 -0.59494 0.13823 -0.27976 -0.19781 -0.52161 1.0327 0.3115 -0.16516 0.22004 0.33419 -0.045422 0.13709 -0.15938 0.28556 0.44018 0.06238 -0.17343 0.11609 0.28424 0.47326
spain 0.57118 0.026095 -0.29801 -0.032558 -0.02156 0.4056 -0.72295 0.67535 0.46939 -1.2843 0.74605 0.64279 0.55908 0.90971 -0.36709 -0.47714 -0.13558 0.23691 0.28119 0.32337 -0.16753 0.040236 0.295 -0.27447 -0.57934 -0.78258 -0.46986 0.52337 -0.38623 0.18643 -0.40888 0.93113 -0.2821 0.3881 -0.5786 -0.56821 0.63842 -0.015052 -0.35629 0.44768 -0.33144 -0.39703 0.041959 -0.35475 0.3458 -0.86361 0.20167 0.17713 0.53264 0.51642 -0.12521 -0.075569 0.68686 -0.40861 0.21003 0.15172 -0.25891 -0.16094 -0.12215 -0.10217 -0.11059 -0.031263 -0.22112 0.31248 -0.62176 -0.90991 0.45287 0.23971 -0.23181 -0.62831 -0.07214 0.78148 0.29902 -0.21217 -0.13878 -0.53801 0.097323 -0.095777 -0.056853 0.33745 0.14503 -0.10361 -0.59297 0.5503 0.31904 0.16542 0.33097 -0.16562 0.19252 0.10027 0.90757 -0.1188 -0.38627 -0.33771 0.077051 -0.29985 -0.21384 0.18071 -0.47265 -0.26232 0.25377 -0.19004 0.34614 -0.14604 0.43879 0.36156 -0.026976 0.34305 -0.62032 0.58118 0.67508 -0.21158 0.26737 -0.88753 -0.61149 0.044651 -0.16766 0.44594 -0.22205 -0.015574 -0.4649 -0.23998 -0.4396 -0.38588 0.021218 0.7846 -0.15138 0.21537 -0.060448 0.31736 0.088949 -0.46349 -0.0026491 0.063184 0.30587 -0.3268 -0.026025 -0.39707 -0.041412 0.063048 0.30201 -0.6278 0.11332 0.044819 0.20266 -0.17333 0.028658 0.04355 -0.429 -0.34637 0.3145 -0.21513 0.18565 0.2802 -0.00059082 0.082974 -0.25975 0.28871 -0.52716 0.46304 0.32973 0.55213 0.30068 0.19169 0.59611 0.032212 0.26018 -0.70196 0.23934 0.22671 0.25616 0.8621 0.12164 -0.039058 -0.22104 0.39839 -0.51927 0.01892 0.069491 0.7435 0.17079 -0.14596 0.041317 0.059225 0.47353 -0.55337 -1.5413 0.036798 -0.92773 0.28061 -0.33555 0.25216 0.10029 -0.61777 0.3568 -0.41272 -0.1129 -0.1132 0.10328 0.56125 1.0426 0.06948 -0.30503 0.25204 0.24435 -0.2844 -0.63723 0.8185 -0.20296 0.39122 -0.37387 0.35084 -0.19204 0.42661 -0.042729 0.31399 0.40891 -0.28638 -0.17262 0.089541 0.55858 0.17686 -0.25324 -0.026148 -0.047781 -0.41583 0.76224 -0.68884 -0.1306 0.22158 -0.74186 -0.19789 0.32368 0.1418 0.60224 -0.053622 -0.13291 0.58202 0.67511 -0.3097 -0.046254 0.29122 0.45492 -0.099659 0.69151 0.36393 0.0233 -0.20223 0.090762 -0.35742 -0.19055 -0.23125 -0.022793 0.19851 -0.10543 -0.25839 0.25291 0.21066 -0.76023 -0.4478 0.6916 -0.17307 0.23441 0.69701 0.15114 0.22693 0.068964 -0.14868 -0.012042 -1.0058 0.57037 -0.35059 -0.027398 0.31181 0.033532 -0.21601 -1.4294 -0.77081 0.89029 0.28394 0.63365 -0.018811 -0.41617 0.26515 -0.43391 0.033863 -0.042536 0.46039 -0.13789 0.32206 0.020422 0.10406 -0.28385 -0.27959 0.4357 0.53151 -0.050183 -0.27263 0.13742 -0.16683
italian 0.054945 0.35053 -0.19274 0.086931 0.066061 -0.50043 -0.82556 -0.48779 -0.57528 -1.3889 -0.47738 0.17839 0.55299 0.77628 -0.041931 -0.36738 0.31991 0.0027098 -0.085436 -0.061328 -0.32075 0.24777 0.42455 0.047295 -0.033138 -0.5684 -0.13538 0.05451 -0.16119 -0.086712 -1.0984 0.57454 -0.32097 -0.034612 -0.63606 0.042245 0.37835 -0.99728 0.2811 0.41562 0.030512 -0.69232 0.10732 0.0098799 -0.14747 -0.26648 0.35007 0.73326 -0.40339 0.33057 -0.49295 -0.35602 0.68262 0.67907 -0.1075 0.69172 -0.060073 -0.22746 0.9168 0.47562 0.073682 -0.10025 0.11948 -0.59411 -0.41504 0.32879 -0.5354 -0.17532 -0.14672 -0.91533 0.6622 0.2456 -1.0231 -0.75796 -0.05381 0.43961 0.81264 -0.15358 -0.085775 0.15327 -0.21508 -0.28548 -0.18102 0.54383 0.45028 0.68463 -0.015109 0.26764 0.27557 0.67911 0.52522 0.15477 -0.24222 -0.39305 0.65962 -0.10997 -0.55438 0.10601 -0.88477 -0.20829 0.089554 -0.029435 -0.1421 -0.68601 -0.27776 -0.30166 -0.36764 -0.41708 0.58347 0.073028 0.64098 0.34791 0.026199 -1.209 0.57546 -0.052522 -0.39307 -0.092044 0.54144 -0.10664 -0.2144 0.63279 0.35042 -0.19068 0.3658 0.040554 -0.18347 0.076074 -0.15819 0.64953 0.029365 -0.61268 0.14027 0.033731 0.34139 0.029312 0.26468 -0.18073 -0.30354 -0.86521 0.33492 0.047679 -0.6037 0.59355 0.38797 0.31308 -0.035874 -0.67967 -0.44408 0.44984 0.26573 0.38244 0.2298 -0.040827 0.25314 -0.12136 -0.39747 0.76852 -0.52303 -0.89508 -0.067511 -0.44319 0.22982 0.41103 0.0044672 0.30828 -0.28948 -0.23741 0.41341 -0.27604 0.16986 0.37851 -0.82225 0.48854 -0.58984 0.11555 0.068751 -0.25202 0.25153 -0.020629 0.53743 0.30467 0.17286 0.66724 0.36587 -0.31205 -0.99433 0.0015585 0.25898 0.15944 0.24245 -0.024753 -0.048898 0.26701 0.21204 -0.57887 -0.57576 -0.026185 -0.27308 0.5268 0.9223 0.13035 -0.053841 0.1592 0.17325 -0.32007 -0.44901 0.32114 0.2875 0.063623 0.2536 -0.17482 -0.32892 0.070788 0.32278 0.10404 0.59546 -0.92999 0.027985 0.52771 0.73713 -0.078995 0.25764 -0.63102 -0.50833 -0.44453 0.1296 -0.5336 -0.22108 0.14559 0.40761 0.010496 -0.40533 0.49098 0.87833 -0.010414 0.27255 0.52812 -0.30984 0.21557 -0.040603 -0.50694 0.6129 -0.29154 0.60823 1.1527 -0.42773 0.035435 -0.23951 0.12565 0.29967 0.16109 0.26657 0.28729 0.56517 -0.40836 -0.087217 0.099275 0.071589 0.53519 -0.24852 -0.74137 0.013044 0.38742 0.39296 -0.32477 -0.35643 0.64369 0.41467 -1.1096 0.17839 -0.11608 -0.35412 -0.1492 -0.083097 0.093581 -1.4064 -0.23488 0.43136 0.048857 0.063547 0.39399 0.15334 -0.046718 0.14389 0.011764 0.1304 -0.10137 0.60302 -0.24797 -0.15307 0.15298 -0.63794 0.27734 -0.24347 0.70799 -0.43851 -0.30533 -0.2569 -0.25746
language -0.67832 -0.28658 -0.28904 0.15099 -0.4672 -0.17424 -0.7779 0.35469 0.069431 -1.7409 -0.0048699 0.32813 -0.55443 0.51388 0.53065 0.023718 0.22542 0.76866 0.18348 0.16765 -0.15293 -0.27201 -0.053389 1.0727 -0.46678 -0.24596 0.19205 -0.076138 0.039775 0.16546 0.064188 0.41207 -0.4129 0.88176 -0.6551 -0.19994 0.28036 -0.83058 0.010374 0.25017 -0.27072 -0.058058 0.40706 -0.23871 0.18965 -0.04793 -0.20027 0.87983 -0.15852 -0.28104 0.15497 -0.043207 0.42794 -0.86033 -0.26242 -0.010455 0.23501 -0.66707 0.91331 0.52429 0.58939 0.57586 0.5518 0.0076329 -0.0085204 0.30554 0.76697 0.59108 0.70538 0.11238 -0.90403 -0.016447 -0.23331 0.11001 0.42131 0.13606 0.74933 0.21881 0.091022 0.0010485 -0.059029 -0.87691 -0.17981 -0.70328 -0.43474 0.051056 -0.34611 -0.035496 0.20899 0.97815 -1.1824 0.22588 -0.31996 0.38422 0.53247 -0.002262 0.15448 -0.50967 -0.25917 -0.5971 0.39107 -0.14222 0.27077 -0.35628 0.43577 -0.088991 -0.55458 -0.17143 0.58984 0.80713 0.28028 0.22328 0.021526 0.27553 -0.29532 0.52237 -0.72729 0.11545 0.22929 0.075072 0.54481 0.19021 -0.40298 0.055573 -0.49142 -0.47031 -0.25173 0.35656 0.1106 -0.56907 -0.13531 -0.36373 0.41751 -0.53124 0.27847 0.43066 0.079628 -0.25931 0.36937 0.34245 0.10407 -0.24097 -0.26858 -0.76618 0.28394 0.077548 0.40936 -0.32688 0.073876 -0.091736 0.36128 0.18135 0.0056811 0.28969 -0.26299 -0.064381 -0.24225 0.3406 0.29908 -0.14234 0.49909 0.25458 0.35177 -0.19589 -0.34086 0.23373 -0.25709 -0.13877 -0.26277 -0.052706 -0.11595 -0.48156 -0.90607 0.46636 0.051595 -0.034741 -0.14946 -0.51309 -0.27204 0.32716 -0.074073 -0.34105 -0.46576 -0.15427 0.14188 -0.74312 -0.23913 -0.054185 0.1174 -0.002264 -0.19828 -0.10785 0.74878 0.22633 0.028089 -0.47786 -0.55061 0.38334 -0.62191 -0.25123 0.38423 0.062201 -0.29053 -0.13212 0.26334 -0.1294 -0.48455 0.4341 -0.35046 0.23182 -0.24127 -0.043299 -0.19837 0.30301 0.30141 0.25875 -0.29343 -0.16192 0.054568 -0.11934 -0.42876 0.84863 -0.59459 -0.097473 -0.058616 -0.43642 0.51889 0.13969 0.016807 -0.16591 -0.04636 0.30513 -0.97903 0.21439 -0.30293 0.35319 0.41856 -0.21809 -0.031039 0.067093 0.30627 0.44614 0.52404 -0.27002 -0.30012 0.40193 -0.36158 0.33633 -0.46169 0.2049 -0.0098852 0.54703 -0.087479 0.013277 -0.30094 0.11301 0.41901 0.14966 0.28868 -0.11724 -0.52644 -0.06063 -0.68909 -0.15775 -0.2076 -0.12078 0.28747 -0.04681 0.24905 0.25454 0.20358 -0.3894 -0.10326 -0.54677 -0.10668 -0.087698 -1.7634 0.13899 0.72607 -0.21184 0.0044955 -0.86272 -0.17118 -0.27742 0.010553 -0.3021 0.043939 -0.18756 0.3706 0.63767 -0.16007 -0.096833 -0.2028 -0.17306 0.082309 0.37477 -0.23171 -0.1705 -0.52997 0.29491
korean -0.48894 0.26886 0.022023 -0.56818 -0.39216 -0.37686 -0.1286 0.1854 -0.18991 -1.764 -0.34038 0.34315 -0.37475 0.57481 0.27647 -0.51182 0.32178 0.13704 -0.68608 0.049539 -0.15498 -0.45843 0.068723 0.13462 -0.12459 0.43128 -0.047186 -0.19269 0.33902 0.15427 0.4199 -0.16447 0.16539 0.0068107 0.19828 -0.37098 -0.093811 0.074011 -0.023463 0.50548 0.69361 -0.24614 0.025072 0.82017 -0.40452 0.10123 0.66555 -0.54912 -0.65885 0.33454 -0.32471 0.054562 -0.0026867 0.18492 -0.86454 0.10286 0.57325 -0.1066 -0.0052795 0.11738 0.54311 0.20922 0.78926 0.081622 0.24825 0.13682 -0.12638 0.26774 0.58113 0.18107 0.01573 0.12841 -1.1773 0.16793 -0.18572 0.41487 0.4431 0.17313 0.21375 -0.28164 -0.58259 -0.3661 0.050778 0.36772 0.20015 -0.6048 -0.71565 -0.57797 0.12562 0.19653 -0.27053 0.090324 -0.24292 0.17388 0.22266 0.42601 0.15974 0.26539 -0.15087 -0.16659 0.04574 -0.39715 0.31365 0.14544 -0.38625 -0.32167 -1.0849 -0.38675 -0.41546 -0.23631 -0.085276 0.0034011 -0.44603 -0.77638 0.58573 0.077088 -0.22981 -0.31115 0.21493 0.07011 0.47016 -0.35502 -0.095438 -0.087314 0.041899 0.35144 0.13758 0.33461 -0.4606 -0.28752 -0.51164 0.58336 0.79702 -0.55398 0.83721 0.70505 -0.11241 -0.10486 0.40342 0.17085 -0.29844 -0.47486 -0.32064 -0.72065 -0.31251 0.78336 -0.28456 0.057695 -0.19607 -0.52853 0.58083 -0.15951 0.093209 0.6441 1.3778 0.23686 -1.35 -0.16403 0.13907 -0.14808 0.19261 -0.38004 0.056338 -0.0062406 -0.030525 0.0624 -0.4082 -0.033535 0.44996 -0.43215 0.0048004 -0.13657 -1.5814 -0.78554 -0.089497 -0.022813 -0.29701 -0.097699 0.68372 0.8313 0.23464 -0.4629 -0.7579 0.15848 -0.31636 -0.044661 -0.71976 0.015342 0.30415 -0.30806 0.047747 -0.63962 -0.21256 0.092675 -0.21415 0.31899 0.18403 -0.72153 0.15401 0.29448 0.81593 0.36927 0.22963 -0.17762 0.095644 -0.092621 0.026206 -0.14101 -0.36208 -0.15159 0.37775 0.069873 -0.87319 0.33593 0.043891 -0.54394 0.4568 -0.331 -0.62471 0.79911 1.0622 -0.041225 -0.14518 -0.10009 -0.19249 -0.13711 -0.31418 -0.18338 -0.28346 0.2909 0.097914 -0.68782 -0.0021084 1.2756 0.30946 0.49483 -0.29541 -0.053293 -0.17652 0.21402 0.37816 0.018798 0.071325 0.24152 0.43257 0.27235 0.23067 0.10722 0.49276 0.018207 -0.43058 0.14352 -0.24921 0.40196 0.22458 -0.92282 -0.68675 0.21545 0.29958 0.23085 -0.44672 -0.75976 -0.46896 -0.64752 0.45911 -0.076779 -0.44356 0.27665 -0.13564 -0.32943 -0.04905 0.30404 0.11793 0.36634 0.22898 0.24775 -1.5909 0.44089 0.623 -0.02533 -0.081614 -0.36053 0.010331 -0.46558 0.2165 -0.77067 0.18257 -0.1134 0.099857 0.53029 0.32248 -0.2349 -0.18968 -0.45191 -0.051033 0.71301 0.50427 0.37623 0.062538 -0.16594
turkey 0.75456 0.31669 0.76943 -0.0015726 0.20047 -0.57897 0.3302 0.30396 0.34281 -1.967 0.38332 0.15247 0.42816 0.41192 0.24254 0.54463 0.04034 0.31465 -0.30737 -0.6352 0.76224 0.045214 0.032789 0.30346 -0.83046 -0.67545 0.51895 -0.47571 -0.16763 -0.11575 -0.3637 0.27454 -0.14968 -0.21136 -0.019969 0.24769 0.10951 0.10616 -0.2585 0.058818 0.00049851 -0.4809 -0.39999 -0.49463 -0.32427 -0.31639 0.51374 0.11056 0.21957 0.42107 -0.083406 -0.076154 0.30479 -0.81614 0.13707 0.4688 -0.41305 0.26545 -0.11139 0.47903 -0.23129 0.74014 -1.1244 -0.90684 -1.1354 -0.01106 0.33418 0.74422 0.13554 0.01309 0.2855 0.026849 0.25605 0.2907 0.019966 -0.26218 0.2833 0.59239 0.11803 0.11049 0.094842 -0.051958 -0.17754 -0.72386 0.86415 -0.18023 -0.43 -0.1369 -0.41425 -0.49895 0.19126 0.04528 -0.50252 0.52963 0.096504 0.38628 -0.6266 0.39624 -0.63696 0.11179 0.079097 -0.18125 0.33821 -0.50124 -0.41411 0.20155 0.85094 0.42979 0.1206 -0.028696 0.9242 0.36397 -0.21675 -0.22482 -0.048934 -0.21325 -0.31451 0.60646 0.37496 -0.35452 -0.29366 -0.03321 0.20344 0.39432 0.1284 0.9864 0.29116 -0.25773 0.57403 0.15799 0.010574 0.48344 0.26414 0.39881 0.32441 -0.46539 0.068532 0.026118 -0.56723 -0.031084 0.57225 -0.44099 -0.20437 -0.44222 -0.54273 -0.47095 -0.10988 -0.51025 -0.6036 -0.60141 -0.022564 0.34115 0.3759 0.54276 -0.097715 0.51954 0.12494 0.20904 -0.41031 -0.031968 -0.04005 0.7172 0.055006 0.49829 -0.098223 -0.089367 0.153 -0.17713 -0.14587 -0.38018 0.45685 -0.27342 -0.11245 -0.11233 0.067096 0.5687 0.22955 -0.021047 0.16291 0.27379 -0.090154 -0.3806 -0.18717 -0.89737 0.075997 0.50933 -0.84685 0.10635 -0.41949 -0.22447 -0.10221 0.3591 -0.28543 -0.15041 -0.2159 -0.26031 0.46905 -0.42424 -0.20206 0.52353 1.2951 0.17005 -0.25224 0.35938 0.28707 0.46561 -0.0113 -0.030596 0.010737 0.58543 -0.18611 0.2463 0.18957 0.59622 0.37882 0.096358 0.17744 -0.1124 -0.48082 0.41097 0.78381 0.048316 -0.0166 -0.41424 -0.10862 -0.69982 0.41112 -0.29964 -0.22553 0.067496 -0.27809 -0.35217 0.17029 -0.15306 0.44876 0.083641 0.09695 0.091848 0.45144 -0.023697 -0.43342 0.075662 0.14981 -0.10185 0.28927 0.057641 0.32115 0.45782 -0.051555 -0.48919 -0.29763 0.12678 0.0054546 0.22869 0.024492 0.071642 -0.32967 -0.13162 -0.45167 0.22239 0.49331 0.20388 0.47706 -0.063669 0.16154 -0.25188 -0.17165 -0.65181 -0.021338 -0.71312 0.057744 0.042385 0.29635 0.24841 -0.13657 0.10468 -1.3095 0.40222 0.47959 0.014939 0.07498 -0.09554 0.7839 -0.6871 0.20602 -0.11206 0.48543 0.33769 0.074538 0.23295 -0.42228 0.036785 0.51947 -0.011469 -0.49688 0.41977 -0.11475 -0.70903 -0.45391 0.12822
spanish 0.18857 0.11805 -0.24046 0.1051 -0.15965 0.091595 -1.1909 0.4893 -0.015627 -1.2204 -0.083174 0.71233 0.16975 0.84872 0.07511 -0.09215 0.013762 -0.08472 0.57215 0.041857 -0.52002 -0.21565 0.33733 -0.10037 -0.14234 -1.0784 -0.2934 0.75497 -0.17013 0.4673 -0.34767 0.46262 -0.48123 -0.12266 -0.27551 -0.50412 0.5939 -0.4719 0.35385 0.8313 -0.31207 -0.36094 0.24655 -0.104 0.60269 -0.53189 0.14254 0.42509 0.033037 0.52368 -0.01262 -0.13247 0.41283 -0.24819 -0.41037 0.38393 -0.013715 -0.64451 0.50783 0.24081 0.46157 -0.43273 0.48115 0.59688 -0.50968 -0.58747 0.29183 -0.072357 -0.14595 -0.83721 0.086127 0.85286 -0.62426 0.0682 -0.30035 0.023147 1.0655 0.12284 -0.19531 0.23542 -0.086979 0.089974 -0.31894 0.5913 -0.012318 -0.05366 0.005189 0.13542 0.46877 0.5601 0.56498 -0.1982 -0.24872 0.36769 0.2957 -0.011778 -0.23988 -0.4176 -0.44403 -0.21764 0.19076 0.087159 0.16446 -0.20841 0.39917 0.030298 -0.66752 -0.58872 -0.054105 0.44147 0.51656 -0.16064 0.066734 -0.95947 -0.14866 0.097218 -0.51706 0.22032 -0.051433 0.029879 0.16921 0.095109 -0.19876 -0.34221 -0.52981 0.2344 0.085943 0.55556 -0.17197 0.36013 -0.0075671 -0.66969 -0.26591 -0.15549 0.8661 -0.14789 0.31232 -0.047571 -0.13991 0.13983 0.37035 -0.33242 -0.24166 0.1012 0.51695 -0.15141 0.43289 0.33573 -0.38128 0.32697 0.60428 0.065436 0.27231 0.37043 0.49335 -0.21604 -0.65604 0.15975 -0.37208 -0.063835 0.86871 0.75334 0.44343 0.23831 0.040567 0.14843 0.018159 -0.34565 0.25862 0.29376 0.1232 0.56038 -0.50884 0.10776 0.51022 0.11777 -0.81118 -0.12151 0.17059 0.37138 0.40468 -0.32312 -0.22071 0.3899 0.15013 -1.0941 -1.2157 -0.13836 -0.22744 0.17493 -0.24128 0.23776 0.27705 -0.5539 0.76284 -0.021537 -0.69031 0.012727 -0.10843 0.6043 0.68626 0.30092 -0.079093 0.27132 0.22705 -0.64194 -0.42205 0.97485 -0.10558 0.57668 -0.1071 0.0011906 -0.3039 0.141 0.18959 0.64438 0.67744 -0.58356 -0.022226 0.5544 0.82714 0.26396 -0.14483 -0.058393 -0.027357 -0.25716 0.75368 -0.40848 -0.22278 0.032427 -0.26387 0.30584 -0.15216 0.5355 0.48822 0.19845 0.044704 0.31734 -0.16157 -0.33039 0.34526 0.080714 0.45083 -0.38509 0.45231 0.82183 -0.40012 -0.23237 0.11148 -0.10888 -0.049469 0.16011 0.045652 0.42229 0.30752 -0.088886 0.13708 0.43259 -0.46987 -0.31776 -0.027308 -0.34311 -0.0019191 0.67127 0.12448 0.11108 0.14175 0.0083714 -0.026272 -0.86274 0.32745 -0.71308 -0.030294 -0.078032 0.20239 -0.048727 -1.599 -0.25387 0.58163 0.33017 0.36629 -0.22858 0.028699 0.33319 -0.24989 -0.22544 -0.17411 -0.43643 0.088777 0.12738 -0.1157 0.012481 -0.89748 -0.47162 0.29762 0.46917 -0.30709 -0.2005 -0.59568 0.1835
developed -0.6014 0.2182 -0.12135 -0.71343 0.041676 0.081852 -0.1429 0.071823 0.084815 -2.0384 0.51009 -0.45756 -0.27545 -0.016407 0.086962 0.263 -0.28816 0.013057 0.26659 -0.085376 -0.20053 0.042283 -0.25951 0.67856 -0.17308 0.23753 0.07971 -0.44988 -0.40056 0.14609 0.15906 0.55455 -0.12019 0.44241 -0.011339 -0.083626 0.060451 0.3756 0.41445 0.18692 -0.26459 0.28874 -0.0063698 0.021037 0.23166 0.1659 0.19333 0.030293 0.14257 0.12768 0.27489 -0.47657 0.23672 0.13681 -0.42588 -0.59524 0.26724 0.053386 0.0013226 -0.057222 0.10217 0.076107 0.19932 -0.33967 -0.12913 0.45965 -0.19046 0.42415 -0.35105 0.092824 -0.023457 0.033183 0.12383 0.25854 -0.38434 -0.3757 -0.10761 0.048651 -0.025855 -0.031304 -0.0052137 0.23831 -0.019179 -0.29751 0.074905 0.19631 0.32586 -0.042866 0.044671 -0.51708 -0.20085 0.53788 0.080958 0.32816 0.28489 -0.25394 0.40293 0.035939 0.36965 -0.63212 -0.41853 0.031138 -0.38575 -0.10485 -0.12747 0.50874 -0.038349 0.23812 -0.48892 -0.088756 -0.033374 -0.38762 -0.25919 0.38698 0.0079744 -0.41275 -0.35265 0.087714 -0.21873 0.21504 -0.049938 -0.067221 -0.20357 -0.33852 -0.20646 0.19899 -0.57789 0.35409 0.077451 -0.0066609 0.20781 0.15665 0.33239 0.34845 -0.41015 -0.0086071 0.037344 -0.39522 0.22527 0.04602 0.20685 -0.19186 0.2002 -0.27049 0.31938 0.35432 0.45209 -0.051278 -0.50501 0.24689 0.053918 0.16846 0.26701 0.34335 0.23162 0.044274 -0.2862 0.39898 0.39135 -0.42839 -0.059485 -0.11811 -0.35914 -0.12836 0.43478 -0.58079 -0.13376 0.2507 0.083359 0.0075766 -0.048233 -0.09885 -0.28422 0.4477 -0.023254 -0.2243 -0.26239 -0.1811 0.040424 -0.28488 -0.026415 0.36741 0.031636 0.17595 0.32813 -0.32389 -0.97746 0.017849 -0.23512 -0.05972 -0.15593 0.6546 0.035442 0.36771 -0.50861 -0.24199 0.057869 0.14976 0.055989 -0.2423 -0.087955 -0.11667 0.41379 -0.003995 0.05781 0.057797 -0.51928 0.47272 -0.17795 0.53004 0.29929 -0.25894 0.12362 -0.17389 0.0729 0.03891 0.13433 0.39773 0.024226 -0.31452 -0.2004 -0.23772 -0.21162 -0.24735 0.018239 0.20654 -0.0090721 0.22841 -0.2194 0.19337 0.31215 -0.060664 -0.13284 -0.061623 -0.42024 -0.19168 0.33889 0.072751 -0.034009 0.058454 0.012885 0.02303 0.20247 0.021552 -1.0906 -0.17318 -0.41987 -0.07212 -0.19609 0.011245 -0.1725 0.19895 0.030184 0.39707 0.50109 0.16138 0.08801 0.15369 0.12761 0.19698 -0.44259 -0.070587 -0.072722 -0.24295 0.048339 0.28784 -0.53908 -0.15784 0.42051 0.079458 -0.15649 0.017854 0.021311 -0.49379 0.281 -0.005771 -1.5337 -0.079609 0.058176 -0.29324 -0.35225 -0.2261 -0.089279 -0.13708 -0.0075105 0.053005 -0.54393 0.023661 0.12335 -0.1427 -0.27926 -0.47611 -0.16192 0.26712 -0.090322 0.6094 -0.088554 -0.3321 0.33228 -0.53306
muslim 0.42948 -0.70492 0.59254 -0.22374 0.25881 -0.29677 0.43684 0.87873 0.25123 -1.0338 0.46154 0.17866 0.20262 0.33606 0.51898 -0.037872 0.4348 0.47451 -0.4024 -0.62844 0.10639 -0.81141 0.5603 -0.21693 -0.85533 -0.60422 0.38284 -0.13109 0.34181 -0.1589 0.066286 0.53186 -0.46557 -0.13991 -0.10287 0.090279 -0.29846 -0.20223 0.304 0.55433 1.5985 -0.53067 -0.41763 -0.20252 0.37199 0.053835 -0.1943 0.1034 -0.20747 0.34151 0.14897 0.55187 0.0080586 0.077696 0.054686 -0.44576 0.070439 -0.29057 0.11826 0.48908 -0.29925 -0.1812 -0.15737 -0.53594 0.088029 -0.23125 0.036728 -0.38867 0.047772 0.88405 0.032712 -0.41733 -0.38238 -0.55311 0.54537 0.12938 0.30585 -0.071628 -0.7495 0.45336 0.093099 0.027363 -0.089863 0.55822 0.0018658 0.21707 0.24322 -0.2942 -0.32915 0.33585 -1.0945 -0.11474 -0.13729 0.59111 0.12039 0.14059 0.31063 0.59272 -0.026847 1.0852 0.027634 -0.35948 0.076976 -0.2854 -0.1215 -0.096893 0.82683 0.35234 0.36538 -0.4455 -0.067171 -0.59119 0.2393 -0.033181 0.55293 0.15485 -0.30672 0.14471 0.56882 -0.4776 0.020465 0.3604 0.24758 0.17902 -0.43247 0.83616 -0.1974 0.10194 0.78824 -0.60429 0.38546 -0.54879 -0.40186 -0.15766 0.51618 -0.015945 0.65685 -0.54836 0.20303 -0.29899 0.16746 0.18969 -0.19958 0.17245 -0.78737 -0.10125 0.31166 -0.44673 -0.26837 0.028367 0.65134 -0.34151 0.43441 0.42403 0.62444 0.22713 0.11665 0.46427 0.70074 -0.1732 0.52599 1.0527 0.49918 0.56719 -0.57958 -0.13381 0.087307 0.076857 0.30218 -0.3395 0.22811 -0.79336 -0.053474 -0.21227 0.24282 0.59385 -0.47938 0.023514 -0.10603 1.2961 -0.10515 -0.17755 -0.101 0.33667 0.097051 0.50988 -0.67201 0.43526 0.14082 0.34954 0.20753 -0.65559 0.0083562 0.44576 -0.19957 0.013907 0.14172 -0.38641 0.18959 -0.38803 0.75788 0.39981 0.20972 0.84227 0.37613 -0.27964 -0.17619 -0.19967 0.22253 0.48656 -0.59674 0.62736 0.87265 0.35375 0.34227 0.39619 0.14419 -0.41313 0.053354 0.88709 0.095536 -0.078196 0.051857 -0.43136 0.10209 -0.63388 0.14828 0.31994 -0.18556 0.2219 0.58881 -0.017713 -0.1091 0.23389 0.56322 0.057449 0.43506 -0.41614 -0.34373 -0.32855 -0.13999 0.010329 0.061397 -0.14526 0.060185 0.30722 -0.055144 0.63618 0.02144 0.30787 0.25152 -0.12224 -0.0051813 0.17296 0.34515 -0.10767 0.32691 0.13608 -0.56259 0.59984 0.47114 0.49114 -0.12593 -0.13759 -0.36354 -0.57757 -0.48131 0.27026 -0.017874 0.078035 -0.25189 -0.17362 0.27763 0.05887 -0.22707 -0.17807 -2.3159 0.27103 0.46354 0.46403 0.46668 -0.69649 -0.12273 0.11139 -0.16572 0.81822 -0.028149 0.74204 0.1929 0.15637 0.33029 -0.76965 -0.30827 0.39725 -0.58481 0.40801 -0.0072494 0.21947 -0.4192 -0.47008
modern 0.13252 -0.38202 0.054879 -0.48726 0.29474 0.1584 -0.061451 0.050803 0.035973 -1.6281 0.58334 0.36037 0.3827 0.71848 0.79896 -0.6328 0.07922 0.15566 0.076977 -0.1431 -0.22769 0.34573 0.24919 1.0011 0.27807 0.065013 0.16412 -0.1089 -0.047359 0.57637 0.24578 0.63744 -0.62359 0.81431 0.017487 0.50677 0.47024 0.025338 0.0076976 0.13048 0.19094 0.00047462 0.028028 -0.21774 0.68092 0.31346 0.27509 0.25659 -0.08561 0.40601 -0.0032314 -0.506 -0.049576 0.044488 0.26385 -0.10023 -0.21131 -0.22197 -0.1116 0.20372 -0.12535 -0.052166 0.58805 -0.40116 -0.36243 0.5792 0.071971 0.60196 -0.0059645 0.18149 -0.08732 -0.35149 -0.061786 0.10501 -0.36666 0.34779 -0.52507 0.37111 0.18122 -0.064928 -0.17709 -0.11829 -0.47544 -0.31347 0.39253 -0.045248 0.07625 0.30472 0.21768 0.35295 0.34748 0.17338 0.083903 0.54951 0.27902 -0.19532 -0.007938 -0.1123 0.26748 -0.40739 -0.12085 0.54508 0.53721 -0.12233 -0.41653 0.41128 0.059131 -0.033114 -0.29513 0.73206 0.20745 -0.23196 -0.45237 -0.13569 0.032733 -0.33533 -0.18323 0.25417 -0.34287 -0.4622 -0.0035677 0.31185 -0.24131 -0.14945 -0.26559 0.35138 -0.32593 0.54073 -0.14142 0.12862 0.13328 -0.18853 0.53992 0.055964 -0.1536 -0.36436 0.014259 -0.06921 -0.41065 0.38416 0.026667 -0.50911 0.12182 -0.037339 0.50553 -0.20531 0.33496 0.30965 -0.64071 0.61316 0.1331 -0.60392 0.087257 -0.27678 0.24244 0.36269 -0.61691 0.17448 0.28991 -0.44025 0.59611 0.46346 -0.25358 -0.45156 -0.33689 0.205 0.29766 0.1216 0.15018 -0.38879 0.07289 -0.072124 -0.40001 0.49482 0.20766 -0.11652 0.0074736 -0.31562 -0.24301 -0.37255 0.010639 0.1786 0.13509 0.36457 0.34371 0.046014 -0.22574 0.7379 0.1587 -0.15667 0.19523 0.11561 0.22129 -0.092279 -0.47808 0.2213 -0.65827 -0.19288 0.049159 0.45317 0.79125 -0.3534 0.19805 -0.39996 0.070362 -0.46267 -0.030943 0.29894 -0.28378 0.26254 -0.12234 0.36658 0.23081 0.027121 0.14888 0.010885 -0.51998 -0.15103 -0.2096 -0.37978 -0.30547 0.53266 -0.13312 -0.22681 0.10328 -0.65578 -0.018122 -0.14209 0.22075 -0.085416 0.15056 0.12142 -0.44585 0.47589 0.041319 0.29325 -0.42334 -0.20395 -0.4083 0.27235 -0.014689 0.081564 0.65247 0.64334 -0.78416 0.090747 -0.65058 0.14644 -0.26332 0.28358 -0.064325 -0.13381 -0.064818 0.4795 0.22417 0.081065 -0.018909 -0.057893 0.098889 -0.33611 -0.20298 -0.43992 0.26196 -0.29438 -0.075604 -0.017392 -0.46278 -0.12191 0.73325 0.12615 0.372 0.3435 0.31576 -0.25388 -0.16913 0.27171 -1.539 0.14579 0.19936 -0.39712 -0.044452 -0.39882 0.29165 0.036291 0.48264 -0.040263 -0.40022 0.10155 -0.018667 -0.048927 -0.0042926 0.010404 -0.18055 0.12073 0.16611 0.24309 0.052328 -0.28678 0.28697 0.38065
commercial 0.62659 -0.059932 0.081167 -0.22081 -0.12107 0.4824 -0.21163 0.38569 -0.35976 -1.5934 -0.11795 -0.2669 0.32565 -0.22346 0.26665 -0.23044 -0.080394 0.035517 -0.13529 -0.63287 -0.27793 0.16784 0.54568 0.76102 -0.28673 0.36805 -0.46159 -0.431 -0.74021 0.051536 -0.54587 -0.36154 -0.057574 -0.016753 -0.33559 0.015779 -0.30271 -0.16666 -0.0099499 0.13655 -0.23389 0.53677 -0.15256 0.42201 -0.011674 0.20403 0.38628 0.36839 -0.035446 0.1723 -0.39163 -0.33384 0.29938 0.20612 -0.18014 -0.10798 -0.21059 0.059351 -0.37311 -0.41348 0.18709 -0.48475 0.11413 -0.44249 0.43271 0.68626 0.12093 0.1037 0.37474 0.21299 0.31242 0.20582 -0.016906 0.56386 -0.26994 0.0080438 -0.10545 0.29768 0.52604 0.0377 0.0483 -0.33088 -0.2982 0.14182 0.77794 0.072093 0.062037 -0.45156 -0.23043 -0.14246 0.058873 0.032206 -0.026955 -0.13846 0.15365 0.042433 -0.17869 0.31519 0.077811 -0.49756 -0.04229 0.15936 0.2212 -0.27976 -0.33249 0.084553 -0.44646 -0.18703 -0.26494 0.20002 -0.55002 -0.65955 -0.010092 -0.056772 0.2656 -0.13748 0.24692 0.64989 -0.14009 -0.30166 0.12518 0.30196 0.35704 -0.026678 -0.40625 -0.17376 0.02265 -0.12613 0.055595 0.10578 0.17807 0.32154 0.46317 -0.39461 -0.39232 0.035406 0.11456 -0.20846 0.057855 0.17579 -0.24116 -0.067314 0.80249 -0.25697 -0.13669 -0.21014 0.20342 0.23397 -0.2393 0.11447 0.30447 -0.12084 0.01689 0.024379 0.45855 0.10285 -0.38625 0.52768 0.28333 -0.094765 0.32894 0.19414 -0.021752 0.75342 -0.161 -0.4939 0.015231 -0.27731 -0.085041 0.70189 -0.22868 -0.29185 -0.70924 0.12813 0.22783 0.14167 0.067523 -0.7244 -0.095391 -0.083739 0.30737 -0.27985 -0.30795 0.17059 -0.44032 -0.38652 0.36412 0.20658 -0.29518 0.32695 0.5431 0.5125 -0.51989 -0.059199 0.39324 -0.25791 -0.42608 0.21236 -0.38778 -0.38019 0.51927 -0.57604 -0.016844 -0.10601 0.21136 0.00049592 0.21659 0.61913 0.26233 0.030729 -0.0019531 -0.35271 -0.066802 0.14895 -0.28946 0.049098 -0.12572 0.48445 -0.49278 0.12987 0.27815 -0.42303 0.055076 -0.31205 0.0394 0.15743 -0.29018 -0.3771 0.1201 0.09401 0.061636 0.1513 -0.11573 -0.0038467 0.68063 0.35805 0.19144 0.22133 -0.43553 -0.49741 -0.00024613 0.93269 -0.035773 -0.31409 -1.0198 0.3737 -0.010304 -0.47012 0.13282 -0.036986 0.1908 0.60671 0.25087 0.32717 0.04366 -0.38407 -0.58177 0.015283 0.3642 -0.13476 0.78786 0.10153 0.10513 0.11147 0.53491 -0.057534 -0.16145 -0.38191 0.37839 0.20402 0.70262 0.77611 -0.31208 -0.0032527 0.19607 0.069039 -1.7552 0.041521 0.090404 -0.086772 -0.83645 -0.06237 -0.19282 -0.068979 -0.40568 -0.049864 -0.049017 0.028689 0.22335 0.72832 -0.32499 0.051474 -0.066821 -0.39555 0.24045 0.74653 -0.17209 -0.10028 0.021216 0.3139
canadian 0.12672 0.3602 -0.36935 0.13984 -0.35778 -0.013965 -0.93137 0.15612 -0.77076 -0.88155 0.050512 -0.37362 -0.23306 0.51773 -0.29238 0.61096 -0.21185 -0.24419 -0.026099 -0.35281 -0.56508 0.19903 0.234 0.34894 0.23047 0.28019 0.45321 -0.14055 -0.14712 0.32459 -0.59327 -0.1774 0.35905 0.1244 -0.64638 -0.10931 0.21546 0.48021 0.57203 0.64578 -0.72147 0.042627 0.40825 0.59601 0.24113 0.28536 -0.70184 -0.062083 -0.4807 0.13018 -0.37626 -0.19 -0.22371 0.6546 -0.36785 0.15746 0.039864 0.2022 0.2495 -0.23259 0.055052 0.57293 0.32539 -0.68014 -0.17078 -0.12357 -0.68801 0.14896 -0.20799 0.26877 0.18153 0.41694 -0.45752 0.4002 -0.64979 -0.092487 0.13594 -0.11551 -0.029943 0.013984 -0.55729 -0.46054 0.18326 -0.2041 -0.20821 -0.5464 -0.046815 0.17063 -0.49266 -0.23452 -0.021546 0.44577 0.4921 0.56587 0.76841 0.030625 0.044666 0.084583 -0.466 0.27007 0.14162 -0.12458 -0.27374 -0.30186 -0.045484 -0.11176 -0.55849 0.0081213 -0.10384 0.50607 -0.23953 -0.029723 -0.16426 -0.51427 -0.15839 -0.21226 0.4354 0.36774 0.37825 0.12701 -0.18385 0.8879 -0.55927 -0.43546 -0.10822 -0.26811 0.26914 0.1344 0.62769 0.0083046 -0.1474 -0.17732 -0.10938 -0.99541 0.80564 -0.19083 -0.29584 -0.060642 -0.17721 -0.34488 0.42834 0.37933 -0.029004 0.46805 0.11816 -0.32121 0.28341 -0.4438 -0.35148 0.39916 1.3771 -0.45951 0.059757 -0.25262 0.77744 0.0934 -1.1763 -0.59508 0.18421 -0.60622 0.11145 0.001607 0.1701 -0.14217 -0.35432 0.79031 0.12399 0.24555 -0.046578 0.0044341 -0.18113 0.061938 -0.8455 0.18439 0.52957 0.35191 -0.058593 -0.0048161 -0.18583 0.59639 -0.41577 -0.19031 0.44444 0.004958 0.45162 -0.1071 0.052745 0.028335 0.12183 -0.16329 0.13395 -0.27734 0.046369 0.23349 -0.28551 0.30899 0.13449 0.073375 0.027785 0.1495 1.0611 -0.27908 -0.0022067 -0.40571 -0.3731 0.50215 0.2405 0.45783 0.56887 0.20183 0.3529 -0.40508 0.41444 0.27234 -0.35686 -0.29145 -0.21089 0.26137 0.23861 0.66647 0.43886 -0.099412 0.048591 -0.71489 0.1703 0.55349 -0.033269 -0.43654 0.52597 -0.11557 0.68592 0.43936 -0.099268 0.04196 0.33883 0.038193 0.21141 0.16835 -0.50777 0.11517 -0.2995 0.24204 0.85237 -0.24134 -0.055543 -0.13066 -0.44257 -0.41706 0.062585 0.16367 0.21561 -0.099761 0.29708 -0.066088 0.81712 -0.090409 0.015968 0.42747 -0.25169 0.50716 -0.14017 -0.40102 -0.23688 0.67731 0.16369 0.010395 0.282 0.27023 -0.31873 -0.56218 0.042534 -0.30439 0.56259 -0.63065 0.046231 0.29518 -1.2325 -0.098606 0.6664 0.32056 0.17341 -0.24369 -0.19733 -0.15765 0.17186 0.29594 0.55694 -0.17789 0.15634 0.12025 0.54185 0.41002 -0.42798 0.076359 -0.079458 0.64609 -0.37256 0.53199 0.07031 -0.34712
pacific -0.05196 -0.16144 -0.52049 -0.86567 -0.23465 0.076723 -0.56058 0.42621 -0.018229 -1.2093 0.58493 0.82606 0.043713 -0.24698 -0.35403 -0.12864 0.1871 0.42573 -0.35979 0.46088 -0.15064 -0.34961 0.052352 -0.34359 -0.4557 -0.17882 0.43924 0.10716 -0.20207 -0.62514 0.69731 0.065359 0.0083689 -0.62287 -0.30038 0.34188 -0.16547 0.049858 0.15144 -0.047216 -0.73547 -0.027914 -0.27046 0.10669 0.70376 0.079379 0.14882 -0.025687 -0.058231 -0.43293 0.38697 0.41069 0.21965 -0.42353 -0.55294 0.20787 0.31739 0.063724 0.040226 -0.43852 0.23737 -0.34069 1.0379 -0.12731 0.19198 -0.20803 -0.93737 0.71932 -0.17588 -0.26007 0.13696 0.52654 -0.72288 0.37558 -1.2622 0.36313 0.13633 0.095717 -0.3239 -0.48296 -0.10249 0.12597 -0.69739 0.84389 -0.56213 0.13823 -0.067956 0.014759 -0.2749 -0.90594 -0.13523 -0.30363 -0.036095 0.15546 -0.31088 -0.022679 0.14148 0.34233 -0.14764 0.24145 -0.10946 0.26102 -0.24354 0.20118 0.14956 0.12388 0.056563 -0.22682 0.44313 0.38828 -0.44219 -1.3341 -0.021646 0.64809 0.6265 -0.35734 0.37913 0.27078 0.2879 0.66465 0.62984 -0.37124 -0.0074881 -0.049909 -0.28699 0.44988 -0.55539 -0.29401 -0.18303 -0.085954 -0.44248 0.076537 0.72965 -0.39399 0.0027438 0.091205 0.17021 0.075043 0.4121 -0.1911 0.17101 0.42688 0.40523 -0.2011 -0.52926 0.11221 -0.067868 0.34738 -0.4888 -0.42532 1.1798 -0.36874 0.92345 -0.64626 0.52358 -0.16202 -0.43458 -0.21316 -0.55226 -0.035213 0.294 0.00060646 0.2261 -0.44105 -0.24294 -0.1675 0.16959 0.28012 -0.052213 0.70686 0.10924 -0.51763 -0.67223 -0.11404 0.12559 -0.13555 0.020688 0.44558 0.44671 0.1734 -0.42276 0.054881 0.3223 0.37807 0.7176 -0.28922 -0.45731 0.71465 -0.65391 -0.7186 0.056278 0.5214 0.11124 -0.41431 0.36566 -0.083228 0.82389 -0.63369 -0.68449 0.35711 0.90418 -0.015536 -0.29815 -0.55775 -0.22079 1.3417 0.052906 -0.53942 0.62346 -0.43733 -0.022094 -0.092572 -0.0060865 0.43327 0.017373 0.10461 -0.051167 -0.10947 0.15807 0.31362 0.84686 -0.096033 0.061758 -0.35332 -0.073692 0.40577 0.41206 -0.29298 -0.48863 0.49809 0.14317 0.025404 -0.52982 0.47235 0.95045 -0.24266 0.18437 0.068499 0.19645 0.32039 -1.0082 0.11936 0.016909 0.27302 -0.32377 -0.30932 0.070821 -0.37151 0.15277 0.3091 -0.11442 -0.11128 0.31024 0.45253 -0.34504 -0.56335 -0.23854 0.40279 0.64289 0.52023 -0.32649 -0.52697 -0.025287 0.6648 0.34754 -0.11878 0.25484 0.3742 -0.16105 0.79442 0.20562 0.065342 -0.096706 -0.063673 0.39946 0.21691 -0.93205 0.49952 0.47882 -0.44471 -0.4578 0.053954 -0.4072 -0.1261 -0.68089 -0.054603 -0.14935 0.030499 -0.35565 -0.66416 0.12646 -0.074981 -0.53672 -0.12249 0.18275 1.0326 0.18696 -0.25715 -0.0013901 -0.40642
industrial 0.11829 0.23859 -0.10877 -0.56809 -0.039855 -0.28633 -0.25298 0.29576 0.087012 -1.5142 -0.32322 -0.3451 0.29026 0.25911 1.0363 -0.84648 -0.33482 -0.17364 0.024377 0.038693 -0.34175 0.020001 0.47873 0.74698 0.010126 -0.1347 0.19926 -0.21553 -0.045927 0.16337 -0.032994 0.47788 -0.058649 0.1037 -0.074096 0.26237 0.23503 -0.0011885 0.080698 -0.20554 -0.15429 0.39826 -0.0027155 0.36464 -0.25984 -0.32167 -0.23001 0.35445 0.16226 -0.035088 -0.060539 0.22027 0.046305 0.2166 0.23244 0.052168 0.5549 -0.36658 -0.0032713 -0.037466 0.15187 -0.44038 0.12933 -0.68517 -0.042228 0.49799 -0.021049 0.32077 -0.042321 0.14363 0.397 0.075663 0.15099 0.11492 -0.61588 -0.02617 -0.62964 0.069828 0.23546 0.11254 0.2409 -1.0302 -0.16479 -0.17834 1.1172 0.081281 0.32025 -0.12502 -0.29398 -0.084104 0.48875 0.28814 0.21128 -0.034561 -0.77924 -0.28926 0.49535 0.45663 0.036409 -0.44415 -0.56335 0.28847 -0.28181 0.20112 -0.14809 -0.72501 -0.13671 -0.11935 -0.43989 0.073368 -0.099092 -1.2703 -0.30019 -0.16824 0.21797 0.35637 0.5137 0.70045 -0.34384 0.3413 -0.05076 0.18958 -0.23057 0.12973 0.2907 0.87598 -0.16086 -0.097471 -0.16128 0.2043 0.38066 0.30262 0.37364 -0.06256 -0.86545 0.41068 0.024348 0.24235 0.15709 0.14629 0.53607 -0.39239 0.6896 -0.56148 0.17137 0.52976 0.26095 0.02422 -0.87287 -0.24939 0.43601 -0.13574 0.0025218 0.033792 0.84018 0.45217 -0.61714 0.27758 0.37733 -0.36224 -0.017498 0.21653 -0.17429 -0.33001 0.47469 -0.63428 0.011631 -0.084294 0.0030942 0.83149 -0.30586 -0.27623 -0.2295 0.063157 0.58249 -0.038838 -0.047154 -0.1242 -0.27574 0.51764 0.054122 0.296 0.019125 -0.023641 0.14166 -0.0153 -0.083991 -0.15792 -0.22749 0.30134 0.41095 0.057323 -0.33164 0.11319 -0.17136 -0.14247 -0.41799 -0.15085 0.0037754 0.078043 -0.10056 0.020682 0.24551 0.29965 -0.96413 0.14085 0.075056 -0.035766 -0.26164 -0.095533 -0.59422 0.26206 0.1733 -0.34522 0.21327 0.41932 0.35415 0.61879 0.11947 0.2299 -0.07612 -0.51899 0.1585 -0.30688 -0.39021 0.011214 -0.43931 -0.043538 0.2239 0.048873 0.21099 0.10325 -0.64761 0.27547 0.53488 0.3391 0.54998 0.13196 -0.18794 0.043026 0.24428 -0.05098 0.15564 -0.084458 -0.62527 0.27737 0.33459 -0.59026 0.18574 0.034304 0.18961 0.051291 0.70643 -0.13991 0.029257 -0.38127 -0.63097 -0.47449 -0.078773 0.18102 0.24499 0.061766 0.16226 0.17599 0.39451 0.39105 -0.49365 0.25933 0.25369 -0.49203 -0.24982 0.15219 -0.027737 -0.068111 -0.25543 0.23359 -1.3749 0.18916 0.27833 -0.0010867 -0.75564 0.02187 -0.32705 -0.40649 0.46891 0.28618 0.095454 -0.24752 -0.22771 0.081294 0.30615 -0.24528 -0.153 -0.073223 0.69922 1.374 -0.32662 -0.92501 -0.16532 0.34792
zealand -0.21495 0.084593 -0.29487 -0.21988 0.34658 -0.1051 0.0041936 0.066909 -0.068056 -1.2701 0.83664 -0.24879 0.46532 0.00821 0.2104 0.34324 -0.048697 0.011973 -0.65666 -0.061138 -0.38658 -0.02509 0.42344 0.31148 -0.047079 0.21046 -0.27028 -0.097352 -0.090536 -0.12053 -0.18575 0.037558 -0.25169 0.6396 -0.99586 -0.20322 0.77057 0.63312 -0.12005 0.39972 -0.43917 0.48233 0.038712 0.27866 0.10377 -0.11483 -0.54651 0.020281 0.26508 -0.10526 -0.54939 -0.63992 -0.24376 0.071253 -0.42191 0.60334 -0.12458 -0.1463 -0.48433 -0.23881 0.070859 0.11701 -0.48398 -0.035348 0.28065 -0.04879 0.10085 -0.39283 -0.42289 0.20574 -0.67735 0.41692 -0.25053 0.12232 -0.83002 -0.22672 0.078236 -0.20019 -0.24786 -0.056693 -0.11235 0.072451 0.13037 -0.08212 -0.70487 -0.059947 0.50769 -1.0902 -0.19017 -0.91156 0.32372 -0.35139 0.59791 -0.36894 -0.40559 -0.18811 -0.080627 -0.12388 -0.13027 -0.016156 0.53774 0.072929 -0.18517 -0.71233 0.08609 -0.00023325 0.05975 0.44841 -0.098699 0.58511 0.86793 -0.56616 -0.51496 -0.16025 0.75466 -0.11108 -0.1138 0.29941 -0.34482 -0.90125 0.019079 0.07735 -0.67347 -0.23038 -0.12251 0.32228 -0.38496 -0.27601 0.005895 -0.092158 -0.14685 0.045421 0.43883 -0.81516 0.4699 0.66279 0.19551 0.45721 0.14895 0.15244 0.14968 0.69574 0.1284 -0.089008 -0.77925 0.016392 0.068055 -0.2286 -0.27269 -0.14926 0.73476 -0.40941 -0.3944 -0.36635 0.16513 0.042044 -1.542 -0.25945 0.23402 -0.06379 -0.18102 -0.22373 -0.071263 0.19222 0.01277 0.09801 -0.072917 0.018255 0.47886 -0.05376 0.12118 -0.34096 -0.16387 0.14426 0.23709 0.39443 0.49656 -0.46769 0.3729 1.1732 -0.47744 0.14151 0.27406 -0.42291 0.33893 -0.0090013 -0.29041 0.23743 -0.4263 -0.49506 0.27794 0.73562 0.22157 -0.064629 -0.21299 -0.078602 0.26635 0.014949 -0.22294 0.128 1.247 0.30619 -0.8158 -0.65726 0.50514 0.41634 0.4585 0.40449 0.15045 -0.3674 -0.25819 0.0046292 -0.29534 0.4756 -0.36267 -0.75971 -0.53038 0.16034 0.50508 0.090946 0.75285 0.30652 -0.19568 -0.59766 0.14121 0.082265 0.10545 -0.3462 -0.27208 0.77886 -0.40068 0.22146 -0.27696 0.29907 0.60184 0.30796 -0.35079 0.67366 0.30609 0.16354 -0.087559 0.16555 -0.10106 0.19963 -0.26163 0.63464 0.11201 0.29147 -0.41406 0.14052 -0.058911 -0.12079 -0.02037 -0.082439 0.18259 -0.0736 -0.21002 0.30818 0.042477 0.47627 0.056168 -0.72841 0.26413 0.67395 0.13295 -0.077108 0.71168 -0.50639 -0.29028 0.074605 -0.1819 0.096166 0.62339 -0.20068 0.060031 0.32606 -0.64943 -0.19975 0.50721 0.78616 -0.074329 -0.049339 -0.22416 -0.074583 -0.096431 -0.5509 -0.25869 -0.0090035 0.081125 -0.21464 -0.013274 -0.50361 -0.52803 -0.094762 -0.071244 0.80896 -0.33098 0.23793 0.48038 -0.33481
brazil 0.22403 0.66101 -0.68764 -0.027683 0.12385 0.19 -0.5318 0.41277 -0.0015129 -1.3769 -0.17732 0.46503 0.11411 -0.43059 -0.21416 -0.41219 -0.58403 -0.12241 0.067654 0.10379 -0.054962 0.8219 0.32616 -0.029344 -0.8874 -0.29175 0.5588 -0.17938 -0.67835 -0.27252 0.046951 0.46546 -0.70902 -0.016788 -0.51338 0.018019 0.65368 -0.10726 -0.57366 0.32212 -0.52888 -0.50447 -0.16628 -0.019821 -0.20302 -0.66894 0.25736 0.61853 0.14278 -0.23414 0.10448 -0.37043 0.29125 0.34164 -0.21244 0.28251 -0.30606 -0.49175 -0.22826 -0.39275 -0.92814 0.092541 -0.50975 -0.52502 -0.3511 0.2845 0.46201 0.48963 0.35203 -0.76309 -0.4718 0.79749 -0.18547 -0.23522 -0.2203 -0.72415 -0.11722 -0.21611 -0.020811 -0.0074641 0.64612 0.14331 -0.51486 0.080548 -0.045303 0.43641 0.31554 -0.25414 0.18954 -0.43305 0.3018 -0.40696 0.88273 -0.68291 0.13078 -0.53466 -0.55783 0.17282 -0.24644 -0.66118 0.076836 -0.32943 0.051848 -0.20766 0.60501 0.36116 -0.25165 0.28917 -0.57035 0.2116 0.58128 -0.56594 -0.6551 -0.80568 0.10952 -0.069484 0.69195 0.37406 0.031743 -0.21731 -0.29303 -0.4339 0.051266 -0.56771 -0.16523 0.85091 0.24892 -0.28663 0.013932 0.33409 -0.02991 0.14513 -0.038614 -0.090726 -0.10473 -0.13513 -0.25125 0.31426 -0.19295 0.23044 -0.18098 -0.31478 0.050666 -0.0025586 -0.0080006 0.23471 0.52613 -0.52522 0.24546 -0.65602 0.035345 -0.18374 -0.2856 0.024958 0.24939 -0.2414 0.057408 -0.0049866 -0.45975 -0.17303 -0.25615 0.28448 0.19007 0.53905 0.0036008 -0.97551 -0.32173 0.12051 -0.50145 -0.20591 0.0077463 0.47581 -0.41329 0.27843 0.62433 -0.38432 0.087445 0.30466 -0.03935 1.0457 0.040677 0.42911 0.21494 -0.066247 0.52488 0.31891 -0.72819 0.50439 -0.43525 0.067141 -0.19329 -0.073148 -0.22296 0.27057 -0.27778 -0.22467 1.0748 -0.090845 -0.26483 0.20317 1.0616 -0.1618 -0.74085 0.23593 0.11059 -0.18879 -0.093114 0.56247 -0.21538 -0.34243 -0.2425 -0.23292 -0.43784 0.2292 0.30028 0.017905 -0.44614 -0.8248 -0.49586 0.56452 0.42322 -0.5675 0.69231 -0.22935 0.066942 0.33728 0.2114 -0.036834 0.064558 -0.013545 -0.42343 0.18854 0.18012 0.68411 -0.018721 0.083376 -0.45922 0.69236 0.47384 -0.078002 -0.3463 0.099668 -0.26298 0.36007 0.13943 0.33425 0.42941 0.2538 0.35416 -0.24245 0.3236 -0.076659 -0.12167 0.87325 -0.30635 -0.15865 -0.83402 0.022692 -0.19334 -0.16328 0.46286 0.22003 -0.015728 -0.24223 0.44936 0.25082 -0.60795 -0.34446 -0.24299 -0.35396 -0.30504 -0.78572 -0.10517 0.096705 0.19661 -0.05575 -1.3411 -0.70484 0.60469 0.25456 -0.24059 -0.089349 -0.1455 -0.11524 0.1837 -0.075864 0.18107 0.022476 -0.22648 0.3317 -0.23636 0.44204 -0.080854 0.15383 0.58879 0.54117 -0.80292 -0.55605 0.14481 -0.41878
christian -0.20551 -0.32364 -0.24129 0.32891 0.40927 -0.19646 -0.19071 0.25735 0.22534 -0.76468 0.081318 -0.36972 0.56942 1.0055 0.40487 -0.30563 0.43093 0.36967 0.1747 -0.2519 0.53961 -0.11751 0.57697 -0.062394 -0.10811 0.029087 -0.020694 -0.18098 -0.17639 -0.080832 0.065532 0.52657 -0.55603 0.48158 -0.9026 0.27336 0.062488 -0.15822 0.27925 0.52977 0.70063 -0.29674 0.20065 -0.66794 0.35835 0.11613 0.2119 0.25623 -0.099299 -0.20461 -0.061443 0.29928 -0.14994 0.37307 -0.36122 -0.56994 -0.27389 0.24013 0.065611 0.28914 -0.15938 -0.043394 0.2273 -0.14368 0.013131 -0.56015 0.49418 -0.44733 0.10016 0.4155 -0.7692 -0.47932 -0.53436 0.060589 0.042202 -0.31311 0.49347 0.37019 -0.42872 0.21554 0.10723 -0.085162 -0.12335 0.52378 -0.3864 0.40986 -0.17001 0.60871 -0.62173 0.047821 -0.67237 -0.10307 -0.059925 0.46447 0.035287 -0.71776 1.0181 0.85782 -0.17127 0.093206 -0.4189 -0.40414 0.15923 -0.42839 0.089327 -0.5801 0.15652 0.23238 0.13474 -0.40338 0.28591 -0.61917 0.66418 0.34549 0.032724 -0.079145 -0.5685 -0.52503 0.29571 -0.16564 -0.12691 0.7542 0.38627 0.17431 -0.26064 0.18454 0.25932 0.11359 0.5088 -0.36103 0.05816 -0.76048 0.27644 -0.55584 0.29368 -0.49477 0.59998 -0.13959 0.0065623 -0.11688 -0.36378 0.15225 0.14173 0.17632 0.2659 0.47318 -0.30828 0.15129 -0.39026 0.20784 0.87002 0.17192 0.085822 0.07881 0.36892 0.71223 0.24017 0.026306 0.53402 -0.49004 0.52415 -0.40826 1.0158 0.11496 -0.59236 0.30874 -0.11429 -0.034239 0.24733 0.01439 0.63966 -0.28337 -0.43225 0.26921 0.77522 0.80389 0.38257 0.2298 -0.51551 0.85747 -0.019222 0.25095 0.015657 0.071298 0.10426 -0.4239 -1.258 0.092432 0.17933 0.31123 -0.12525 -0.7178 0.46981 0.72856 0.15738 -0.037175 0.47804 -0.5232 0.07443 0.92264 0.96072 -0.74637 -0.098257 -0.22113 0.41005 -0.86452 0.039239 0.60335 -0.078531 0.74367 0.052897 0.47869 -0.076808 0.055517 0.088526 0.38647 0.1758 -0.12999 -0.12653 0.19871 0.28231 -0.15996 -0.48404 -0.16493 0.025756 0.058826 0.182 -0.097091 0.64129 0.48137 -0.47779 -0.057621 -0.16102 0.43469 0.32066 0.21231 0.0018997 0.77453 -0.73029 -0.41956 -0.26873 0.43046 0.016642 -0.54397 -0.15051 0.82626 0.18814 0.1798 -0.35204 0.42353 -0.39399 0.57164 0.12602 0.68418 0.087103 -0.18436 -0.035187 -0.64928 0.22797 -0.085934 0.2243 -0.065957 0.4434 -0.15137 -0.57901 -0.48984 -0.84979 0.20387 0.33952 0.27373 -0.82369 0.027144 0.034127 0.16414 -0.30744 -0.29315 -1.0855 -0.25846 0.54778 0.4674 0.37378 -0.26253 -0.61139 0.46424 -0.16365 0.5875 -0.20021 -0.12686 0.21741 -0.28052 -0.14599 -0.25579 -0.26893 0.51992 -0.17304 -0.0095877 -0.15915 0.25055 0.087388 -0.24621
port -0.1863 -0.67162 0.33008 -0.79238 -0.14595 -0.13134 -0.099697 -0.10602 0.61559 -0.85013 0.08513 -0.32083 0.42189 -0.22662 0.63436 0.058624 0.0034765 -0.39903 -0.116 -0.11226 -1.0627 -0.9545 -0.15091 0.038535 -0.079982 0.56721 -0.30267 0.56102 -0.034778 0.67279 -0.1577 0.77383 -0.24602 0.47909 -0.060866 0.18629 0.75012 0.26729 -0.52174 -0.3072 -0.15909 0.37999 -0.045296 0.09633 -0.078237 0.12612 0.67508 0.84854 -0.10826 0.80219 0.040355 0.29697 -0.34267 -0.23671 -0.061211 0.35881 -0.034608 0.25579 -0.14835 -0.3184 -0.45025 -0.246 0.58782 -0.0532 0.31267 -0.13153 -0.78701 0.32341 0.15685 -0.50958 0.41802 -0.54152 0.55083 -0.48555 -0.40805 -0.017879 0.13618 -0.12709 0.06704 -0.098764 0.17614 -0.17121 0.080375 -0.24515 0.16515 -0.21566 -0.54025 -0.31958 0.22031 -0.18124 -0.22799 0.49188 -0.2038 -0.16604 -0.17573 0.49055 0.38752 -0.23908 0.072402 -0.55249 -0.2762 0.19375 -0.08796 -0.3643 0.082365 0.16789 0.23827 -0.095806 0.085212 0.032951 -0.018982 -0.47189 0.24524 -0.22614 0.18201 -0.40786 0.61669 0.41437 0.035428 0.096026 -0.34836 -0.77526 -0.43862 -0.45103 0.39816 0.20866 -0.33599 -0.16518 0.39658 0.26134 0.65881 0.72755 0.22353 -0.09827 0.4108 0.55399 0.1568 -0.69823 0.31186 -0.28693 -0.39561 0.033442 -0.22615 -0.058563 -0.11425 -0.13886 0.73471 -0.24794 -0.90896 0.17501 0.93874 -0.59888 0.43484 -0.10023 0.56743 0.1341 0.42506 -0.22401 0.60903 -0.15292 0.29252 0.52156 -0.46091 -0.46518 -0.36598 -0.73718 -0.09915 0.028953 0.069475 0.98956 -0.53705 -0.34703 0.031595 -0.19096 0.57648 0.26921 -0.30032 -0.45547 -0.60449 -0.108 -0.32588 0.98982 0.2088 -0.0089607 1.054 -0.21547 0.3664 0.44558 0.18098 0.093575 -0.1635 0.67055 0.027469 -0.23694 0.9872 0.12513 0.35707 -0.43887 -0.98806 0.28417 0.57939 -0.1687 0.43366 -0.39226 0.37033 -0.53035 0.074537 -0.11267 0.75198 -0.44694 -0.0047393 0.19089 -0.29163 0.32949 -0.1602 -0.03894 0.21221 0.17314 -0.47655 -0.20235 0.89079 0.15659 0.66033 0.22441 0.018278 -0.39756 0.60289 -0.82256 0.0309 -0.62003 0.16992 0.21813 -0.33411 0.6334 0.71385 0.48554 -0.22121 0.8101 0.1105 -0.070862 -0.031724 -0.48912 0.19942 -0.15327 0.25201 0.44171 0.042099 0.16861 0.11541 -0.36241 -0.032682 0.50774 0.2725 0.66399 0.043522 -0.10039 -0.27409 0.068998 -0.44261 0.0014457 -0.07816 0.075819 -0.668 0.12246 0.13639 -0.053964 0.27714 -1.0397 -0.38163 -0.5023 0.42128 -0.053404 0.15538 -0.19472 0.018468 0.13862 -1.646 0.33474 0.17743 0.31875 -0.61951 0.49983 -0.50447 -0.60879 -0.1313 0.080853 0.1487 -0.54841 -0.088619 -0.19946 -0.26465 -0.13915 -0.016313 -0.57974 0.23393 1.0083 -0.34506 -0.45803 -0.27998 0.18367
catholic -0.17981 -0.2675 -0.17548 0.13949 -0.17049 -0.089977 -0.4013 -0.086838 -0.082149 -1.0394 -0.37973 0.15906 0.52697 0.20604 0.15291 -0.47566 -0.097806 -0.044528 0.050831 -0.48738 -0.55201 -0.27911 -0.093716 0.074061 -0.061481 0.042644 -0.35209 0.05459 -0.13025 -0.035885 0.2641 0.63355 -0.34794 0.85401 -0.21193 0.94324 -0.17759 -0.15687 -0.10707 0.31578 0.56674 -0.60502 -0.010084 0.11285 0.46269 0.20845 0.32745 0.2589 -0.077244 -0.00017761 -0.24356 0.86253 0.049389 0.32399 -0.071862 -0.25234 0.30021 0.49462 -0.083159 -0.2278 0.10517 0.19065 -0.013652 0.78009 -0.051287 -0.51748 0.23115 -0.09154 -0.57914 0.15312 -0.37493 -0.58579 -0.61193 -0.34469 0.36494 -0.49214 -0.10308 0.4824 -0.70456 -0.0023335 0.13289 -0.46365 -0.25201 0.26488 -0.30393 0.0893 0.15759 -0.13643 -0.29867 0.47001 -0.10558 -0.2494 -0.5925 0.44817 0.13336 -0.52464 0.53265 0.16203 -1.3426 0.20959 -0.033273 -0.50416 -0.18526 -0.030625 0.76584 -0.14891 -0.010709 0.11564 0.36149 -0.039875 -0.11788 -0.83601 0.47903 0.17172 0.037058 -0.55381 -0.14838 -0.82458 0.014995 -0.24743 0.19152 0.37152 0.34528 0.099936 0.24725 -0.12902 0.67747 0.45639 0.11703 -0.41604 0.65386 -0.96017 -0.039631 0.22429 0.55823 0.10852 0.09617 -0.22986 0.086875 -0.10813 -0.23315 0.061296 -0.71703 0.30161 -0.17321 0.056821 -0.22769 -0.30959 -0.07524 0.0074703 1.2276 -0.32459 0.16599 0.77967 0.37804 0.66765 -0.16664 0.27424 0.48677 -0.45506 0.52824 0.59628 0.85468 0.051538 -0.9768 0.17462 -0.066796 -0.33827 0.044532 -0.4443 -0.011568 -0.21679 -0.83332 0.51251 0.33904 0.15926 0.41976 0.35258 -0.1296 0.61999 0.22237 0.44317 -0.092401 0.049667 0.72086 0.026056 -0.95797 0.16174 0.10118 -0.20337 -0.44837 -0.49154 0.27721 -0.016529 0.20287 -0.066234 0.015371 -0.26338 -0.13445 0.17268 0.4059 -0.11015 -0.45569 0.084486 0.19465 -0.24879 -0.25532 0.64172 -0.14226 0.86125 0.13894 0.80942 -0.23162 -0.38019 -0.33216 0.26068 -0.30886 -0.45495 0.034145 0.43929 0.21974 -0.024787 0.038328 -0.33894 -0.3009 -0.21433 0.0191 -0.12195 0.0058394 -0.053333 -0.022401 0.22423 0.22055 0.34861 -0.23371 -0.49025 0.58897 0.43757 -0.73958 0.14897 -0.688 -0.29715 0.28286 -0.46471 -0.43277 0.71727 0.27021 -0.011145 -0.043356 -0.079668 -0.060271 0.44189 0.57388 0.24917 0.6962 -0.3728 0.81915 -0.55665 -0.091755 -0.21881 -0.1792 0.44473 0.70122 0.18925 -0.20183 -0.52627 -0.80036 0.00021793 -0.42367 0.57749 -0.79356 -0.59249 0.41298 -0.019188 -0.11403 0.65946 -1.4564 -0.011071 0.85714 0.62414 0.72928 -0.16038 -0.17734 -0.092243 -0.2485 0.80096 -0.5494 -0.11601 0.44709 0.19439 -0.29513 -0.33205 0.33798 0.87012 0.088512 -0.4843 -0.58967 -0.20095 -0.16429 -0.36576
developing -0.54782 0.21716 0.035452 -0.9129 -0.14499 0.33211 -0.020481 0.37017 -0.065371 -2.0769 0.50164 -0.44856 -0.434 0.17657 -0.20974 -0.20047 -0.45657 -0.17709 0.093712 0.068464 -0.4279 0.12027 -0.25502 0.77035 0.30825 0.20447 0.40625 -0.18102 -0.33352 0.034091 -0.11806 0.34 0.18348 -0.09176 -0.34035 -0.18456 0.021705 0.2269 0.41489 0.16631 0.080369 0.17146 -0.07491 0.23707 -0.17032 0.092982 0.22769 0.4835 0.12059 -0.1088 0.51264 -0.57352 -0.036725 -0.21723 -0.44436 -0.0023345 0.37778 0.04924 -0.18206 -0.53305 -0.172 0.065209 0.0063011 -0.28364 -0.24421 0.71754 0.23114 0.53227 -0.3595 0.30233 -0.1785 -0.11939 0.071386 0.12427 0.022129 -0.34598 -0.18001 0.0049414 -0.039864 0.087792 0.22122 -0.067622 -0.33392 -0.19668 -0.073469 0.17904 0.31634 0.080809 0.012314 -0.65095 -0.19037 0.44849 -0.15753 0.26028 0.19368 -0.38781 0.020426 -0.37075 0.16622 -0.091897 -0.63083 -0.048986 -0.56687 -0.2133 0.0023581 0.5378 0.23939 0.15813 -0.53634 -0.45291 -0.14519 -0.30401 -0.39339 0.55545 0.4268 -0.23518 0.16469 0.31227 -0.018694 0.18576 -0.14933 -0.14142 -0.027522 -0.21139 -0.33841 0.035158 -0.2802 -0.33236 0.20066 -0.552 0.40665 -0.21917 0.17506 0.67708 -0.57564 -0.10158 -0.24613 0.13039 0.16666 -0.15297 0.11061 -0.46189 0.45515 -0.50864 -0.11178 0.46903 0.12416 -0.13512 -0.20939 0.088647 0.13271 -0.12127 0.19434 -0.018048 -0.30239 -0.1013 -0.53083 0.55292 -0.082781 -0.31408 -0.13596 -0.054571 -0.09585 -0.37989 0.2186 -0.74276 -0.075821 -0.21517 -0.14151 0.10832 0.16752 -0.010563 -0.51808 -0.31693 -0.17503 -0.36238 -0.14588 0.035941 -0.52198 0.21172 -0.36197 -0.69169 0.25354 -0.086663 -0.12433 0.1731 -0.5229 -0.24889 -0.49696 -0.39462 -0.11886 0.88945 0.11005 0.35359 -0.3229 0.10444 0.51566 0.11225 0.25438 -0.12131 0.24125 0.0061834 0.15644 -0.10781 -0.19066 -0.17719 0.073248 0.084275 0.17173 0.24616 0.43716 -0.21139 0.15831 0.19966 0.15059 0.33063 0.25813 0.40093 -0.19085 -0.039304 -0.20187 -0.34897 -0.24149 -0.027003 -0.11908 0.18862 -0.056347 0.63272 0.086013 0.27448 0.24788 -0.036626 0.43236 0.48669 -0.1411 -0.44611 0.37805 0.22004 0.23375 -0.16773 -0.18396 0.31534 0.23402 0.5504 -0.94623 -0.22151 -0.26013 0.26874 -0.33445 0.10333 -0.077315 0.31113 -0.020109 0.37797 0.25378 -0.17026 -0.20404 -0.22686 -0.23668 0.13445 0.13912 0.050809 -0.15751 -0.04518 0.3937 0.55349 -0.25573 -0.28576 -0.021971 0.13024 -0.11945 0.41793 -0.1869 0.026756 0.18828 0.21527 -1.5781 0.199 0.49677 -0.39798 -0.066055 -0.34191 -0.40786 -0.074168 0.052225 0.010321 -0.2804 0.10129 0.038369 0.021401 -0.45428 -0.85677 0.06807 0.03714 -0.51017 0.9333 -0.60577 -0.45647 0.12208 -0.54896
historic 0.2175 -0.25581 -0.27931 -0.061347 0.086824 -0.1881 -0.0045521 -0.4429 0.1675 -0.79601 -0.17368 -0.36251 -0.12146 0.013613 0.16852 0.29792 -0.24112 -0.13605 -0.094246 -0.25627 0.062293 -0.47487 0.28106 0.76749 0.31954 -0.11259 -0.89378 -0.24665 -0.21113 -0.015136 1.2657 0.2166 -1.4073 0.21139 -0.23896 0.68756 -0.59292 0.095456 -0.45725 -0.2528 -0.082791 0.20392 -0.10393 1.1566 -0.22453 0.4532 0.25617 -0.14975 0.27626 -0.045679 -0.15324 -0.10603 -0.043693 -0.08185 0.5504 -0.13111 0.10288 -0.0087794 0.096116 0.58204 0.37999 -0.098491 0.45229 -0.090994 0.38104 -0.061894 0.16918 -0.026474 0.028773 -0.40431 -0.47679 -0.2438 -0.3067 0.384 -0.28842 -0.45204 0.15942 0.054377 0.079395 -0.17077 -0.31211 -0.048285 0.2482 -0.38694 0.56494 0.33331 -0.51948 0.047961 -0.11905 0.40257 0.63721 -0.30153 0.46664 -0.082615 -0.13169 -0.24497 0.69501 -0.086137 -0.60726 0.26047 -0.39963 0.18896 0.26038 0.33393 -0.06277 0.0637 -0.05617 -0.29856 0.64238 -0.29368 0.030824 -0.16746 -0.35986 -0.14913 0.25863 -0.51675 0.098581 0.46942 -0.034445 0.32626 0.29614 0.28479 -0.020788 0.0069039 -0.27487 0.33908 0.25949 -0.17447 -0.036611 -0.096743 -0.00065496 0.53679 0.1523 -0.46865 -0.025877 -0.11348 -0.33655 0.10255 0.16713 0.045792 0.010288 -0.50764 0.37793 0.75951 0.028468 -0.69817 -0.37907 0.51217 -0.79973 0.12324 0.61928 0.41512 -0.63401 -0.8475 0.19046 0.43172 -0.51109 0.34372 -0.32669 -0.041952 0.25524 0.24893 -0.22513 -0.055657 -0.55949 0.5952 0.68107 -0.39727 0.046979 0.55492 -0.0012401 -0.36964 -0.021952 0.10705 0.54294 0.23262 -0.36695 -0.15761 -0.26452 -0.057722 -0.24854 0.41701 0.58586 -0.44613 -0.19378 0.2005 -0.25467 -0.115 -0.064724 0.74933 -0.012719 -0.1656 -0.39772 -0.03138 -0.084982 0.040697 0.40747 -0.23211 -0.67266 0.24865 0.92788 -0.53725 -0.29491 -0.27 -0.14257 -0.31432 0.011582 0.081784 0.048196 0.60428 -0.15039 -0.36272 -0.42945 -0.002324 0.27693 0.1894 -0.026755 -0.17694 -0.11187 0.25778 0.37532 -0.96377 0.15939 -0.20373 -0.27235 -0.16583 0.28887 0.43402 -0.80121 0.14466 -0.50379 0.031572 -0.23571 0.24446 0.22922 -0.0083697 0.16935 -0.39038 0.083794 -0.12028 -0.52872 0.1892 0.63088 0.037757 -0.41482 0.19788 0.052479 0.36978 0.5649 -0.48905 0.010064 -0.4224 -0.23281 -0.61204 -0.29771 -0.5327 -0.033826 -0.3175 0.36415 -0.21952 -0.22833 0.45256 0.77854 0.1356 0.052416 -0.14916 -0.30167 -0.25748 0.41447 -0.099552 -0.33678 0.36399 0.63529 0.47693 0.24661 -0.15911 -1.6657 0.6463 1.3915 0.32139 -0.01162 0.16016 0.17023 -0.36187 0.093319 0.3893 -0.45188 -0.31632 -0.079537 0.3293 -0.01254 -0.35464 -0.099379 0.30036 -0.25948 0.77091 -0.20023 0.18017 -0.1962 0.3224
egypt 0.42437 -0.34578 -0.52208 0.035195 0.065964 0.22836 0.21803 0.14837 -0.15642 -1.7873 0.029841 -0.014015 0.56515 -0.1339 0.11242 0.12896 -0.21086 0.27778 -0.49442 -0.76953 -0.40626 0.00559 -0.081089 0.058707 0.35832 -0.47672 0.26792 -0.53453 0.028995 0.39969 -0.66118 0.29408 -0.75925 0.23558 -0.18956 -0.61412 0.45309 0.31379 0.18813 -0.3776 0.6871 -0.4439 -0.5812 0.1091 -0.27234 -0.45366 0.23447 0.195 0.11942 -0.088196 -0.084661 0.22095 -0.17032 -0.32498 0.61176 0.28725 0.071707 0.076914 0.41392 0.33526 0.0049765 0.94381 -0.37546 -0.65715 -0.1878 0.19998 0.22445 0.36983 0.52599 -0.4594 0.02238 -0.068756 0.45286 -0.090982 0.47099 -0.33024 0.029996 -0.2676 -0.34636 0.65594 0.30365 -0.45013 -0.43258 0.35448 0.30216 0.41269 -0.3659 0.027691 0.50935 -0.15879 -0.40925 0.24622 0.25073 0.53127 0.14683 0.025514 -0.40724 0.11154 0.18718 0.10649 0.094771 -0.16743 1.0968 -0.66929 -0.065834 0.1011 0.10588 0.32141 0.068869 -0.49936 0.62662 -0.039473 -0.13978 -0.5469 0.34824 -0.45308 -0.27886 0.45708 0.85348 0.01164 -0.66702 -0.21572 -0.41176 -0.76821 -0.019857 0.89853 -0.034353 0.17599 0.87369 -0.34499 0.42071 0.27315 0.52973 -0.052399 -0.52731 -0.28629 -0.066599 0.15901 -1.0351 -0.05219 0.15864 -0.16231 -0.66557 -0.1903 -0.41717 -0.52237 -0.13288 -0.56038 -0.4258 -0.2686 0.14 -0.19165 -0.30741 0.09296 -0.26063 0.18757 0.47951 0.31485 0.13016 0.13594 0.045771 0.49516 0.31764 0.6115 0.38244 -0.39904 -0.089233 -0.34295 -0.30479 -0.16732 -0.13419 0.41033 0.36387 -0.51634 0.3068 0.73703 -0.4963 -0.17761 -0.37645 0.57434 -0.001905 0.41918 -0.42251 0.278 0.016477 0.28708 -0.83678 0.45256 -0.36839 -0.41815 0.44752 0.037308 0.22778 -0.24532 0.19996 0.027483 0.48916 -0.59458 -0.011419 0.2579 0.93137 0.14157 -0.26319 0.36234 0.30655 -0.33569 -0.0065105 -0.02457 0.47577 -0.21438 0.08854 -0.14637 0.20938 0.36163 0.1247 -0.47571 -0.1131 -0.54497 0.22354 0.24958 0.61513 -0.18734 0.22036 0.051248 -0.080517 -0.046919 0.051384 0.14147 0.38512 0.070639 -0.58113 -0.26423 0.22433 0.10489 0.49901 0.47447 -0.50181 -0.4417 0.65938 -0.54264 -0.40318 0.50356 -0.093348 0.33578 0.72746 -0.50074 -0.10407 0.13922 -0.20988 0.015723 0.2777 0.45026 -0.042818 0.3112 0.11733 -0.16498 -0.5295 -0.13678 -0.74485 -0.080072 0.031244 -0.39466 0.21975 -0.54921 -0.1963 0.23613 -0.21014 -0.44509 -0.35465 0.27107 0.066066 0.29135 0.53955 0.36335 -0.29088 -0.51106 -1.7369 -0.25056 0.63241 0.20631 0.51166 -0.11536 0.24032 -0.46545 0.34271 -0.045494 0.77213 0.49271 -0.06827 0.33274 -0.77492 -0.016751 -0.30365 0.63678 0.089955 0.46137 -0.0166 -0.62744 -0.057463 -0.30536
winter -0.41479 -0.24125 -0.1271 -0.012053 -0.11727 0.72648 0.033299 0.5252 -0.66962 -0.58871 -0.042836 -0.017162 -0.18618 0.36981 -0.64975 -0.38556 0.19607 -0.036555 0.23789 0.28025 -0.45794 -0.07364 0.21564 0.10202 0.4322 -0.52985 0.63621 0.0022845 -0.21978 0.18129 0.59264 -0.12451 -0.45041 -0.21814 -0.78069 0.060971 -0.10755 0.037414 -0.30017 0.15998 0.15731 -0.25682 -0.011388 0.092761 0.13297 -0.036888 0.054189 0.21944 0.071847 0.751 -0.23261 0.12458 -0.13296 -0.67829 -0.051161 0.50487 -0.060391 -0.54386 0.45634 0.7716 -0.5972 0.21869 0.18493 -0.56412 -0.65987 -0.31406 -0.71559 -0.029538 -0.12761 -0.43585 0.045866 0.27589 -0.88438 -0.25475 -1.2342 -0.15906 -0.0085039 0.053406 0.090173 -0.042772 0.13727 0.53861 -0.41912 -0.21777 -0.0016614 0.082489 -0.27432 0.050298 -0.19897 -0.029378 -0.16271 0.023964 0.02402 -0.9653 0.32966 0.51101 0.2027 -0.16338 0.10515 0.41682 -0.063475 -0.27447 -0.60174 0.62367 -0.64907 -0.052713 -0.074254 0.12916 -0.16883 0.62687 0.18287 -0.1061 -0.20396 -0.030747 -0.2515 -0.43846 -0.057712 0.11765 0.033037 -0.37145 -0.622 -0.31028 -0.20525 0.29458 0.44538 0.74711 -0.01601 0.33967 0.30595 -0.5495 -0.41989 0.88764 -0.063047 -0.022884 0.22315 0.1496 -0.56987 0.39052 0.23703 0.20091 -0.13731 0.3637 -0.31053 0.18279 -0.55555 0.62673 0.88297 -0.17578 0.19173 0.30023 0.35503 0.055892 -0.17421 -0.35756 0.68463 -0.61863 -0.35285 -0.15913 -0.51747 0.14048 0.065306 -0.71464 0.080569 -0.12802 0.13787 0.5685 0.12135 -0.07352 1.0605 0.12567 -0.22974 0.64334 -0.78992 0.39132 0.18564 0.96598 0.99109 -0.40213 -0.14521 0.65602 -0.31797 -0.091843 -0.070249 0.12095 0.50308 0.64516 0.25715 -0.27652 -0.8948 -0.22238 -0.39924 -0.07447 -0.34954 -0.54198 -0.55665 -0.096938 -0.041452 0.01978 0.24625 0.37819 0.78463 -0.15273 0.16713 0.13797 0.20597 -0.33258 -0.14308 0.091716 -0.042729 -0.22833 0.096952 -0.3043 0.25677 0.0038295 0.077202 -0.23962 0.59321 -0.19897 -0.028948 -0.56017 1.2142 -0.63047 -0.26605 -0.067647 0.24868 -0.042323 -0.027628 0.16891 0.15156 -0.62064 0.15188 0.016854 0.33533 -0.61666 -0.13022 -0.20971 0.09896 -0.50366 -0.039126 -0.12493 -0.31644 -0.022413 -0.29159 -0.23462 -1.0188 -0.32395 -0.0094136 -0.065443 -0.27668 -0.36638 -0.21689 0.70635 0.07405 0.072716 0.49498 -0.11984 0.3203 -0.42408 0.057664 0.16363 -0.43647 -0.37383 0.062902 0.28111 -0.28589 0.074298 0.12767 0.23681 0.56204 -0.11842 0.11248 0.13011 -0.44849 0.071215 0.42721 0.047241 -1.8658 -0.49583 -0.081516 -0.039403 -0.4658 -0.35109 0.27064 0.26885 -0.11566 0.30825 0.19084 0.40638 -0.43665 -0.45179 -0.30782 0.087335 -0.25693 0.4169 -0.22599 -0.2519 0.17245 0.25723 0.38346 0.22274
weather 0.00063356 -0.69905 -0.46073 -0.35941 -0.60709 0.090416 0.41934 0.92426 -0.16329 -1.8146 0.57133 -0.050636 0.52338 -0.017476 -0.20493 -0.55718 0.4052 0.21852 0.6853 0.36806 -0.18095 0.055776 0.2825 0.12982 -0.30704 -0.049717 0.39464 0.35294 -0.3749 -0.25371 0.64686 0.11146 -0.45308 -0.13463 -0.80846 -0.035818 -0.47823 -0.20311 -0.28195 0.36416 -0.092877 0.13259 0.49033 0.071475 -0.045327 -0.13004 0.28188 -0.11206 -0.095008 0.042074 0.10676 -0.061614 0.14599 -0.76955 -0.78879 0.52215 0.22236 -0.22662 0.43242 -0.025158 -0.43254 0.34871 0.27692 -0.31939 -0.78581 0.099429 0.50943 0.39646 -0.51647 -0.20261 -0.10553 0.67367 -1.1357 -0.44706 -1.0095 -0.37143 -0.48194 0.55891 -0.45517 -0.27613 -0.05997 0.23941 -0.53741 0.45097 -0.50153 -0.027616 -0.018743 -0.016631 0.12459 0.22974 -0.23999 0.4303 0.018229 -0.70674 -0.12874 1.2572 -0.070978 -0.11834 -0.10571 0.3069 0.0556 0.15858 -0.12464 0.5035 0.34968 0.60005 -0.26937 0.26819 -0.17268 0.43417 -0.11306 -0.52995 -0.029155 0.28291 0.34004 -0.53445 -0.056507 0.081794 0.34618 0.027349 -0.10708 -0.60293 0.21082 0.14392 -0.17343 0.66543 -0.064294 -0.25012 0.55268 -0.21449 -0.181 1.221 -0.37175 -0.2858 0.22765 -0.44061 -0.043579 0.39772 -0.16847 0.12915 -0.89418 0.58994 -0.1763 0.34312 -0.76356 0.35674 0.025853 0.40325 0.62064 -0.54936 0.039236 -0.38056 0.26293 -0.41371 0.48696 0.18634 -0.046343 0.30147 -0.046014 0.33896 -0.29181 -0.94876 -0.046359 -0.3354 0.54864 0.23231 0.53748 -0.22208 0.007119 0.48042 -0.17737 0.64833 -0.578 0.53096 0.26224 0.18724 0.45914 -0.62096 -0.23271 -0.20499 -0.15452 0.12834 0.72048 0.20501 0.078351 -0.21219 0.88287 -0.28977 -1.0834 -0.45507 -0.83128 0.36583 -0.2686 -0.34114 -0.28132 -0.32172 0.30991 -0.074635 -0.21773 -0.29499 0.26324 -0.31983 -0.028769 0.56283 0.44655 0.018888 -0.61496 0.28466 0.030315 -0.37435 -0.16388 -0.18781 0.10561 -1.1071 0.1601 -0.51247 0.21632 -0.16612 0.54576 -0.055939 1.1416 -0.42471 0.018505 -0.10272 0.18054 0.32158 0.37287 -0.32486 0.39595 0.022431 0.75167 0.21841 0.3174 -0.77411 -0.53552 -0.1787 -0.24988 -0.1142 -0.0028609 0.3459 0.053786 0.23128 -0.44342 -0.3839 -0.40916 0.0032468 -0.52921 -0.16157 0.14567 -0.15089 -0.37643 0.14496 -0.083319 0.087036 0.46757 0.39552 -0.036098 -0.35148 -0.27083 -0.011878 -0.2927 -0.20119 -0.26343 0.38247 -0.29954 0.19095 -0.43912 -0.010302 0.64433 -0.53857 0.46802 0.4796 -0.046572 0.10603 0.21336 0.18047 -1.3803 0.13278 0.048044 0.22586 -0.73516 0.08587 0.34663 0.16169 0.35741 -0.5325 0.24333 -0.14483 0.031673 0.041205 -0.11508 0.05497 -0.51857 0.14039 0.06329 0.04375 -0.65849 0.22752 -0.074216 0.2593
thailand -0.02656 -0.20648 -0.0068051 0.18777 -0.21811 -0.40351 0.5852 0.78002 -0.16901 -1.3478 0.7411 -0.13551 -0.47471 0.26187 0.23999 -0.25645 0.25022 0.53422 -0.13433 -0.67409 -0.32446 0.072551 0.064634 -0.4722 -0.94598 0.084134 -0.43411 -0.33834 0.44604 0.031347 -0.052982 -0.022056 -0.041513 0.47323 -0.26606 0.23067 -0.015907 -0.55226 0.0085838 -0.14319 0.32287 -0.59219 -0.26734 0.2648 0.010558 -0.92394 0.18843 -0.37446 -0.21815 0.068932 0.10694 -0.15786 0.85718 -0.4401 0.053298 0.20903 0.10443 0.30644 -0.91721 -0.36359 -0.18648 0.14579 -0.68738 -0.15183 -0.19831 0.15501 -0.089004 0.4062 -0.25954 0.13942 -0.74804 0.77934 0.132 0.27502 0.40674 0.2753 0.37358 -0.30323 0.21409 -0.11864 0.47763 -0.3947 -0.67622 0.26942 0.13568 -0.36374 -0.27494 -0.8174 0.072272 -0.78383 -0.38832 -0.20452 -0.41823 -0.28302 0.88215 -0.090226 0.022325 0.070972 0.27834 -0.12289 0.34517 0.14154 -0.14001 -0.32525 -0.030019 0.11487 -0.043077 0.55527 -0.25493 0.64314 0.60858 -0.82276 -0.37444 -0.44395 0.87694 -0.18754 0.7057 -0.23115 -0.0037339 -0.23551 -0.13659 -0.044173 -0.5541 -0.11245 -0.50151 0.74055 -0.36537 -0.043045 0.1803 -0.052446 0.040778 0.66353 0.39838 0.24123 -0.41471 -0.77549 -0.028441 -0.16549 0.10143 0.13591 -0.11749 0.37486 -0.30732 -0.31185 -0.46015 -0.069737 0.014023 -0.18861 -0.21745 -0.098163 0.40103 -0.099298 -0.10108 0.68147 0.11928 0.29128 -0.5962 0.046494 -0.11921 0.1549 -0.16991 0.41187 0.38987 -0.13129 0.2707 -0.37168 0.43979 0.13053 -0.41279 -0.39037 -0.39673 0.0046809 -0.32144 -0.13207 -0.63573 0.10788 0.099941 0.14964 0.00084152 0.77886 -0.79893 -0.11567 -0.42247 -0.11928 -0.085629 -0.040083 -0.39126 0.91142 -0.11253 -0.2027 -0.26326 0.16789 -0.64675 0.44052 0.17242 0.017964 0.51627 -0.11628 -0.10287 0.029385 0.89588 0.36107 -0.70758 0.046572 -0.47758 0.6891 0.48811 -0.13017 -0.48915 0.079617 -0.36522 -0.095398 0.28334 -0.029504 0.39168 -0.10477 -0.45721 -0.54829 -0.076264 0.42708 0.54965 -0.58038 -0.26336 -0.3762 -0.3674 0.15664 -0.023432 0.035229 -0.22557 -0.099054 -0.38238 -0.30338 0.23069 -0.049398 0.4101 0.12398 0.30573 -0.004498 0.44213 0.32809 0.16295 0.77675 0.13898 0.73994 0.57307 -0.091212 0.5797 0.3067 -0.52057 0.081165 0.0078324 -0.52144 -0.47827 -0.023755 -0.17244 -0.38048 -0.15847 0.41785 -0.24573 -0.043123 0.056394 0.30799 -0.12382 -0.098153 0.2101 -0.44993 0.17191 -0.17311 -0.1337 -0.17489 0.19012 0.15008 0.49673 0.26535 0.042655 -0.0075746 -1.3381 -1.0208 0.48426 0.39183 0.23738 -0.40437 -0.19084 -0.50529 -0.31733 -0.52302 0.13929 0.7398 -0.40632 0.33412 -0.0927 0.39902 -0.28247 -0.2747 0.13548 1.2366 0.25116 -0.3893 0.31622 -0.16764
greek 0.82657 -0.29865 0.07558 0.40798 0.52812 -0.24521 -0.32046 -0.14184 -0.14875 -1.5839 -0.75127 0.21285 -0.41018 0.72359 0.93746 0.097644 -0.0047138 -0.0091435 0.092461 -0.83661 -0.57115 -0.061553 0.23733 0.25303 0.52993 -0.047081 0.2311 -0.12459 -0.10766 0.60837 -0.17745 0.54937 -0.61319 0.50382 -0.40873 -0.21537 -0.22097 -0.2829 0.21365 0.4142 0.041959 -0.94906 -0.72225 -0.73378 0.13391 -0.15722 0.58332 0.42854 -0.58484 -0.036068 -0.23733 -0.13497 0.58616 -0.36209 -0.33679 1.0085 -0.36937 0.8116 0.25288 0.12723 0.46363 0.87543 -0.57245 0.21332 -0.33266 -0.14597 -0.49531 0.15915 0.11197 -0.12579 -0.18652 -0.21026 -0.34728 -0.0454 -0.94188 0.46089 0.71824 -0.18697 -0.14976 0.14933 -0.072662 0.15736 -0.32216 -0.017531 0.64933 0.53514 -0.024452 0.7221 0.13314 -0.43175 -0.14739 -0.38802 -0.6179 -0.18716 0.42956 0.60887 0.16934 0.63785 -0.38779 -0.26294 0.10483 0.28722 0.23204 -0.28451 -0.14322 0.057991 -0.25266 -0.77067 0.24248 -0.02124 0.065851 0.40812 0.18694 -0.13664 -0.34788 -0.42226 -0.53958 -0.23657 0.13815 -0.87822 -0.15733 0.6637 -0.45272 0.37947 -0.12822 0.55328 0.824 0.45794 0.19615 0.089364 0.18417 0.53505 0.31317 0.0014062 0.5276 -0.46037 0.070227 -0.18929 -0.46287 -0.52718 0.012278 -0.49642 -0.61394 -0.41397 0.20567 -0.012332 -0.13861 -0.19054 0.047762 -0.27377 0.49817 -0.031777 0.17614 0.89611 0.3962 0.51724 -0.55208 0.93944 0.043985 -0.39957 0.38837 0.58585 0.39591 0.28128 -0.81918 -0.40645 -0.56069 0.97683 0.41608 -0.33264 -0.20091 -0.39835 -0.2546 0.76042 0.34381 -0.21676 0.27887 -0.52393 0.68497 0.15948 0.54018 -0.30912 0.089027 -0.1706 0.3362 -0.1188 -0.98251 -0.044379 0.87154 0.2884 -0.45204 -0.09526 -0.044558 -0.05638 0.54977 -0.75146 0.22459 -0.29244 -0.72589 0.84589 0.46225 0.44064 -0.094398 0.17197 0.82814 -0.77442 -0.17902 -0.4828 0.21964 0.42693 0.070037 0.8698 -0.47305 0.30304 0.277 0.026719 0.68292 -0.20091 -0.2407 0.14166 0.93825 0.28153 0.36028 -0.326 -0.4888 -1.103 -0.17916 -0.33453 -0.077668 0.53332 -0.14159 0.24208 -0.49904 0.28932 0.20135 0.38585 -0.59372 -0.40319 -0.07582 0.049447 0.63459 0.12231 0.93648 -0.30831 0.23214 0.15782 -0.54907 0.5852 -0.62541 0.75024 -0.17607 0.85575 0.28261 0.39563 0.087594 0.1285 -0.60937 0.29585 -0.013531 0.06092 -0.40658 -0.11258 0.45259 0.044962 0.2191 -0.099754 0.10552 0.13314 -0.13506 -0.91509 0.2479 0.35284 -0.053649 0.0040127 0.20126 0.32451 -1.1566 0.13004 0.32454 -0.12652 -0.14377 0.10756 0.21754 0.22789 0.63206 0.061938 -0.63312 -0.33389 0.72523 0.083078 0.15699 0.08483 -0.49036 -0.61838 0.18653 0.30074 -0.15352 -0.32297 -0.59302 0.087167
hot 0.3288 -0.046984 0.33489 0.21606 -0.03484 0.03689 -0.13912 0.30544 0.017827 -0.94185 0.56207 -0.23903 -0.38345 0.22442 0.31431 -0.14757 -0.33857 -0.032335 0.38577 0.51417 -0.10104 0.9703 -0.17523 -0.0268 -0.58423 -0.095373 0.30629 0.20535 0.18493 -0.47431 -0.55566 0.092829 -0.74764 -0.41226 -1.0997 0.38345 -0.30985 0.19004 -0.010501 0.29417 0.19162 0.054437 0.23781 0.33292 0.5794 -0.040302 0.21489 0.04086 -0.60903 0.22243 -0.28158 -0.51196 -0.0013399 -0.06991 0.08549 0.012602 -0.46576 -0.44349 0.39158 -0.064316 0.11983 -0.24634 0.25433 0.19356 -0.060121 0.048043 0.32778 0.71067 -0.73636 0.31197 0.3061 0.31584 -0.13977 -0.0090686 -0.46477 -0.23078 0.37802 0.12386 -0.40304 -0.87538 -0.4126 -0.62883 -0.5314 -0.42156 -0.15517 -0.27471 -0.3583 0.34314 -0.13571 -0.56489 0.28996 0.22911 -0.18512 -0.055642 -0.2705 0.78459 0.037037 0.2274 -0.15031 0.055999 -0.44438 -0.35283 -0.37387 -0.28655 -0.3097 -0.19135 -0.20775 0.38 -0.45129 0.12852 0.29034 -0.084667 -0.29074 -0.21851 -0.41496 -0.73156 -1.0499 0.42489 0.58605 -0.3096 0.36694 -0.35656 -0.13121 -0.059922 -0.18607 0.028019 0.010095 0.044858 -0.085094 -0.063539 0.68844 0.71848 0.033822 0.057835 0.084182 -0.55898 -0.50818 0.62215 0.011976 0.098794 -0.28582 -0.43447 -0.0057537 0.063465 -0.40672 0.10894 -0.033032 0.1817 0.54947 -0.34604 0.60272 0.26386 -0.13838 0.051375 0.40671 -0.51584 -0.13882 -0.07903 -0.028979 0.12338 0.36147 -0.71722 -0.10694 -0.21471 0.16646 -0.044813 0.34465 0.37952 -0.04603 -0.29294 0.21865 0.77594 -0.77769 -0.0047868 -0.34625 0.014563 -0.010675 0.0019284 0.40068 -0.025626 -0.21622 0.049331 0.21331 -0.0074555 0.040174 -0.37452 1.2891 0.0096964 -0.39653 -0.8188 0.73035 0.35226 -0.45536 -0.062968 -0.44422 -0.5287 -0.36973 -0.20141 0.024503 0.067109 0.76123 -0.31175 0.77182 0.30718 0.32033 -0.088424 -0.10531 -0.01187 -0.21853 0.13067 -0.29686 -0.33408 0.27236 -0.21792 0.45692 -0.21728 0.42523 -0.27406 0.38345 -0.32684 0.26374 0.014038 0.008764 -0.37162 -0.41537 -0.12267 -0.42543 -0.28107 -0.11093 0.62118 0.06405 -0.49296 0.094773 -0.50042 -0.03349 0.14137 -0.64919 0.096195 -0.62702 -0.16806 -0.38306 -0.10274 -0.35693 -0.088125 -0.096077 -0.24631 0.29654 -0.22763 0.17257 -0.16969 -0.4256 -0.86436 -0.34338 0.035046 -0.19573 -0.04568 -0.25478 -0.14701 -0.25459 0.27703 -0.40987 -0.53568 -0.29549 -0.76389 -0.23502 -0.032306 -0.52798 0.20169 0.60618 -0.21061 -0.42431 -0.59287 -0.0045014 0.12113 0.35266 0.496 -1.9549 0.20048 -0.88489 0.27089 -0.50223 -0.33092 -0.019523 0.29931 -0.46232 0.16841 0.17171 0.025326 0.10683 0.33336 -0.61852 0.48878 -0.28868 0.48838 0.11579 0.12101 0.0557 -0.13339 -0.34298 0.71519
turkish 0.49777 0.28584 0.69037 0.38298 0.23411 -0.78854 -0.1479 -0.063574 0.11602 -1.627 -0.26591 -0.17554 -0.020873 0.5178 0.73213 0.61486 0.041657 0.050237 -0.23425 -1.0794 0.52785 -0.21426 -0.06146 0.42691 -0.66455 -0.51539 0.74946 -0.010197 0.19683 0.091218 -0.31657 -0.052828 -0.14092 -0.11358 0.2203 -0.23193 0.026032 -0.12245 0.29399 0.55721 0.11439 -0.47564 -0.63316 -0.84776 -0.065314 -0.14817 0.4745 0.10082 -0.43963 0.6268 -0.16854 -0.49697 0.1762 -0.51835 -0.31062 1.0714 -0.43195 0.25422 0.0075383 0.82921 0.072552 0.66308 -0.82425 -0.80663 -0.89717 0.041974 -0.034835 0.33083 -0.05373 0.10541 0.69357 -0.14391 -0.25447 0.16692 0.11376 0.24358 0.79566 -0.060046 0.11028 0.19575 0.20077 -0.23696 0.12045 -0.52459 0.84932 -0.0283 -0.26495 0.01755 0.31258 0.27303 0.017102 -0.035668 -0.33554 0.85414 0.14161 0.92313 -0.68126 0.13996 -0.45736 -0.25344 0.22452 0.024589 0.32376 -0.4906 -0.74692 0.18333 0.2068 -0.2382 0.46466 -0.40958 0.48532 0.55185 -0.073141 -0.39589 -0.12436 0.14312 -0.27339 0.19804 0.14745 -0.72837 0.071653 0.69677 0.35948 0.67584 0.25932 0.56023 0.84258 -0.07421 0.39359 -0.11984 0.09538 0.56079 -0.018051 -0.04364 0.58761 -0.037383 -0.0078583 0.1208 -0.46165 -0.54418 0.30984 -0.70523 -0.40098 -0.47024 -0.013497 -0.41678 0.13822 -0.2634 -0.64805 -0.020925 0.58185 0.23518 0.26188 0.78985 0.41151 0.60639 -0.24343 0.34592 -0.13133 -0.66947 0.32359 0.57218 0.075241 0.47779 -0.56883 -0.23685 -0.10244 0.38695 -0.10518 -0.10858 0.40935 -0.62154 -0.36661 0.18743 0.24359 0.23722 0.10303 -0.42372 0.43608 0.51357 0.19216 -0.48194 -0.081121 -0.0035593 -0.093805 0.31112 -0.6117 -0.010137 0.48972 0.21101 0.3205 -0.26905 -0.0054602 -0.31318 0.24771 0.15583 -0.25495 -0.1105 -0.43063 0.62611 0.73823 0.78291 -0.47801 0.04293 0.56666 -0.11026 -0.0058487 -0.23275 0.094048 0.39194 -0.20367 0.5516 -0.15458 0.43531 0.91568 -0.00057994 0.68489 0.12049 -0.3441 0.76101 1.1967 -0.083073 0.46818 -0.1692 -0.23928 -0.75188 0.22883 -0.69531 -0.19158 -0.12026 0.38708 -0.13112 0.029407 0.49946 0.59072 0.29271 -0.35772 -0.28929 -0.019544 0.12812 0.03878 0.055293 0.57462 -0.3725 0.77854 0.52212 -0.064882 0.3936 0.071794 0.25368 -0.497 0.17225 0.28927 0.079357 0.47261 0.090678 -0.36656 0.13596 -0.33648 0.22749 0.22838 -0.27176 0.21306 -0.19136 0.47572 -0.62812 -0.16699 -0.13704 0.13045 -1.1174 0.46867 -0.037503 0.085963 -0.57409 0.13675 0.0014745 -1.1196 0.92834 0.35711 0.33077 -0.2179 -0.25085 0.74819 -0.40861 0.74495 -0.28136 0.077224 0.052731 0.33689 0.51879 -0.11555 -0.1857 -0.41493 -0.32455 -0.48552 0.84941 -0.40331 -0.59019 -0.87068 0.265
dutch 0.2087 -0.27813 -0.41108 0.53485 0.36756 -0.014206 -0.19431 -0.31741 -0.39455 -1.1016 0.047706 -0.28855 -0.27661 0.037382 -0.069368 0.23855 0.49385 0.19467 0.2049 -0.5826 0.45483 -0.14289 0.66979 0.38252 -0.39227 -0.18089 -0.19999 0.81214 -0.50519 0.66109 -0.41455 0.17439 0.3198 0.22485 -0.27747 -0.48747 0.7812 0.08908 0.16198 0.71334 -0.12314 -0.35413 0.24438 -0.39361 0.43202 -0.19822 0.17033 -0.4272 -0.088179 0.4702 0.16114 0.26189 0.42102 0.058423 -0.27288 0.40008 -0.057473 -0.032916 0.073078 0.48223 -0.32094 0.14269 0.072865 -0.38331 0.14261 0.1836 0.32132 -0.35865 -0.33906 -0.56417 -0.095631 0.41683 -0.37033 -0.44705 -0.40095 0.31576 0.96716 -0.089942 -0.039367 0.063127 -0.31778 0.33547 -0.19013 0.25776 0.38605 -1.0085 0.45144 -0.055047 -0.43927 0.45676 -0.45981 -0.064769 -0.018467 0.17382 0.34686 -0.13641 0.2135 -0.56763 -0.49731 -0.46567 -0.42957 -0.33643 0.57093 -0.38472 0.0055863 0.22984 -0.51573 -0.36323 0.36512 0.89689 0.95878 -0.26951 -0.013543 -0.33043 0.52084 0.28875 0.028403 0.18294 0.13904 -0.13987 -0.08527 0.21652 0.093081 0.080098 -0.208 0.77457 0.27077 0.48066 -0.18865 0.11262 0.63392 0.13661 -0.45949 0.32757 0.73433 0.098818 0.7548 -0.087429 0.1698 -0.17842 0.44385 0.45791 0.22009 0.53485 0.012204 0.27653 0.90245 0.52129 -0.0185 0.54921 0.50553 0.039917 0.083155 -0.07692 0.81947 0.82801 -0.83296 0.24976 -0.19808 -0.35538 0.026188 0.36812 0.22634 0.13808 -0.059531 1.0601 0.17268 0.14472 0.38122 -0.29975 0.42156 0.085183 -0.76942 -0.35532 0.50321 0.020322 0.11113 -0.6216 -0.13641 0.41423 -0.22642 -0.19803 0.17782 0.12047 0.31954 -0.83525 -0.71209 -0.011069 0.28212 0.37146 0.34202 -0.27697 0.36681 0.20029 0.097172 0.037073 -0.35159 -0.14545 0.024426 -0.13669 0.81694 0.73482 -0.58833 -0.26956 0.089312 -0.7134 -0.21207 0.049948 -0.11198 0.52295 -0.024437 -0.18467 0.044007 0.15417 -0.13337 0.54405 0.082226 -0.23521 0.38532 -0.30219 1.0758 0.0098075 -0.060067 0.089978 -0.62259 -0.47284 -0.3883 -0.027414 0.54121 -0.36964 0.2618 0.33502 -0.12859 0.83672 -0.016664 0.064927 0.31108 0.14933 -0.59955 -0.33286 -0.0085163 -0.22471 0.40939 -0.1477 0.31306 0.60695 -0.32964 -0.069839 0.40255 -0.52155 0.2114 0.13998 -0.0046137 0.33318 0.65516 -0.23619 0.40948 0.11334 -0.42709 0.17212 0.14055 -0.046685 -0.024712 0.27524 0.33569 0.083701 -0.42993 -0.24032 -0.054273 -0.74744 0.048143 -1.0746 -0.24769 -0.3681 0.2522 0.40123 -1.1776 -0.55991 -0.226 0.73476 -0.49475 -0.15505 -0.13569 -0.55968 0.19535 -0.18834 0.13898 0.10352 0.075892 0.19273 -0.079696 0.03617 -0.62769 -0.63358 0.39158 0.63616 -0.35027 0.0092923 0.07812 -0.32442
cultural 0.28932 -0.58524 -0.33024 -0.18451 0.32502 -0.38629 -0.36218 0.11774 0.29948 -1.5106 0.43737 -0.13694 -0.45148 0.3388 -0.20655 -0.69236 0.37118 0.10839 -0.47231 0.14786 -0.44328 -0.12222 0.19881 0.10418 0.037127 -0.25135 -0.41693 0.090347 -0.058252 0.4735 0.53742 0.23982 -1.0387 0.24275 -0.066247 0.3712 0.29242 0.034703 -0.13667 0.00443 0.47494 -0.35145 0.18564 -0.29389 0.024572 0.35336 -0.011836 0.22241 -0.63727 0.24925 -0.16231 -0.54842 -0.1589 -0.93877 -0.24554 0.27118 -0.27132 -0.46208 -0.00048403 0.06333 0.047605 0.45002 0.31138 -0.40298 0.16853 0.56671 0.29477 0.67588 -0.16027 0.015585 -0.79706 -0.46919 0.29501 -0.21194 -0.015241 -0.17946 0.15164 0.04958 0.4977 -0.10273 -0.55338 -0.57553 -0.37481 -0.52467 0.27157 0.148 0.46865 -0.31769 -0.035342 -0.035644 -0.25827 -0.37742 -0.098445 0.37255 0.13053 -0.08974 0.70718 0.4844 0.0039656 -0.13297 0.26464 -0.32661 -0.15412 -0.24513 0.19571 0.16372 -0.14336 -0.17958 0.090544 0.45031 0.36018 -0.53909 0.35014 -0.16126 0.12812 0.18195 -0.085052 0.10262 0.016296 0.13897 0.91563 0.42159 -0.27778 0.16232 -0.059293 -0.0769 0.024653 0.1055 -0.24416 -0.31621 -0.070102 -0.51096 0.16205 -0.82902 -0.31945 -0.66397 0.034492 0.25935 -0.03144 0.73671 -0.48206 -0.2477 0.4826 -0.20746 0.55058 0.002032 0.083295 0.10405 -1.1027 0.2735 0.58252 0.44861 -0.18367 -0.42282 -0.17238 -0.084249 -0.33668 0.25933 0.18247 0.2313 0.47811 0.41577 0.18788 -0.34307 -0.28719 -0.38043 -0.095267 -0.56858 -0.065875 0.48004 -0.037323 -0.50976 -0.82342 -0.0032513 0.68933 -0.0030318 -0.47975 -0.3401 -0.29827 0.26187 -0.29775 0.19823 -0.050095 -0.093728 -0.094675 0.60578 -0.23015 0.28271 -0.20814 0.016021 0.079378 -0.35828 -0.23284 0.11754 -0.22043 0.278 0.0041963 0.1921 -0.14426 0.5254 0.60977 -0.14375 0.06588 0.58185 0.2375 -0.12541 -0.046036 0.23813 0.23176 0.31765 -0.15766 -0.068 -0.14463 0.27304 -0.14041 0.31835 0.055415 0.11041 0.014896 0.98498 -0.42338 -0.10144 -0.098921 -0.53285 -0.12777 -0.23889 0.50177 0.28655 -0.35927 -0.094143 -0.076218 0.051544 -0.35334 -0.29026 -0.25647 0.27436 0.37118 -0.68071 0.011705 -0.070826 -0.34438 0.038387 0.69605 -0.16898 -1.5658 0.7312 -0.27936 -0.062092 0.30597 0.65052 0.42831 -0.067939 0.42521 -0.10109 -0.33801 -0.052604 0.097531 -0.99333 -0.46128 -0.21684 0.34542 -0.12129 0.93632 0.041955 0.243 -0.51109 -0.6794 0.50526 0.28367 -0.19618 -0.10959 -0.15335 0.38112 -0.045847 0.61716 -0.27486 -1.5525 0.038497 1.1492 0.012098 -0.44014 -0.093163 0.20024 -0.63947 0.45038 0.19141 -0.18988 -0.31009 0.57172 0.48958 0.44263 -0.41215 -0.65998 0.15751 0.13613 0.32872 -0.18147 0.33135 -0.25603 0.0025509
ice -0.28546 0.2622 0.047042 -0.1953 -0.27882 -0.021655 -0.095099 0.21141 0.11074 -0.62595 -0.46075 -0.6429 -0.39648 0.0845 -0.27792 0.17378 0.16035 -0.0075999 -0.59577 1.194 -0.12413 0.15529 0.16868 0.46606 -0.22437 0.34229 -0.049271 -0.03893 -0.78813 -0.010598 -0.1764 0.15536 0.0085216 -0.3413 -1.1271 0.60128 0.11289 0.4517 0.63423 0.16797 -0.79158 0.24709 0.39907 0.56571 -0.8124 0.12135 0.67737 0.029109 -0.021738 0.54761 -0.19485 0.14618 -0.55864 -0.56999 -0.021345 0.56797 0.14474 -0.034065 0.95711 0.60546 0.1214 0.65964 0.079161 -0.64603 -0.58474 -0.08964 -0.8789 0.59782 -0.67103 -0.23485 0.55121 0.2851 -0.65053 -0.028214 -0.56635 -0.62144 0.26037 -0.77007 0.17506 -0.2169 0.00079898 0.088475 -0.22026 -0.40434 -0.39182 -0.2817 0.32775 0.037759 -0.67202 -0.14929 -0.15168 0.49751 0.077627 -0.36626 -0.089147 0.29073 0.028034 -0.5589 -0.01332 -0.37955 0.50849 0.25264 -0.027399 -0.30326 -0.37638 0.17503 0.25336 0.032057 -0.32424 0.68351 -0.080722 0.042859 0.18594 -0.52402 -0.11776 -0.042535 0.2552 0.20552 -0.33355 0.11388 -0.088525 0.033066 0.040192 -0.38932 -0.10941 0.11796 0.20632 0.17017 0.38714 -0.090197 -0.39364 0.81821 0.020989 0.15178 0.6746 1.0654e-05 0.098708 0.40537 -0.32148 0.037088 0.48675 0.066359 -0.49908 0.34177 0.23075 0.42805 0.36429 0.14173 -0.15953 -0.35702 0.43266 0.075624 -0.13559 -0.1654 0.66528 -0.38987 -0.4727 -0.41472 0.30077 -0.21101 0.33427 -0.50043 -0.0032164 0.020513 0.44489 0.71074 0.3723 0.71312 0.57569 -0.017614 0.16195 0.098529 -0.19133 0.073682 -0.066282 0.37288 0.35856 -0.24289 0.205 -0.14849 -0.29085 -0.22433 0.62278 -0.39847 0.4784 -0.84137 0.93308 -0.44898 -0.11825 -0.29745 0.5526 0.56343 0.040763 -0.16187 -0.40325 0.2528 -0.45189 0.0050021 0.46773 0.47979 1.2833 -0.11958 0.4236 0.34473 -0.40543 -0.059291 -0.037435 -0.35148 -0.29091 0.10168 -0.076103 0.45206 -0.30126 0.45495 -0.24485 -0.50585 0.24249 -0.077635 -0.41007 -0.44086 0.93553 0.43389 0.39028 -0.5944 -0.51763 0.12597 -0.60527 0.11205 -0.077432 -0.1906 0.68406 -0.024775 0.33697 -0.89565 0.10716 -0.087503 -0.52026 -0.022584 0.44621 0.15815 -0.39277 0.34637 0.60264 -0.45003 -0.89124 -0.29326 -0.038231 0.16024 -0.044643 -0.053858 0.57661 0.093094 0.1906 -0.32209 0.19331 -0.21265 0.45816 -0.396 0.56008 0.6783 -0.61496 -0.089803 -0.063611 0.56771 0.27655 -0.63473 -0.1986 0.40635 0.12287 -0.34106 0.15286 0.22834 -0.024558 0.34247 0.61455 0.11919 -1.4321 -0.7883 -0.70061 -0.21619 -0.37731 0.28955 -0.099184 -0.18213 0.31604 0.1051 -0.20644 0.31044 0.44129 0.58922 -0.17808 0.4921 -0.24551 0.35864 0.16121 -0.7044 0.64199 -0.15297 -0.14903 0.023269
rich -0.065281 0.13371 0.30315 -0.027717 0.53756 0.14537 0.37856 0.28056 0.60768 -0.96419 0.5312 -0.56154 -0.7129 0.33711 -0.34144 -0.13989 -0.403 0.32996 0.46325 0.20131 -0.016538 0.77543 -0.018961 0.43466 -0.47799 -0.78843 0.59955 -0.11018 -0.93106 -0.0233 -0.59957 0.90402 -0.96987 0.028295 -0.40311 -0.20178 0.6128 -0.10896 0.41307 0.14072 -0.11025 -0.40772 0.27883 -0.083213 0.21633 -0.12272 0.18916 0.023481 0.16289 -0.29576 0.33059 0.59652 0.31001 -0.39164 -0.58859 -0.2152 0.11824 -0.39207 -0.13855 -0.48919 -0.19922 -0.21033 0.57882 -0.64031 0.27778 -0.046155 0.26336 0.038139 -0.11413 0.18954 -0.62704 -0.64815 0.30839 0.14211 -0.46919 -0.29627 0.14583 -0.035365 0.063277 0.27089 0.061838 0.03559 -0.42726 -0.55892 0.5626 0.039459 0.082622 -0.11847 -0.25329 -0.36725 -0.45162 0.4844 -0.67591 -0.023124 -0.26072 0.13978 0.32106 -0.15358 0.5416 -0.044809 -0.037284 -0.21425 -0.10344 0.33582 -0.096299 0.28859 0.10065 0.41086 -0.18788 -0.007295 -0.20491 -0.042002 -0.068009 0.36311 0.46585 -0.024129 0.42161 0.094251 0.94141 0.10383 -0.12109 0.17489 -0.53948 -0.038672 0.31443 -0.19541 0.32864 0.50594 -0.075415 0.37252 -0.56551 0.46707 -0.63224 0.23433 -0.20496 -0.12016 -0.051773 0.32504 -0.58179 -0.25167 -0.053273 -0.30324 0.52549 -0.78915 -0.064556 0.084217 -0.51431 -0.097313 -0.70599 0.37717 -0.42826 0.13737 0.57026 0.1154 0.46216 -0.33088 -0.30745 -0.18031 0.53013 -0.17376 0.26055 -0.22213 1.3555 0.1492 -0.08438 -0.72502 0.50781 -0.27446 0.48764 -0.21768 -0.33739 -0.097393 -1.0463 0.02672 -0.054318 0.16732 0.1213 0.89063 -0.59201 0.5989 -0.28839 0.25793 0.30352 -0.29753 0.50005 -0.039204 0.044431 -0.083467 -0.33486 0.17323 -0.11857 0.54893 -0.0070069 0.33151 0.52177 -0.41824 0.16993 -0.29099 0.48321 0.065353 0.83943 -0.31157 0.086998 -0.068102 0.43724 -0.34676 0.40455 0.14269 0.51521 -0.50839 -0.25873 -0.1402 -0.034837 0.15521 -0.10989 0.95691 0.27548 -0.048883 -0.028385 0.10172 -0.11463 -0.025446 0.59645 -0.45023 -0.2413 -0.19959 -0.037621 0.48296 -0.74182 -0.032248 -0.12939 -0.080354 0.27237 0.084672 0.25125 0.24949 0.44801 -0.42975 -0.21578 -0.98471 -0.41276 -0.071118 0.50791 0.81096 -0.85751 -0.018952 -0.41299 0.3 0.2069 -0.21856 0.35773 -0.87671 0.39358 -0.031159 0.6227 -0.065672 -0.30647 0.18392 -0.47583 0.053336 -0.27664 -0.068809 -0.15238 -0.18151 -0.020217 -0.022009 0.27546 0.031261 0.00034564 0.0077159 -0.15539 -0.079261 0.096866 -0.0257 -0.16995 -0.041862 -1.3351 0.19517 0.053503 -0.45848 -0.22796 0.33495 -0.044001 -0.64833 -0.3875 0.028681 0.31526 0.19668 0.27336 -0.20138 -0.27413 -0.059578 -0.33668 0.42585 -0.064242 0.44092 -0.0095237 -0.67308 -0.62648 0.0082764
irish 0.59482 0.20438 0.11065 0.43305 -0.32653 0.11097 0.19684 0.1337 -0.55129 -0.57569 -0.3704 -0.6128 0.01751 0.32062 0.15826 -0.039712 -0.24477 0.31 -0.079303 -0.031894 -0.87924 0.44267 -0.44027 0.44332 0.073091 -0.3015 0.30928 0.051979 -0.53354 0.56428 -0.61235 -0.2192 -0.27856 0.27491 -0.95475 0.52371 0.19915 0.95335 -0.12836 0.036018 -0.38517 -0.35497 0.77215 0.41277 0.18191 -0.059394 0.073416 -0.234 0.11959 -0.17534 -0.36864 0.25099 0.24391 0.46454 -0.10729 0.3597 0.46729 0.59812 -0.31938 -0.054984 0.15483 -0.35748 -0.37416 0.66513 -0.1547 -0.24728 0.079264 0.50993 -0.13111 -0.26572 0.36196 -0.119 -0.46122 0.35639 -0.54019 -0.081594 0.22419 -0.16906 -0.75753 0.10991 -0.075785 -0.3735 0.35123 0.0034115 0.14689 -0.52944 -0.35839 0.23287 0.097246 0.33412 -0.2205 0.28266 -0.63356 0.059636 0.47974 0.041298 0.35992 -0.24621 -0.40123 0.009653 -0.31443 0.23751 0.095188 -0.42166 -0.064829 0.1422 -0.24147 -0.0088017 0.36761 0.49306 0.20382 -0.11374 0.6191 -0.30373 -0.09867 -0.69554 -0.31689 -0.06767 0.0786 -1.2099 -0.28278 0.36744 -0.33486 0.22008 0.22742 -0.079675 0.44347 0.47875 -0.26571 0.17146 0.18731 0.020305 0.14732 -0.48028 0.29037 0.30683 0.54132 0.17037 -0.29736 -0.48096 -0.017994 -0.46121 -0.25047 0.12114 -0.30459 0.064696 -0.38455 -0.15146 -0.31857 0.10834 0.64014 -0.24949 -0.014259 0.18079 0.45734 0.53953 -0.94807 0.40866 0.86425 -0.040828 0.17789 0.81808 0.39785 -0.18334 -1.0409 0.83378 0.20257 -0.52096 0.26445 -0.17963 0.12062 0.5581 -0.73335 0.50646 0.29466 -0.71786 -0.3643 -0.28187 0.49784 0.43908 -0.055786 -0.33845 0.34188 0.47849 0.35939 -0.37275 -0.53213 -0.22053 0.33046 -0.53823 -0.41297 -0.36602 0.54801 -0.37974 -0.051915 -0.38013 -0.38795 0.14033 -0.41167 -0.24763 1.0407 0.73593 -0.48292 0.2607 0.69337 -0.18791 0.04352 0.61706 -0.56468 0.41388 0.49191 0.17411 -0.20487 0.14777 0.18444 0.38512 -0.21444 0.061984 0.54929 0.23096 0.62041 0.13855 -0.36799 -0.76567 -0.4777 -0.06836 0.42653 -0.62448 0.42174 0.31643 0.12022 0.45181 -0.18681 0.82967 -0.16672 -0.094641 -0.10036 0.093816 0.052127 0.64065 -0.72785 -0.41709 0.55472 -0.4864 0.036327 0.34092 -0.040806 -0.25243 -0.19194 0.10472 -0.5414 0.27793 0.19552 -0.59665 0.95395 -0.27863 0.16542 0.38457 -0.10059 -0.15715 -0.19743 -0.14042 1.0159 0.68674 -0.49968 -0.4237 0.26123 0.2803 -0.2716 0.14476 -0.15093 0.0092123 0.39402 -0.46549 -0.11854 0.079139 -0.85736 0.15062 0.71955 0.30879 0.068658 -0.090541 0.27502 -0.063261 0.58077 0.10851 -0.32276 -0.3481 0.81627 -0.0020223 0.29 0.42129 -0.45597 -0.16367 0.11671 0.069559 -0.63839 -0.18011 -0.62113 0.089026
iranian 0.51522 0.44661 0.1922 -0.25108 0.17202 -1.1304 -0.25133 0.18743 0.059463 -1.5481 -0.35171 0.18263 -0.036154 -0.046101 -0.050287 0.30657 0.088192 -0.16751 -0.84019 -0.29434 -0.11924 -0.31084 -0.12172 0.40277 -0.21297 -0.53775 0.56401 -0.025335 -0.34307 0.40555 -0.28258 -0.30823 -0.55715 -0.21989 0.41894 -0.7795 -0.13002 -0.288 0.012923 0.55767 0.032558 0.22933 -0.4543 -0.065151 -0.77029 0.64586 -0.15087 0.5513 -0.41721 0.16867 -0.4306 -0.31931 -0.1301 -0.44273 -0.46654 -0.11782 -0.26704 0.43364 0.53509 -0.098453 0.087507 0.51135 0.055771 -0.90727 -0.38424 0.37974 0.10001 0.31015 -0.19371 0.41006 0.358 -0.080231 -0.27518 0.095747 0.18914 0.21552 0.57065 0.26812 -0.288 0.68369 -0.31298 -0.63578 -0.16048 0.70924 0.43946 -0.28252 -0.10571 -0.042434 0.3576 0.13273 -0.50562 -0.058705 -0.052047 0.60548 0.39052 0.48138 -0.28842 0.12287 0.4593 0.053368 0.014739 0.073444 -0.23844 -0.23315 -0.16015 -0.092833 -0.16087 -0.56367 0.28745 0.013753 0.31525 -0.011332 0.33366 -0.45873 0.36063 0.63758 0.068434 0.11732 1.0279 -0.070327 0.19477 0.31861 0.30478 0.37347 0.013344 0.28889 0.367 -0.010166 0.50881 0.042449 -0.23238 -0.15044 -0.50775 0.046576 0.17241 -0.073894 -0.45712 0.2264 -0.73456 -0.059689 0.13676 -0.63782 -0.2528 -0.040103 0.069169 0.51584 0.31028 -0.75508 -0.52319 0.40161 0.93219 0.39426 -0.035726 0.80608 0.2019 0.066767 -0.20862 -0.39798 0.49924 -0.89832 -0.46993 0.61932 -0.087165 0.20779 -0.9715 -0.0076032 0.033561 -0.60932 -0.22978 -0.10074 0.11006 -0.74858 -0.54292 -0.95533 0.10283 0.36213 -0.24767 -0.057816 0.035559 0.22813 0.16665 -0.7144 0.44335 0.077467 0.14485 0.31918 0.1879 -0.29077 0.6331 -0.43417 -0.2634 -0.25141 0.27223 0.10299 -0.11118 0.015818 0.17985 -0.023459 0.44105 0.083581 1.0077 -0.24861 -0.052668 0.1909 0.74531 -0.58869 -0.070311 0.22733 -0.1812 -0.17168 0.24371 0.45404 0.085002 0.26785 0.14652 -0.84484 0.11446 -0.042583 -0.40951 1.0053 0.60901 0.26623 0.17704 0.016624 0.03674 0.50044 -0.24673 -0.087226 0.011542 -0.38318 0.43676 -0.090348 0.73777 -0.014423 0.7611 0.4731 -0.67198 -0.41607 0.90297 -0.23243 0.24485 0.31863 0.055896 0.10842 0.30598 0.29561 -0.56226 0.12253 -0.40368 0.70864 0.34497 0.54648 -0.52248 0.40484 0.3889 -0.42605 -0.21014 -0.073724 0.032069 0.15229 0.10314 0.06605 0.16262 -0.092603 0.31807 -0.4279 -0.10105 -0.41626 -0.065223 -0.42398 0.25055 -0.60579 -0.442 -0.053857 0.085585 -0.496 -1.6269 0.25177 0.94306 -0.096164 0.22753 -0.15483 0.4601 -0.090842 0.75328 -0.31646 0.19695 0.091367 0.57107 0.72921 0.00051429 -0.59077 0.5076 0.19709 -0.3669 0.74043 0.016812 0.028857 -0.70453 0.036851
cold -0.13273 -0.21677 -0.067073 -0.8606 0.34095 0.010473 0.085093 0.43327 0.19941 -1.3854 -0.0672 -0.44037 -0.58532 -0.3581 -0.3044 -0.501 -0.20219 -0.30052 -0.041991 0.80643 0.32383 -0.11417 0.72054 0.533 -0.2969 -0.24435 0.42077 -0.28525 -0.29361 -0.52823 -0.23243 -0.055546 -0.44815 -0.49726 -0.19925 -0.13522 -0.20562 0.54805 -0.54895 0.17919 -0.053238 0.35962 -0.050314 0.078688 0.32091 0.0044974 0.07377 -0.15923 -0.10506 0.012069 0.10061 -0.37437 0.24493 -0.37065 -0.19323 0.1337 0.27323 -0.085712 0.55366 0.44042 0.40995 0.51969 0.28944 -0.063759 -1.0091 -0.30522 -0.34612 0.49694 -0.24236 -0.25703 0.23543 0.31483 -0.575 -0.13477 -0.59067 -0.23387 0.051343 0.30202 -0.55952 -0.31859 -0.028303 0.17912 -0.25026 -0.14649 -0.28561 -0.10712 0.11369 -0.072841 0.042202 -0.45841 0.27271 0.24023 0.27293 -0.015253 -0.2408 0.72774 0.28117 -0.34535 -0.16954 0.25836 -0.16839 -0.37935 -0.10938 0.47577 -0.27462 0.26428 -0.20707 0.46053 -0.17039 0.36348 0.069189 -0.090861 -0.37465 -0.18632 -0.31245 -0.72682 -0.25613 -0.0075822 -0.099753 -0.17873 -0.13882 -0.65374 -0.38248 0.6538 0.47973 0.38246 0.09264 -0.34274 0.41181 -0.42788 0.12841 0.76318 0.33275 0.18284 -0.34039 -0.53579 -0.49309 -0.0015725 0.16196 0.35112 0.25706 0.018933 -0.29771 0.31356 -1.0752 0.87577 -0.08849 0.35399 0.24252 -0.26911 -0.11989 -0.096812 -0.18097 -0.11949 0.44789 0.085963 -0.44446 0.096733 0.09468 0.049624 0.091534 -0.47874 0.14781 -0.25103 0.67903 0.51467 0.17335 0.22483 -0.16408 -0.17149 0.40437 0.49 -0.60284 -0.08662 -0.50423 0.032803 0.16517 0.106 0.0030264 -0.60714 -0.0099894 0.2403 0.53088 -0.020239 0.27815 0.27989 0.67825 -0.39794 -0.46893 -0.56296 0.029516 0.15616 -0.35686 -0.34812 -0.73416 -0.0267 -0.58539 -0.44413 0.068231 0.39113 0.89142 -0.382 0.57491 0.28975 -0.10193 0.083249 -0.53201 -0.0036252 -0.04926 -0.12905 -0.11377 0.10767 -0.092259 0.2641 -0.11816 -0.53847 0.43472 -0.59512 0.062918 0.0077897 0.48114 0.16079 -0.043739 -0.02962 0.025479 0.033826 -0.016076 -0.40238 -0.0026399 -0.42758 0.60492 -0.91917 -0.081267 -0.39218 -0.58549 -0.44366 -0.23071 -0.64304 -0.41103 -0.16489 -0.8703 -0.1788 -0.15466 -0.24493 -0.74167 -0.246 0.36345 -0.032713 -0.052157 -0.76581 -0.0045615 0.039489 0.17114 0.1788 0.30708 0.15166 0.26681 -0.18867 -0.14947 0.67064 -0.36637 -0.11441 -0.11351 0.29032 -0.078789 0.38881 -0.45842 0.16009 0.68796 0.26823 -0.034379 -0.17349 -0.33192 -0.09615 0.15427 0.48297 -1.7562 0.47443 0.26117 -0.17627 -0.32292 0.084877 0.67494 -0.31744 0.7872 0.20351 -0.037816 -0.059867 -0.11062 0.1501 -0.24022 0.29356 -0.10583 0.45455 -0.041952 0.12253 0.11735 -0.11713 -0.37046 0.69021
latin 0.18783 -0.13556 -0.1105 -0.083064 0.021756 0.31138 -1.0659 0.42859 0.10256 -1.3533 0.051845 0.85605 -0.44098 0.067369 0.16589 -1.4289 -0.2325 0.25566 0.33309 -0.42888 -0.77447 -0.13009 0.01194 0.10923 -0.32495 -0.071489 0.65299 0.25016 0.35671 0.13793 -0.34757 0.60462 -0.18212 0.32573 -0.80481 -0.12899 0.10823 -0.98762 -0.30709 0.052091 -0.29135 -0.69669 -0.70862 0.06357 0.26668 0.38557 -0.031226 0.41437 -0.31037 -0.39796 0.14557 -0.20663 0.26298 0.10236 -0.35274 -0.0068873 -0.43172 0.048828 0.61211 -0.18973 0.4894 -0.091842 0.19543 0.88732 -0.39843 0.7985 0.45093 0.97056 0.49222 0.61989 -0.217 0.59482 -0.34783 -0.050128 -0.11831 -0.29419 0.44051 -0.17652 -0.015323 -0.56476 0.72404 -0.27756 -0.64672 0.17883 -0.037146 -0.0052477 0.50864 0.35751 0.031262 -0.37688 0.32161 -0.40165 -0.34735 -0.1611 -0.63445 -0.12204 -0.13913 -0.47384 -0.34384 0.29121 0.00010567 0.038098 0.30468 0.18274 -0.25171 0.31304 -0.43393 -0.52424 0.27182 0.28639 0.31842 -0.52148 -0.51599 0.21291 -0.30097 -0.37469 -0.2849 -0.31904 -0.15926 -0.30044 0.19008 -0.1587 0.03409 -0.45471 -0.27791 0.73471 0.16043 0.45388 -0.052031 -0.20514 -0.20734 -0.3062 0.30123 -0.30733 -0.47333 -0.2116 -0.85867 0.50494 0.009859 0.091626 -0.35391 -0.4361 -0.029506 -0.043532 0.45772 0.34616 -0.063983 -0.10477 0.091007 0.20794 0.1206 0.20269 0.27486 0.21561 0.01428 0.18667 -0.81899 0.25385 0.23832 -0.50151 0.60207 0.55644 0.13822 0.66624 -0.43199 -0.21257 -0.48831 0.48179 -0.17582 -0.55027 0.32034 0.07957 -0.58363 0.5908 1.167 -0.066279 0.027091 0.47937 -0.076012 0.11725 -0.12288 -0.2343 -0.38218 -0.26648 0.74941 -0.55634 -1.0798 0.48318 -0.36974 0.0253 -0.4025 0.29973 0.48787 -0.1367 0.29765 -0.20789 -0.083641 -0.41131 -0.22781 0.53073 0.6637 0.074827 0.032171 0.092803 0.3177 -0.07377 -0.34883 0.92479 -0.46304 0.30517 -0.41541 -0.079503 0.21472 -0.034545 0.28054 0.39158 0.19263 -0.5319 -0.42119 0.42955 0.20883 0.20095 -0.18727 0.30791 -0.10593 -0.39558 0.087154 -0.4184 0.014365 0.14131 -0.38238 0.32859 -0.12658 0.57165 -0.078845 -0.30995 0.43339 -0.28171 -0.1852 -0.53311 -0.30955 -0.20539 0.8462 -0.3951 -0.30231 -0.30592 -0.16443 0.148 -0.021247 0.3763 0.49575 0.29938 -0.19542 0.68638 -0.51076 0.1678 -0.36551 -0.028302 0.32068 0.043871 -0.25264 0.63267 0.12119 0.22536 0.22477 0.24256 -0.03155 0.16055 -0.65006 0.293 -0.59386 -0.7604 0.27611 -0.34803 0.49238 0.053834 -1.0624 -0.20844 0.52595 -0.22322 -0.74087 -0.43935 -0.44137 0.25552 -0.18767 0.33233 -0.16855 -0.16244 0.37843 0.28355 0.33076 0.093942 -0.015609 0.18804 0.69527 0.021098 -0.16144 -0.53982 -1.109 -0.074388
climate 0.13905 -0.17758 -0.27677 -0.15405 -0.025364 0.22033 -0.33437 0.47746 0.09211 -2.3472 0.7392 0.016712 -0.39979 0.26741 -0.021947 -0.57805 -0.33708 0.073366 -0.0245 0.6925 -0.098474 0.41025 0.10726 0.36761 -0.062093 0.24215 0.51973 0.23733 -0.22585 -0.35627 0.91818 0.47676 -0.89624 -0.23352 -0.26825 -0.2355 0.045303 -0.14002 -0.42762 -0.21537 0.033738 -0.031016 0.62698 0.028367 -0.25848 0.14528 -0.061985 -0.16072 -0.19224 -0.24334 0.19148 -0.37445 0.2776 -0.83102 0.58963 0.45911 0.29969 -0.484 0.054689 0.1891 -0.29134 -0.15753 0.019652 -0.42434 -0.84221 0.41977 -0.046648 0.46128 -0.81543 -0.36492 -0.36544 0.2862 0.35498 -0.8117 -0.28871 -0.26992 -0.057988 0.12808 -0.41756 0.18585 -0.16887 -0.2864 -0.32238 -0.34574 -0.36938 0.32717 0.042655 0.57582 -0.81303 -0.72939 -0.60365 0.27545 -0.49956 0.2795 -0.29509 -0.084774 0.45614 -0.020689 -0.52894 -0.057807 -0.49329 0.13213 -0.38529 0.27533 -0.034016 0.40821 -0.72163 0.6267 0.34973 0.021814 -0.16206 -0.43849 -0.28409 0.76865 0.1415 -0.45215 0.0028352 0.34968 0.021326 -0.056906 -0.05068 -0.16085 -0.60591 0.50347 -0.12577 0.4614 0.28328 -0.073214 0.27594 -0.67903 0.015925 0.2854 -0.36937 -0.15191 0.38589 -0.0615 0.0047838 0.62129 0.30181 -0.3326 -0.10625 0.29177 -0.024901 -0.20896 -0.63079 0.67966 -0.073167 0.12574 0.0057033 -0.01545 0.029577 -0.26934 -0.46877 -0.26473 0.021948 0.344 -0.17411 -0.17271 -0.46822 0.084498 -0.46351 -0.81796 0.17002 -0.32106 0.81006 -0.091914 0.44138 0.13711 -0.44009 0.25921 0.043842 0.3393 -0.77155 -0.14002 0.18504 -0.0032399 0.35463 -0.31252 0.013708 -0.088958 -0.42622 -0.53901 0.5129 0.058395 0.56834 -0.58644 0.084217 0.22663 -0.62919 -0.41377 0.19492 -0.43032 -0.001002 -0.485 -0.011935 -0.11663 0.45407 -0.035075 0.09861 0.13353 -0.49124 -0.11954 0.077834 0.37755 0.23881 -0.19871 -0.16268 0.19837 0.28607 -0.36207 0.31249 -0.41505 0.1626 -0.54454 0.36115 0.27918 0.33805 0.12205 0.42291 -0.4517 0.46626 -0.41682 0.12158 0.59182 -0.21904 0.18062 0.079989 0.37856 -0.1506 0.4326 0.78418 -0.096164 0.099955 -0.29927 -0.44812 -0.076538 -0.48502 0.41742 0.82617 0.3868 -0.50278 0.26749 0.32121 0.27417 -0.98111 0.69175 -0.068654 -0.12974 0.11467 -0.38653 -0.043486 -0.89856 -0.38423 0.39359 -0.020246 0.55435 -0.089529 -0.26011 -0.2191 0.32777 -0.22316 -0.71306 -0.094528 0.36185 -0.16914 0.10351 0.19033 0.36659 0.87435 -0.46455 -0.067176 0.29458 -0.60848 0.62792 0.59773 -0.25305 -1.1418 0.6364 1.6397 -0.1274 -0.73054 -0.65535 -0.80068 0.19415 0.36831 -0.27725 0.3712 -0.49675 0.42483 -0.063095 0.060585 0.015998 -0.78875 0.68728 0.014526 0.52573 -0.74605 0.97016 -0.53258 0.65227
heat 0.61699 -0.30142 0.51231 -0.85234 -0.3756 -0.24182 0.61972 0.034156 0.44981 -0.63748 0.45702 0.078513 -0.52271 -0.14314 0.25538 0.36805 -0.58034 -0.021956 -0.26751 0.35033 0.36516 -0.65384 0.55778 -0.048323 0.52967 -0.25927 0.2294 0.74438 -0.57034 -0.62789 -0.47325 0.75374 -0.61946 -0.59663 -0.95207 -0.093094 0.080183 0.099743 0.65242 0.825 0.31698 0.19361 0.1941 -0.45132 0.1128 -0.15079 0.23889 -0.11294 0.25537 -0.21514 0.44514 0.054993 -0.17567 -0.71278 0.53419 -0.034275 -0.18494 -0.24081 0.78743 0.56996 -0.1758 0.39893 0.31022 0.093853 -0.02543 -0.18595 -0.0054314 0.32072 -0.35786 0.11699 0.31613 0.15852 0.15906 -0.13301 -1.1844 0.29116 -0.10423 -0.31871 -0.59022 0.21773 -0.25286 -0.29973 -0.3082 -0.35107 -0.44521 0.064545 0.00981 0.022452 -0.18435 -0.7898 0.0045643 0.19435 0.0014928 -0.24664 -0.10453 -0.47929 -0.50853 0.37852 0.0066328 -0.37872 -0.40258 -0.12789 0.0085625 -0.14703 -0.068286 0.59059 -0.2109 0.04825 -0.17408 0.82759 0.46349 -0.24106 -0.17749 0.093006 -0.54417 0.13836 -0.64838 0.22744 0.28652 -0.14386 -0.05986 -0.66908 -0.38574 -0.18914 -0.12855 0.18548 -0.016008 -0.13057 -0.17468 0.73192 0.32106 0.46378 0.79782 0.73024 -0.30903 -0.02564 -0.57011 -0.029919 0.044247 0.60889 0.27672 -0.025893 -0.1613 0.62992 -1.5863 0.3092 0.4777 0.27873 0.19777 -0.21084 0.27535 -0.11165 -1.0541 0.04571 0.29009 -0.39606 -0.31911 0.24014 -0.23341 -0.16175 -0.021388 -0.73389 0.12218 -0.83004 0.48272 0.058545 -0.064194 0.33679 0.13411 0.080914 0.38689 0.887 -0.51074 0.017636 -0.26625 -0.036578 0.25877 -0.34419 0.38362 -0.05817 -0.3818 -0.31411 0.17621 -0.2842 -0.52568 0.096635 0.93961 -0.040122 -0.83235 -0.25914 -0.023788 0.60222 -0.39216 0.43476 0.15454 -0.22877 0.28414 0.34477 -0.12382 0.0016312 0.36207 0.0088317 0.55864 0.27634 0.30228 -0.1019 -0.6667 -0.22421 -0.10906 0.040115 -0.012435 0.076913 -0.4037 -0.27587 0.39134 -0.34222 0.84822 -0.6685 -0.084495 -0.50874 0.12354 0.078243 -0.1573 -0.012509 -0.37789 -0.33434 -0.37835 0.34253 -0.12819 0.046146 0.48348 0.046835 0.28541 -0.68343 -0.59422 -0.37693 0.21885 -0.075225 -0.29165 0.12617 0.076682 0.27279 -0.18545 0.23938 -0.31461 -0.17556 0.79273 -0.21996 -0.015279 -0.98818 -0.30272 -0.48511 -0.36491 -0.10501 -0.21807 -0.075573 0.13109 -0.10856 -0.65919 0.49388 -0.32917 -0.74966 -0.25322 0.057506 -0.12897 0.24244 -0.4268 -0.0050169 0.43702 -1.0651 -0.23236 -0.14617 0.14252 0.7878 -0.29638 0.42656 -2.0882 -0.019192 -0.74705 0.51377 -0.1532 -0.34319 -0.074752 0.40799 -0.15929 0.58573 0.18439 0.013705 0.052563 -0.021992 -0.38894 0.78179 -0.30443 0.33996 0.66877 -0.15643 -0.85583 -0.35515 -0.026905 0.79618
southeast -0.30327 0.18247 -0.45708 -0.54021 -0.10259 -0.081888 -0.20867 0.97489 0.30695 -1.1208 -0.067316 0.49545 -0.24195 0.25835 0.45448 -0.22011 -0.093639 0.55027 0.48195 -0.16325 -0.22584 0.058777 -0.19506 -0.15137 -0.33913 0.36882 -0.16791 -0.13499 -0.38503 -0.26224 0.76688 0.25926 -0.16063 -0.088411 0.22124 0.059753 -0.482 0.038204 -0.072448 -0.52066 -0.076324 -0.33859 -0.12797 0.40794 0.57569 -0.07499 0.38484 -0.037756 -0.016176 0.11939 0.39286 0.045173 0.3695 -0.52192 0.15248 -0.072637 0.019427 0.43524 0.36961 -0.17731 0.097099 -0.070315 0.44184 -0.35373 0.55697 0.509 0.019724 0.38971 0.069748 0.033944 -0.23942 -0.16333 -0.20667 -0.46927 -0.47255 0.065244 0.22064 -0.3016 -0.20398 0.13942 0.18724 -0.28452 -0.52276 0.35023 0.13427 -0.63877 -0.020856 -0.10283 0.25397 -0.16174 0.11172 0.32146 0.29612 0.084385 -0.017449 0.31852 0.14713 -0.041124 -0.053696 0.64149 -0.27518 -0.20493 -0.24065 0.17417 -0.19737 0.25014 0.89013 0.24735 0.32061 0.42156 -0.22665 -1.3096 -0.27284 0.029462 0.33069 0.1403 -0.043977 0.22544 -0.20878 0.29424 0.072075 -0.10031 -0.40615 -0.34413 -0.34106 1.0643 0.24077 -0.28332 0.18635 -0.061274 -0.23807 0.2712 0.29668 -0.22865 0.02843 -0.095637 -0.061113 0.05563 0.12666 -0.34585 -0.14122 0.15054 0.0073815 -0.083158 -0.69136 -0.22942 0.30696 -0.26545 -0.94304 -0.14965 0.72088 0.1392 0.19473 0.061338 0.47951 0.47299 -0.44201 -0.10675 -0.18211 -0.020536 -0.28734 0.13036 0.077666 -0.43155 0.12192 -0.4815 0.55511 -0.24643 0.10021 -0.15873 -0.12247 -0.39325 -0.11971 -0.0012239 -0.27532 -0.010802 -0.11921 0.18579 0.35047 0.38095 -0.29975 -0.37413 -0.09886 0.19136 0.3747 -0.167 -0.45354 0.4104 -0.50428 -0.072392 -0.49671 0.81497 -0.17714 0.17414 -0.0022726 0.14356 0.55597 -0.63505 -0.21814 0.69494 1.0546 -0.18467 -0.41793 0.37291 -0.1968 0.14528 -0.42715 -0.32374 0.48151 0.84929 -0.20655 0.12508 0.059078 -0.047309 0.37803 0.14203 -0.021104 -0.38559 -0.41827 -0.39529 0.692 -0.41606 0.081905 -0.029305 0.099685 0.013492 0.033473 0.16758 -0.47251 -0.12711 0.22127 -0.1129 0.15547 -0.026278 0.15782 -0.3364 0.19914 0.02816 0.13474 -0.17741 -0.26393 -0.011515 0.2133 -0.13882 0.2112 -0.025417 0.45742 0.54002 0.17719 -0.06208 -0.35911 -0.071541 0.055776 0.36932 0.15563 -0.41237 -0.31258 0.5275 -0.37589 0.463 0.15054 0.2807 -0.12488 0.12533 -0.015449 -0.3993 0.17067 -0.060623 0.17245 -0.30797 -0.096799 0.018594 -0.20311 0.32826 0.39767 0.23641 -1.2291 0.20292 0.15439 -0.0062186 -0.57183 -0.29906 0.018115 -0.412 -0.133 0.21415 0.069704 0.21198 0.33522 0.087061 0.29308 -0.13935 0.1934 -0.13574 -0.23678 0.89698 -0.40953 0.10814 -0.34444 -0.24402
argentina 1.0267 1.1515 -0.59539 -0.42915 0.21849 -0.059179 -0.98557 0.35452 0.28245 -1.0277 0.47005 0.77812 0.64641 -0.092641 -0.41625 -0.51507 -0.026375 -0.35584 0.18951 0.43204 -0.67292 0.52724 0.22533 -0.33835 -0.25631 -0.56927 -0.11804 -0.25079 0.034314 0.092986 -0.37249 0.78183 -0.39851 -0.1669 -0.66898 -0.59617 0.50198 0.16765 -0.53923 0.28996 -0.14446 -0.19832 -0.17067 -0.10758 0.24272 -0.29806 -0.27392 0.63658 0.40405 -0.048507 0.0086692 -0.1473 0.033383 0.42569 -0.3061 -0.24452 -0.16891 -0.37414 -0.10945 -1.1829 -0.34905 0.19567 -0.63414 -0.30786 -0.57238 0.0147 0.26092 0.55766 -0.24328 -0.6455 -0.59422 1.1171 0.39279 0.088485 -0.39948 -0.91615 -0.3254 -0.19096 0.37379 -0.47486 0.5659 -0.41454 -0.30762 0.014668 -0.18731 0.23628 0.2262 -0.45833 -0.39012 -0.48171 0.75854 -0.26904 -0.18255 -0.52758 0.16694 0.095154 -0.12714 0.11262 -0.3799 -0.49977 0.32015 0.25149 -0.49664 -0.40366 0.7811 0.43385 -0.091124 0.21098 -0.69813 0.31033 0.78749 -0.44598 -0.27785 -0.90919 -0.00893 0.063658 0.085514 0.14317 0.23724 -0.12771 -0.082852 -0.21148 -0.33238 -0.35255 0.14662 0.59336 -0.22196 0.064654 -0.30467 0.35644 0.014265 -0.57143 0.006348 -0.30101 0.14137 0.35184 -0.16998 0.021588 -0.36699 0.01719 0.014802 -0.3865 -0.54031 0.35204 -0.19306 0.16126 0.20439 -0.39958 -0.06436 -0.54595 -0.12473 -0.38241 0.23917 0.0049226 0.2843 0.074024 -0.12097 0.012429 -0.095451 0.37108 -0.49264 0.60458 -0.20451 0.30192 0.0047307 -0.41846 -0.10179 -0.58812 -0.019633 -0.34475 0.071556 0.68556 0.080498 0.16984 0.047099 -0.039997 -0.16938 0.32798 -0.37108 1.076 0.12605 0.23056 0.20024 -0.22878 0.35107 0.040739 -0.84403 -0.23236 -0.24024 0.30267 -0.40508 0.86555 -0.16093 -0.42261 -0.5858 -0.22536 0.69983 0.059074 0.0061486 0.39839 0.94564 -0.032305 -0.45006 -0.20168 0.10995 -0.028562 -0.20973 0.60795 -0.14993 -0.078317 -0.31259 -0.30591 0.1257 0.34161 0.63848 -0.19646 -0.15919 -0.7375 0.24389 0.22587 0.56386 0.091102 0.4804 -0.038254 -0.34372 0.29179 0.23644 0.085718 -0.29779 -0.27751 -0.60162 0.38063 0.11462 0.51177 0.46457 -0.079642 -0.40324 0.60452 0.69078 0.37209 -0.33869 0.56579 -0.24004 -0.24928 0.40018 0.03699 0.1457 -0.21189 0.24388 0.061693 0.80495 0.0081411 0.0086004 0.32711 -0.44878 0.048839 -0.27284 0.237 -0.11217 -0.21706 0.24745 0.17573 0.47498 0.63259 0.70093 0.26526 0.10702 -0.68343 -0.21402 -0.37137 -0.12144 -0.3374 0.085131 0.014031 0.63554 -0.22841 -1.28 -0.80839 1.148 0.42301 0.080705 0.21692 -0.44711 0.021824 0.23107 -0.11815 0.28304 0.21361 0.25132 0.39983 -0.28081 0.3947 0.42197 0.32377 0.19533 0.45994 0.46529 -0.88995 0.61806 -0.44641
mexican 0.45192 0.97348 -0.23277 -0.11661 -0.51432 -0.32184 -1.1682 0.51509 -0.040839 -0.54349 -0.074064 0.39639 -0.44403 0.82829 -0.49256 -0.91452 0.18865 -0.43713 0.35438 0.24747 -0.27273 -0.035743 0.73661 -0.094866 -0.15739 -0.7832 0.16201 0.54578 -0.22181 0.18314 -0.12405 0.84357 -0.45785 -0.43848 -0.33132 0.32029 0.17182 -0.41174 0.14172 -0.0028137 -0.14219 -0.57344 0.54284 0.63652 0.19959 -0.13451 -0.098648 0.2958 -0.54475 0.24708 -0.39746 -0.6299 -0.072292 0.52028 -0.56286 -0.18587 -0.34362 -0.01607 0.45483 -0.4217 0.30806 -0.61564 0.97833 0.049914 -0.32675 -0.2174 -0.25456 0.076834 0.51052 -0.40614 -0.0112 0.92117 -0.50108 0.069217 -0.12006 -0.028222 0.45091 -0.043895 0.16097 0.0097779 -0.13595 -0.60311 -0.25651 0.66203 -0.017442 -0.093703 -0.23999 -0.24314 0.33165 0.093014 0.45309 0.095012 0.1434 0.25549 0.18095 0.022048 -0.25001 -0.22927 -0.27452 -0.13882 0.68006 0.10639 -0.2271 -0.50629 -0.41984 0.10329 -0.594 0.20544 0.046228 0.63514 -0.090884 -0.074085 0.13188 -0.61407 0.54371 -0.18768 0.35765 -0.26833 -0.11847 -0.064487 0.42715 0.28014 -0.36899 -0.005166 -0.12352 0.35383 0.15792 0.18153 -0.38062 0.93509 -0.32246 -0.044042 -0.074595 0.28786 0.46256 -0.31087 -0.47516 0.67126 0.18652 0.10897 -0.15099 -0.34948 -0.74987 0.013448 -0.14395 -0.030147 0.39734 -0.013082 -0.59752 0.39415 0.38298 0.66221 0.36734 0.27316 0.39987 -0.073778 -0.20032 -0.44682 -0.12538 -0.63183 0.69521 0.49612 0.26483 0.269 -0.29325 -0.25923 -0.010839 -0.24548 0.19406 0.18976 -0.10896 0.085444 -0.69425 0.41083 0.80619 0.091336 -0.43263 0.15336 0.38503 0.33382 0.18341 -0.20873 0.33953 0.78279 0.24376 -0.52965 -0.45516 0.016133 0.35198 -0.15375 -0.10922 -0.018772 -0.87711 -0.3354 0.18742 -0.047029 0.25905 -0.16865 0.17835 0.2452 0.36982 0.59788 0.60598 0.064477 -0.21653 -0.10752 0.23877 0.62184 0.48585 0.52718 -0.31984 -0.058955 -0.16236 0.77609 0.33987 0.16662 0.065997 -0.28611 0.2212 1.3075 0.38484 -0.25682 0.34634 -0.078115 0.16332 0.25638 0.27853 -0.51063 -0.010308 -0.17162 0.16459 0.16241 -0.059855 0.37613 0.011804 0.1451 -0.16438 0.043949 0.037807 0.35305 0.0286 0.18661 -0.20245 -0.44759 -0.63552 0.19401 -0.16369 -0.73082 -0.034479 0.0050961 0.12524 -0.28619 -0.19617 0.96737 0.2112 0.0056249 -0.28969 0.4675 -0.12931 0.28843 -0.41321 0.10986 0.35676 -0.15126 0.17315 -0.22896 0.32052 0.13888 -0.73733 -0.62253 -0.088214 -0.33194 0.16546 0.098067 0.49823 0.26593 -1.6153 0.0034741 0.13586 0.29047 0.53311 -0.66974 0.40991 0.52261 -0.51251 -0.1633 0.24575 0.1526 0.10667 0.092961 0.55688 0.20434 -0.21764 -0.57221 0.33655 0.36104 -0.085971 -0.49346 -0.1629 0.31995
urban 0.086901 -0.26049 0.46284 0.16332 0.40226 0.16375 0.25475 0.2977 -0.14858 -0.77237 -0.17179 -0.438 -0.27631 0.85535 1.1031 -0.4069 -0.14485 -0.30757 0.46722 0.54315 -0.51302 0.3378 0.38554 0.45508 -0.28994 0.0016864 0.21829 0.18006 0.01106 0.3883 0.29273 0.61727 -0.74773 0.17103 -0.44794 0.12883 -0.014415 -0.64075 0.053756 0.20905 0.20145 -0.41622 -0.16979 -0.26173 -0.043296 -0.037423 -0.20617 0.11653 -0.10607 -0.12282 -0.4635 -0.16907 -0.54131 0.2008 0.53988 -0.23709 -0.01704 -0.33618 0.26691 0.18404 -0.86663 -0.56908 -0.16541 -0.25389 -0.32306 0.82688 0.467 0.22616 -0.32588 0.20397 0.22636 -0.36558 -0.19772 -0.059907 -0.40761 0.09409 0.038333 0.48571 -0.077716 -0.45183 0.1213 -0.40753 0.0069146 -0.43332 0.12662 -0.14464 -0.015867 -0.047208 -0.033511 0.20121 0.19465 -0.06413 0.4674 -0.33526 -0.097261 -0.82587 0.82438 0.59552 0.24305 -0.75814 -0.55028 -0.28974 -0.36952 0.038758 -0.55236 0.11744 -0.032969 -0.11145 0.15399 0.24919 -0.23713 -1.0955 0.080656 -0.04347 -0.20245 0.18684 0.091763 0.11583 -0.5682 0.050524 0.30481 0.29238 0.10613 0.13476 -0.51777 0.057947 0.02448 0.13784 -0.20374 0.17635 0.017282 -0.44455 0.58206 -0.11878 -0.49598 -0.42254 -0.39131 0.16772 -0.15889 0.24594 0.18686 0.039532 0.067654 0.44253 0.067326 0.48962 0.21607 0.55051 -0.56794 -0.093526 0.40444 -0.40288 -0.0073928 0.26327 0.33919 0.15039 -0.14024 0.17143 0.21527 0.00044691 -0.18639 0.13901 0.54543 0.021579 -0.20147 -1.1253 0.26137 0.031248 0.15416 -0.16323 0.056782 -0.058284 -0.71081 0.59126 -0.14588 -0.096563 -0.058137 0.14988 -0.77472 0.028533 -0.18696 -0.16017 -0.44948 0.25116 0.40142 0.1172 0.29851 -0.068831 -0.30476 0.1913 0.22694 0.35265 -0.28639 0.21095 -0.032399 0.098711 0.037738 0.27216 0.74443 0.16587 -0.023347 -0.37193 0.46391 0.035547 -0.092701 -0.091973 -0.36835 -0.063285 0.29338 0.44463 -0.70612 -0.0022828 0.24556 -0.31782 0.64847 -0.14059 0.019427 0.37462 -0.013295 -0.0044958 0.14721 -0.44343 0.3743 -0.2439 0.31846 -0.52897 0.49881 -0.36923 0.065964 0.31996 0.024039 0.58013 -0.472 -0.096785 0.020028 0.37767 -0.083408 0.27603 0.12241 0.26775 0.26641 -0.082341 0.89337 0.2767 -1.0789 0.27575 0.012038 -0.6549 -0.30971 0.25707 0.17722 0.27765 0.40882 0.36083 0.4414 -0.11247 0.37381 -0.15042 0.34539 0.062983 0.12125 -0.015554 0.32106 0.29761 -0.11476 0.12314 -0.22789 0.1388 0.14209 0.32193 -0.59523 0.52417 -0.11691 -0.034766 -0.29578 -0.23973 -1.4065 0.66365 0.51334 -0.70012 -0.61829 -0.26856 0.039515 0.19933 -1.0145 0.37875 -0.32785 0.13443 0.064804 -0.20773 -0.2649 0.080762 -0.40593 0.28334 0.58354 0.87433 -0.010298 0.59107 -0.65493 -0.01131
northwest 0.0076299 -0.019319 -0.41755 -0.029725 0.037013 -0.6097 0.016029 0.63757 0.13342 -0.72915 -0.42792 0.0032693 0.32894 0.30913 0.12974 0.15888 0.24465 0.15497 0.48577 0.67815 -0.2289 -0.33501 0.022263 0.14845 -0.36202 0.26185 0.21661 -0.16959 -0.34462 -0.11537 1.1193 0.15839 -0.32854 -0.21383 0.052845 0.20064 -0.72116 0.11376 -0.38948 -0.26325 0.24598 -0.061678 -0.13661 0.73748 0.45823 0.10791 0.09326 0.20441 0.15925 0.11232 0.20028 0.0006461 0.70099 0.071785 0.45119 -0.28414 -0.052994 -0.10535 0.41269 -0.4198 -0.052877 0.072986 0.60651 -0.61952 0.13877 0.43445 -0.15617 0.078619 0.19771 0.31897 0.61931 -0.5202 0.13895 -0.17637 -0.81592 -0.065975 0.13167 -0.1234 -0.39883 0.0877 -0.35393 -0.06902 -0.49496 -0.066897 -0.43272 -0.6595 -0.1768 0.12197 0.068864 0.16315 0.20772 0.44195 0.16721 0.51178 -0.12201 0.14219 0.16416 -0.11968 -0.33378 0.69313 -0.22814 0.1551 -0.32994 0.048635 -0.044272 -0.12016 0.54604 0.32954 0.55898 0.28866 -0.62234 -1.4042 -0.24404 0.089735 -0.25119 0.43461 0.14706 0.41122 0.087966 0.092326 0.16351 0.07388 -0.45488 -0.028248 -0.56129 0.40964 0.33514 -0.11926 0.33667 -0.14198 -0.083945 0.46013 0.31073 -0.076042 0.2559 0.17598 -0.2014 0.2215 0.18377 -0.42862 -0.27172 0.20747 -0.36982 -0.14595 -0.80117 -0.013481 0.42485 -0.34483 -0.41723 -0.64902 1.1097 0.085076 0.35973 -0.40416 0.76887 0.51233 0.29834 0.21505 -0.14731 0.29195 0.30777 -0.3084 -0.020226 -0.43565 -0.071523 -0.45136 0.71417 -0.38016 0.11607 -0.13278 -0.12352 -0.2384 -0.10495 0.067985 0.097141 0.57001 -0.23755 -0.029585 -0.14319 0.40446 -0.0070464 -0.012319 -0.068016 0.084722 0.83939 -0.20741 -0.38744 0.54202 -0.64808 -0.13261 -0.23213 0.94778 -0.35617 0.10253 -0.089535 -0.17655 -0.27561 -0.50814 -0.31311 0.45666 0.95117 -0.38524 -0.084961 -0.08753 -0.10955 0.22479 -0.84254 -0.66467 0.88706 0.32051 -0.20844 0.19883 0.21605 -0.020023 -0.096114 -0.12209 -0.19361 -0.12173 -0.16387 -0.70435 0.67937 0.13599 0.49126 -0.12994 -0.2651 -0.11996 -0.17473 -0.365 -0.077326 -0.27029 0.34463 0.57342 0.17559 -0.1838 0.75536 -0.04697 -0.024874 -0.058357 0.12148 -0.15667 0.095171 -0.15765 0.47969 -0.09843 0.14595 -0.32989 0.14795 -0.055842 0.36233 0.42099 0.016652 0.22348 -0.086268 0.011007 0.024106 0.040422 -0.15417 0.083192 -0.11971 -0.041996 0.38236 -0.026374 -0.010813 0.15199 -0.23954 -0.042685 -0.072287 0.049431 0.20017 -0.17976 0.32128 -0.33974 -0.37432 0.017835 0.44947 -0.014345 -1.2144 -0.10795 0.38031 0.08463 -0.098635 0.24532 0.062786 -0.15615 -0.49273 0.23179 0.23381 0.036275 0.2606 -0.16217 0.85206 -0.42683 0.45908 -0.29495 -0.19784 0.66728 -0.28645 -0.26046 -0.00030728 -0.31354
poverty -0.13117 0.38339 0.37869 -0.17411 0.057797 0.41068 0.0013487 -0.50239 -0.23206 -1.1651 0.17647 0.062408 -0.38501 0.16066 0.13735 -0.9369 -0.15956 -0.49589 -0.20928 -0.22494 -0.51969 0.65238 -0.25155 -0.10506 -0.1742 0.37599 0.77159 0.29022 0.3451 -0.049425 0.53781 0.83166 -0.51894 -0.28919 -0.226 -0.39642 -0.048612 0.38688 0.49984 -0.38779 0.08538 -0.21731 0.39682 -0.22604 0.06638 0.005889 -0.28437 0.26308 -0.034955 -0.52818 0.90185 0.20213 0.60411 -0.82482 0.058789 -0.4432 0.88832 -0.21081 -0.10919 0.32955 -0.23283 -0.75514 -0.12486 -0.0098751 -0.55034 0.28023 0.14649 0.7245 -0.0065781 -0.18467 0.021299 -0.037994 0.12166 -0.7967 0.49037 -0.69387 0.052317 0.5104 -0.37993 0.27641 0.5885 -0.40053 0.76828 0.023113 -0.88642 -0.34994 0.35022 -0.25826 -0.44572 -0.035928 0.19691 -0.39194 -0.41002 0.17568 0.2229 -0.43818 0.12183 0.15257 -0.10577 -0.48295 0.80824 0.084731 0.12865 0.16197 -0.56046 0.53818 0.10703 -0.11192 0.36198 -0.096894 0.16482 -1.226 -0.26403 -0.14132 0.6565 0.12995 0.8696 0.052697 -0.48602 -0.28302 0.24108 -0.046804 -0.03943 0.80847 -0.31557 0.017686 0.2993 0.24939 0.21146 0.57759 0.05427 0.0043283 0.73489 0.11847 -0.39936 -0.46264 -0.60602 0.48319 -0.10929 0.35043 -0.19844 0.11919 -0.31993 0.38447 -0.20518 0.41693 0.22003 0.46563 0.43989 0.31591 -0.22687 -0.22062 0.34544 -0.040385 -0.40147 0.67448 0.136 0.22677 0.31673 0.13166 -0.30326 0.4365 0.42105 -0.11396 -0.39573 -0.77476 0.21373 -0.47303 0.13443 -0.34786 -0.29415 0.27131 -0.5222 0.0043946 -0.61558 -0.055306 -0.45627 0.075763 -0.53837 1.2201 -0.7119 0.19605 0.091365 0.043673 0.50451 -0.18662 -0.024789 0.34132 -0.8108 0.73855 0.073123 0.28098 -0.089213 0.76004 -0.35225 0.033208 -0.39972 -0.57598 0.68396 -0.18338 0.092429 0.44557 0.43197 0.39942 0.16655 0.28072 -0.14116 -0.27454 0.15534 0.13789 -0.4195 -0.44381 -0.35868 -0.32751 0.47767 0.66056 -0.30262 0.26251 0.3231 0.44126 -0.036665 -0.010168 0.50549 -0.10295 -0.37895 -0.51118 1.1689 0.58774 -0.30625 0.0098932 -0.039381 0.081371 -0.13873 0.092266 -0.80619 -0.074505 -0.097859 0.00073209 0.76342 0.26393 -0.32764 -0.066986 0.42536 0.17457 -0.95281 -0.050848 0.85118 -0.22877 -0.059515 -0.28101 -0.23006 0.34033 0.25563 -0.20598 0.65383 0.14758 -0.36435 -0.19027 0.14186 0.60673 0.045248 -0.19346 -0.014095 -0.37563 -0.12912 0.52766 0.46014 0.3919 -0.59497 0.13467 -0.81735 0.077356 -0.482 0.69982 -0.16718 -0.76749 -1.7 0.087925 1.4666 -0.847 -0.11124 -0.3809 -0.8485 -0.34976 -0.15449 0.10223 -0.26937 -0.34024 0.2342 -0.19129 -0.49545 -0.22994 -0.3363 0.46752 -0.071676 0.88425 -0.085032 0.44078 -0.78624 -0.18983
rain -0.52618 -0.54041 -0.89537 -0.35598 -0.74356 -0.66838 0.26326 0.89254 0.14362 -0.34904 0.25866 -0.11143 -0.52035 0.1436 -0.075728 -0.84569 -0.28762 0.049872 0.39234 0.52551 -0.39244 -0.2822 -0.097458 -0.12929 -0.38623 0.17261 0.7574 -0.29868 -0.691 -0.36639 0.63951 0.25255 -0.22299 0.16387 -0.83199 -0.30276 -0.32411 -0.36789 -0.073673 0.54726 0.14785 0.26259 0.086208 -0.033827 0.044403 -0.2135 0.3761 0.33816 -0.36696 -0.2096 0.025934 0.47679 0.23046 -0.44333 -0.65379 0.85762 0.62861 -0.70343 1.1284 0.2497 -0.34459 0.17005 0.27826 0.01167 -0.44087 -0.12649 0.31811 0.073688 -0.17127 -0.023486 0.34294 0.18888 -0.15694 -0.37975 -0.58313 -0.45624 -0.5968 0.09743 -0.50593 -0.64092 0.083647 0.38474 -0.15071 0.55042 -0.68742 0.14893 -0.039046 -0.19582 0.61498 -0.066786 0.63395 -0.4659 0.44123 -0.55136 -0.17711 0.97118 0.26321 -0.035901 -0.11096 -0.11161 0.353 1.026 -0.2605 -0.12231 0.31695 0.35807 0.2526 0.21803 -0.47766 -0.13033 -0.36929 -0.88388 -0.1249 0.27972 0.017521 0.19048 0.38647 -0.10236 0.26691 -0.66637 -0.66046 -0.48598 -0.5029 0.59602 -0.23975 -0.054244 0.71177 0.097479 0.18964 0.60496 -0.2421 1.261 0.5195 0.12978 0.28374 0.1499 -0.073072 -0.064345 0.041775 0.20712 -0.13972 0.021692 -0.45101 -0.077633 -0.58888 -0.0062811 0.50587 0.63067 -0.096216 -0.45549 -0.10162 -0.74026 -0.45125 0.16204 0.34589 0.2203 0.73482 -0.72055 0.019937 0.50934 -0.045864 -1.0167 0.4202 0.29336 0.057842 0.19622 0.71137 0.44455 -0.11329 -0.23249 0.3283 0.6458 -0.032498 0.58903 0.067438 -0.21519 0.24967 -0.047893 -0.12095 0.20468 -0.010392 -0.10827 0.5248 -0.013868 -0.40703 -0.2761 0.61498 -0.12118 -0.70097 -0.76415 -0.37243 0.3 -0.32852 -0.13877 0.23339 -0.58504 0.54768 -0.090521 0.30928 -0.19777 0.68883 0.043808 -0.012833 0.25696 0.017598 -0.11323 -0.76201 0.42972 -0.22032 -0.43818 -0.57085 0.23867 -0.098037 -0.4015 0.27659 -0.51578 -0.28637 -0.37785 0.83469 0.10563 1.1508 -0.67165 0.095388 -0.070545 0.039198 0.17726 0.44885 -0.045378 0.22337 -0.24957 0.93144 -0.16601 -0.095582 -0.60227 0.20068 -0.10264 -0.62696 0.048702 0.34737 -0.10634 -0.35068 0.11719 -0.79712 -0.32956 -0.60446 -0.0049038 -0.3351 -0.060065 -0.3063 -0.15462 -0.099521 -0.1788 0.098109 -0.59477 0.53245 -0.15388 0.063044 -0.47686 0.26712 -0.064799 0.2029 -0.093498 -0.44456 0.4692 -0.13718 0.035772 -0.74958 -0.51603 0.47025 -0.65103 0.027106 0.31463 -0.51519 -0.09912 -0.30605 0.2127 -1.6502 -0.34658 -0.19282 0.036578 -0.33871 0.21323 0.54172 -0.17543 -0.60187 -0.14679 0.20983 -0.084584 0.070885 -0.21752 -0.12642 0.030381 0.075461 0.86541 0.30098 0.22916 0.049217 -0.21204 0.32909 -0.021816
nigeria 0.48436 0.8044 -0.22246 -0.02041 -0.24151 0.10519 -0.03596 1.0855 0.085347 -1.4159 -0.066422 0.20383 0.40206 -0.44971 -0.31746 -0.33356 0.1798 0.47301 -0.12191 -1.1534 0.18269 0.56117 0.12495 0.31199 -0.32732 -0.24 0.12066 -0.03174 -0.097246 0.68105 -0.18132 0.30107 -0.14939 0.88535 -0.24247 -0.15688 0.093092 0.25969 0.089574 -0.026594 -0.26158 -0.57919 -0.53397 -0.096168 0.058789 -0.64935 -0.017792 0.1159 0.56829 -0.29401 -0.22134 0.35814 0.088217 0.44843 0.27296 -0.015974 0.095989 0.47499 -0.23208 0.088506 -0.46594 1.239 -0.33322 -0.59777 0.016285 0.063796 0.24652 0.32972 0.3008 -0.19929 -0.21973 -0.23556 0.20513 -0.24971 0.30817 0.16255 -0.080845 0.059291 0.45611 0.49515 0.4047 -0.32125 -0.33879 0.77175 0.11598 -0.033327 0.26935 -0.77243 -0.23637 0.014425 -0.38185 0.34505 0.28394 -0.51603 0.29091 -0.37283 0.4793 0.2857 0.28817 0.14294 0.097659 -0.14684 0.57849 -0.20742 0.18726 0.19484 0.1726 0.14169 -0.22487 0.048269 0.62098 -0.93851 -0.48026 0.48825 0.45815 0.41054 0.4105 0.21088 0.95968 0.036678 -0.78582 -0.24237 0.15467 0.086726 0.60789 0.17295 -0.60163 0.0054985 0.13816 0.46172 0.002847 -0.33793 -0.28178 -0.37273 -0.38888 0.1063 -0.080873 -0.02682 -0.0049547 0.12017 -0.84572 -0.10144 -0.079429 0.09574 -0.78344 -0.0090313 0.092233 -0.14829 0.29963 0.19508 0.26191 -0.23914 0.71589 0.63622 -0.27558 0.32578 0.25366 0.029187 0.060298 -0.16047 -0.013193 0.044004 0.16382 0.46418 -0.45603 -0.55822 0.62343 -0.51533 -0.31528 -0.79064 -0.55354 0.21702 -0.30495 -0.16824 0.40971 0.43517 0.33886 -0.095744 -0.58695 1.3374 -0.37069 0.44044 0.11498 -0.36215 0.43397 -0.23629 -0.43499 0.52184 -0.80098 0.078122 0.59062 0.36415 0.12647 0.61754 -0.20577 -0.049862 1.0141 -0.33287 -0.30009 0.057144 0.63859 0.042412 -0.013763 -0.32637 0.12362 -0.39531 0.24153 -0.21405 0.43342 -0.10965 -0.16745 -0.20168 -0.20686 0.52967 0.21206 0.15792 -0.39114 -0.77126 0.38745 -0.39433 -0.094698 -0.011937 0.63276 0.34672 -0.11998 -0.90283 -0.2248 0.19275 0.42207 0.12896 -0.15854 0.53869 0.14718 0.35241 0.04276 0.77347 -0.48136 0.35799 0.42051 -1.0868 0.14671 0.17524 -0.8026 0.51125 0.70233 0.14926 0.014089 0.39854 -0.070843 -0.42056 0.40819 0.17075 0.10833 0.19886 0.23297 0.014739 -0.3504 0.046167 -0.48807 0.81058 -0.11743 0.37145 0.011864 -0.18821 0.40935 -0.0075836 -0.26288 -0.05312 -0.25936 0.14831 0.46006 -0.13381 -0.17891 0.28226 -0.072532 -0.087127 -1.3095 -0.62613 0.48215 0.25155 -0.293 -0.16431 -0.053572 -0.27144 -0.024433 -0.27837 -0.021145 -0.064576 -0.64308 0.2384 -0.45434 0.18611 0.62472 -0.019039 0.09178 1.0227 -0.63344 -0.48808 -0.012549 -0.22674
czech 0.17367 0.35998 -0.5908 0.51066 0.46515 -0.040647 -0.69678 0.016408 0.31615 -0.95405 0.36352 -0.27259 -0.2703 0.38317 0.10245 0.033675 -0.10248 0.48568 0.13387 0.33313 -0.19999 -0.10719 0.21865 0.70628 -0.21832 -0.31287 0.097705 0.82367 -1.1094 0.43885 0.15752 0.36893 -0.067939 0.72903 -0.64895 0.011398 -0.22075 0.012463 -0.32102 0.59349 -0.26618 -0.93392 -0.024255 0.11568 -0.38211 -0.70468 -0.55553 -0.099235 -0.21744 -0.087854 0.37586 -0.50493 0.28812 0.10446 -0.24373 0.40391 0.16558 -0.34407 0.59171 0.45625 -0.78948 0.051074 -0.54471 -0.82083 -0.39017 -0.059603 0.642 0.70366 -0.15698 -0.43029 0.20569 0.58585 -0.55149 0.073762 -0.065664 -0.81527 -0.72283 -0.20023 0.065272 0.00578 0.13584 -0.051533 0.30842 -0.34828 0.32014 0.014481 -0.44077 -0.26012 -0.11551 -0.072698 0.38841 -0.27996 -0.2007 -0.32725 0.58471 0.10074 -0.32593 -0.056973 -0.54928 -0.33401 0.06393 -0.126 -0.086708 -1.2634 0.085601 -0.075811 0.3336 -0.0012126 -0.13033 0.56745 0.9978 0.16598 -0.12042 0.084448 0.13963 -0.25927 0.20485 -0.71663 0.37397 0.2396 0.16243 0.48182 0.1903 -0.3746 0.45269 0.36029 0.10677 0.69399 -0.069339 -0.43919 -0.18013 0.14016 0.058335 -0.29344 0.64117 -0.094836 0.47859 0.092448 0.35199 -0.21556 0.63189 -0.14473 -0.46039 0.63954 0.49385 0.5704 0.54928 -0.36546 -0.23753 -0.083775 1.1178 -0.49533 -0.6613 0.13067 0.41892 0.58435 -0.44058 0.79318 -0.2341 -0.076248 0.4206 0.010274 -0.13394 -0.23778 0.26621 0.52707 -0.0083192 -0.052294 0.72263 -0.58615 0.90517 0.58821 -0.40687 0.17782 -0.95168 -0.039251 0.18756 -0.31567 -0.22789 0.089275 0.52661 -0.41495 -0.070288 -0.49019 0.34621 0.096385 -0.83346 0.17668 0.10587 -0.1789 -0.29896 -0.41079 0.31632 -0.0052472 -0.33637 -0.10361 -0.27396 0.22898 -0.066125 0.43236 1.2271 0.20376 -1.2915 0.15255 -0.088818 -0.31114 -0.25112 -0.20791 -1.1487 0.33155 0.018576 0.17662 -0.3006 0.23208 0.43336 -0.66373 0.013603 -0.20677 -0.46672 0.0073265 0.11601 -0.11856 -0.16035 -0.37473 -0.29384 0.13038 -0.59963 -0.4436 0.47439 0.27539 -0.31152 0.12689 0.43357 0.87197 -0.0041918 0.11753 -0.14465 0.073983 0.8642 0.30486 -0.24343 0.35668 0.52799 -0.73782 1.3501 0.61418 0.3328 0.19343 -0.23057 -0.15982 -0.38505 -0.12743 0.20107 -0.36513 0.1712 0.18023 0.025458 0.10335 -0.39951 0.11023 0.25088 0.29523 0.33411 -0.30977 0.43484 -0.82631 -0.33338 0.66183 0.15196 -0.14983 0.84873 -0.45578 0.32526 -0.6309 0.092583 0.67354 -0.91022 -0.58256 0.63654 -0.063209 -0.21521 0.16348 -0.3436 -0.33236 0.38051 0.36242 0.21017 0.19615 0.062095 0.55141 0.14026 0.32922 -0.018618 -0.035129 -0.17307 0.30935 -0.22135 -0.41935 0.42271 -0.058378
atlantic 0.12545 -0.4017 -0.34458 0.25712 -0.32982 0.45319 -0.090111 0.12568 0.53007 -1.1051 0.14918 0.2631 -0.019069 -0.26563 -0.30533 0.035164 -0.14421 0.06758 -0.079065 0.55161 -0.073483 0.29237 -0.094589 -0.098555 -0.48875 -0.63887 0.15588 0.22754 -0.45246 -0.42677 0.62837 -0.20776 -0.52889 -0.73721 -0.56919 0.24463 -0.35095 0.41299 0.22275 0.3994 -1.101 0.48461 -0.46226 0.68002 0.45843 0.56808 0.42479 -0.19731 0.28665 -0.065043 0.42584 0.0023564 0.31198 -0.64914 -0.23295 0.11627 -0.37361 0.046297 0.61417 -0.13671 0.28529 -0.090548 1.0601 -0.2934 -0.13143 0.27444 -0.19704 0.87424 -0.059744 0.072818 0.68326 0.69529 -0.14394 -0.24541 -0.86084 0.31812 -0.22149 -0.25621 -0.064921 -0.065211 -0.20009 0.27727 -0.55507 0.18991 -0.27026 -0.011635 0.36282 0.06818 0.27624 -0.61159 -0.060874 0.25424 -0.1459 -0.058704 -0.37881 0.31003 0.24415 0.12617 -0.27723 0.32328 -0.21264 0.37134 0.88678 -0.1013 0.058876 0.063951 0.62058 0.13919 0.65356 -0.089402 0.1714 -0.35843 -0.14032 0.51278 -0.3442 -0.32186 0.44267 0.5042 0.22168 0.16131 -0.040304 -0.45956 -0.037291 0.27506 0.3114 0.35826 0.10799 -0.40881 0.40434 -0.25704 -0.27177 0.22457 0.46832 -0.36684 -0.096483 -0.1982 -0.10331 -0.64683 -0.077779 -0.25357 0.20443 -0.053005 0.16747 0.38871 -0.36782 0.77947 0.58286 0.028941 -0.21379 0.013846 0.65523 -0.13012 0.57675 -0.89384 0.15242 -0.096071 -0.35995 -0.02159 -0.472 0.53397 0.23264 0.15209 0.23254 -0.024686 -0.39258 -0.022869 0.30171 0.51197 -0.20845 0.88327 0.44363 -0.023396 -0.58883 0.099492 0.46288 0.024338 -0.31615 0.11895 -0.40901 -0.2795 0.19241 0.1853 0.32324 0.10259 0.35945 -1.0888 -0.66019 0.79181 -1.1542 -0.23454 -0.14576 0.39887 -0.019655 -0.4859 0.24136 0.3919 -0.066 -0.46657 -0.6099 -0.033544 1.1307 -0.39851 -0.26711 -0.41429 -0.24604 0.14291 -0.12456 -0.0061768 0.64392 0.22767 -0.11354 -0.013754 0.31007 0.66665 -0.226 0.18986 -0.35114 -0.10049 0.33168 -0.34542 1.0464 -0.1467 0.068119 -0.25582 -0.12415 0.080267 -0.091497 -0.72342 -0.023808 0.1829 0.56642 0.26503 -0.031005 -0.26272 0.43277 -0.98002 0.355 0.064473 -0.12294 -0.40933 -0.93643 -0.34056 0.79264 -0.27401 0.082037 -0.38791 0.053335 -0.34972 0.35486 0.014576 0.10408 0.2573 0.19804 0.83273 -0.51538 -0.21908 -0.1552 0.70261 0.13163 0.34433 0.11265 0.10898 -0.27189 0.40961 -0.010635 -0.017853 -0.53612 -0.079119 -0.1878 0.13879 0.48668 0.094496 -0.55943 -0.20393 0.54399 0.10022 -0.90068 0.28343 0.29867 0.38968 -0.22367 0.58779 -0.53722 -0.41165 -0.50299 -0.14006 -0.044028 0.15592 0.34931 -0.55332 -0.12951 0.24539 -0.1459 -0.27628 -0.07 0.4864 -0.094662 -0.58164 0.4427 -0.4341
ancient 0.07925 -0.41212 -0.36489 -0.098521 0.4315 -0.29436 0.20134 0.16781 0.42615 -1.206 -0.34056 -0.061623 -0.35145 0.4044 0.31335 -0.21358 -0.1538 0.61995 -0.19456 0.16039 -0.65604 -0.1385 0.07389 0.92869 0.47622 -0.55222 -0.10214 -0.80242 -0.05412 0.99651 0.61992 0.90687 -1.2425 0.1647 0.20637 0.094347 0.21731 0.010769 -0.12407 -0.11478 0.8508 -0.53948 -0.026762 -0.12715 0.52002 0.065173 0.58624 0.81679 -0.17562 -0.30033 0.072233 -0.15026 0.29882 -0.29726 0.056492 -0.084808 -0.2343 0.044831 0.14848 0.34663 -0.0024301 0.64333 0.82326 0.30164 -0.047784 0.46713 -0.34904 0.86929 0.27313 0.022222 -0.062442 -0.40196 0.15505 -0.2393 -0.38972 0.48732 0.24143 -0.77482 0.23811 -0.1261 -0.26908 -0.16095 -0.93263 0.15337 0.081971 0.82979 -0.046858 0.86512 0.49099 0.39631 0.059603 0.14152 0.33982 0.066486 0.2926 0.51374 0.73045 0.055109 0.38767 -0.060644 0.25906 0.864 0.1771 0.10589 0.10386 0.19589 0.20061 -0.49428 -0.010317 0.14475 0.26745 -0.33708 -0.40032 -0.18733 -0.59859 -0.23473 -0.11404 0.050332 0.2662 -0.42569 -0.6595 0.19793 -0.82976 0.17992 -0.51179 0.53056 -0.2176 0.74067 -0.19458 -0.52598 0.044346 0.27306 0.73552 -0.028996 -0.1833 -0.37836 0.041442 -0.088324 -0.4282 -0.22478 0.1652 -0.54857 0.079374 -0.23895 0.33334 -0.12723 0.14879 0.35882 -0.19603 -0.41082 -0.046782 -0.15002 -0.20339 -0.015776 0.2184 0.26696 -0.60428 0.42932 0.50014 -0.16811 0.49404 0.13953 0.50957 0.37281 -0.48289 0.1955 0.19007 0.088216 0.082707 -0.5041 -0.37506 -0.53415 0.44295 0.37662 0.34848 0.49508 -0.024645 0.26662 -0.047511 -0.59831 -0.19225 0.58987 0.073301 -0.0085201 0.72439 -0.34764 -0.49988 0.34888 0.60022 -0.24047 -0.016328 -0.043199 0.41382 0.021481 0.24924 -0.72074 0.024178 -0.64844 -0.42979 0.60165 0.78753 0.26324 -0.14651 0.5757 0.41385 -0.44723 -0.19063 -0.072128 -0.10728 0.40051 0.038889 0.64887 0.13537 -0.66772 -0.44414 -0.28784 -0.16767 -0.0024547 -0.5429 0.2476 0.02451 0.030036 -0.069192 -0.58131 -0.42015 -0.43766 -0.25541 0.25973 -0.051417 0.25802 -0.41192 -0.084536 -0.48546 0.25261 -0.096554 0.13084 -0.06131 -0.80824 -0.10687 0.13708 -0.43842 0.18198 0.73928 0.55871 -0.81886 0.18741 -0.9321 0.66916 0.078622 0.56511 0.43293 0.35898 -0.13267 -0.30276 0.28466 0.087071 -0.085174 -0.16922 0.099045 -0.36635 -0.25523 -0.22595 0.44262 -0.37718 0.072014 0.18565 0.076288 -0.055702 -0.043827 -0.070822 -0.52916 0.069217 0.87983 0.42512 0.061918 0.050298 -1.5306 -0.30376 0.50491 -0.17908 0.10581 0.095012 0.47152 -0.23627 0.052109 -0.075841 -0.13086 -0.27603 0.55357 0.3062 0.2586 0.27108 -0.55364 0.43954 -0.22274 -0.31171 -0.055249 0.0089636 -0.70347 0.1993
egyptian 0.46547 0.063029 -0.61472 0.16898 0.081284 -0.1673 0.0077983 -0.24788 -0.32139 -1.3826 -0.57642 -0.19025 0.17578 0.23697 0.36638 0.19353 0.15419 0.020077 -0.52612 -0.88991 -0.60689 -0.52157 -0.012861 0.34743 0.4694 -0.22697 0.27852 -0.089629 0.17582 0.60686 -0.28546 -0.046984 -0.77052 -0.16689 -0.10092 -0.729 0.21518 0.21734 0.61929 0.085551 0.64459 -0.57926 -0.58077 0.24417 -0.21976 -0.14845 0.027715 0.46807 -0.3699 -0.19896 -0.02292 -0.022171 -0.22958 -0.1109 0.26924 0.47278 -0.086424 0.2631 0.85316 0.1897 0.26155 0.5886 0.38426 -0.9443 -0.45426 0.23572 -0.11083 -0.061978 0.23624 -0.3926 0.60765 0.10495 0.052685 -0.37825 0.37707 0.25059 0.55538 -0.73009 -0.20163 1.035 -0.057769 -0.91143 -0.12045 0.57742 0.52403 0.32102 -0.29428 0.40698 0.69185 0.2203 -0.57098 0.27899 0.39385 1.1092 0.3658 0.46825 -0.17248 -0.067106 0.13658 0.0084168 0.17636 -0.19889 1.1663 -0.7497 -0.18488 0.17221 0.074813 -0.22719 0.34231 -0.93651 0.073347 0.45401 -0.18317 -0.62537 0.67124 -0.55411 -0.46111 0.018057 0.86341 -0.10008 -0.29537 0.15859 -0.23899 -0.67882 -0.30913 0.3596 0.43142 0.36746 0.54863 -0.25728 0.568 0.16325 0.18515 -0.065712 -0.15126 0.0086833 -0.028132 0.0090733 -1.1234 -0.11468 0.37616 -0.21504 -1.0128 -0.28403 -0.12931 -0.13127 -0.069445 -0.29563 -0.71956 0.17025 0.60114 -0.12887 -0.14474 0.11123 -0.11128 0.1046 0.18737 -0.071652 0.5372 -0.073111 0.4487 0.72044 0.32907 0.39373 0.0011253 0.084867 -0.19292 0.10584 -0.31907 -0.045966 -0.35384 0.084056 0.068494 -0.57606 0.55434 0.44629 -0.68511 -0.2677 0.004826 -0.035404 0.43919 0.13722 0.018179 1.0154 -0.29295 0.059489 -0.42228 0.20678 0.58443 -0.24383 0.34182 -0.30868 0.084168 -0.42502 0.38491 0.064652 -0.15425 -0.56014 -0.55608 0.22687 0.5627 0.17495 0.13165 0.53793 0.48671 -0.65775 -0.0019208 -0.16709 0.50693 -0.11291 0.41262 -0.33479 0.24638 0.061358 0.35994 -0.18679 0.25867 -0.37096 0.32641 0.74084 0.59991 -0.345 0.29393 -0.075571 -0.2741 0.074331 -0.33707 -0.022308 0.54873 0.18391 0.28057 0.011274 0.33687 0.14303 0.71787 0.77231 -0.35564 -0.67192 -0.024514 -0.13115 -0.013475 0.57064 0.082377 0.10774 0.62154 -0.32856 -0.48348 -0.30256 -0.0066302 0.63034 -0.10049 0.40828 0.24276 0.19022 0.57359 0.12705 -0.19056 0.16922 -0.62965 -0.22456 -0.29297 -0.35524 0.25238 -0.36653 0.0072506 -0.21613 -0.11741 0.36362 -0.2082 -0.15117 0.11956 0.4385 0.20163 0.060944 0.047084 -0.38983 -1.5288 0.44215 0.5246 0.089796 0.59797 -0.28453 0.34459 -0.25219 0.5155 -0.18128 0.67576 0.24526 0.35726 0.37784 -0.39409 -0.20939 -0.91973 0.37271 0.025542 0.23142 -0.18856 -0.40397 -0.59681 0.01705
northeast -0.3064 -0.11043 -0.53244 -0.39272 0.0039471 -0.17235 0.081584 0.85255 0.11232 -1.0158 -0.99371 0.11173 0.46165 0.24249 0.081059 0.19995 -0.21628 0.29137 0.62107 0.41197 -0.43165 0.1656 -0.043066 0.083519 -0.30915 0.42539 0.15445 -0.24529 -0.35361 -0.14006 0.86445 0.21468 -0.34105 -0.2461 0.33124 0.32742 -0.47942 0.30252 -0.17023 -0.48892 0.047973 -0.21512 -0.070957 0.43886 0.3046 -0.30619 0.4387 0.22917 -0.087661 0.12433 -0.0063734 0.16068 0.60499 -0.25221 0.3023 -0.053155 0.31139 -0.07786 0.25877 -0.21254 -0.21209 0.21175 0.60011 -0.53124 0.4566 0.49746 0.071556 0.41612 0.15691 -0.2 0.21612 -0.39953 -0.2089 -0.58218 -0.77341 0.10703 -0.1243 -0.14379 -0.28614 -0.14459 0.10972 0.18259 -0.45031 0.063676 -0.12917 -0.81235 -0.13972 -0.21815 0.64099 0.14072 0.3723 0.37656 0.55763 -0.19034 -0.28508 0.35807 0.27566 -0.1083 -0.085778 0.3596 -0.17652 0.079997 -0.18467 0.10306 -0.15219 -0.0074239 0.68868 0.10762 0.51165 0.62686 -0.31141 -1.6129 -0.18659 -0.167 -0.082359 0.20408 0.11748 0.090656 0.23787 0.23062 -0.2847 -0.14475 -0.41209 -0.32296 0.13637 0.65817 0.57157 -0.15761 0.17666 -0.30584 -0.15996 0.23639 0.19216 0.1108 0.31175 -0.12148 -0.3007 0.0010684 0.63317 -0.16186 -0.26614 0.017745 -0.10539 -0.066256 -0.73205 0.20233 0.40361 -0.035753 -0.49289 -0.56043 0.95063 -0.13383 0.26807 -0.27624 0.99206 0.32757 -0.0037169 -0.27119 -0.14661 0.14378 0.018703 -0.46136 0.12171 -0.70542 0.18017 -0.57732 0.55242 -0.66199 -0.17669 -0.31797 -0.06993 -0.38007 -0.097543 0.13924 0.19908 0.097401 0.019447 0.077326 0.027981 0.54874 -0.29918 0.033341 -0.29947 0.088091 0.6259 -0.044502 0.093528 0.39123 -0.8225 0.041931 -0.22447 0.54394 -0.02772 0.27843 0.07725 0.3832 0.19581 -0.81612 0.097214 0.59104 0.86156 -0.54815 0.089175 0.37698 -0.32901 0.011323 -0.68579 -0.50045 0.62473 0.37487 -0.10228 0.15901 -0.033786 -0.28472 0.12583 -0.36454 0.022735 -0.23431 -0.18708 -0.35643 0.87837 -0.10765 0.23451 -0.23708 0.01899 -0.13147 -0.086762 -0.27122 0.069796 -0.052328 0.48625 -0.12742 0.30352 -0.2863 0.3928 -0.44478 -0.19345 0.31544 0.086074 -0.059706 -0.19993 -0.049864 0.31315 0.10208 0.19772 -0.15352 0.26996 0.11874 0.12787 -0.018487 -0.12375 0.17145 0.13543 0.27775 0.18433 -0.37057 -0.15553 0.40971 -0.21468 0.017909 0.26983 0.2896 0.075506 0.36294 -0.11026 -0.14547 0.12705 0.32877 0.59863 -0.38082 0.01204 -0.41046 -0.4071 0.35512 0.28687 0.14324 -1.0863 0.029412 0.21321 0.50257 -0.21672 0.075881 0.21419 -0.50717 -0.48816 0.43954 -0.0055713 0.035829 0.62291 -0.032266 0.29065 -0.22498 0.12807 0.012478 -0.12847 0.7564 -0.15649 -0.35475 -0.097489 0.0054488
polish 0.19293 0.23849 -0.091836 -0.0046175 0.028903 -0.87783 -0.3981 0.2288 0.42195 -1.5581 -1.2544 0.24708 -0.27771 0.49794 0.44179 -0.11605 0.21498 0.020201 -0.067608 -0.27099 -0.36078 0.15659 0.65207 0.29711 -0.13068 -0.40575 -0.54989 0.80056 -0.33581 1.0159 0.25676 -0.22299 -0.40496 0.36411 -0.38566 -0.32508 0.27704 -0.094052 0.3545 0.39819 -0.14788 -1.0182 0.46739 0.017997 0.064178 -0.64003 0.04053 -0.38457 -0.63402 -0.46434 0.53521 -0.34412 0.30478 -0.25876 -0.579 0.042246 0.25002 -0.20275 0.84834 -0.004151 -0.39187 0.19479 -0.14207 -0.14523 -0.4272 0.26576 0.18696 0.1819 -0.11495 -0.15206 1.0292 0.14931 -0.60767 0.17254 -0.42451 0.047386 0.30904 0.40353 0.32149 -0.12444 0.070418 0.020075 0.35193 -0.38481 0.33936 -0.31804 0.16097 0.078314 0.23211 0.62554 0.30626 -0.13168 -0.24799 0.059807 0.27722 -0.1578 -0.35855 0.042087 -0.92104 0.19943 0.072848 -0.29758 0.093235 -0.93686 0.14334 -0.53285 -0.16684 -0.36077 -0.12148 -0.23408 0.36355 0.88291 0.033832 -0.15568 0.010924 -0.43419 -0.10549 -0.58243 0.16316 -0.29554 0.60407 0.35534 0.18807 -0.44182 0.13857 0.56893 0.32851 0.30565 0.13295 -0.089017 0.44611 0.0068588 -0.045646 0.29403 0.59315 -0.24968 -0.2069 -0.043002 0.28097 -0.12807 0.1982 0.45962 -0.88129 0.070258 0.82839 0.6142 0.35578 -0.35661 -0.29327 0.19383 0.53179 0.19698 -0.68176 -0.11725 0.72866 0.11742 -0.67999 0.12091 0.46391 -1.023 -0.17795 0.80194 0.062224 -0.039265 -0.12062 0.46814 0.087076 0.13639 0.17666 -0.35513 0.34337 0.18707 -0.64837 0.20522 -0.14607 0.23315 0.5548 -0.645 -0.30106 -0.1474 0.45877 -0.034764 -0.30556 0.28678 0.70972 0.041059 -0.22339 0.21006 0.23913 0.12444 -0.41503 -0.74771 0.12712 0.27584 -0.33184 0.094866 -0.35607 -0.21303 -0.6372 0.081645 0.79134 0.25891 -0.54177 -0.23269 -0.036455 -0.068458 -0.083727 -0.11062 -0.23982 0.13957 -0.22002 0.062926 -0.56008 0.040099 -0.21431 0.040431 0.44176 -0.13437 -0.49807 0.056666 0.75996 -0.49201 -0.43884 -0.92351 -0.027504 -0.029091 -0.42239 -0.60823 -0.092876 -0.023691 -0.028439 0.15662 0.61943 0.048324 -0.068426 -0.11035 0.16217 0.11027 -0.11422 0.12369 -0.0067739 0.17681 0.87757 -0.63606 0.5102 0.10738 0.094935 0.021824 -0.025324 -0.57733 -0.75851 0.16276 0.69477 -0.14671 0.89293 0.34047 -0.12485 -0.34326 0.35471 -0.1943 -0.10885 0.12591 0.096388 0.10171 0.26712 -0.714 -0.83824 0.34164 -0.0006885 -0.1223 0.26766 -0.69146 -0.22304 -0.51849 0.12918 0.25859 -0.79333 -0.49254 0.68663 -0.30063 0.18437 -0.2984 -0.10967 -0.0023064 0.45322 0.62112 -0.20307 -0.35337 0.51838 0.85019 -0.46514 -0.4486 -0.44644 -0.13336 -0.22807 0.27479 0.10288 0.11388 -0.56225 0.27334
snow -0.6961 -0.3339 -0.66542 -0.16459 -0.70283 0.053264 0.57508 1.1246 -0.41143 -0.93335 -0.397 -0.13949 -0.21725 0.49383 -0.16481 -0.43673 -0.39998 -0.14702 0.5828 0.73123 -0.16808 0.050093 0.20341 0.093283 -0.18944 -0.0092796 0.0064213 -0.5586 0.079708 0.034177 0.503 -0.084123 -0.15241 0.042398 -0.95865 0.13482 0.10695 0.22212 0.16383 0.081416 -0.61437 0.60299 0.53843 0.33915 -0.060046 -0.12329 0.30417 0.067838 -0.058329 -0.24791 -0.28177 0.32273 -0.12639 -0.40664 -0.42578 0.71366 0.18676 -0.49576 0.56635 0.39411 -0.11876 0.62798 0.50193 -0.38534 -0.32333 -0.29613 -0.1984 0.082042 -0.63666 -0.25177 0.070225 0.23886 -0.35341 -0.30615 -0.7898 -0.014515 -0.096662 0.27064 0.37095 -0.3916 0.15589 0.40176 -0.12316 -0.0069311 -0.17538 0.29317 -0.035662 -0.062503 -0.11821 -0.26708 0.33433 -0.41039 -0.44941 -0.058539 -0.5973 -0.060833 0.014623 0.031391 0.041093 0.21223 0.54304 0.51444 -0.2447 -0.034937 -0.61583 0.24116 0.93612 0.29663 -0.01733 0.39864 -0.399 -0.69927 0.010899 0.044804 0.096444 0.20555 0.37109 0.13219 0.29942 -0.28494 -0.071103 -0.45338 -0.22126 -0.31673 -0.10643 0.040453 -0.15324 0.33191 0.27801 -0.25143 -0.41784 1.1352 0.18709 0.57932 0.14912 0.42731 -0.81353 0.35546 0.10287 -0.10858 0.13692 0.11451 -0.68607 -0.17115 -0.52708 0.28953 0.5147 0.25549 -0.23139 -0.44275 0.42679 -0.41475 0.041182 -0.2664 0.60967 0.03783 0.27371 -0.5267 0.12029 0.5208 0.59519 -1.1315 0.19505 -0.2528 0.34636 0.82065 0.63271 0.091682 0.38433 -0.81108 0.18232 0.19068 -0.13031 0.21336 0.074454 -0.094498 0.47594 -0.31026 -0.11718 0.092891 0.22067 -0.16721 0.71703 0.30143 -0.40609 -0.16231 0.31315 -0.59325 -0.53404 -0.1087 -0.23026 0.36507 0.30648 -0.75576 -0.20767 -0.46966 -0.21035 0.0091924 0.5057 0.45564 0.84145 -0.19412 0.23964 0.85852 0.05229 -0.0011899 -0.29387 0.044187 -0.23886 0.19207 -0.0079459 -0.25773 0.31145 -0.47615 -0.00056431 -0.8941 -0.38667 -0.37907 0.52821 -0.45513 0.53567 0.13216 0.39741 -0.4904 0.24118 -0.11714 0.27007 0.15184 0.42316 -0.39708 0.13827 -0.27638 0.29908 -0.76008 0.061752 -0.4452 -0.5132 0.12124 0.15792 -0.57067 -0.68793 -0.33873 -0.43291 -0.46817 -0.84667 -0.65852 -0.59116 -0.043406 -0.013031 0.11246 -0.35374 0.3923 0.1172 -0.56268 0.83477 -0.34675 0.054568 -0.48494 0.12108 -0.15504 -0.047008 -0.2665 0.024593 0.70123 0.21284 -0.077796 0.050835 0.3865 0.37534 -0.48749 -0.013739 0.57852 -0.90425 -0.0062806 -0.28674 -0.017749 -1.0189 -0.71371 -0.36557 -0.73412 -0.027371 -0.071396 0.64792 -0.057281 -0.2512 0.039567 0.076976 0.34572 0.34606 -0.38323 -0.074011 -0.14153 -0.03109 0.53137 -0.35708 -0.28263 0.098663 0.17693 -0.39297 0.27708
indonesian 0.071747 -0.22744 -0.21662 -0.0019867 0.57159 -1.1073 0.082218 0.64317 0.016936 -1.394 0.4569 0.60237 -0.097502 0.25288 0.044373 -0.015443 1.0011 0.10973 -0.2567 -0.97653 -0.019946 -0.18954 0.14763 0.0078446 -0.4139 0.53917 -0.11006 0.10167 -0.062044 -0.14992 0.68367 0.43668 -0.15779 0.25507 0.3183 -0.5847 0.17813 -0.74535 0.5275 0.17223 0.14765 0.080606 -0.1526 -0.38195 0.40322 -0.33899 0.18456 -0.34775 -0.51752 0.15237 0.19339 -0.076525 -0.31716 0.036482 -0.63128 0.61836 0.1919 -0.12034 -0.26612 -0.33518 -0.070176 0.077543 -0.077641 -0.039816 0.28797 -0.073892 0.077674 -0.38619 -0.64429 0.81115 -0.46355 0.6862 -0.59677 -0.40628 -0.10436 0.0028789 0.90217 -0.17231 0.25108 0.4445 -0.29205 -0.41927 0.11558 0.43838 0.8067 -0.36274 -0.058461 -0.19703 -0.1505 0.28861 -0.67084 -0.26299 -0.54494 0.30152 0.2387 0.10222 -0.098972 -0.27224 -0.1126 0.2956 0.44548 -0.24758 -0.075796 -0.32423 0.061314 0.1422 -0.15616 -0.76333 0.18331 -0.32126 0.36628 -0.38071 -0.53883 0.022041 1.2565 0.58177 -0.073058 0.19666 0.065564 -0.29611 0.08554 0.63892 -0.07937 0.057613 0.17724 0.55992 0.36654 0.077365 -0.049716 -0.25179 0.028952 0.72022 -0.24463 -0.39744 0.7951 0.046092 -0.2039 0.70696 0.31869 0.36213 0.25071 0.36972 -0.51112 0.63112 -0.46394 -0.23114 0.17003 0.1926 -0.3449 -0.050017 0.9368 -0.0040357 0.23733 0.56126 0.60822 -0.03297 -0.82598 0.0046356 0.33863 -0.48856 0.46648 0.11 0.066595 0.49255 -0.60428 -0.27809 0.23477 0.38171 0.058473 -0.5303 -0.052637 -0.36763 -0.57224 -0.059168 -0.4162 -0.24024 0.25453 0.3374 0.01729 0.2521 0.057851 -0.29634 -0.056337 -0.096062 -0.35106 -0.093077 -0.46849 0.63932 0.87591 0.60612 0.54065 -0.43176 -0.29806 0.21009 0.46937 0.17828 0.33863 0.26546 -0.020786 0.13018 0.28412 0.96252 -0.2038 0.27076 -0.19102 0.041391 0.75259 -0.49539 -0.018216 -0.53324 -0.34147 0.16034 0.41252 -0.010553 0.75591 0.7361 -0.27141 -0.15151 0.065148 0.45823 0.56128 -0.38164 0.15581 -0.087221 -0.054048 -0.37461 -0.28298 -0.12495 -0.68922 0.76614 0.79053 -0.13626 0.1194 0.8275 0.6599 0.49809 -0.065231 -0.14097 -0.048776 -0.20659 0.7337 0.26791 -0.079041 -0.43923 0.65739 0.23259 0.082466 0.33959 -0.39757 0.43992 0.062397 -0.17792 -0.13651 0.084765 0.27816 0.12233 0.018221 0.73728 -0.19407 0.6243 -0.1101 -0.31297 -0.091566 -0.67027 0.87589 0.026646 -0.29387 0.067306 -0.35658 -0.70075 0.02702 -0.5574 0.28574 -0.38741 -0.065115 0.32087 -1.1937 -0.19991 -0.03917 -0.45818 -0.38694 -0.12297 -0.15465 -0.26487 -0.58277 -0.63968 0.075596 -0.23879 0.25682 -0.19321 -0.83972 0.2508 -0.20525 -0.21493 -0.24547 1.1798 -0.3676 0.3909 -0.4998 -0.50695
kenya 0.58203 -0.23939 -0.0077033 0.40044 -0.16262 0.19666 -0.050137 0.19135 0.16913 -1.3181 0.27553 -0.16913 -0.056536 -0.4181 -0.038679 0.15714 -0.072439 -0.34143 -0.39498 -0.93496 -0.87637 0.029473 0.21965 -0.045667 0.19375 0.39169 -0.09088 -0.22579 -0.5046 0.25108 -0.5551 0.32616 -0.24644 0.75428 -0.54135 -0.41911 0.29212 0.072997 -0.54095 -0.56794 -0.16771 -0.39311 -0.083757 -0.26621 0.24985 -0.77289 -0.27758 -0.033832 0.37449 -0.59557 -0.14235 -0.5274 0.017668 0.44709 0.36603 0.67839 -0.4652 0.49409 -0.73381 0.031623 -0.92335 0.95717 -0.88588 -0.099257 0.21682 0.28003 0.084915 0.35784 -0.088747 -0.29936 -0.10838 -0.15451 0.69654 -0.12474 0.39585 -0.70462 0.31501 -0.53197 -0.50711 0.42512 0.43931 0.26588 -0.2594 -0.10131 -0.098017 -0.10227 -0.32238 -0.50526 0.19391 -0.095547 -0.609 -0.24723 0.28482 0.17733 0.78257 0.026823 0.2829 -0.24461 -0.28835 0.33198 -0.041158 0.079934 0.99749 -0.85629 -0.24153 -0.042973 0.82478 0.461 0.13027 0.16489 0.24024 -0.50308 -0.17684 0.22733 0.50785 0.035022 0.32646 0.5827 0.39367 -0.53048 -0.64589 -0.050691 -0.18798 0.13567 0.1599 0.076192 0.47869 0.26304 0.41615 -0.15747 -0.38687 0.29654 0.51759 -0.065545 -0.32596 0.36946 -0.34358 0.13341 -0.53864 -0.23156 -0.49617 0.15207 -0.14843 0.22396 -0.68624 -0.27257 0.065101 -0.11919 0.10058 -0.15252 0.71102 -0.13432 -0.094448 0.3526 -0.26668 0.034066 0.10495 0.43406 0.14887 0.68605 -0.24039 -0.3143 -0.16885 0.17836 -0.45675 -0.62079 0.45244 -0.65038 -0.66251 -0.89799 0.0015308 0.47215 -0.079953 0.38679 -0.1889 0.2719 0.43146 0.013801 -0.61509 0.58928 0.16999 0.5381 -0.2587 -0.9057 0.60795 0.16222 -0.22625 1.0678 -0.49249 -0.46373 0.56135 0.14893 -0.015892 0.22129 0.11752 0.10199 0.49329 -0.34256 -0.70635 0.21779 0.54273 -0.2454 0.15307 -0.2614 0.13547 -0.15202 0.12514 -0.045979 0.10603 -0.28495 0.50175 0.24798 -0.56258 -0.18016 0.17155 -0.46739 -0.62475 -0.49371 0.44439 -0.47777 0.25052 -0.54477 0.27176 -0.15686 -0.065911 -0.55497 0.15755 0.23269 0.11888 0.22598 -0.51737 0.62357 -0.097541 0.49436 -0.17385 0.42008 -0.59663 -0.047654 0.72838 -0.76292 0.054752 1.0201 -0.27181 0.10601 0.38726 0.38864 0.036395 0.25755 -0.24972 -0.043401 0.36327 -0.015036 -0.061543 0.10265 0.55041 -0.047679 0.18609 0.045349 -0.71484 0.43204 0.37303 -0.2072 -0.10457 0.053115 0.032449 0.35435 0.30964 -0.021019 0.014796 0.26573 -0.14613 0.53943 0.008052 0.62826 0.36699 -0.090644 -0.98153 0.34981 0.65417 0.1194 -0.47732 0.060445 -0.16023 -0.64785 -0.16908 -0.091759 0.36407 -0.21176 -0.084481 -0.10698 -0.37261 0.20822 -0.39503 -0.62187 -0.54264 0.91884 -0.17297 -0.3571 0.071552 0.0030937
brazilian 0.33868 0.94207 -0.60742 0.4746 0.4156 -0.56207 -0.98171 -0.11626 -0.098311 -0.90366 -0.86754 0.10336 0.074373 -0.12154 -0.13606 -0.30162 -0.28437 -0.034077 0.43435 0.051174 0.0024814 0.54566 0.15294 -0.0085344 -0.62434 0.028741 0.4549 0.15104 -0.31968 -0.20181 0.14197 0.13446 -0.38968 -0.019219 -0.63547 -0.21207 0.71656 -0.10926 -0.079534 0.86587 -0.56879 -0.54666 -0.17134 -0.022217 0.12279 -0.47869 0.13344 0.57725 -0.087333 -0.084891 0.11219 -0.48931 -0.0080091 0.60048 -0.47774 0.30492 -0.093533 -0.55012 -0.15194 -0.43164 -0.69393 -0.32533 0.3037 -0.44029 -0.55914 0.31444 0.43275 -0.097156 0.38786 -0.62234 0.24955 0.79211 -0.59589 -0.12601 -0.37508 -0.18828 0.40558 -0.10473 -0.13457 0.3388 0.40502 0.0044673 0.072397 0.019036 0.099873 0.25103 0.29025 -0.0010977 0.32595 0.27219 0.11187 -0.22055 0.79385 -0.35359 0.3108 -0.41761 -0.17719 -0.051222 -0.094799 -0.48626 0.050197 -0.64189 0.3816 -0.33632 -0.068978 0.37753 -0.64643 -0.26725 -0.19398 0.045711 0.15213 0.096142 -0.42546 -0.97968 0.21677 0.2035 0.47807 0.29469 -0.010159 -0.16855 -0.036533 0.16038 0.39751 -0.42947 -0.40849 0.12005 0.6402 -0.36277 -0.30326 0.26164 -0.037436 0.14381 -0.27268 -0.2844 0.41914 -0.34344 -0.30075 0.13378 -0.15707 0.31514 -0.17863 0.077983 0.052572 -0.26636 0.40374 0.26102 0.61045 -0.27202 0.043808 -0.1427 0.49283 -0.098932 -0.37954 0.22216 0.64443 -0.36866 -0.18543 -0.48777 -0.30194 -0.63058 0.20413 0.20155 0.15921 0.15185 -0.27118 -1.0333 -0.33988 0.43945 -0.12432 -0.30135 -0.15074 0.14525 -0.76264 0.53836 0.89454 -0.57489 -0.040975 0.19995 -0.22978 0.79706 0.31958 0.39401 0.45371 0.78476 0.24034 0.20403 -0.55369 0.52335 0.24705 0.12246 -0.021384 -0.53844 -0.15228 0.55115 0.0017188 -0.013509 0.43468 0.11883 -0.66869 0.45098 0.94123 -0.15408 -0.2753 0.15795 -0.13896 -0.48743 -0.013921 0.67865 -0.014872 0.076786 0.033575 -0.5347 -0.18576 0.019722 0.6922 0.049412 0.17572 -0.72224 -0.55358 0.98978 0.57382 -0.73952 0.51313 -0.37247 0.038129 0.34008 -0.0074088 -0.50771 0.052955 0.12826 0.27476 0.55602 0.24261 0.91187 0.25225 0.34828 -0.66106 0.50611 -0.19153 0.067182 0.031765 -0.094373 -0.024579 -0.31743 0.1491 0.91372 0.19621 0.038578 0.24272 -0.1184 0.23469 0.069019 0.32857 0.64546 0.15613 -0.038874 -0.88863 -0.023891 -0.024361 -0.11826 0.088969 0.083595 -0.40938 -0.43076 0.53984 0.18271 -0.77887 0.1337 -0.040906 -0.74453 -0.18817 -0.67106 -0.31667 -0.028749 0.53207 -0.27761 -1.0479 -0.34732 0.080588 0.10028 -0.55284 -0.12829 0.03886 0.19531 0.49537 -0.2655 -0.0057851 -0.36431 0.28939 -0.11045 0.13687 0.44745 -0.29707 -0.14194 0.44594 0.36821 -0.92305 -0.44994 -0.3295 -0.41558
southwest 0.014849 0.27839 -0.55272 -0.46136 -0.071928 -0.5024 0.11448 0.64414 0.2456 -0.35361 -0.40796 0.23233 0.1179 0.40357 0.35163 -0.096597 0.22983 0.2026 0.87384 0.35108 -0.21203 0.25444 -0.25289 -0.1085 -0.29742 0.29481 0.098359 0.26899 -0.73112 0.25557 0.53677 0.080789 -0.47907 -0.035171 0.071449 0.10586 -0.61175 -0.050587 -0.26154 -0.43308 0.31291 -0.13336 0.31445 0.49541 0.19481 -0.11145 0.50521 0.25088 0.15705 -0.11646 0.24677 -0.12725 0.298 -0.019786 0.10946 -0.15309 0.31505 -0.10097 0.21587 -0.74978 -0.26347 -0.025151 0.89193 -0.47968 0.7081 0.27365 0.1178 0.33342 0.10333 -0.016397 0.16721 -0.4883 0.31702 -0.24931 -0.68185 -0.1061 0.32666 -0.25466 -0.37 0.03035 -0.41262 0.049266 -0.3397 0.25812 -0.3 -0.41311 -0.17154 -0.017633 0.46814 0.14707 0.38311 0.38542 0.559 0.18924 0.18028 0.21325 0.2708 0.41643 -0.1811 0.73143 -0.23714 -0.20147 -0.02628 -0.050037 -0.031764 -3.7067e-05 0.79231 0.20875 0.21611 0.55028 -0.34703 -1.5069 0.12787 -0.17452 0.066178 0.25351 -0.13029 0.35767 0.031136 0.16113 -0.0068217 -0.0017243 -0.28283 -0.3774 -0.40176 0.38671 0.4563 -0.22208 -0.051501 0.18725 -0.019253 0.30519 0.14429 -0.0095784 0.052115 -0.013299 -0.074657 0.14271 0.25096 -0.25917 -0.38013 0.16928 -0.05289 -0.23644 -0.84539 -0.12512 0.28662 -0.047287 -0.44595 -0.0054494 0.83305 0.25327 0.64746 -0.28208 0.72834 0.64283 0.19327 -0.0093186 -0.36048 0.089815 0.016206 -0.30009 0.10205 -0.62814 -0.23517 -0.52721 0.77864 -0.55466 0.12844 -0.38149 0.025382 -0.13906 -0.073195 -0.25857 -0.14406 0.55943 -0.043648 -0.35784 -0.13961 0.1063 -0.17073 -0.042626 -0.1383 0.057714 0.90389 -0.26364 -0.27835 0.52865 -0.85167 -0.35261 -0.31927 0.82761 -0.051899 0.010707 -0.23253 -0.030463 0.030068 -0.26865 -0.21482 0.57366 0.90085 -0.41211 -0.4829 0.17386 -0.07188 0.19815 -0.83638 -0.42371 0.60945 0.47111 -0.0052586 0.027177 -0.17586 -0.10645 -0.05259 0.041069 -0.17228 -0.086175 0.10911 -0.74647 0.96196 0.17667 0.4095 -0.10065 -0.13879 -0.20994 -0.014692 -0.35049 -0.12235 -0.079897 0.28776 0.28894 -0.032402 -0.092881 0.099568 -0.18354 -0.33272 -0.050621 0.3605 0.16231 -0.1905 -0.055016 0.24781 -0.17966 0.061894 -0.19027 0.1631 -0.14303 0.21444 0.23323 0.355 0.18408 -0.1202 -0.10758 -0.19046 -0.21962 -0.22583 0.11965 -0.35868 -0.19334 0.4055 0.082204 0.039866 0.036659 -0.08333 -0.40043 0.31903 0.015422 0.42172 -0.20037 0.29913 -0.504 -0.33275 0.035399 0.38965 0.18882 -1.5166 0.022392 0.034703 0.055311 -0.55972 0.038872 0.18457 -0.4709 -0.36237 0.58039 -0.068563 -0.10085 0.357 -0.12834 0.56131 -0.037664 0.29447 -0.38094 -0.34487 0.57327 -0.30757 -0.033298 -0.076499 0.031603
swedish 0.10709 -0.11971 -0.2366 0.1235 0.39795 -0.4256 0.095884 -0.049894 -0.081045 -1.3892 -0.4481 -0.1805 -0.40533 0.87343 0.20984 -0.32492 0.66726 0.067789 0.023407 -0.2934 0.32569 -0.094092 0.23241 0.86842 -0.09593 0.17214 -0.044681 -0.15582 -0.0030094 0.32543 -0.67949 -0.063896 -0.11038 0.25823 -0.51568 -1.103 0.40834 0.18118 -0.055621 0.26476 -0.38128 -0.4697 0.13247 0.23583 0.024016 -0.1512 0.066932 -0.36551 -0.55785 0.2939 -0.44146 -0.055095 -0.078465 -0.040245 -0.66054 0.69518 0.37561 0.067619 0.4158 0.15623 -0.13613 0.52655 -0.28438 -0.208 -0.57815 -0.15041 0.043616 0.13853 -0.59467 -0.21991 0.0732 0.59501 -0.37599 0.50391 -0.38135 0.47617 0.39573 -0.29042 0.076341 0.31202 -0.10148 -0.0083424 0.24296 0.025463 0.30356 -0.36967 -0.26161 -0.25698 -0.065172 0.07974 0.0090422 -0.20465 0.50944 -0.27238 -0.013697 -0.31394 0.10255 -0.27097 -0.49272 -0.11825 0.37428 -0.10924 0.063605 -0.4727 -0.3414 -0.35726 0.0041932 -0.42475 -0.66517 0.18535 0.69455 0.50252 -0.12188 -0.61283 0.32487 -0.095862 -0.039161 -0.13432 0.026776 -0.086794 0.03098 0.38225 0.38457 -0.53555 0.1169 0.69475 0.41204 -0.042507 0.59044 -0.39659 0.86873 -0.13433 -0.39831 -0.51197 0.91543 -0.006866 0.02387 1.1307 0.2541 0.16846 0.34497 0.14422 -0.46466 0.36015 1.1167 0.31007 0.82266 0.64993 -0.60629 0.13417 0.67877 -0.12038 0.12287 -0.18278 0.30345 0.54524 -0.58254 0.34524 0.098739 -0.89645 -0.26695 0.64205 -0.10726 0.008186 0.060992 1.1096 0.18916 0.4811 0.56205 -0.26095 0.064542 0.11481 -0.93607 0.26138 -0.19079 0.081084 0.071801 -0.31227 -0.11335 0.49073 0.031185 -0.77874 0.24369 0.20399 0.23199 -1.1595 -0.63466 -0.17476 0.057271 -0.082399 -0.083206 -0.62629 -0.012876 0.54734 0.038326 0.1545 -0.47081 0.013099 0.44388 0.35093 0.8257 0.045391 -0.11357 0.1965 -0.20331 -0.6277 -0.071768 0.088189 -0.23684 0.4552 0.018171 0.5191 0.42569 -0.032236 0.14847 -0.064925 0.32752 0.21654 0.015125 -0.18876 0.63196 0.051993 -0.13454 -0.76132 -0.23306 -0.10492 -0.73447 -0.97248 0.76562 -0.099034 0.35794 0.13798 -0.018899 0.52777 0.28494 0.57016 -0.86903 0.83639 -0.20678 0.42625 0.65571 -0.13118 0.95 -0.37263 0.18026 0.6757 0.029081 -0.24072 -0.65621 0.11724 -0.23331 0.64293 -0.2519 -0.28856 0.37691 0.12025 0.17729 -0.14575 0.68655 -0.17353 0.14612 -0.49022 -0.50909 -0.073831 0.4112 -0.15534 -0.034243 0.24619 0.43618 -0.9513 0.017239 -0.48798 -0.04957 0.014513 0.14778 -0.16721 -0.59698 -0.5085 0.24304 -0.036913 -0.048854 0.095547 -0.37627 0.041457 0.28735 -0.066435 -0.20504 -0.42301 0.22578 0.32711 -0.079568 0.057495 -0.90442 -0.25222 -0.43301 0.8099 0.29071 0.58413 -0.048942 0.26349
tradition 0.098794 -0.22665 -0.08962 -0.0098585 0.21683 -0.58135 -0.032492 0.47883 -0.12378 -0.92698 -0.060057 -0.016049 -0.23754 0.22303 -0.29267 -0.40442 0.10818 0.28237 0.20943 -0.16504 -0.038302 -0.16566 0.10696 0.56404 0.48839 -0.57781 -0.15157 -0.38874 -0.20124 0.53386 0.61919 0.33133 -0.46334 -0.019914 -0.58574 0.23842 0.55361 -0.14912 0.17059 0.073748 0.72898 -0.22242 0.20805 -0.40879 -0.14063 0.57128 0.47794 0.057668 0.28641 -0.0042046 0.24021 -0.039184 0.17569 -0.045266 -0.18227 -0.12239 -0.19237 0.19541 0.14004 0.29319 0.46237 -0.026156 0.87224 0.24331 -0.40215 -0.46183 -0.11487 0.26258 -0.06415 0.70823 -0.45406 -0.87097 -0.50454 0.12282 -0.18008 -0.18511 0.31552 0.14051 -0.18961 0.060032 -0.19209 0.32649 -0.41131 0.072778 0.37304 0.33791 0.10763 -0.20723 0.26716 0.3231 0.10112 -0.55032 0.032672 0.52587 0.55601 -0.77099 0.62027 0.29392 -0.28065 0.18356 0.48128 0.72264 0.28648 -0.37702 -0.1266 0.34232 0.20695 0.064408 -0.26676 0.34219 0.26732 -0.29546 -0.10491 0.22392 0.20543 -0.33288 -0.11826 -0.14884 0.018804 -0.59551 0.04071 0.29094 -0.17655 0.16206 0.10782 -0.023099 0.071585 0.19127 0.16911 0.10349 0.044028 0.059812 0.255 -0.64144 -0.083446 -0.019726 0.30356 0.41018 -0.23462 -0.033563 0.27367 0.13947 0.083346 -0.41269 0.30517 -0.25385 -0.65309 0.14032 -0.27579 0.47562 -0.079092 0.5132 0.37893 0.069861 0.21215 -0.2599 -0.35156 0.15137 0.10906 0.067861 0.42937 0.42881 0.088314 -0.061206 -0.48531 0.097215 -0.12795 -0.067368 -0.17899 -0.48277 0.128 -0.18227 -0.76262 0.41658 0.28992 0.30026 0.083437 0.40161 0.031016 -0.13198 0.10352 0.43705 0.37609 0.25183 0.45685 0.070435 -0.63568 0.084876 -0.21363 -0.37602 -0.34194 -0.3221 0.2968 0.43673 -0.27442 -0.35536 -0.69114 0.084845 0.096492 0.18002 0.85223 0.18307 0.35423 -0.051084 0.32177 -0.35637 -0.034673 0.3534 0.051482 0.24074 -0.090846 0.33335 -0.02762 0.30492 -0.25225 0.050663 -0.049141 -0.17834 -0.24665 0.12214 0.023954 -0.023079 0.17195 -0.37912 -0.2184 -0.51946 0.055667 0.44959 0.63575 0.52689 -0.28167 -0.10652 0.10228 0.36251 -0.16341 -0.38961 0.052216 -0.8383 -0.24647 0.19565 -0.35783 0.19778 0.33476 0.084616 -0.80124 0.32136 -0.67732 0.28697 -0.25354 0.076809 0.24597 0.026743 0.21549 0.062018 0.4139 -0.14353 0.28963 -0.019885 -0.011019 -0.061712 0.38074 -0.14508 0.56676 -0.20458 -0.0568 0.29401 -0.30777 0.045067 0.45964 -0.2119 -0.2096 -0.022317 0.60697 0.073084 0.34025 -0.16836 -1.3627 -0.38392 0.4406 -0.04942 0.3035 -0.19035 -0.12358 0.0082301 0.39431 0.14994 -0.2133 0.029078 0.13644 0.18231 0.18388 0.30656 -0.18217 0.20286 -0.067835 -0.18373 -0.29314 -0.18342 -0.12413 -0.028219
infrastructure -0.015955 -0.63705 -0.29999 -0.40689 -0.069169 0.40512 0.1164 0.29607 -0.5432 -1.9373 0.28634 0.12353 -0.34729 -0.0089659 0.25582 -0.073018 -0.40106 0.10172 0.05285 -0.32747 -0.21569 0.11774 0.21747 -0.25089 -0.56949 -0.12847 0.22698 0.7347 0.14151 0.51202 0.14846 0.3681 -0.10968 0.62017 -0.019367 0.28662 0.19178 0.090675 0.4456 -0.57921 -0.36482 -0.11454 -0.046387 -0.41505 0.030981 -0.41258 -0.037787 0.84178 0.19032 0.22031 -0.19838 -0.15398 -0.54706 -0.47867 0.11682 0.026585 0.66218 0.23567 -0.50008 0.16558 -0.31309 -0.23473 -0.7305 -0.2824 -0.42058 1.052 0.087453 0.19339 -0.01414 0.048687 -0.052183 0.41867 0.4571 -0.18945 0.28897 -0.13274 -0.47308 0.073588 -0.14166 0.30015 0.13927 -0.7314 -0.056392 -0.42624 0.55413 0.34729 -0.51511 -0.32111 0.1338 -0.2524 0.056499 0.75333 0.21807 -0.50574 0.31547 -0.43122 -0.039627 -0.27382 0.48507 0.14923 -0.37772 -0.15154 -0.11963 -0.21923 -0.14377 0.16944 -0.048444 -0.10754 -0.55263 -0.81757 0.068122 -1.4314 -0.48054 -0.3475 -0.22543 -0.057569 0.64139 0.061532 0.10612 0.43352 0.43353 -0.40248 -0.064672 -0.21873 0.53548 -0.16651 -0.59519 0.56886 -0.7973 -0.10547 0.084281 -0.069536 0.55454 0.2931 -0.13028 -0.27147 0.080398 0.33741 -0.24036 0.23241 -0.20976 -0.17951 0.59696 0.41206 -0.0093058 -0.15059 0.37034 0.15362 -0.5133 0.02997 0.22772 -0.30877 -0.28602 -0.38909 -0.18782 -0.48704 -0.078947 0.42007 -0.38427 -0.29978 0.044528 0.068679 0.27384 -0.6318 -0.15021 -0.49937 0.16107 -0.14021 -0.13283 0.48505 0.062762 0.21239 -0.090434 -0.0086103 0.16772 0.023201 0.19444 -0.51893 0.21006 -0.13429 -0.46602 -0.50528 0.21392 -0.31167 -0.13705 0.39257 0.40885 0.0017873 -0.29147 -0.049802 0.53235 0.4096 -0.078048 -0.11534 -0.24816 0.32037 -0.19834 0.28577 0.28948 -0.32099 -0.33966 0.055875 0.18133 -0.11344 -0.49901 -0.2069 0.2904 -0.50744 0.97583 0.016666 -0.12351 0.022438 0.013955 -0.79173 0.31742 0.3067 -0.055077 0.46197 0.098715 0.79695 0.49739 -0.29739 0.24135 -0.11756 0.33658 -0.33706 0.021544 -0.69717 -0.21903 -0.12037 -0.045282 0.35864 -0.25406 0.39911 -0.25049 -0.37282 -0.033547 0.10473 0.12999 0.14128 0.50938 0.24884 0.6542 -0.44892 -0.7272 0.20356 -0.065593 -0.27372 -0.27765 -0.24918 -0.012096 0.76021 0.3513 -0.061419 0.47149 -0.15893 -0.37069 0.096824 0.093006 0.047975 0.045066 0.22758 -0.25044 0.63384 0.47033 -0.16165 0.065834 -0.1124 0.2516 0.2083 -0.44861 0.74625 -0.57124 -0.24017 -0.56999 0.20937 -1.5034 0.17282 0.65443 -0.82434 -0.27682 -0.30654 0.043964 0.07269 0.35325 0.1918 0.030066 0.19748 0.17383 -0.36258 -0.26117 -0.14767 -0.61565 0.24138 -0.048371 1.2282 -0.6058 -0.74536 -0.38399 -0.077461
dry 0.1529 -0.0054033 -0.33144 -0.62838 0.25418 0.027487 0.687 0.47205 0.60483 -1.4944 0.21391 -0.53045 -0.12701 -0.35848 -0.075439 -0.31355 -0.1384 -0.0030149 0.28977 0.37018 -0.052661 -0.29812 0.48069 0.20201 -0.56896 -0.055777 0.14384 0.02341 -0.43231 -0.29689 -0.01695 0.87775 -0.38951 -0.17784 -0.50535 0.37543 -0.15155 0.2882 -0.416 0.30067 -0.23334 0.32623 0.44414 -0.0069523 0.69201 -0.17911 0.3489 0.7972 -0.041056 0.027042 0.32978 -0.068673 0.35007 0.078404 -0.055937 0.21907 -0.14897 -0.73515 0.49404 0.11924 0.30604 -0.23386 0.47788 -0.0032224 -0.45749 -0.67553 -0.21458 0.29525 -0.07965 -0.2964 0.19702 -0.23133 -0.23221 0.012911 -0.52034 -0.38157 0.44487 0.34017 -0.38263 -0.11326 -0.16516 0.095283 -0.66612 -0.21659 -0.21901 0.3414 -0.5782 -0.027179 0.031338 0.2126 0.12062 0.29987 0.40972 0.035278 0.13034 0.13885 0.24131 -0.10229 0.42909 0.10299 0.14831 0.062087 -0.67872 0.039973 -0.85237 0.048728 -0.29875 0.53618 -0.16668 -0.018825 -0.46621 -0.42905 -0.04363 0.0058717 -0.49023 -0.20881 -0.40953 0.6524 0.6366 0.0079248 -0.24659 -0.71322 -0.1606 0.70429 0.10982 0.44176 -0.036707 0.33898 0.65197 0.17234 0.331 0.66775 0.44973 0.46974 -0.32636 0.22756 0.069974 0.69462 -0.083407 -0.33202 0.63569 -0.18761 -0.53353 -0.3478 -0.65111 0.045811 -0.032273 -0.093603 0.26013 0.1815 -0.48134 -0.04009 -0.4411 -0.28087 0.40934 -0.19637 0.05579 -0.21295 0.29117 0.92333 -0.11112 -0.70249 0.12142 0.22432 0.40822 -0.18003 0.4966 -0.26183 0.03859 0.31168 0.44989 0.77824 -0.3474 0.45595 0.19377 0.40337 0.28107 -0.60034 0.29786 -0.71707 0.3277 0.32068 0.17036 0.017459 0.14143 -0.23352 1.3504 -0.3646 -0.12507 -0.38931 0.060657 1.2367 -0.1639 0.21542 -0.043822 -0.058099 -0.19394 -0.4488 -0.43927 0.2379 0.13816 0.13528 0.18093 0.37051 0.23183 0.11265 -0.28384 0.12277 -0.032034 -0.78796 -0.064353 -0.55482 -0.21018 -0.39257 0.36199 -0.33045 0.12035 -0.6043 0.26718 -0.49148 0.79441 0.19352 -0.16122 -0.10541 -0.26259 -0.056233 0.15838 -0.13338 -0.1007 0.089323 0.75039 -0.32294 -0.36528 -0.34272 0.29789 0.21609 -0.68945 -0.33754 -0.61056 -0.29672 -0.58132 0.19411 -0.11438 -0.0033228 -0.73294 0.0015738 0.59202 0.1803 -0.016797 -1.0812 0.46858 -0.18632 0.436 -0.10103 0.35707 0.099701 -0.019222 0.094952 0.023631 0.95171 -0.012345 -0.37778 -0.90201 0.015177 -0.3448 -0.21393 -0.41465 -0.1057 0.54975 -0.29631 0.10832 0.039182 -0.56022 0.17038 0.33236 -0.22636 -0.68448 0.29027 -0.050767 -0.061009 -0.6777 0.035164 0.1161 0.30667 0.045352 0.63859 0.47458 -0.56804 -0.058524 0.24556 -0.059783 0.3698 -0.36587 0.053509 0.177 0.24266 -0.41171 -0.12375 0.13213 0.75423
scottish 0.20144 0.31066 0.23559 0.10435 0.061711 -0.051358 0.29942 0.43227 -0.98247 -0.045288 -0.11364 -0.73503 0.13109 0.53045 -0.38334 0.010663 -0.10307 -0.08862 -0.11446 -0.099704 0.18903 -0.19308 -0.42238 0.39617 0.13957 0.13717 -0.054823 0.40752 -0.38544 0.2911 -0.047515 0.13611 0.17668 0.0048899 -0.95751 0.10404 0.79861 0.44997 0.018002 0.57296 0.02774 -0.20758 0.60016 -0.081383 0.64458 -0.051956 -0.16786 0.4134 0.3141 -0.011138 -0.64876 0.27194 -0.083346 0.35337 -0.29371 0.58684 0.35006 -0.27979 -0.12003 0.38697 0.77586 0.22681 0.30278 0.30912 -0.078481 -0.23776 -0.34597 0.37012 0.050174 -0.061791 1.0937 0.013138 -0.030421 -0.084078 -0.27763 0.72401 -0.022718 -0.34329 -0.75246 0.3048 0.039599 -0.11962 -0.03655 -0.19005 0.039849 -0.48702 0.34628 0.45976 -0.10296 0.7936 -0.093887 0.079919 -0.1295 0.15993 0.48661 0.13237 1.2908 -0.036365 -0.437 -0.34081 -0.28461 0.51212 -0.15739 0.096277 -0.8462 0.056691 -0.65067 0.36787 0.19718 0.67919 0.69258 -0.43186 0.43308 -0.13857 -0.55428 -0.86247 -0.28173 0.18895 0.32298 -1.0618 -0.61497 0.8733 0.22146 -0.16141 0.12438 -0.71941 0.15931 0.43648 -0.049644 -0.27142 0.20043 -0.082519 -0.11623 -0.40509 0.24743 0.35836 0.30006 0.62177 -0.61105 -0.4989 0.40609 -0.19465 -0.27076 0.23383 -0.52224 0.11835 0.74637 0.46287 -0.39122 -0.062904 0.39321 -0.14063 0.092052 -0.00036004 0.13114 0.48975 -0.82795 0.27639 0.76761 0.26315 -0.44346 0.34401 0.040689 0.33765 -0.94086 0.19793 -0.19081 -0.56272 0.39622 -0.16472 0.12798 -0.14643 -0.94139 0.30863 0.54165 0.10141 -0.25611 -0.35193 -0.083576 0.63304 -0.22204 0.11371 1.0088 0.58126 0.76743 -0.3542 -0.55369 -0.66179 -0.13677 -0.47303 -0.063009 0.17439 0.37096 -0.31591 -0.13481 -0.021646 -0.34421 -0.16769 -0.76678 0.291 0.98423 0.21392 -0.44613 -0.28765 0.30997 0.005053 0.072446 0.0029568 -0.42573 0.1599 0.09015 -0.10461 -0.39516 0.39753 0.22596 0.32944 0.4976 0.35141 -0.11525 -0.3347 0.23657 0.11243 -0.051014 -0.24719 -0.72864 -0.34984 -0.18108 0.35632 0.21716 0.0086743 0.56983 0.96309 -0.58584 -0.01343 0.63119 0.38204 -0.23182 0.32504 -0.002602 0.65109 0.2827 -0.20318 0.59144 0.041418 0.047679 0.41045 -0.06729 -0.30245 0.51528 0.1258 -0.39809 0.015862 0.58179 -0.8251 0.49889 0.15141 0.50672 0.35725 -0.30586 0.59003 -0.64117 -0.015922 0.20335 0.8545 -0.11682 -0.94162 0.21361 -0.34213 0.20056 -0.40507 0.23061 -0.16225 0.42811 -0.79744 0.029398 0.014936 -0.71256 -0.016294 0.60033 0.26039 -0.45769 -0.065905 0.27236 -0.10302 0.091867 0.062039 -0.44664 0.18964 0.22688 0.073901 0.22025 -0.078974 -0.68186 -0.59019 0.097144 0.49157 -0.060764 0.21265 0.0009953 0.4919
cool 0.44874 -0.4454 -0.20424 -0.15572 -0.17863 -0.17937 0.16693 0.19144 0.1905 -1.2896 0.18248 -0.21426 0.085121 -0.0058638 -0.026263 0.0016149 -0.36555 -0.28236 0.17898 0.7489 0.32092 0.74883 0.081232 -0.058681 -0.20367 -0.38068 0.18391 0.09356 -0.06925 -0.47984 -0.49404 0.058204 -0.4334 -0.26631 -0.99599 0.29223 -0.023785 0.18912 -0.36762 0.34751 0.048832 0.036862 -0.35062 0.10833 0.4946 -0.039863 0.39128 -0.020769 -0.12705 0.046382 -0.21406 -0.59181 0.21041 -0.56966 -0.24769 0.38859 -0.28034 0.034968 0.18841 0.024812 0.3951 0.35182 0.3994 0.16125 -0.44957 0.24849 0.23305 0.45207 -0.06272 -0.17149 -0.17172 0.068708 0.11551 0.25054 -0.28774 -0.16684 0.27381 -0.011397 -0.30798 -0.83347 -0.071585 -0.0055025 -0.30456 -0.34992 0.22609 0.071457 -0.40954 0.50268 -0.1923 -0.18743 -0.081633 0.28438 0.019232 -0.20621 -0.35405 0.11008 0.39073 0.28297 -0.25589 -0.021105 -0.27977 -0.29185 -0.078045 0.022613 -0.075677 -0.090885 -0.65828 0.35586 0.17445 0.14168 0.28787 -0.041357 0.12109 -0.16702 -0.36207 -0.20528 -0.27496 0.23108 0.17463 -0.083284 -0.15736 -0.30389 -0.35668 0.36021 -0.13257 0.45379 0.057279 0.0099825 0.14006 -0.29028 -0.098165 0.70843 0.34807 0.32953 0.002531 -0.17779 -0.27737 -0.077174 -0.18016 0.0058945 0.3323 -0.041585 -0.24417 0.15559 -0.71168 0.31978 -0.20235 -0.1391 0.32835 -0.23347 -0.36204 -0.19822 -0.11254 -0.19162 0.81234 -0.11773 -0.090821 -0.012381 -0.20655 0.39727 -0.12859 -0.51444 -0.069508 -0.51492 0.17492 -0.39085 0.30431 0.20866 0.20814 0.081704 0.43346 0.36692 -0.7234 -0.22624 0.35103 0.40185 -0.066207 -0.44122 0.088056 -0.1141 -0.25569 -0.41572 0.55871 -0.05316 0.03282 0.11204 1.17 -0.52161 -0.45347 -0.14356 0.15812 0.35026 -0.24765 0.45916 -0.30463 -0.54401 -0.76729 0.27121 -0.28832 -0.28877 0.92026 -0.55504 0.89317 0.72846 -0.034564 -0.47318 -0.35406 0.010974 -0.3657 -0.43079 0.128 -0.0073274 -0.024473 -0.24949 0.14662 -0.59969 0.31741 -0.65881 0.099875 -0.31075 0.41238 -0.037321 -0.11839 0.3218 -0.35082 0.067191 -0.27724 0.07873 0.31168 0.16752 0.41795 -0.43803 -0.14223 -0.7233 -0.20296 -0.30294 -0.28651 -0.41819 -0.71467 0.018165 0.033627 -0.10131 -0.52418 1.0111 -0.29982 0.029605 0.27006 -0.21342 -0.40335 -0.61184 0.34844 -0.64999 0.35635 0.3026 -0.029668 -0.081819 0.26356 -0.021661 -0.30046 0.10017 -0.093733 -0.59904 -0.74793 0.33489 -0.56252 0.018978 -0.11927 0.34142 0.61782 0.0074694 0.11553 -0.16533 -0.21368 -0.18144 0.068883 0.32689 -1.0713 0.40936 -0.35786 -0.51646 -0.16331 0.11448 -0.30322 0.22718 -0.18747 0.30216 0.015925 0.26171 0.013634 0.020713 -0.12224 0.22727 -0.4159 0.70634 0.51108 -0.040447 -0.13281 0.015896 -0.34353 0.36559
heritage 0.25901 -0.14192 -0.22585 0.25831 -0.3155 -0.42534 -0.12856 -0.13611 -0.34447 -0.82435 0.52088 -0.66737 -0.56073 0.47209 -0.19498 -0.11121 0.10388 0.17296 -0.3508 -0.015817 0.023965 -0.16578 -0.14649 0.47278 -0.03391 -0.40255 -0.509 0.55334 -0.22942 0.69683 0.90052 0.61246 -0.75837 -0.0034153 -0.15609 0.73369 -0.010968 -0.3242 0.061335 -0.28883 0.34519 -0.17253 0.93597 0.35391 0.47226 0.22789 0.34349 -0.084359 -0.16076 -0.42046 -0.41738 -0.3616 0.044623 -0.40545 -0.49849 0.38548 0.1662 -0.49643 -0.21051 0.23995 -0.24697 0.58515 0.17002 0.093007 0.10986 0.39394 -0.062983 0.24583 -0.19079 -0.054832 -0.018381 -0.27687 0.33152 -0.099037 -0.35425 -0.050444 0.83492 0.20647 -0.12536 -0.17454 -0.66162 -0.23844 -0.063464 -1.0683 0.32173 0.36493 -0.2755 0.22302 -0.21068 0.36735 -0.13717 -0.57112 0.43876 0.35203 -0.016084 -0.28607 1.0156 0.44983 -0.21977 0.10612 -0.23175 -0.0206 0.49235 -0.24354 0.2533 -0.44354 -0.1914 -0.53218 0.11273 0.29539 0.49238 -0.41244 -0.24508 -0.06201 -0.38373 -0.15111 0.10611 0.47481 0.67417 0.43079 0.018276 0.12155 -0.72479 0.10706 -0.17835 -0.28213 -0.29219 0.015195 -0.44367 -0.030685 0.35921 -0.3323 0.279 -1.0812 0.17497 0.077524 0.26253 0.4733 -0.12649 0.20622 0.45324 -0.051276 0.24894 0.049027 0.58906 -0.1137 -0.36353 -0.0091998 -1.0558 0.3852 0.56966 0.20876 -0.20022 -0.73049 -0.047136 0.21041 -0.44758 0.15296 0.42115 0.16539 0.45241 0.4751 0.12628 0.029896 -0.78394 -0.14543 0.22873 -0.35277 0.012611 0.34992 -0.031973 -0.61597 -0.26097 0.32467 0.60154 0.60011 -0.20158 -0.19869 0.14868 0.0073844 -0.50433 0.19024 0.4019 -0.42563 0.17869 0.15265 -0.16563 0.10782 0.20511 0.23978 0.20529 -0.25642 -0.46572 0.15045 -0.4899 -0.088999 0.10222 -0.32568 -0.26508 0.26721 0.86782 -0.056474 -0.084092 -0.17342 0.33351 0.045694 -0.32476 -0.025313 0.71568 0.19852 0.063157 -0.21446 -0.32611 -0.0096755 -0.081689 0.46283 -0.27269 0.15622 0.1523 0.60255 0.09993 -0.70925 -0.38996 -0.88629 0.066029 -0.069679 0.41697 0.12959 -0.19288 0.48392 -0.41474 -0.082223 -0.21277 -0.10012 0.027796 -0.077528 0.029272 -0.37908 -0.32607 -0.14078 -0.34956 -0.1178 1.0699 0.22283 -0.66725 0.34325 -0.30965 -0.49123 0.10052 0.14934 0.050109 -0.46944 0.16472 -0.34733 -0.41609 -0.18176 -0.04724 -0.060541 -0.23722 -0.34952 0.018785 0.6229 0.25969 0.51171 0.13146 -0.077539 0.10286 0.074333 -0.010381 0.052569 -0.3416 -0.39331 0.77671 -0.33435 0.048665 -0.34383 -1.3416 0.30229 1.0457 0.29659 -0.24064 -0.2274 -0.062646 -0.23818 -0.020072 0.24934 -0.12853 -0.32832 0.31715 -0.1257 0.71433 -0.088319 -0.55168 0.01617 -0.178 0.22901 -0.18521 0.19483 0.13615 -0.092836
tropical -0.18251 -0.025501 -0.91607 0.12286 -0.38188 0.06969 -0.10132 0.66127 0.84521 -0.75947 0.96467 0.041141 -0.94627 0.1629 -0.23528 -0.73767 -0.10154 0.1386 0.7198 0.73012 0.19358 -0.1361 -0.8078 0.24974 -0.6331 0.83896 0.15908 0.31675 -0.38132 0.23054 0.52408 1.3905 -0.63466 -0.47779 -0.46258 -0.074256 0.4839 0.09059 -0.10838 -0.22347 0.025908 0.25685 -0.38724 0.045208 0.24808 0.044437 0.56111 0.50897 -0.12066 -0.19661 -0.56743 -0.57959 0.58569 -0.469 -0.4388 -0.54237 0.11058 -0.2187 0.57233 -0.25371 -0.048189 -0.0055576 0.85925 0.7635 -0.84508 0.30425 0.82313 0.5528 -0.33949 0.25447 0.21699 0.72463 -0.88439 -0.75144 -0.98097 -0.16248 -0.15387 -0.71237 -0.050562 -0.20262 0.18444 -0.25262 -1.7224 0.078405 -0.54361 -0.074247 -0.32918 -0.25078 0.51849 -0.64723 0.029502 -0.38121 0.81632 -0.68291 -0.3736 0.76434 1.1198 -0.5831 0.36968 0.43306 -0.037943 0.80701 -0.023318 0.424 -0.61406 0.063271 -0.12088 0.024591 0.50707 0.52462 -0.19071 -0.29483 -0.57846 0.66416 -0.15577 -0.33764 0.20363 0.50121 0.46779 -0.33489 -0.80427 -0.58157 -0.67992 0.67473 -0.27704 0.17608 -0.092222 -0.039851 0.30753 0.075296 -0.77547 0.47653 0.78402 -0.1605 -0.47448 -0.073978 -0.18396 0.87733 0.36387 0.10455 0.24204 0.52507 -0.18085 0.24642 -0.54312 0.25342 -0.18666 0.094017 -0.11156 -0.011819 0.51165 -0.61597 0.083189 0.22125 -0.30568 0.072176 -0.66751 -0.50747 0.032244 0.24166 0.052241 -1.2775 0.83434 0.39413 -0.34759 -1.0287 0.45474 1.0495 0.19908 0.20575 -0.39462 0.18806 -0.12105 0.69441 0.62021 -0.028025 0.33913 -0.050913 0.41528 -0.59545 -0.27574 -0.56151 0.35412 0.34644 0.50528 -0.71765 0.035508 0.84751 -0.74187 -0.057434 -0.078377 0.94816 -0.90552 -0.14094 0.37267 0.15473 0.83815 -0.017665 -0.28075 0.0054329 -0.041211 -0.57775 -0.44761 -0.47915 0.29335 0.83004 -1.001 0.075356 0.022765 0.037609 -0.55686 -0.46716 0.62513 -0.10646 0.7627 -0.10453 0.33183 -0.26787 1.2989 0.1845 1.0724 -0.83426 -0.28206 -0.13646 -0.72575 0.37709 0.064094 0.031583 0.31772 0.36676 1.2315 -0.00023177 -0.39792 -0.61221 -0.14932 -0.32719 -0.092782 -0.29855 0.50419 0.26638 -0.19553 0.34321 -0.33095 0.014434 -0.50232 -0.46345 0.72172 -0.48305 -0.039008 0.062051 -0.16606 -0.63888 -0.34623 0.72183 0.00022782 0.085629 0.24809 0.011085 0.31712 0.48041 -0.45594 -0.14946 -0.32146 -0.18296 -0.434 0.11734 -0.7662 -0.66811 0.58065 0.1128 -0.32096 -0.12129 -0.24694 -0.42399 0.19161 0.7234 -0.80016 -0.01551 -0.28792 0.1565 -0.31334 0.12219 -0.19605 -0.6636 -0.59236 -0.26345 -0.26033 -0.11377 0.082457 -0.17884 0.085985 0.032165 0.093271 -0.88366 0.21687 0.85033 -0.7705 0.039236 0.57278 -0.59943
warm -0.20164 -0.22112 -0.35799 -0.70006 -0.3968 -0.28852 -0.0052169 -0.054851 0.49714 -1.3474 0.17291 -0.037728 -0.24242 -0.19694 -0.59773 0.093506 -0.32897 0.26686 0.030964 0.48087 -0.12065 0.19138 -0.038582 0.10827 -0.040467 -0.65133 0.29419 0.33345 -0.24416 -0.53662 -0.39639 0.11702 -0.77722 -0.2633 -0.94217 0.53121 0.34897 0.35191 -0.18175 -0.035994 0.24367 0.1988 0.052173 -0.10894 0.52216 0.32503 0.54444 -0.10957 0.29339 -0.010457 -0.060527 -0.20801 0.09905 -0.29719 -0.39259 0.40472 0.39438 -0.40038 0.78997 0.59976 0.44938 0.18203 0.49585 -0.1089 -0.14892 -0.39205 0.20098 0.42396 -0.32399 0.60797 0.069259 -0.19428 -0.15516 -0.12018 -0.34193 -0.28764 0.20931 0.17373 -0.21355 -0.041636 0.45673 0.2209 -0.79324 -0.59625 -0.096146 0.16851 -0.19722 -0.30215 -0.032086 -0.42033 0.18252 0.019675 -0.038765 -0.19331 -0.23325 0.28798 0.69176 0.18694 -0.29387 0.66412 0.38107 -0.45813 -0.4505 0.023365 -0.17749 0.77656 -0.14209 0.4061 -0.31274 0.083523 0.38646 0.13802 0.15197 0.20825 -0.13138 -0.22674 -0.58602 0.12687 0.32274 -0.15887 -0.5253 -0.4859 -0.071604 0.89515 -0.035044 0.75887 0.17292 -0.097193 0.22419 -0.24075 -0.092856 0.71519 0.0013901 0.4985 -0.27383 -0.32248 -0.013843 0.10996 0.51358 0.14966 0.27045 -0.031838 -0.071597 -0.39253 -0.6845 -0.1247 -0.3251 -0.12215 0.033655 -0.27115 -0.34977 -0.1833 -0.24436 -0.072105 0.40986 -0.15392 -0.1135 -0.23232 -0.24985 0.13218 -0.17165 -0.51937 0.20704 -0.32776 0.5006 0.18525 0.24577 0.031843 0.32731 0.05316 0.30229 0.39315 -0.77008 0.39565 -0.084485 0.3203 0.048559 -0.1913 0.02242 0.064086 0.049705 -0.15625 0.75536 -0.11092 0.053868 -0.040889 0.64514 0.14837 -0.66598 -0.53432 0.23448 0.21733 -0.40359 -0.18416 -0.58041 -0.36181 -0.040597 0.13354 -0.37841 -0.041018 0.64156 -0.53337 0.73729 0.30814 0.44661 -0.60172 0.052811 0.34528 -0.37721 -0.33588 -0.026104 -0.17616 -0.26995 -0.20352 0.36331 -0.17012 0.28689 -1.1493 0.1938 -0.20439 1.3306 -0.13954 -0.30954 0.19876 -0.37294 0.02499 -0.276 -0.13176 -0.037711 0.29247 0.38213 -0.61481 0.13547 -0.50267 0.10499 -0.35521 -0.53215 -0.51446 -0.16896 0.13803 -0.56166 0.093956 -0.51991 0.47451 -0.31737 -0.20782 0.04146 -0.1826 -0.16856 -0.81499 0.42694 -0.63877 0.77909 0.01675 -0.24782 0.29252 0.54719 -0.30856 0.048204 0.4327 -0.43126 -0.43546 -0.035417 0.28951 -0.34148 -0.048836 -0.23864 -0.3195 0.6059 -0.024751 0.36714 -0.30708 -0.06393 0.0036014 0.84121 0.19037 -1.31 0.75268 -0.022846 -0.066665 -0.37919 0.41382 0.41748 0.3059 -0.11852 0.43528 0.59724 0.14445 -0.12249 -0.17334 0.024529 0.52956 -0.29264 0.2016 0.20993 -0.23879 -0.25725 0.10916 -0.073148 0.39208
caribbean 0.29614 -0.31307 -0.31327 0.15829 0.15079 0.2953 -0.31182 0.26672 0.11515 -0.64331 0.31498 0.086788 -0.52273 0.064968 -0.52013 -4.5636e-05 0.13591 -0.14669 -0.038624 0.1238 -0.053541 -0.039529 -0.37892 -0.24763 -0.41633 -0.23024 -0.13666 0.7415 -0.43521 0.53182 -0.025297 0.67421 -0.29475 -0.18281 -0.39689 0.46797 0.043967 0.49407 -0.30965 0.18925 -0.82539 -0.29447 0.049308 0.26556 0.70884 0.29655 0.20213 -0.22124 -0.11857 -0.20757 0.26005 -0.46003 0.56896 -0.34413 -0.66056 0.27217 -0.07593 0.23879 0.75558 -0.41325 -0.080695 -0.033793 0.35148 0.48808 0.052432 -0.0020776 -0.1031 0.74163 0.32582 0.061649 -0.15139 0.56271 -0.069686 -0.41708 -0.17144 -0.11666 0.30452 -0.58239 -0.19111 0.13628 0.54847 0.061975 -0.83692 0.52859 -0.47272 -0.48045 0.24994 -0.34821 -0.10957 -0.99499 -0.17024 -0.11631 0.23403 -0.71391 -0.2678 0.26532 0.87426 -0.089164 0.024697 0.25264 0.16854 0.42884 0.51913 -0.067332 0.23907 0.41657 0.089691 -0.42936 0.33385 0.41982 0.52461 -0.80162 0.26011 0.33289 0.58169 -0.4847 0.35504 0.023827 -0.28717 0.60784 -0.089198 -0.15754 -0.30564 0.027972 -0.12179 1.1799 -0.048482 -0.10902 0.21015 0.38092 -0.56231 0.19411 0.45959 -0.57951 0.28667 0.14403 -0.4024 0.48921 -0.13434 -0.43913 -0.20224 -0.057256 -0.54346 0.34602 -0.40989 0.11639 0.48118 0.1107 -0.18073 0.45876 0.54617 -0.03177 0.34974 -0.31013 -0.1289 -0.15431 -0.76781 -0.13711 -0.10307 -0.10661 0.43103 0.40135 -0.24395 0.27388 -0.45495 -0.32952 0.2638 0.32056 0.21493 0.19411 0.29819 0.27784 -0.73445 0.4919 0.83404 -0.11412 -0.37682 0.52653 -0.33976 0.24468 -0.091472 -0.13406 0.56971 0.049882 0.76133 -0.32602 -0.54059 0.70775 -1.1095 -0.57734 -0.56765 0.33637 -0.10621 -0.37052 0.44673 0.047503 0.59183 0.019476 -0.41414 -0.31508 0.48033 0.1722 -0.51662 -0.23668 0.47008 0.3045 -0.012196 0.50187 0.20469 0.079462 -0.22074 -0.03057 0.088453 0.7929 0.081332 0.2401 0.1282 -0.60381 0.42941 0.51967 0.88796 -0.023594 -0.0047388 0.31675 0.016282 0.1032 0.43051 -0.27448 0.016031 -0.33673 0.20015 0.27167 -0.084019 0.66512 0.034336 -0.58426 0.49699 0.1521 0.23856 -0.57828 -0.45737 -0.3094 0.14747 0.25843 -0.20769 -0.61373 -0.43548 -0.1944 -0.49561 0.023732 -0.051868 0.63481 0.78711 0.50424 -0.26415 -0.12171 -0.23829 -0.22696 -0.19426 0.56006 -0.090821 -0.15193 0.037863 0.29703 0.30315 0.092901 -0.10156 -0.35005 -0.54218 0.35939 0.094994 -0.70028 -0.024646 -0.083125 0.5837 0.65641 -1.3086 0.4866 -0.15014 -0.11943 -0.38441 -0.30418 -0.19154 -0.26452 -0.39668 -0.14831 -0.029264 -0.21355 -0.26092 -0.4742 0.030339 -0.43842 -0.15341 -0.16659 -0.0093455 0.72404 -0.57457 -0.084196 -0.31558 -0.29092
portuguese -0.019703 -0.068198 -0.52512 0.49465 0.45565 -0.38869 -0.94833 0.57398 -0.061744 -1.3105 -0.58044 0.42324 -0.071738 0.23941 0.18046 -0.08459 -0.16386 0.33491 0.19597 -0.42476 -0.26292 0.049352 0.33782 0.3051 -0.51634 -0.65125 -0.033347 0.93144 -0.31876 -0.052131 0.23022 0.3201 -0.49923 0.18966 0.2606 -0.60382 0.76789 0.047319 0.58444 0.8559 -0.75838 -0.19252 0.098208 -0.20465 0.39001 -0.5926 0.56156 0.56982 -0.65356 0.3331 0.22326 -0.31018 0.45937 0.30065 0.24791 0.88637 0.73272 -0.21194 0.15228 0.36875 0.33314 -0.42837 0.050049 0.44985 0.024634 -0.11461 0.50365 -0.0044792 -0.046497 -0.92994 0.31852 0.82845 -0.52989 -0.19153 -0.29257 -0.086625 0.97265 -0.29645 0.16248 0.046578 0.36153 0.59721 0.28195 0.37752 -0.027185 -0.116 0.1093 0.098209 0.60485 0.80255 -0.16732 -0.38223 -0.45698 0.12881 0.22077 -0.60363 0.38983 -0.53316 -0.43669 0.12217 0.092026 -0.29612 0.28574 -0.25674 0.3098 -0.21766 -0.69809 -0.73281 -0.0069569 0.46683 0.74407 0.20354 -0.32523 -0.808 0.23997 0.017404 -0.28589 0.25492 -0.018286 -0.10188 0.18134 0.27608 -0.28787 -0.47557 0.031334 0.34311 0.12262 0.18996 0.097452 0.071667 0.15778 -0.39818 -0.61294 -0.048002 0.74315 -0.193 0.69678 -0.037238 0.37743 0.43703 0.14526 -0.16484 -0.060071 -0.15791 0.69922 -0.28733 0.9057 0.35136 -0.20164 0.11561 0.34826 -0.17994 -0.056485 0.15475 0.701 -0.19352 -0.83493 0.24504 -0.024095 -0.41455 0.55153 0.90006 0.6599 0.55465 -0.11435 -0.5312 0.0054076 0.18894 0.049072 0.099814 -0.30508 0.046466 -0.78628 0.51086 0.49477 -0.50089 -0.8831 -0.23246 0.20265 0.49691 0.087254 -0.24597 0.089696 0.44937 0.42157 -0.71484 -0.51368 0.037735 -0.099383 0.35118 0.34352 -0.26833 0.58293 0.13235 0.61794 -0.26304 0.07928 0.33399 -0.32835 0.58806 0.66635 0.28798 -0.43091 0.60797 0.41065 -0.51452 0.36924 0.39893 0.013717 0.33931 -0.21654 0.44732 -0.55882 0.48573 0.43706 0.26146 0.21987 -0.77551 -0.37249 0.44784 0.89219 -0.42136 0.32596 -0.23007 -0.30266 -0.8318 0.4079 -0.24401 -0.28404 0.51257 0.10756 0.19387 -0.27259 0.52216 0.050684 0.42727 -0.23042 0.19346 -0.069194 -0.084602 0.14522 -0.10289 0.54144 -0.085559 0.66009 1.1689 0.097568 0.41058 0.18613 -0.33182 0.26425 0.36582 0.20728 0.67787 0.010352 -0.23363 -0.0374 0.22059 -0.33936 0.043064 -0.019799 0.30264 -0.40563 -0.07086 0.14848 -0.21015 -0.28952 -0.096318 -0.013261 -0.29046 -0.29152 -0.39175 0.0016238 -0.15984 0.10509 0.29552 -1.1373 -0.62385 -0.010658 0.20858 -0.16604 0.20395 0.008145 0.057193 0.15532 -0.34844 -0.45835 -0.73989 -0.24662 0.20815 -0.54719 0.55992 -0.7378 -0.31273 0.31378 0.5407 -1.1915 -0.24608 -0.026015 -0.25559
norwegian 0.20701 0.015498 -0.29961 0.77882 0.063154 -0.38907 -0.055051 -0.061988 -0.27857 -1.2068 -0.94827 -0.68944 0.10594 0.43056 -0.2394 0.5307 0.69204 0.14569 -0.49997 -0.30404 -0.06736 -0.2157 -0.35255 0.83907 -0.11433 0.20087 -0.084954 -0.21217 -0.67529 0.35655 0.01443 -0.6068 0.10627 0.12136 -0.30943 -0.33418 0.0059708 -0.16163 0.10533 0.75769 -0.97266 -0.36829 0.4192 0.049099 -0.43342 -0.16734 0.16082 -0.115 -0.34353 -0.23786 -0.29745 -0.0013247 0.16446 -0.041821 -0.60446 0.85838 -0.090204 0.059907 -0.40062 0.6071 -0.61369 0.75337 0.13255 -0.40791 0.13066 0.23357 -0.25276 -0.055832 0.10413 -0.14286 -0.26127 -0.021908 -0.11027 0.10579 -0.79467 0.59132 0.66459 -0.46068 0.0589 0.34958 0.25847 -0.51887 0.081092 0.42163 0.30365 -0.53056 -0.1158 -0.18119 0.0078847 -0.52592 -0.52333 -0.18051 0.13254 -0.020095 -0.065306 -0.42557 0.59174 -0.19402 -0.42144 0.15724 0.18374 -0.22361 0.61002 -0.87233 0.11294 -0.26108 0.26714 -0.19645 0.20224 0.20962 -0.092884 0.16465 -0.15198 -0.50366 0.46696 -0.32 -0.18887 -0.29581 -0.18391 0.12492 -0.039453 0.086866 0.41541 -0.28532 0.60147 0.31843 0.54557 0.26283 0.31561 -0.25266 -0.14611 -0.086516 -0.47231 -0.85585 0.83888 0.60061 -0.36435 1.126 -0.37578 0.1061 0.26346 0.43217 -0.28468 -0.14005 0.28968 0.59311 0.89956 0.87618 -0.27888 -0.17452 0.68771 -0.026377 0.029406 -0.23224 0.099346 0.0077406 -0.21523 -0.0017134 0.17406 -0.41316 -0.30476 0.6484 0.29731 -0.1425 -0.17625 0.97534 0.16489 0.14396 0.35156 -0.23551 -0.23242 -0.14373 -0.73057 0.18218 0.62869 0.20254 0.35955 -0.18445 -0.37648 0.67468 0.059813 -0.23396 0.14064 0.29777 0.61215 -0.62774 -0.42982 -0.48679 -0.11674 -0.17437 -0.0080278 -0.81672 0.70655 0.072425 0.28388 -0.021906 -0.63485 0.1039 0.12996 -0.15614 0.73586 -0.077271 0.002625 -0.11884 0.30027 -0.64275 -0.16112 0.069366 0.59563 0.20587 -0.034478 0.20182 -0.021475 0.044524 0.080746 -0.02924 0.22351 0.076457 0.037218 0.050919 0.76771 -0.40943 -0.24618 -0.67526 0.20731 -0.2615 -0.4234 -0.97634 0.77139 -0.072546 0.36631 0.025792 -0.13695 0.59176 0.48853 0.53457 -0.28984 0.2912 -0.49001 -0.20416 0.27486 0.23286 0.80197 -0.27003 -0.1147 1.2097 -0.016219 -0.52752 -0.63198 0.19699 -0.93758 -0.1248 0.1471 -0.2272 0.80044 0.071759 0.19258 -0.11068 0.37845 0.12691 -0.19559 -0.83296 -0.022041 -0.11377 0.25255 -0.48989 0.07973 -0.089377 0.6153 -0.54226 0.24523 -0.73242 0.26632 0.22155 0.39925 -0.058672 -0.4442 -0.57868 0.60842 -0.21745 -0.02264 0.103 -0.35287 0.24935 0.38129 -0.0024526 -0.59491 0.080892 0.53508 0.047693 -0.32786 0.31012 -0.97077 -1.1508 0.068361 0.77576 0.38122 -0.14732 -0.13902 -0.096096
desert -0.52817 -0.17469 -0.56055 -0.18787 -0.011012 0.1226 -0.32281 0.73818 0.53792 -0.58745 0.46139 -0.62131 -0.13698 0.25204 0.30295 -0.27708 0.37692 -0.25916 0.46178 0.57169 -0.30272 -0.041377 0.44549 -0.09663 0.12249 -0.8778 0.81098 0.10846 -0.1639 0.21794 0.23792 0.15753 -1.0391 -0.47392 0.24331 -0.59861 0.062243 -0.19879 0.094678 -0.32972 0.43169 -0.44159 0.37855 -0.52511 0.6623 -0.10153 -0.097064 0.29376 0.29847 -0.60994 -0.23287 -0.11337 -0.026979 0.30258 0.29121 3.5163e-05 -0.30184 -0.35504 1.206 0.37196 -0.19284 -0.061294 1.2803 -0.62043 -0.33369 0.20658 0.47501 0.67921 0.051519 -0.062734 0.12782 0.1899 0.040765 0.41568 -0.5856 0.021153 -0.069235 -0.59133 0.25455 0.045335 -0.042182 0.27265 -0.70057 0.0016685 -0.23153 -0.07293 -0.13911 0.47988 0.55654 -0.15351 -0.26084 0.42198 0.65725 0.44186 -0.067853 0.24759 0.46462 0.23196 -0.11215 0.21081 0.52972 0.91776 -0.16405 0.58705 -0.66825 -0.36559 0.092544 0.74506 0.3051 -0.15477 0.24782 -0.34134 0.36008 -0.37475 -0.26176 0.13429 0.33985 0.37804 0.49208 0.66924 -0.18653 -0.10107 -0.9375 -0.13676 -0.048668 0.14023 -0.24511 0.33233 -0.43396 -0.34142 0.20769 0.008464 0.20232 0.48296 -0.51858 -0.5449 -0.065237 -0.11749 -0.15971 -0.31491 0.43917 0.28156 -0.8144 -0.06156 -1.0355 -0.15913 0.18099 0.016388 -0.25732 0.39191 0.40201 0.11388 -0.44289 -0.04434 0.63247 -0.42315 0.25437 0.36177 0.68483 0.71568 0.11569 -0.80788 0.12937 0.50811 0.29281 -0.86229 0.32844 -0.24985 -0.35996 0.22945 0.02306 -0.065823 0.45454 -0.3339 -0.3846 0.77113 0.078905 0.24636 0.21373 0.12636 -0.29708 0.09575 0.22443 0.94677 0.36152 -0.062581 0.78904 -0.14043 -0.33029 -0.54487 -0.34959 0.54536 0.041628 -0.19161 0.15175 -0.013396 0.26982 -0.013716 0.036954 0.66901 1.1806 0.036197 0.029063 -0.075361 0.41235 0.29289 -0.025334 -0.40755 0.39724 -0.016432 -0.14767 -0.09751 -0.13069 -0.71341 0.56403 -0.12525 0.07993 0.23987 0.14033 -0.011642 0.83764 0.15777 0.084649 -0.099128 -0.19682 -0.33733 -0.09197 -0.24141 0.14652 -0.39147 0.4386 -0.072988 -0.3439 -0.30568 0.22112 0.40913 -0.66892 0.12892 0.39022 -0.34064 -0.13908 0.60425 -0.10492 0.26574 -0.21357 -0.30983 -0.50042 -0.25261 0.12889 -0.36925 -0.36769 0.21507 -0.044158 -0.36675 0.49696 0.22502 0.14829 0.158 -0.21691 -0.15917 0.13056 -0.2897 0.078751 -0.49994 -0.24873 -0.31237 0.12857 -0.19289 0.42703 0.077513 -0.28419 -0.12738 -0.068809 -0.022764 0.030143 -0.62718 -1.7834 0.74244 -0.24366 0.15461 0.35697 -0.39411 -0.22004 0.27819 -0.30803 0.046914 0.13081 0.045112 0.04192 0.023779 0.38221 0.1453 -0.41055 0.48615 0.034178 0.71874 0.24914 0.3041 0.025572 -0.097068
metropolitan -0.55809 -0.22898 0.15956 -0.4392 0.15806 0.26464 -0.10208 -0.35461 -0.72834 -0.56012 -0.2993 0.083636 -0.21884 0.64194 1.3704 -1.0466 -0.23419 0.21379 0.6089 0.25551 -0.26445 -0.61205 -0.032461 0.1516 0.084785 0.21717 -0.82112 -0.023146 -0.58549 -0.41802 0.51956 -0.40873 -0.28461 0.55442 -0.087783 -0.20535 -0.51666 0.038834 -0.2475 0.0030456 -0.36693 -0.602 -0.35639 0.76784 0.46847 0.027886 -0.011483 0.10992 -0.16589 0.5148 0.087141 0.1929 -0.28855 0.47575 0.37935 0.27111 -0.41224 -0.024472 0.30022 -0.83219 -0.26523 0.26158 0.24616 0.3163 0.28061 0.26061 0.21276 -0.16461 -0.36615 -0.02446 0.2749 -0.72207 -0.35625 -0.74481 -0.16966 -0.0023269 -0.80761 0.6944 -0.54871 -0.23974 -0.29864 -0.078619 -0.57337 -0.41156 -0.30709 0.28003 -0.074776 -0.14372 -0.084594 0.72242 -0.069664 -0.27548 0.53157 -0.12687 -0.21388 -0.010214 0.13499 0.50605 -0.17938 -0.25932 -0.10582 -0.24248 -0.016587 -0.039186 0.12525 0.23378 0.34809 0.55943 -0.24757 0.74643 -0.0096993 -0.81569 -0.18347 -0.13253 -0.22178 -0.37661 0.37135 -0.46843 -0.15008 0.057558 0.26171 0.028795 0.40592 -0.15808 -0.46319 -0.5287 0.02038 -0.30577 -0.254 0.51874 0.78402 -0.25848 0.082459 0.79567 -0.0015668 0.025586 -0.23494 -0.62609 -0.30402 0.062183 -0.11431 0.55122 0.062113 0.18473 0.28352 -0.57296 0.18829 0.31532 -0.71574 -0.36631 1.3914 -0.13964 0.47837 -0.015443 0.029932 0.14243 -0.58393 0.012497 0.21394 -0.30335 -0.20835 0.37165 0.12429 0.060676 -0.17134 -0.67435 0.057167 -0.19126 0.33214 0.57621 0.082987 -0.32895 -0.58372 0.7385 0.28132 0.056013 -0.082454 0.22253 0.15978 -0.16369 0.21731 0.24661 -0.76638 0.20834 0.36037 -0.030838 0.11866 0.14043 -0.65985 0.079618 0.097934 0.44258 -0.40984 -0.37049 -0.34175 0.43409 0.31211 0.0061946 0.174 0.24628 0.22201 0.34575 -0.27783 -0.22726 -0.29996 -0.32863 -0.42968 -0.20474 0.28555 -0.24188 -0.33018 0.33262 -0.15645 -0.29027 0.53985 0.26894 -0.40395 -0.1197 -0.41004 -0.65579 0.23853 -0.58634 0.22377 -0.83651 0.30912 -0.27078 0.020147 -0.41982 -0.54364 0.1937 -0.23266 0.53356 -0.16354 -0.41206 0.38747 -0.32836 0.058321 -0.12136 -0.12269 0.013831 -0.73502 -0.62891 0.35028 0.15435 0.25249 -0.071877 -0.15087 -0.52226 -0.27783 0.2156 -0.17606 0.3383 0.53516 0.094059 0.021998 -0.24689 0.0072788 0.08397 0.14258 -0.69614 -0.35639 0.56107 0.40959 0.51895 -0.15814 -0.72384 0.18285 0.2825 -0.058421 0.31731 0.23749 0.48453 0.12075 0.28079 0.1284 0.11221 -1.0456 0.52516 -0.022236 0.23615 -0.0016893 -0.32794 0.29412 -0.017344 -0.7738 0.51885 -0.27939 0.54058 0.23885 -0.20859 0.16851 -0.25623 -0.019076 0.028518 0.89108 0.69523 0.0088754 -0.096218 -0.47896 -0.065657
danish 0.23337 -0.49361 -0.42589 0.29234 0.84617 -0.32284 -0.19173 0.11251 -0.53013 -1.3014 -0.37202 -0.19073 -0.26107 0.76385 -0.18473 0.7752 0.27233 -0.17967 0.20484 -0.025918 -0.019747 -0.48236 0.056347 0.43487 0.028388 0.23254 -0.60992 0.19191 -0.35929 0.25099 0.079257 0.10858 0.029622 0.44433 -0.47748 -0.87818 0.089944 0.31802 0.035748 1.0371 -0.4083 -0.28336 -0.10697 -0.3043 -0.25342 -0.34781 -0.060944 -0.46711 -0.4614 0.30793 -0.26367 -0.21796 -0.014473 0.36664 -0.32251 0.72951 0.3997 0.2843 0.27896 0.38962 -0.68264 0.18983 -0.11796 -0.58611 -0.22587 0.2528 0.28972 -0.63246 -0.29673 -0.10697 -0.12846 0.68059 0.060476 -0.13901 -0.71928 0.63304 0.75967 -0.3452 -0.0037497 0.90923 0.043091 -0.008993 0.11616 0.036723 0.063643 -0.090025 0.12452 0.18078 -0.271 -0.02104 -0.17949 -0.47484 0.26712 0.17578 -0.40442 -0.053716 0.64253 0.11887 -0.6144 0.13635 0.10243 -0.35668 0.34787 -0.92851 -0.30317 0.0623 -0.12469 0.081222 0.1339 0.54101 0.15986 0.48621 0.23821 -0.14328 0.50819 0.034362 -0.71282 0.38859 -0.41431 -0.14588 0.56184 0.5196 0.66665 0.091263 -0.22364 0.67266 0.40717 0.32644 0.80677 -0.15201 0.60542 0.029367 -0.054807 -0.16363 0.76059 0.23252 0.74284 0.9257 0.30656 -0.52191 0.43091 0.35596 -0.20357 -0.50021 0.48187 0.039652 0.38464 0.37027 -0.55212 0.028903 0.7676 0.015537 0.044432 0.0242 -0.17779 0.48383 -0.57378 0.27341 0.20744 -0.7193 -0.14851 0.787 -0.10458 -0.28193 0.031445 0.83156 0.25921 0.65409 0.66945 0.022637 0.2579 -0.3703 -0.72006 -0.089715 0.10476 0.48041 -0.094273 -0.31448 -0.036646 0.61814 -0.42487 -0.83779 -0.080946 -0.26132 0.37135 -0.79326 -0.63574 -0.52159 0.035623 -0.22801 0.13749 -0.41463 0.16804 0.34978 0.34278 0.18687 -0.37021 -0.36266 -0.060999 -0.1226 0.59353 0.15176 0.2537 0.31171 0.53504 -0.6559 0.29804 -0.039613 -0.27675 0.19454 -0.18929 0.18339 0.31911 0.63391 -0.24132 -0.129 0.161 -0.27406 0.061181 -0.044814 0.38992 0.063201 -0.40157 -0.38071 -0.26144 -0.64119 -0.092536 -0.41078 0.30167 -0.10757 0.48543 0.38234 -0.070791 0.21816 0.84137 0.57727 -0.016156 0.52949 -0.25263 0.17542 0.47411 0.21815 0.86435 -0.56557 0.35122 0.9169 -0.37151 0.10844 -0.27818 0.22269 -0.47683 -0.32534 0.18145 -0.08349 1.251 0.065388 0.25101 -0.14035 0.11159 -0.17609 0.27703 -0.86553 -0.51595 -0.51702 0.31472 -0.44915 0.10866 -0.34075 0.074959 -0.66365 0.39284 -0.31025 0.17994 0.1186 0.047919 -0.59538 -0.54817 -0.56208 0.095368 0.13333 0.068994 -0.10425 -0.45807 0.17585 0.55128 0.0064952 0.035421 -0.46822 0.32306 0.0089382 0.29785 -0.075183 -0.67461 -0.39472 -0.22394 0.67731 0.21871 0.21022 -0.079868 -0.3809
austrian 0.16599 0.62794 -0.36101 0.094261 0.45183 -0.51192 -0.32372 -0.37272 -0.089104 -0.97895 -0.43882 0.059135 -0.01602 0.10086 -0.5756 -0.0019038 0.51828 -0.37238 0.030191 0.10971 -0.0391 0.46966 0.60415 0.11142 -0.24236 -0.44927 0.037869 0.45771 -0.63103 -0.19859 -0.31862 -0.09583 0.16904 0.22801 -0.42253 -0.069289 -0.32423 -0.34546 0.53691 0.89234 -0.42059 -0.81121 0.52223 -0.85267 0.80651 -0.19325 -0.44082 -0.27919 -0.191 -0.10309 -0.21773 -0.24152 0.24019 0.41237 0.47925 0.13966 -0.22864 -0.083258 0.06327 0.45335 -0.18416 -0.25738 0.49445 -0.8966 -0.096113 -0.19744 -0.015012 0.066058 -0.31614 -0.51334 0.47025 0.19566 -0.34949 0.2183 -0.37799 -0.24392 0.0075587 -0.26767 0.019238 0.63679 -0.24828 -0.31219 -0.23824 0.31063 0.82259 0.43821 -0.58069 0.47241 -0.2238 0.2949 -0.31763 0.097074 0.67762 0.50708 0.46979 0.036605 -0.23067 0.60627 -0.37768 -0.12184 -0.083075 -0.14189 -0.20443 -1.21 -0.02084 -0.172 -0.19289 -0.168 -0.61206 0.19462 0.40695 0.46537 0.11312 -0.21983 0.026389 -0.26254 -0.18743 -0.36975 0.26068 -0.20734 0.34442 0.86273 0.36055 -0.54688 -0.063325 0.26869 0.31173 -0.096236 -0.24862 -0.40385 -0.13096 0.15903 0.16151 -0.3633 -0.055589 0.44393 0.80991 0.44886 -0.091418 -0.40642 0.13713 0.38504 -0.75798 0.12019 0.9894 0.31888 0.50904 -0.58363 -0.60049 1.0933 0.92173 0.39281 -0.04044 0.1954 0.81048 0.40508 0.10596 0.094042 0.33395 -0.83818 -0.24623 0.3338 0.67576 -0.17975 -0.63036 0.94665 0.21969 -0.39115 0.45934 -0.45688 0.52037 0.11388 -0.35586 -0.18727 -0.65081 -0.30418 0.88947 -0.54598 0.010251 0.53522 0.44737 -0.3304 -0.17918 -0.21239 0.32118 -0.4041 -0.7975 -0.23408 -0.11423 0.30104 0.044568 -0.32091 -0.21467 0.029376 -0.48962 -0.45436 -0.42198 0.41569 0.21068 0.81433 0.98563 -0.023795 -0.51343 0.16366 -0.3944 -0.0005634 -0.71488 -0.018015 0.50132 0.34003 0.00070317 0.22385 0.38899 -0.47319 0.36604 -0.3643 0.062498 6.375e-05 0.35656 0.074337 0.12465 -0.12829 0.18896 -0.1796 -0.77971 -0.072505 -0.18761 -0.86058 -0.060033 -0.29157 -0.19031 0.21243 0.46239 0.25227 0.366 0.49486 -0.13161 0.50591 0.29946 -0.071675 -0.17717 0.19839 0.57849 -0.27359 0.42321 0.74166 -0.10404 0.37785 -0.25034 0.08433 -0.59975 0.1476 0.69257 -0.24337 0.64703 -0.11923 -0.15253 -0.62921 -0.24726 -0.17752 0.041102 -0.43175 0.14487 0.23309 0.5892 -0.30071 -0.40194 0.42038 0.050604 -0.74043 0.2455 -0.91084 -0.16718 -0.42588 0.4337 0.064411 -0.95865 -0.34493 0.24035 -0.06148 0.32421 0.19871 -0.059536 -0.2147 0.30027 -0.0073468 0.014788 -0.18939 -0.32755 0.62475 -0.23352 -0.12726 -0.59779 0.13943 -0.3521 0.027389 0.21508 -0.27437 0.5888 0.087953
belgian 0.18439 0.3859 -0.28151 0.53305 -0.35924 0.38978 -0.52997 -0.40027 -0.13923 -0.88504 -0.15791 -0.60031 -0.27024 0.22481 -0.061808 -0.030705 0.097836 0.24764 0.41441 -0.57761 -0.091399 0.22573 0.17859 0.28537 -0.37587 0.031418 -0.12149 0.47445 -0.00046244 0.26594 -1.0093 -0.51934 0.15629 0.40892 -0.47188 -0.2336 0.51849 0.4683 0.11293 0.45663 -0.024421 -0.34388 0.14538 -0.15974 0.20263 -0.19821 -0.06386 -0.12558 -0.33882 0.49762 -0.28634 -0.0092343 0.57411 0.62591 0.26706 0.72632 0.6502 0.22942 -0.060823 -0.44282 -0.054217 0.041949 -0.10207 -0.48351 -0.97914 -0.17057 0.0017598 -0.58885 -0.40776 -0.57368 0.34731 0.26622 -0.40738 -0.35399 -0.080605 0.20836 0.74918 -0.23754 -0.36591 -0.07579 0.034255 -0.026314 0.45467 0.63898 0.66289 -0.97046 0.64352 0.15986 -0.54554 0.17303 -0.046241 -0.0087702 0.3045 0.32787 0.38442 -0.1351 0.13027 -0.21804 -0.35641 -0.44173 0.31466 -0.20823 0.56759 -0.62769 0.22775 -0.18231 -0.7941 -0.025281 0.0090143 0.10416 0.34035 0.13938 -0.48466 -0.61713 -0.14754 0.23762 0.57392 0.38618 0.19783 0.010935 0.12752 0.83542 0.41509 -0.42958 0.081693 -0.044765 0.6957 0.75297 -0.11448 -0.21185 0.47808 0.1813 -0.027856 0.25814 0.2984 -0.20004 0.68775 0.32935 0.28973 -0.36789 0.36703 0.11695 -0.21208 0.1675 0.34336 -0.30501 0.13938 -0.29393 -0.30429 0.75738 0.56913 -0.035561 -0.020968 0.18556 1.1354 0.1371 -0.58935 -0.047049 -0.10542 -0.58616 0.03438 0.32412 0.068449 0.12081 0.25431 0.464 0.26248 -0.22033 0.52444 -0.033509 0.27044 0.12008 -0.34742 -0.050631 -0.18297 0.22141 0.38818 -0.27783 -0.78134 0.33912 0.28925 -0.18978 -0.075654 0.27057 0.047912 -0.41083 -0.12021 0.32587 0.52362 -0.070281 0.20745 -0.3371 0.1077 0.13304 0.4927 -0.24801 -0.60163 0.062973 -0.4596 0.27189 0.80645 0.13754 -0.35709 -0.41505 -0.24939 -0.64981 -0.70643 -0.12347 0.15026 0.77124 0.25688 -0.005143 0.46255 0.13621 0.070876 0.10972 0.43986 -0.63714 -0.0064091 -0.16798 0.75763 -0.48362 -0.13357 -0.74607 -0.42715 -0.34941 0.025359 -0.52163 0.14675 -0.59944 -0.0060997 0.49648 -0.26481 0.45049 0.16894 0.55668 0.1815 0.78513 0.016558 -0.14724 0.14351 0.10874 0.53847 -0.82913 0.51463 0.69858 -0.0007633 -0.32088 0.06047 -0.51814 0.16635 0.037576 0.1559 -0.28967 0.84324 0.086736 -0.46258 -0.15853 -0.71258 -0.17895 0.68933 -0.38804 -0.25607 0.62775 0.31986 -0.10136 -0.58085 0.27719 0.037923 -0.74231 -0.19984 -0.17121 0.12743 -0.71108 0.80214 0.99847 -0.43727 -0.46253 0.21556 0.35505 0.38728 0.49305 -0.33608 -0.2943 -0.056557 -0.049024 0.39414 0.36441 -0.3166 0.22436 0.19874 0.080575 -0.18822 -0.42955 0.049896 0.56174 -0.39168 -0.23111 0.13565 -0.48848
colonial 0.13291 -0.85347 -0.19075 -0.11264 0.24165 -0.48086 -0.51598 0.46333 0.28741 -0.64766 -0.044677 0.5085 -0.12884 -0.43159 0.13144 0.22087 0.51374 -0.15862 -0.13961 -0.12052 -0.16716 -0.36982 0.36788 0.33359 -0.59218 -0.87389 -0.21831 0.16496 -0.29125 0.70595 -0.16701 0.1294 -0.68589 -0.043536 0.64906 -0.034462 0.84003 0.11729 -0.20099 -0.21279 -0.20396 -0.14424 0.20251 -0.34671 0.8391 -0.36965 0.18958 0.1562 -0.31429 0.38883 0.20562 -0.092934 0.36626 0.31227 0.46439 -0.28418 0.24586 0.0075271 -0.25113 -0.27973 0.86422 0.041594 -0.072645 -0.0092339 0.35518 -0.116 -0.12076 0.098148 -0.081553 -1.0617 0.38932 -0.029846 -0.36791 -0.1527 -0.44976 0.13123 0.17738 -0.36719 0.072619 -0.39973 0.18142 0.75625 -0.065183 0.26054 0.39795 0.39447 0.064944 -0.53948 0.50298 0.37684 -0.038874 -0.72935 0.21296 0.38127 0.019698 -0.49654 0.7868 -0.28381 -0.31793 0.27329 -0.17326 0.10691 0.049329 0.15236 0.22345 0.29593 -1.3183 0.10351 0.10713 0.27802 0.5654 -0.76534 -0.23982 -0.080348 -0.085745 -0.069665 0.33203 0.72895 0.11226 0.064907 0.38363 0.33765 -0.42414 0.17176 -0.070649 0.38892 -0.36629 0.31102 -0.019519 0.49475 0.66974 0.14579 -0.083861 -0.95788 0.097046 0.26521 0.26559 0.21136 -0.34256 0.42081 -0.24843 -0.016927 -0.10225 0.67647 0.14803 -0.35475 -0.15728 0.49568 -0.4625 0.068958 0.27648 -0.051047 0.0053064 -0.337 0.50792 0.40787 -1.0233 -0.04985 0.13875 0.19281 0.65935 0.6106 0.013748 -0.44587 -0.018235 0.47566 -0.034849 0.017573 0.25155 -0.080923 0.045463 -0.40887 -0.7752 0.45534 -0.11174 0.18423 -0.88512 -0.048926 0.17183 0.55828 -0.49579 0.2341 0.11438 -0.27364 0.68358 -0.38176 -0.2469 0.19171 0.048746 0.26634 0.3156 0.10985 0.049739 -0.35502 0.50625 0.045992 0.19619 -0.23719 0.016988 -0.17383 0.76438 -0.23057 -0.42184 -0.11769 0.34613 -0.24647 -0.21826 0.44384 -0.12317 0.39068 0.21209 0.3416 0.002914 -0.25633 -0.12134 0.66394 0.29553 -0.6052 0.28302 -0.072838 0.35792 -0.47553 0.50294 0.33447 -0.81835 -0.048068 0.36275 -0.021992 -0.27426 -0.26323 -0.27781 -0.25655 -0.40685 0.55779 -0.68484 -0.2158 0.012345 -0.30146 -0.11993 -0.18138 -0.55736 -0.15068 0.33349 0.4768 -0.43113 0.7097 -0.20719 0.11088 0.48623 -0.14999 0.65884 -0.11136 -0.30833 -0.2187 0.46231 -0.16667 0.057714 0.31923 -0.44448 -0.26053 -0.48605 0.17231 -0.24797 -0.21872 0.3115 0.066109 5.5397e-05 -0.15253 0.1536 0.2084 0.086208 0.26972 0.54381 -0.33322 -0.037434 0.3497 -1.2704 1.0909 0.47335 0.069717 0.29278 -0.3881 0.20141 -0.74368 0.027507 0.096191 -0.0047145 0.037642 -0.83964 -0.51574 0.049875 0.098695 -0.36321 0.153 0.42186 0.95151 -0.52096 -0.056533 0.3207 -0.047361
gdp -0.55335 0.51104 -0.46568 -0.13064 -0.18481 0.10448 -0.089608 0.62517 -0.22482 -1.5591 -0.17246 0.43825 0.065871 0.41529 0.64462 -0.21267 -0.066303 -0.20263 -0.0085697 -0.31689 -0.41938 0.5259 0.0037598 0.67233 0.55612 0.29371 0.13858 -0.50432 0.17434 -0.22393 -0.15585 0.80976 0.14065 0.33299 -0.59417 0.028036 -0.09589 0.46127 0.09992 0.019999 -0.17295 -0.0414 -0.45881 -0.15111 -0.077643 -0.54257 -0.71943 -0.042072 -0.81088 0.61979 0.065889 0.27415 0.31545 0.02337 -0.16273 0.064533 0.5715 -0.10274 0.059986 -0.24242 -0.64948 -0.44093 -0.61968 -0.29982 -0.52027 -0.3537 0.19036 -0.19869 -0.26668 -0.035761 -0.29475 1.2555 -0.070193 -0.50598 -0.027988 -0.4339 0.84169 -0.24392 -0.78735 0.19884 -0.12315 -0.62274 0.60386 -0.078339 1.2901 0.28482 -0.37442 -0.20835 -0.11276 -0.2261 0.77345 -0.10313 -0.38321 -0.49583 -0.11095 0.33647 -0.8818 0.61891 -0.18244 -0.058115 -0.27749 -0.28209 -0.31275 -0.18191 -0.3196 -0.1661 0.1871 0.048007 -0.32695 0.48016 0.17681 -0.52966 -0.83558 -0.43678 0.5614 -0.027438 0.90497 0.013376 -0.19917 0.28258 0.14163 -0.23843 0.1474 0.54472 0.082102 0.87363 0.29989 0.53111 0.14651 0.044136 -0.3796 0.34688 0.2598 0.11688 -0.071844 -0.023292 0.087387 0.051494 -0.45235 0.12336 -0.37745 0.039657 -0.2045 -0.16201 0.088782 -0.20358 -0.95064 0.41195 0.3162 0.3468 0.30839 -0.44646 -0.15957 0.46145 0.23945 0.18057 -0.80225 0.72692 -0.15609 -0.54538 -0.7819 0.90275 0.65352 -0.31239 0.73371 -1.1291 -0.52295 -0.27021 -0.22152 0.9401 0.052623 0.19285 0.58648 0.062994 0.59864 -0.35151 -0.21286 -0.1025 0.27486 0.89736 -0.30423 -0.64621 -0.75244 -0.019371 0.6628 -0.055147 -0.14198 -0.36881 -0.58173 0.75891 -0.011728 0.56209 0.39971 0.0052239 -0.2807 -0.1952 0.48184 0.54622 -0.33359 -0.57015 0.28076 -0.36154 0.18193 0.10969 -0.20969 0.25199 -0.049393 0.51489 0.13896 -0.46788 -0.66867 -0.15176 -0.041805 -0.52962 0.4988 1.0716 0.014313 0.70353 0.17209 -0.029699 -0.12805 0.34272 -0.58729 0.10673 -0.12172 -0.071412 -0.22269 0.26019 0.10881 -0.14902 -0.31409 -0.29163 -0.053085 -0.24608 -0.6369 -0.49879 0.57976 0.010108 0.96084 0.65144 -0.089476 -0.094464 0.24175 0.01057 0.21641 0.24713 0.62221 -0.28777 -0.32041 -0.20758 -0.4457 -0.060532 1.0443 -0.65581 -0.50537 -0.49363 -0.56175 0.70255 -0.31579 0.74298 0.8231 0.11215 0.1023 0.078062 -0.39487 -0.20369 1.0604 0.22681 0.034424 -0.21099 -0.16709 0.62579 -0.16868 0.30756 -0.4291 -0.52825 -0.073588 -0.15561 0.080563 -0.55685 -0.18087 0.39166 -1.0568 -0.38989 0.51137 0.36847 0.092672 -0.61687 -0.295 0.54059 -0.052299 0.69419 -0.23798 0.00015348 0.40264 0.77103 -0.38399 -0.29659 0.17229 -0.46406
nigerian 0.58136 0.83297 -0.2854 0.30592 -0.17075 -0.25663 -0.089485 0.51592 -0.27898 -0.96226 -0.65276 0.20697 0.38075 -0.2676 -0.31176 -0.21777 0.31167 0.22868 0.081497 -1.1851 -0.15885 0.27123 0.084055 0.28676 -0.24086 -0.1479 0.15658 0.35077 -0.022989 0.6581 -0.013524 -0.074817 0.13817 0.7332 -0.21237 -0.29597 0.047114 0.29982 0.69974 0.17276 -0.26938 -0.60169 -0.3002 0.08269 0.078314 -0.2465 -0.12552 0.11717 0.11437 -0.36544 -0.2089 0.15792 -0.078486 0.60345 -0.19816 -0.08952 -0.12682 0.46734 -0.011125 -0.051704 -0.068892 0.83087 0.31724 -0.37778 -0.15599 0.29883 -0.24692 -0.26253 0.18457 0.0045353 0.46236 -0.092402 -0.23883 -0.28322 0.34289 0.51572 0.20394 -0.075538 0.564 0.62406 0.06112 -0.39623 0.23449 0.89112 0.28292 -0.12366 0.30855 -0.41298 -0.026713 0.4307 -0.52946 0.38987 0.13836 0.051029 0.2615 -0.20291 0.44448 0.15504 0.14457 0.24193 0.10692 -0.30454 0.41741 -0.15895 -0.15136 -0.085161 0.062339 -0.37068 0.10376 -0.13596 0.32108 -0.19542 -0.62438 0.47625 0.85355 0.58929 0.33916 0.48525 0.82524 -0.12441 -0.36699 0.13264 0.24389 -0.10477 0.35613 -0.38982 -0.18892 0.01926 -0.0667 0.40545 -0.0012738 -0.4504 -0.81315 -0.42647 0.19733 0.21809 -0.10369 -0.1336 0.25365 -0.12001 -0.68319 -0.051738 -0.31388 0.2751 -0.70203 0.2771 -0.12433 0.063031 -0.087568 0.48735 0.78816 -0.58916 0.87265 0.69897 0.43023 0.062494 -0.15209 -0.38094 0.2734 -0.14874 0.26137 -0.018968 0.077458 0.37734 -1.0271 -0.14555 0.47254 -0.24761 -0.347 -0.59136 -0.84837 -0.081199 -0.634 -0.053309 0.46349 0.25749 0.27224 -0.29693 -0.30946 0.96619 -0.15094 0.098135 0.32582 0.3347 0.28981 -0.26035 -0.48474 0.3075 0.062438 0.18725 0.63526 -0.24171 0.31845 0.3677 0.039935 0.04262 0.38413 -0.29139 -0.61 0.095067 -0.17026 0.19596 0.64407 -0.34378 0.10969 -0.76947 0.31325 -0.29386 0.4682 -0.35332 0.098959 -0.60325 -0.096756 0.44983 0.29465 0.15142 -0.17454 -0.50082 0.40824 0.12584 0.1924 0.065626 0.54361 0.049408 -0.016384 -0.88521 -0.7421 -0.080001 0.38797 0.61105 0.62964 0.80867 -0.0036404 0.33029 0.39811 0.73397 -0.66383 0.10384 -0.15585 -1.0346 0.3191 0.18898 -0.58349 -0.16307 0.7741 0.45818 -0.062033 0.23729 -0.19166 -0.081895 0.18214 -0.011505 0.089888 0.27559 1.1452 0.13622 -0.17186 0.022227 -0.54717 0.68136 -0.17484 0.27546 0.27256 -0.070562 0.37124 -0.24106 -0.13139 0.64378 -0.18534 -0.03482 0.56267 -0.37864 -0.11921 0.22636 0.1256 -0.0030579 -0.90725 -0.27997 -0.065213 0.075995 -0.19855 -0.41621 0.097723 0.14176 -0.039147 -0.39569 -0.3168 -0.24564 -0.33648 0.015638 -0.16963 -0.17569 0.039941 -0.41364 0.1608 0.61357 -0.78359 -0.48368 -0.53161 -0.043216
imperial 0.2184 0.35333 0.10108 -0.30057 0.55677 -0.55657 0.17896 0.40874 0.38699 -1.0866 -0.49065 0.29058 -0.13039 0.63112 -0.2387 -0.20564 0.26446 -0.70958 -0.35607 -0.038066 -0.47789 -0.084642 0.23923 0.41613 0.28382 -0.46552 0.011675 -0.33444 0.075507 0.66058 0.37952 -0.59941 0.49914 -0.14697 0.73146 -0.47901 0.27638 0.2634 -0.40151 0.055368 -0.46907 -0.62224 -0.030904 -0.27366 0.39743 -0.44339 -0.12614 0.22183 0.091482 -0.25316 -0.015988 -0.092671 0.32943 0.25045 0.048129 -0.54193 0.16571 0.19549 -0.24852 0.2922 -0.2063 0.15248 0.48979 0.060846 0.3572 -0.1956 -0.63191 0.39788 -0.44106 -0.20505 0.92441 0.15185 -0.38681 -0.44612 -0.75493 0.55336 -0.014876 -0.12614 -0.045008 0.27429 -0.23263 0.73411 -0.72994 0.10667 0.5199 0.65929 0.20537 0.37659 0.50991 0.40861 0.3244 -0.76819 0.45587 0.48207 -0.40904 -0.14746 0.25978 0.055201 0.037917 0.30405 -0.16067 0.072091 -0.20967 0.10297 -0.055038 -0.29768 -1.0419 0.065304 -0.45244 0.49721 -0.20155 0.12732 0.22038 0.20577 -0.47402 -0.076907 -0.31834 0.028401 0.41768 -0.33702 0.034621 0.50002 -0.062528 -0.44679 -0.12321 -0.30928 -0.65962 0.20276 0.4507 0.38221 0.44346 0.33108 -0.046211 -0.27073 0.28387 -0.06549 0.28115 -0.45405 0.068246 -0.2731 0.2929 0.15335 -0.40399 0.045719 0.51212 -0.52114 0.10959 0.32149 -0.11388 0.30481 0.68243 0.19787 -0.09833 0.0402 0.66016 0.71069 -0.2792 -0.56715 0.37302 -0.71787 0.65226 0.66974 0.12066 -0.39171 0.029102 -0.069734 -0.48777 0.24483 0.29237 0.65929 -0.093833 -0.3201 -0.49228 0.15759 0.010723 -0.044944 0.37526 0.055502 0.37645 -0.25956 -0.53133 0.38036 -0.7511 0.31797 1.0816 -0.39807 -0.41425 0.46483 0.18207 -0.57997 0.53301 -0.43373 0.20293 -0.42408 -0.063086 0.074404 0.19017 -0.27044 0.065175 0.01919 0.84168 0.16022 -0.19184 0.30527 -0.49279 0.25492 -0.24766 0.26143 0.10106 -0.24393 -0.1163 -0.04216 0.33717 -0.14125 0.08227 -0.29151 -0.22026 -0.014891 0.30025 0.31659 0.015644 -0.046272 0.036876 0.15171 -0.89382 0.032009 -0.015986 -0.51183 0.0069628 -0.31575 -0.56617 -0.13402 0.28154 0.43691 -0.0026988 -0.10413 0.33864 -0.48698 -0.11645 0.70145 -1.0438 -0.035427 0.50038 0.76483 -0.59498 0.76357 -0.27435 -0.31107 -0.056854 0.10347 0.67829 0.32511 0.5314 -0.23443 0.1432 -0.36111 -0.61203 -0.51036 0.76295 -0.69141 -0.31952 -0.34482 0.088109 -0.46111 0.011794 0.058172 -0.71088 -0.15123 0.15292 0.30295 -0.046283 -1.0546 0.46322 -0.36515 -0.46937 -0.49565 -1.1675 0.47441 0.73502 -0.59918 0.25838 0.03909 0.31504 -0.69884 -0.20884 0.18946 0.13217 -0.029701 0.054724 -0.15241 0.12665 0.4193 -0.14993 0.019014 0.67803 -0.062704 0.38448 -0.13257 -0.070679 0.13965
wealthy -0.12629 0.13302 0.52536 -0.16646 0.57104 0.49333 0.32986 0.075012 0.021499 -0.44016 0.002123 -0.5172 0.16561 0.022702 -0.32059 -0.15962 -0.19401 -0.33543 0.67649 -0.13137 -0.19477 0.52483 0.35442 0.5723 -0.43817 -0.16975 0.35497 0.57277 -0.55291 -0.20909 -0.42142 1.0993 -0.30443 0.085925 -0.21604 -0.18718 0.37415 0.10857 0.27211 0.036896 0.21321 -0.40518 0.15215 -0.15866 0.19164 0.1076 0.73168 -0.20887 0.22918 0.14179 0.29474 0.076308 0.60768 -0.12008 -0.14954 -0.54634 -0.21448 0.030233 0.18957 -0.29596 0.19485 -0.37226 0.24369 0.18314 0.60378 -0.06776 -0.034884 -0.25128 -0.41994 -0.36243 -0.42296 -0.28667 0.25187 0.35917 0.27338 -0.25088 -0.45003 -0.057103 -0.49201 0.20923 -0.021437 0.32126 -0.69194 0.0080925 0.22688 -0.11368 0.23723 -0.45274 -0.073248 -0.37734 -0.17065 0.3068 -0.00052597 0.39183 0.17071 0.059804 0.38928 0.039176 0.035123 0.057322 -0.42018 -0.11692 -0.47889 0.31286 -0.24904 0.46052 -0.28465 -0.83047 0.086511 0.15694 -0.25655 0.1099 0.22875 0.20544 0.76373 -0.16093 0.39538 -0.44988 -0.080941 -0.0094924 0.32727 0.76156 -0.14244 0.12701 0.50276 0.42336 0.25351 0.13191 0.51985 -0.46183 0.0038586 0.17609 -0.44386 0.32197 -0.11907 0.039808 -0.21821 -0.23694 -0.38319 -0.63734 -0.17127 -0.15488 0.017605 0.19027 0.18802 -0.16194 0.0835 -0.12223 -0.72232 0.63174 -0.028426 0.04087 0.24261 0.14275 0.083759 0.20431 -0.14295 -0.065379 0.32092 -0.45775 -0.20752 0.56727 0.47747 0.071175 0.050055 -1.1284 0.25934 -0.4295 0.85655 -0.10725 -0.48937 -0.5851 -0.91542 0.17931 -0.44884 -0.17741 -0.31181 0.3566 0.12566 1.3641 0.40905 0.17861 -0.18553 0.3724 0.63949 0.27419 -0.47761 -0.25106 0.021325 0.18556 0.027613 -0.26464 0.040637 0.28809 0.44847 -0.46945 -0.064379 -0.50976 0.41969 -0.4227 0.38643 0.24965 0.38022 0.1406 0.10885 -0.4964 -0.0096099 0.34331 0.26759 -0.33768 -0.19679 0.15187 0.21873 0.056828 0.10852 0.60091 0.39524 -0.058289 -0.20069 0.25035 0.35572 -0.24478 0.73248 -0.45118 -0.35402 0.40624 -0.47923 0.328 -0.11535 0.18845 -0.36054 0.038691 0.18035 0.92318 -0.086774 -0.042868 0.071633 0.20189 -0.47514 -0.311 0.18896 -0.19722 0.64351 0.63362 -0.81543 -0.020557 -0.20968 0.021614 -0.15231 -0.046763 0.1078 -0.2797 0.25359 0.48441 1.0628 0.33369 -0.11722 0.4685 -0.040453 0.0049473 -0.18616 0.23 -0.28793 0.3633 0.083235 -0.25226 0.55777 -0.10639 0.22064 0.06656 0.030358 0.11821 0.025909 -0.24747 -0.26071 -0.15306 -1.3884 0.17371 0.078209 -0.072566 0.17032 0.33244 -0.11449 -0.22347 -0.87516 0.68632 0.88155 0.2644 0.36142 0.069129 -0.23846 -0.14651 -0.50696 0.4028 -0.21075 0.0918 -0.41975 -0.19829 -0.27375 0.40088
colombian 0.12948 0.98024 -0.29818 0.06322 -0.37754 0.23222 -0.44858 -0.36394 0.12929 -0.85615 -0.49591 0.45553 -0.15167 0.44586 -0.39265 -0.14251 0.27551 -0.59275 0.20809 -0.035374 -0.4859 0.057938 0.35549 -0.47193 -0.83276 -0.83531 0.0030327 0.72009 -0.18535 0.19348 -0.12099 -0.12174 0.1708 -0.39454 0.24209 0.012224 0.41513 -0.1496 0.1002 0.17016 -0.53587 -0.52774 -0.45655 0.10041 0.37676 -0.21364 -0.13997 0.33502 0.20008 0.013092 -0.19252 -0.38235 -0.3869 0.80918 -0.54649 -0.29091 -0.7748 0.018424 0.14257 -0.70073 -0.48089 -0.45923 0.2087 0.67308 -0.755 0.14001 0.25954 0.12652 0.4018 0.20143 0.33601 0.51489 -0.22878 -0.079758 -0.023287 -0.2216 1.0074 -0.62235 -0.25482 0.41699 0.25409 -0.78458 0.22683 1.0078 0.13223 -0.52749 0.20916 -0.087492 -0.25322 -0.46085 0.31547 0.12356 0.56057 -0.40798 0.36158 0.25086 -0.26853 0.15543 0.14373 0.016911 0.42577 0.074306 0.08752 0.0048898 -0.15779 -0.12139 -0.35486 -0.23064 0.20471 0.67704 0.00038001 -0.27942 0.068598 -0.57965 0.39183 0.34926 0.3368 -0.067833 -0.16458 -0.12708 -0.37107 0.20764 0.1282 0.044931 -0.36593 -0.12707 0.74115 0.48309 -0.22646 0.54702 -0.71332 -0.1656 -0.41226 0.46757 0.26826 -0.162 -0.66855 0.021159 0.029602 0.087525 -0.024055 -0.38424 -0.8979 -0.11676 -0.095014 0.097916 0.9208 -0.079661 -0.34144 0.06912 0.46513 0.26987 0.37883 0.58473 0.29642 -0.032353 -0.52828 -0.42415 0.14852 -0.23166 0.51577 0.069178 0.37802 -0.094307 -0.94988 -0.3822 0.21638 -0.37717 0.10548 -0.44818 0.022092 -0.037817 -0.56987 0.48142 0.52864 0.22852 0.10753 0.44548 -0.30791 0.44524 -0.16421 -0.13288 0.45195 0.23503 0.48331 0.17569 -0.27115 0.51462 0.11393 -0.20077 -0.54179 -0.47398 -0.079979 -0.182 0.26379 0.086659 0.061756 0.48257 -0.12192 0.48256 0.43407 0.27357 0.4736 -0.3751 0.25216 -0.50414 -0.51969 0.87221 -0.015002 0.23948 0.075102 0.1969 -0.74612 0.52218 0.23645 0.16552 -0.14746 -0.058493 0.26325 1.3012 0.73574 -0.46018 0.29524 0.59219 0.56251 0.72918 0.28141 -0.35696 0.3327 -0.34369 0.32168 0.088297 0.18454 1.1315 0.42385 0.041918 -0.14177 0.48891 -0.016589 0.090787 0.11475 -0.1409 -0.055551 -0.75253 0.28324 0.65437 0.13945 -0.41154 0.060806 0.12613 -0.43757 -0.16997 -0.1743 0.067452 0.44364 0.73951 0.13426 -0.40198 -0.13408 -0.037686 -0.46527 0.2741 0.087299 0.56125 0.81047 0.72845 0.054976 0.72373 0.052143 -0.79127 0.99179 -0.21805 0.14306 0.21238 0.49513 0.52696 -0.55315 -0.12361 0.41748 0.25666 0.22133 0.096205 0.55734 0.23081 -0.39772 -0.29582 0.58753 0.32216 0.78778 -0.22117 0.43358 0.31746 -0.24209 -0.18886 0.21038 1.1094 -0.60814 -0.38002 -0.3615 0.4282
mediterranean 0.46738 -0.29663 0.075111 -0.2166 0.23105 0.30962 -0.37127 0.13271 0.40676 -1.3795 0.4404 0.17469 -0.25797 0.31523 0.49609 -0.032063 0.049479 0.31809 -0.056979 0.22683 -0.25626 0.1079 -0.42749 -0.36106 -0.1329 -0.81801 0.16114 -0.24783 -0.43329 0.17968 -0.31276 0.21022 -0.42572 -0.069731 0.31953 0.14322 0.19956 -0.16334 -0.019963 0.24153 -0.27514 -0.66263 -0.093552 -0.72934 0.58664 0.2571 0.71009 0.31392 0.10379 -0.010962 -0.18874 -0.31812 0.77543 -1.1406 0.069167 0.63209 -0.2848 0.046311 0.39153 -0.10467 0.25521 -0.085477 0.39342 -0.33596 -0.42067 0.14734 -0.59218 1.1892 -0.21221 -0.54522 -0.078369 -0.17822 0.12609 -0.23149 -1.0206 0.35372 0.62718 -0.24422 0.026844 0.40837 -0.0084759 0.21877 -0.56893 0.18478 0.49428 0.59837 -0.036216 0.29291 0.0036569 -0.56734 -0.19336 -0.17528 0.0051958 0.39332 -0.24382 0.15344 0.76984 0.24694 -0.35588 0.27688 -0.020661 0.65821 0.97629 -0.036971 -0.35877 0.28211 0.090854 -0.073873 0.56155 -0.40887 0.48716 -0.058568 0.23933 -0.3339 -0.39331 -0.91246 -0.36658 0.49469 0.33065 0.81511 -0.5349 -0.29362 -0.6066 -0.02526 0.49738 0.7833 0.30801 -0.44657 0.7687 -0.15976 -0.023235 0.41366 0.35563 -0.034398 0.2903 -0.10636 0.16763 -0.25107 -0.60961 -0.77531 -0.017408 0.057444 -0.26708 -0.11592 -0.49967 0.010204 -0.28383 0.063842 -0.96573 0.20857 0.26019 -0.12394 0.66916 -0.16451 0.31917 0.14384 -0.48478 0.37857 -0.15356 0.38323 -0.086463 0.23367 -0.054732 0.53449 0.014497 -0.48114 -0.22488 0.31724 0.18096 0.75 0.0019588 -0.3253 -0.091867 0.046386 0.10458 0.3222 -0.17457 0.29023 -0.15531 -0.67651 -0.045024 -0.0019101 0.070708 0.12961 0.82443 0.2833 -0.40765 0.65049 -0.69252 -0.34505 -0.19847 0.3845 -0.051838 -1.2443 0.41072 -0.18649 0.010053 -0.70889 -0.3488 0.7541 0.37696 -0.49395 -0.51753 0.44188 0.70606 0.043039 -0.17967 -0.09161 0.40902 0.30382 0.2113 -0.25393 0.13701 0.15253 0.44913 0.29697 0.9351 -0.33028 0.28163 -0.096444 1.2204 -0.052472 -0.074662 0.058841 -0.314 -0.53627 0.24534 -0.3052 -0.31109 0.11215 0.32483 -0.011542 -0.092965 0.12128 0.81029 -0.066608 -0.32913 0.16399 0.30133 -0.31527 -0.52088 -0.43033 0.45118 0.67244 0.075529 0.021513 -0.56838 -0.13762 -0.3347 -0.29382 -0.1001 0.13503 0.6004 0.83172 -0.4491 0.0054034 -0.37132 0.11099 -0.3145 0.55905 0.11947 -0.27163 -0.030639 -0.28208 -0.15253 -0.1717 0.12041 -0.23972 0.37958 -0.25755 0.26977 -0.084295 -0.33093 0.37287 0.18873 -0.17765 -1.1299 0.73415 0.090948 -0.12002 -0.43674 0.22024 -0.22803 -0.022669 0.21268 0.072013 0.2111 -0.2804 0.16951 -0.069561 -0.53952 0.0030654 -0.74671 0.044309 -0.29774 0.55401 -0.032127 -0.49344 -0.47764 -0.36146
continental 0.70841 0.31371 -0.31746 -0.12675 0.11917 -0.10008 -0.0061649 0.62255 -0.22207 -0.96271 0.012171 0.25982 -0.4369 -0.46317 -0.087015 -0.45063 0.56469 0.067579 -0.14584 -0.29849 0.31455 0.52595 0.18104 -0.19182 -0.28732 -0.65656 0.21996 0.64017 -0.012632 -0.38946 0.37607 0.21868 -0.3807 -0.29838 -0.60937 0.30131 0.14357 0.025513 0.15048 0.30139 -0.71614 0.42099 0.20317 0.40147 1.049 0.37366 0.64191 -0.082665 -0.49299 -0.10063 0.20222 -0.29562 0.36257 0.10706 0.083209 0.15106 0.079879 -0.067909 -0.066004 -0.25064 0.42898 0.28343 0.56765 -0.41883 -0.5055 0.48019 -0.57383 0.58313 -0.68143 0.61266 0.3751 -0.1331 0.14607 0.01034 -0.69245 0.41587 -0.076222 -0.31489 -1.1294 0.13372 -0.079857 0.28525 -0.62835 -0.31516 -0.36808 -0.51266 0.31009 -0.06078 -0.25381 0.34995 0.045155 0.59486 -0.016999 0.28098 -0.31365 -0.59806 0.19861 0.65031 -0.28484 0.31746 -0.49383 0.10518 -0.078479 0.11298 -0.14794 0.14717 -0.068275 0.46319 0.22863 0.51767 0.12011 -0.34553 0.21725 -0.29425 -1.049 -0.22483 -0.27912 -0.094386 -0.068897 0.027834 0.34033 0.27877 -0.025823 -0.043751 -0.45001 0.54362 -0.20002 -0.33016 0.21752 -0.16408 -0.31767 0.32399 0.12785 -0.29642 0.41891 0.20941 -0.26337 0.77423 -0.57035 -0.24889 -0.4134 0.16296 0.27381 0.11792 -0.074187 0.80866 -0.26486 0.19429 -0.57614 -0.17526 0.22882 0.25219 0.30151 -0.25416 0.42343 0.022875 -0.44127 0.069271 0.54512 -0.67394 -0.069237 -0.025567 -0.19105 0.68035 0.176 0.2414 0.074099 0.28501 -0.0016111 0.053211 0.16844 -0.01053 -0.067959 0.37278 0.34926 0.0063634 0.18105 -0.12624 0.3446 0.4392 0.57259 0.12135 0.23795 0.21389 0.55208 -0.5853 -0.57126 0.76705 -0.35889 -0.18415 0.45982 0.37605 -0.0062366 -0.49709 0.017765 -0.0082341 0.049477 -0.29634 -0.46524 0.19504 0.71186 -0.17832 -0.3689 0.14507 0.43854 0.088932 0.40266 -0.43046 0.27181 -0.0062039 -0.39663 -0.012184 0.14403 0.024776 -0.27739 0.056784 -0.1176 -0.29832 -0.14529 -0.95314 0.44742 -0.12481 0.38414 -0.054224 -0.39763 0.070771 -0.18635 -0.09707 -0.29855 -0.84171 -0.045846 0.23383 -0.026383 0.20097 0.5058 -0.5104 -0.15834 0.36709 0.60729 0.081066 -0.84836 -0.048126 0.28905 -0.32029 -0.44402 -0.25368 -0.32142 -0.14271 0.57955 -0.12099 -0.045341 0.26598 -0.034349 0.3353 -0.95396 -0.15372 -0.20374 -0.0098437 0.17776 0.6072 -0.040557 -0.1947 0.12728 0.38056 0.35717 0.07019 0.20955 0.49004 0.18789 -0.35079 0.61162 -0.055909 -0.35823 0.24837 1.3509 0.23721 -0.90163 -0.12209 -0.11503 -0.33325 -0.026225 -0.18635 0.33029 -0.2524 0.10727 0.031335 0.24201 0.09121 -0.27804 -0.21244 0.17232 0.30377 -0.74087 0.11034 0.0065353 0.3622 0.41784 -0.2271 -0.12382 -0.36933
hindu -0.038661 -0.58495 0.082294 0.17154 0.21322 -1.1531 0.73927 1.0332 -0.62864 -0.37755 0.059994 -0.56048 0.32396 0.19073 0.21849 0.37796 0.27889 0.43077 -0.31221 0.43855 0.10322 -0.99475 0.81662 0.3433 -0.64278 -0.5456 0.10737 0.054894 0.12409 0.18389 1.143 0.65576 -0.61562 -0.031053 0.011454 0.073147 0.070609 -0.41437 -0.23131 0.84525 1.1029 -0.49323 0.44943 -0.80878 0.24641 -0.25895 0.3571 0.98665 0.3929 -0.50594 -0.12691 0.22066 0.55883 -0.5059 0.2738 -0.25604 -0.42128 0.039773 0.19841 0.41672 -0.53161 -0.027412 0.2142 -0.4215 0.33596 -0.48136 -0.16972 -0.32801 0.030862 0.4836 -0.10234 -0.016771 -0.21067 -0.38124 0.96533 0.29686 0.21638 -0.80777 -0.28861 0.45067 0.52263 -0.23698 -0.6266 0.42567 -0.22702 1.3872 -0.36468 0.052173 -0.25486 0.34838 -0.58444 -0.62219 -0.048402 -0.11716 0.55286 0.016286 0.94161 0.1779 -0.41793 0.3618 0.054292 0.03722 0.11213 -0.40138 0.090531 -0.63478 0.6871 0.26313 0.56139 -0.20864 0.40067 -0.51215 -0.087915 -0.13039 0.2237 -0.30666 0.53338 -0.62684 -0.036778 -1.141 0.15356 -0.15107 -0.49468 0.35979 -0.24394 0.019892 -0.13454 0.32823 -0.28267 -0.8394 -0.066114 0.11475 0.23461 -0.24668 0.73864 0.11123 0.0057416 -0.71911 0.14375 0.33042 -0.43984 0.26517 -0.2998 -0.12362 -1.1353 0.56557 0.74316 0.69648 0.34046 0.029555 0.32854 0.10596 -0.10615 0.96925 0.23855 -0.33768 0.31915 0.31599 0.53575 -0.09783 0.53725 0.76023 0.33777 0.10145 -0.90882 0.29468 -0.26521 0.35738 -0.1718 -0.38194 -0.11189 -0.87315 0.097869 -0.35977 0.12706 0.219 -0.35007 0.32561 -0.12019 0.52408 0.31933 0.032645 0.70251 0.69922 0.16955 0.42938 -0.45924 0.086589 0.76339 -0.3148 -0.39844 -0.66635 0.0088569 0.25999 -0.24305 -0.39945 -0.15886 -0.50795 0.47085 -0.15371 0.34713 -0.021364 -0.47064 0.7213 0.13783 -0.14117 0.015286 0.077869 0.14043 0.152 -0.39531 0.87967 0.57249 -0.24139 0.2151 0.032233 -0.38433 -0.65635 -0.030968 1.3565 -0.49166 0.43831 0.070367 -0.97524 -0.41181 -0.80822 -0.6259 0.75747 0.57821 1.1334 -0.043906 -0.15881 -0.57081 0.0022131 0.69701 0.18307 0.16696 0.098249 -0.036514 -0.24197 -0.14653 0.084662 0.076743 0.26372 -1.1258 0.34997 -0.10045 0.62097 -0.14635 0.88151 -0.032739 -0.46921 -0.3449 0.073993 -0.54154 -0.076747 0.4076 0.40046 0.23268 0.20771 -0.26353 0.45926 0.26349 -0.26055 -0.23397 -0.72138 -0.28948 0.47765 0.54475 0.20978 -0.83542 -0.0030625 0.33333 0.40151 0.042691 0.12587 -1.3156 -0.69726 0.57841 0.37084 0.69964 -0.45276 -0.087084 0.36082 -0.55213 1.0634 -0.3952 0.50596 -0.031892 0.29613 0.053701 -0.59164 -0.73715 0.12355 -0.24712 0.42464 0.21236 0.16465 0.21133 -0.38614
hungarian 0.23385 0.069507 -0.083131 0.45333 0.25862 -0.78456 -0.18627 -0.020485 0.12695 -0.56858 -0.9696 -0.061219 -0.20415 0.14453 -0.23794 -0.40497 0.26548 0.30607 0.52963 -0.20663 0.097783 0.12463 0.62159 0.3847 0.22811 -0.24778 0.10236 0.40927 -0.16801 0.055562 -0.17985 -0.27202 0.21898 0.70572 -0.22419 0.19429 0.0097275 -0.37253 -0.17139 0.90587 -0.046564 -0.73233 0.58742 -0.06564 0.35049 -0.39836 -0.45102 0.49113 -0.44475 0.021202 0.34551 -0.3703 0.83316 -0.31907 -0.30409 0.42191 0.43864 -0.1261 0.67264 0.092568 -0.35522 0.13104 -0.23511 -0.47593 0.0081286 0.3708 0.031611 0.42831 -0.42405 -0.32297 0.37823 0.12696 -0.20528 0.62742 -0.79407 0.072309 0.24182 -0.07117 -0.15814 0.00030949 0.06312 -0.28118 0.65617 0.26122 0.53108 0.08729 -0.11853 0.26014 -0.065822 0.45488 0.13252 -0.2655 0.010719 0.15878 0.52169 -0.014426 -0.021828 -0.073719 -0.77453 0.54387 -0.15231 -0.21381 -0.054996 -0.9526 0.024117 -0.34553 -0.15138 -0.43792 0.1158 0.20603 0.52114 0.64604 -0.13081 -0.15802 -0.22484 -0.25185 0.16729 -0.25658 -0.2435 -0.23445 0.40097 0.43769 -0.16945 -0.42543 0.059781 0.32491 0.31204 0.40225 -0.32362 -0.66843 -0.27679 0.50104 -0.3572 0.20623 0.29408 -0.13374 0.60539 0.10534 0.085719 -0.068968 0.52392 0.17391 -0.14711 -0.4044 0.75197 0.15806 0.47694 -0.49812 -0.5786 0.74912 0.79005 0.0051138 -0.4509 0.0018382 0.37723 0.35121 -0.035867 0.45076 -0.062459 -0.91311 0.073515 0.84251 0.63783 -0.23337 -0.30994 0.23104 -0.6937 0.044595 0.38744 -0.16155 0.36311 0.052326 -0.26344 0.63971 -0.19851 -0.34795 0.86589 -0.91871 0.099133 0.32462 -0.059451 0.21161 -0.1512 0.35832 0.34102 -0.53113 -0.36457 -0.14164 0.55859 0.083658 -0.14936 -0.082925 0.037415 -0.16456 -0.090522 -0.23778 -0.088984 0.088034 -0.17714 0.60816 0.75906 0.44884 -0.19627 0.19128 -0.020503 -0.16043 -0.21997 -0.29894 -0.36637 0.29747 -0.32649 0.40731 -0.14905 -0.37771 0.44795 -0.14593 0.41394 -0.083148 -0.52701 0.51804 0.44846 -0.46547 -0.50668 -1.421 -0.36348 -0.47414 0.027446 -0.62836 -0.17608 0.027467 -0.091957 0.26298 0.22827 0.23841 0.11599 0.43981 0.24083 0.12019 0.34783 0.08034 0.36543 0.23992 1.124 -0.29956 0.37241 0.32084 0.21279 0.29766 -0.41097 0.12504 -0.41753 -0.37761 0.24039 0.077759 0.75816 0.37437 -0.44321 0.18943 -0.10457 -0.33654 -0.37724 0.12848 0.41346 0.11385 -0.22973 -0.73282 -0.71194 0.14664 0.11423 -0.12936 0.080088 -1.1878 0.52044 -0.41793 0.42896 0.4048 -0.50084 -0.66091 0.60522 -0.25321 0.45859 -0.86163 -0.020762 0.44744 0.79198 0.067645 -0.2395 -0.18951 -0.6192 0.65503 -0.098779 -0.72724 -0.34242 -0.48388 0.032293 -0.068583 -0.059938 -0.076652 -0.17059 0.019261
arabic -0.43645 -0.40927 0.25266 0.38282 -0.58013 0.0917 -0.38291 0.30884 -0.046542 -1.212 -0.067992 0.44972 -0.14679 0.69784 1.2161 -0.22845 -0.081504 0.89639 0.43809 -0.70459 -0.42469 -1.0106 -0.47618 0.85838 -0.33327 -0.30673 0.44245 -0.1624 0.16938 0.29952 -0.31832 -0.27972 -0.75794 0.67527 -0.024036 -0.62532 0.095478 -1.2447 -0.18562 0.37017 0.38065 -0.21173 -0.29333 -0.034238 0.13247 -0.079567 0.25923 1.0955 -0.13199 -0.15379 0.30333 0.06383 0.5322 -0.82489 -0.70241 -0.064025 0.58282 -0.11741 0.75379 0.5723 0.41266 0.42247 0.33617 -0.031111 -0.31495 0.67903 0.85582 0.51996 0.26135 0.65697 0.086777 -0.030259 -0.20038 0.010981 0.0033682 0.062465 1.1398 0.11218 -0.33132 0.16096 0.38453 -0.14204 -0.17339 0.05242 -0.46433 0.26088 0.24751 0.33359 0.52975 0.7534 -0.75141 -0.22056 -0.079058 0.77055 0.21692 0.12078 -0.46602 -0.49341 0.27148 0.20047 0.083431 0.16136 0.5471 -0.34686 0.18751 -0.12505 -0.053994 -0.010834 0.42835 -0.18387 0.07087 0.43017 0.14774 -0.24475 0.027161 0.12676 -1.6314 -0.00066716 0.83549 -0.47155 -0.092279 0.21889 0.18082 -0.15014 -0.56941 0.16046 -0.065631 0.41106 0.30311 -0.77479 -0.11132 -0.57675 0.25821 -0.5107 -0.010946 -0.099579 0.15134 0.41003 -0.40788 0.013577 0.58997 -0.073479 -0.15201 -0.34972 0.8054 -0.098189 -0.24228 -0.049104 -0.077925 0.13871 -0.027295 0.16197 0.20986 0.17305 -0.45759 -0.17576 0.13887 -0.017658 0.51035 -0.46517 0.52258 0.61104 0.065142 0.41664 -0.39898 0.16358 -0.42704 0.059895 -0.20666 -0.38846 0.035154 -0.58586 -0.18034 0.2632 0.51663 0.25666 -0.17727 -0.33498 0.18967 0.16343 0.2602 0.1954 -0.22084 0.27504 -0.14589 -0.40857 -0.3026 0.49384 0.47585 0.21538 0.33964 0.23628 0.94035 0.35515 0.16986 -0.1165 -0.70404 0.17777 -0.39783 -0.18323 0.11432 0.34701 0.17149 0.75337 0.52349 -0.36573 -0.59557 0.26084 -0.26799 -0.24468 -0.13276 0.36563 -0.16263 -0.41934 0.81647 0.34369 0.22364 -0.31038 -0.16514 0.11197 0.43421 0.62702 -0.32422 -0.1257 0.54495 -0.68211 0.26976 0.31886 0.49367 -0.037971 0.25731 0.053579 -0.56778 0.53689 0.11891 0.97584 0.10567 -0.66211 -0.20909 -0.70911 0.32759 0.49292 0.25498 -0.19292 0.44002 0.23049 -0.93889 0.082402 -0.16116 0.15948 0.44805 0.35826 -0.049972 0.26529 -0.018278 0.24367 -0.073088 0.54168 0.073566 -0.24029 -0.081977 0.081644 -0.29916 -0.10653 -0.20569 -0.36715 0.056275 -0.22528 0.11235 -0.26438 -0.18638 -0.2333 0.027319 -0.16042 -0.30312 -0.71244 -1.3033 0.4684 0.15466 -0.029755 -0.2536 -0.68484 0.034535 -0.16575 0.58011 -0.058499 0.17644 -0.23532 0.21033 0.79267 -0.041362 0.36826 -0.26931 -0.17763 0.027891 -0.032193 0.59651 0.18605 -1.1471 -0.17307
finnish 0.35029 0.11048 -0.58665 0.048061 0.038701 -0.008362 -0.51042 -0.36181 -0.11439 -0.89932 -0.41168 -0.41805 0.14323 0.18888 0.19706 -0.22485 -0.16717 -0.12413 -0.19959 -0.3198 0.12223 -0.24148 0.44706 0.64955 -0.23951 0.18791 0.52989 -0.30366 -0.38053 -0.06687 -0.31314 -0.063896 0.2071 0.046459 -0.64701 -0.91246 0.34339 0.083216 0.094754 0.53667 -0.43357 -0.4802 0.08638 -0.1492 0.033631 -0.50949 -0.45533 -0.59571 -0.46254 0.13534 -0.041714 -0.031955 -0.21231 0.10719 -0.48208 0.77269 0.02701 -0.26317 0.79078 0.46002 -0.40353 0.31224 -0.073142 -0.57515 -0.094673 -0.15079 -0.38466 0.69262 -0.5632 -0.23835 0.20921 0.39741 -0.78242 0.056643 -0.32545 0.30803 0.52464 -0.14603 0.17228 -0.083016 -0.30133 -0.18646 0.088194 -0.21645 0.44929 -0.0029777 -0.9709 0.12409 0.098336 0.44211 -0.062477 -0.006423 0.31817 0.094389 0.47365 -0.20624 0.23869 -0.27348 -0.38778 0.0070035 -0.15267 -0.25528 0.14805 -0.44128 -0.26912 -0.19628 0.35444 -0.55066 -0.86678 -0.061185 0.30871 0.66381 -0.24715 -0.32592 0.22544 -0.75977 -0.21164 0.53486 -0.06792 0.48012 0.15196 0.14195 0.29762 -0.69039 0.46361 -0.15535 0.5315 0.42932 0.60167 -0.74022 -0.050407 0.25569 0.17362 -0.48515 0.61197 0.38279 0.18567 0.43101 0.28814 -0.53863 0.54559 0.090493 -0.7063 -0.18276 1.0183 0.40158 0.78045 0.1065 -0.40488 0.074416 1.0662 -0.35944 0.36232 0.21223 0.31298 0.59947 -0.58837 0.74753 0.77592 -0.23872 -0.20744 0.34199 0.10234 -0.23694 -0.31282 0.50233 -0.12917 0.55566 0.26241 -0.23711 0.064162 0.18097 -0.58867 0.38017 0.51922 -0.15851 -0.13135 -0.84901 -0.12514 -0.21564 0.28771 -0.11448 0.21206 0.0093911 0.15046 -0.2871 -0.15176 -0.58562 0.24221 -0.46654 0.043241 -0.74631 0.12565 -0.39038 0.28792 0.16943 -0.67456 0.049567 0.1688 0.67365 0.59471 0.31734 0.049427 0.1616 -0.15129 -0.5071 -0.40978 0.13596 -0.016478 0.016103 0.59819 0.37097 -0.054201 0.074417 0.33834 0.02457 0.52035 0.43942 0.41659 -0.31525 0.34366 -0.038019 -0.46887 -1.0772 0.24406 -0.35246 -0.27685 -0.71823 0.53637 -0.0086652 0.35165 0.18745 -0.029844 0.64757 0.35405 0.11519 -0.067054 -0.058089 -0.089637 0.64378 0.81805 0.035032 0.96276 -1.0028 0.30643 0.46457 0.22247 -0.10049 -0.27354 0.59236 -0.5709 0.14714 0.22333 -0.035868 0.0097991 0.085976 0.10285 0.26116 -0.072692 -0.083029 -0.14244 -0.39721 0.02663 -0.25287 0.097551 0.073175 0.14583 0.098779 0.5055 -1.1663 0.19933 -0.33335 0.10546 -0.30019 0.67306 -0.25391 -0.42572 -0.62553 0.25327 -0.71189 -0.0050419 -0.0026795 -0.40989 0.088328 0.48949 -0.18099 -0.20688 -0.50032 0.20427 0.68655 -0.093409 0.39284 -0.94277 -0.87478 0.22172 0.57472 0.1472 0.37689 -0.15291 0.075973
persian -0.082543 -0.025887 0.49774 -0.22967 0.35916 -0.25972 -0.38933 0.66758 -0.12701 -1.2202 0.20628 0.34484 -0.18829 0.16908 0.2473 0.19951 0.081661 0.46351 -0.16437 0.046961 -0.31159 -0.70405 0.15438 0.56523 -0.37049 -1.0812 0.33464 -0.314 -0.37441 0.55606 0.0010461 0.089506 -0.43103 -0.095675 0.38379 -0.84396 -0.35288 -0.70182 0.18538 0.83786 -0.14869 -0.6506 0.010476 -0.41107 0.44389 -0.087706 0.38532 0.88194 -0.45413 -0.14657 0.34315 0.023894 0.32797 -0.57821 -0.57253 -0.95945 -0.19947 0.4236 0.69068 0.77864 0.20192 0.094417 0.68914 -0.41289 0.2621 0.50663 -0.086746 0.96374 0.33314 0.36746 0.20096 -0.24729 -0.013298 -0.19899 -0.10237 0.71539 0.63326 0.12914 0.18149 -0.36801 0.32298 0.07903 -0.72144 0.10926 -0.091241 0.088962 0.050366 0.92159 0.45542 -0.067733 -0.12432 -0.10445 -0.23773 0.57205 -0.11779 0.45599 0.52107 -0.19658 0.44834 0.83382 0.32712 0.68962 0.31006 -0.10119 -0.25375 0.02398 0.14768 -0.10722 0.59804 0.25247 0.53891 0.43988 -0.15876 0.47412 -0.25701 -0.27604 -0.32848 -0.313 0.59682 -0.34958 -0.026656 0.18429 -0.40992 -0.29202 0.43229 0.32645 -0.61341 0.44417 0.66542 0.00046374 -0.099768 -0.19577 -0.41124 -0.18846 0.16446 -0.27327 -0.029918 0.20888 -0.12053 0.28575 0.37522 0.39602 0.013405 -0.12054 0.12128 0.28445 -0.092069 -0.42286 0.056716 0.47756 0.064681 0.010878 -0.060567 0.34039 0.20807 -0.15962 -0.42479 0.21558 0.67344 -0.79242 0.34755 0.63931 0.18526 0.85083 -0.15484 -0.10713 0.22551 0.077063 0.021566 0.81058 0.14242 -0.81052 0.072372 -0.054341 0.57038 0.41679 -0.027873 -0.12696 0.34893 0.068593 -0.37885 -0.26078 -0.43264 0.11075 0.2305 -0.13198 -0.067496 0.00099866 0.48262 -0.3888 -0.24554 0.38042 0.80826 -0.25044 -0.065413 0.14303 -0.084089 -0.099686 0.59515 0.1113 0.9996 0.089546 0.028618 0.21186 0.61559 0.025476 -0.049695 -0.17973 -0.083658 0.089843 -0.34301 0.23913 0.39634 0.30156 0.43446 -0.4784 0.29573 -0.28837 -0.32673 0.23408 0.97507 0.35156 -0.024175 0.10388 -0.18855 -0.72039 0.12305 0.41746 0.055836 -0.26581 0.26507 0.024478 -0.2094 0.83433 0.17774 0.83051 -0.058476 -0.66166 0.41773 -0.51019 -0.12393 -0.070576 0.33908 0.72047 -0.029921 -0.0040676 -1.0906 0.45221 -0.272 0.76746 0.091519 0.60517 -0.24829 0.21515 0.0029828 0.059574 -0.0068843 0.74881 0.37551 0.28649 -0.014184 0.29269 -0.29122 -0.86299 0.11271 -0.68572 0.58242 -0.77225 0.17577 -0.25149 0.18945 -0.65828 0.17523 -0.29204 -0.37613 -0.79376 -1.0155 0.4041 0.31811 0.012178 -0.18372 0.074223 0.47103 -0.52775 0.86472 -0.39168 -0.5245 -0.28224 -0.015441 0.41821 -0.13213 0.22307 -0.15559 -0.10564 -0.16389 0.26385 0.7582 -0.24355 -0.69874 0.12376
buddhist -0.51572 -0.62276 -0.53967 0.061735 0.3265 -0.80441 0.58779 0.7884 -0.24669 -0.41997 0.061679 -0.62874 -0.11714 0.10834 0.7629 -0.21665 0.071468 0.41665 -0.18234 -0.059894 -0.34691 -0.70895 -0.070983 -0.13508 -0.4024 -0.22554 -0.16898 -0.15099 0.342 0.69027 0.78065 0.14088 -0.66649 0.78423 0.057398 0.69269 0.11328 -0.59817 0.41695 0.0090023 1.1562 -0.53698 0.18507 -0.51631 0.18796 -0.33015 0.54506 0.69282 -0.21067 0.17941 0.34595 0.57067 0.64967 0.39397 0.25473 -0.19733 -0.20281 0.13753 -0.25128 -0.080639 -0.23712 0.17523 0.5122 0.45928 0.004483 0.12681 -0.13928 -0.17456 0.30324 0.76925 -0.58377 -0.77866 -0.32785 0.22492 0.11344 1.1168 0.36559 -0.19178 -0.18726 -0.47724 -0.30991 -0.005259 -0.56994 0.48278 -0.41166 0.31751 0.33573 0.31436 0.13503 -0.0020256 -0.56916 -0.87442 -0.95468 0.45393 1.1852 -0.013706 0.9007 0.38925 -0.13712 0.89061 0.60052 0.1997 -0.00023872 0.18635 0.048738 -0.66143 -0.29214 -0.020743 0.29969 -0.18697 -0.41519 -0.88072 -0.40195 0.29118 0.6625 0.041981 0.19876 -0.5091 -0.30568 -0.024445 0.18462 0.42653 -0.20471 0.041032 -0.47235 -0.2574 0.072396 0.32435 -0.35767 -0.57706 -0.32863 0.045662 0.43936 -0.12305 -0.12096 -0.67909 0.060468 -0.45091 0.063023 0.63639 -0.47723 -0.060337 -0.41855 -0.62787 -0.55577 0.015909 -0.095159 0.43504 0.23941 -0.016175 0.68461 0.29565 0.16993 0.8877 0.24448 0.24926 -0.40335 0.0047633 -0.041654 -0.15884 0.1486 0.54707 0.80225 -0.091682 -0.24741 -0.12421 -0.47702 0.25112 0.11336 -0.51612 0.046658 -0.93645 0.124 0.085004 -0.25614 -0.052669 0.5375 0.48478 0.23812 0.8871 -0.24766 0.23256 -0.15367 0.079922 0.36776 0.23801 -0.49023 0.64377 0.061486 -0.39193 0.052655 -0.52276 0.70081 0.82219 0.11548 -0.69148 -0.097125 -0.18834 0.096709 0.45124 0.47493 -0.17767 -0.050762 0.38304 -0.11772 0.23937 -0.27029 0.15969 -0.56677 0.15054 0.22242 0.62053 0.20345 -0.63029 -0.18679 0.32802 -0.66846 -0.35605 0.032492 1.5392 0.15538 0.3145 -0.67758 -0.78763 -0.096623 -0.33224 -0.4774 0.71785 -0.77232 0.18212 -0.010564 -0.84391 0.26475 0.26166 0.12439 0.13108 0.26856 -0.64153 -0.33359 -0.29711 -0.23862 0.54135 -0.26629 0.42359 -0.42587 0.18965 -0.09275 0.72941 -0.42622 0.65535 0.19626 -0.33439 0.37331 -0.30967 0.28986 0.12393 0.091745 -0.011017 0.087709 -0.54676 -0.45079 -0.016083 0.41087 -0.5952 -0.51628 -0.71256 -0.638 0.2592 0.29644 0.196 -0.76298 0.012268 0.65652 0.48597 -0.16179 -0.24142 -1.0762 -0.75367 0.67971 -0.16417 0.7133 -0.69501 -0.017568 0.043534 -0.32219 0.89118 -0.71884 0.24679 0.20664 0.044067 0.34292 -0.20901 -0.58347 0.57193 -0.14747 0.19431 0.12975 0.23256 0.21417 -0.48737
kenyan 0.75391 0.30319 -0.36417 0.54058 0.28958 -0.22179 -0.11567 -0.087632 0.35265 -0.734 -0.31344 -0.28633 -0.37719 -0.14927 0.061638 0.449 -0.1604 -0.55857 0.14587 -0.7056 -0.86115 -0.25359 -0.069247 -0.13067 0.33687 0.31283 -0.0064292 0.24613 -0.12014 0.27158 -0.90851 -0.00036022 -0.30059 0.29894 -0.82735 -0.66381 0.18495 0.10211 -0.0023619 0.22013 -0.12003 -0.50114 -0.068921 -0.4819 0.053092 0.11736 -0.53631 -0.25513 -0.12731 -0.59143 0.098171 -0.87507 -0.47016 0.32753 -0.061956 0.91953 -0.55911 0.46277 -0.54384 -0.041959 -0.59713 0.69705 -0.36817 0.0029324 0.080803 -0.02476 -0.38772 0.070128 -0.41075 -0.38802 0.39753 -0.35616 0.14078 -0.25633 0.29951 -0.24756 0.29302 -0.45262 -0.64323 0.87108 0.51826 -0.099346 0.25828 0.028157 0.14544 -0.22243 -0.35424 -0.19631 0.34344 0.047778 -0.86001 0.0535 0.79287 0.25984 0.56081 0.13544 0.23471 -0.19387 -0.20746 0.46626 0.070452 -0.24067 0.59564 -0.83325 -0.52374 -0.023647 0.70134 -0.23274 0.047369 -0.17645 -0.10088 0.020395 -0.13685 0.16523 0.93038 0.3427 0.21348 0.14801 0.56052 -0.52005 -0.30156 0.26859 0.033916 -0.19376 0.16269 0.050027 0.79702 0.13403 0.28506 -0.1466 -0.48139 0.060629 0.3775 0.14513 -0.038862 0.6059 -0.38659 0.20495 -0.24853 -0.49663 -0.36742 0.22414 -0.37933 0.17723 -0.12158 -0.064002 -0.33837 0.39683 0.091424 0.54875 1.1014 -0.087606 0.12881 0.32814 0.22055 -0.032065 -0.23288 -0.11199 0.48567 0.13445 -0.087594 -0.08274 0.048035 -0.20747 -1.0653 -0.36234 0.26348 -0.31185 -0.22968 -1.0373 -0.10123 -0.1465 -0.11098 0.23713 0.05642 -0.024064 0.55703 -0.18571 -0.52207 0.25625 0.16378 0.42024 -0.0076512 -0.20787 0.66718 0.018794 -0.075613 0.68035 0.0309 -0.056947 0.30561 -0.47452 -0.22152 0.11355 0.51212 0.46953 -0.05265 -0.34466 -0.76429 0.17628 -0.12198 -0.10185 0.72553 -0.45607 0.2381 -0.24568 0.055859 -0.10877 0.4639 -0.16272 0.59598 -0.10076 -0.70028 -0.3703 0.54194 -0.34639 -0.15495 -0.40451 0.43953 -0.115 0.61619 -0.65579 0.13494 -0.22574 0.17383 -0.58765 -0.040345 0.17943 0.0078293 0.39307 0.3296 1.126 0.28302 0.70305 -0.0041324 0.45173 -0.67152 -0.12514 0.4241 -0.2425 0.31813 0.9622 -0.051812 -0.17461 0.4894 0.56363 -0.30697 0.1798 -0.14864 0.19517 -0.010591 0.13436 0.31088 0.28207 1.062 0.20025 0.25234 0.016234 -0.66581 0.5995 0.30274 -0.52699 -0.2451 0.070037 0.1164 0.52341 0.29795 0.55325 0.064227 -0.080935 -0.032386 0.49462 -0.13105 0.4944 0.38791 0.036513 -0.82172 0.65785 0.37988 0.17256 -0.15033 -0.047376 -0.00607 0.075452 0.025566 -0.34174 0.27954 -0.51069 -0.02477 0.096367 -0.072998 0.051349 -0.87281 -0.50711 -0.54702 0.43156 -0.27473 -0.13226 -0.35269 0.17761
medieval 0.30954 -0.66341 -0.25753 0.029744 0.8536 0.090269 0.33381 -0.066242 -0.14565 -1.0633 -0.16532 -0.33249 0.045839 0.39417 0.32143 -0.60645 -0.16406 0.60363 0.24117 -0.29763 0.20355 -0.11967 -0.19452 0.96112 0.17958 -1.0839 0.39655 -0.22037 -0.091884 0.9245 0.78861 0.69558 -1.0082 0.33489 -0.077099 0.083174 0.44464 0.27746 -0.14928 -0.017455 0.85204 -0.2141 -0.22191 -0.18682 0.51208 0.2282 0.12643 0.49273 -0.0078651 -0.27356 -0.020013 0.49253 0.47706 -0.30554 0.19607 -0.6983 0.11699 -0.24531 0.54839 0.2051 0.37685 -0.40225 0.70696 0.26846 -0.2412 0.30022 -0.097835 0.32164 0.46755 -0.17109 0.37887 -0.3173 -0.40329 -0.48587 -0.10338 0.57335 0.11688 -0.23369 -0.21718 -0.25299 0.15031 0.21861 -0.77252 0.67544 0.22107 0.52711 0.1841 0.58205 0.19717 0.49163 0.4151 0.10367 -0.084871 0.15764 -0.13854 0.30198 0.57128 0.43984 -0.11309 0.44474 -0.32027 0.82071 0.15146 0.50595 -0.2725 0.25805 0.090099 0.12695 0.12584 0.2491 -0.070259 0.078252 -0.37871 0.12176 -0.1619 -0.23878 -0.22304 0.091537 -0.20092 -0.30464 0.10239 -0.010586 -0.34974 -0.01507 0.083904 0.85684 -0.37721 0.76433 -0.39639 -0.21243 0.48881 -0.03928 0.22446 -0.30187 -0.040319 -0.28547 0.28608 0.28096 -0.41947 -0.10304 0.27621 -0.3063 -0.15164 0.029108 0.67497 -0.23144 0.40456 0.17194 -0.6493 0.18357 -0.35788 -0.17831 -0.27324 0.02769 0.099227 0.58784 -0.74805 0.77946 0.60459 -0.31003 0.69775 0.71768 0.21763 -0.60974 -0.54505 0.36743 -0.082879 -0.094349 0.20914 -0.34119 0.10923 -0.29739 0.036417 0.63957 0.52958 0.68307 -0.37936 0.0355 -0.50731 -1.0258 -0.43176 0.30291 0.080428 0.17996 1.16 -0.45162 -1.1914 0.015718 -0.0047518 0.043169 -0.20095 0.12212 0.41622 -0.05273 0.12683 -0.53762 -0.89006 -0.088068 -0.25982 0.39881 0.18042 -0.38313 -0.11814 0.36437 0.52914 -0.40643 -0.77597 -0.11581 -0.48219 0.27654 0.23172 0.73912 0.21373 -0.57715 -0.36952 -0.15727 0.34704 -0.33767 -0.4096 0.18612 -0.23711 -0.22214 -0.029968 -0.37965 -0.47956 -0.39596 -0.14016 -0.14083 0.33172 -0.029149 -0.062563 -0.28656 -0.51336 0.40071 0.094908 0.10082 0.54 -0.015315 -0.23416 0.20596 -0.29505 -0.23595 0.94364 0.10005 -0.40547 0.48899 -0.69021 0.46059 -0.010629 0.10001 0.00042915 0.13905 0.13158 -0.57023 0.21951 0.45381 0.05389 -0.050371 0.057684 -0.14469 -0.11968 0.20056 0.48254 -0.085431 -0.54785 -0.48991 -0.35678 -0.45045 -0.1508 0.05355 -0.21121 -0.24956 0.74728 -0.02823 -0.21717 0.08083 -1.2201 -0.4766 0.13082 -0.23569 -0.040151 -0.20203 -0.0015427 -0.57555 0.60178 0.081728 -0.54211 -0.10933 0.13453 0.067792 0.13468 0.30034 -0.39205 0.60618 0.30773 -0.27075 0.12818 0.7009 -0.37877 0.29553
prosperity -0.097283 -0.31651 0.3199 -0.46409 -0.11825 0.38942 0.28505 0.45949 0.4947 -1.2973 0.20364 -0.20282 -0.37302 0.10822 -0.27993 -0.18307 0.21423 0.3336 -0.10013 0.66696 -0.39007 0.28428 0.010607 -0.19061 -0.33854 0.2286 0.18786 -0.10144 -0.10594 -0.30412 0.56415 -0.035816 -0.27968 0.021959 -0.36839 0.45827 -0.86789 -0.147 0.64276 -0.3848 0.095701 -0.454 -0.18634 -0.31304 0.23928 -0.27869 0.32068 0.5787 -0.026 -0.11834 0.32739 0.060982 0.38168 -0.45112 0.45307 0.39021 0.6099 0.0047728 -0.20001 0.035324 0.53991 -0.53782 0.063966 -0.32197 0.31763 0.77516 -0.22539 0.66702 0.391 0.16536 0.069651 -0.16682 -0.30171 -0.088977 0.55644 0.26835 -0.3116 -0.11215 0.018704 0.31485 -0.70275 0.59775 0.097245 0.75829 0.29088 0.17837 0.11171 -0.057912 -0.29769 -0.49083 0.24531 -0.58224 -0.3366 0.058692 -0.18459 -0.33946 0.38947 0.23034 0.23175 0.64787 -0.0027601 0.3382 -0.21059 0.062845 -0.014199 0.3308 -0.15255 -0.33177 -0.29349 -0.47325 0.17972 -0.16428 0.2075 0.10687 0.6267 -0.37129 0.68518 -0.010677 0.045068 -0.39616 -0.084758 -0.34875 0.30599 0.090323 0.45911 0.25019 0.4224 0.63077 -0.12298 0.56829 -0.0029532 0.0095816 0.63758 -0.42041 -0.27491 -0.015625 -0.068404 -0.036754 0.30638 0.031831 -0.10047 0.13753 -0.39898 -0.17433 0.59453 -0.26423 -0.16477 0.028619 -0.74468 0.040517 -0.75635 0.21918 0.23029 0.16444 0.1319 0.34506 -0.46575 0.42242 -0.069069 -0.2378 0.073873 -0.12753 0.2458 -0.099506 -0.031124 -0.27666 -0.018086 -0.078083 -0.26509 0.15062 0.10234 -0.39648 -0.63446 0.54109 0.26333 -0.055453 -0.71009 -0.030994 -0.035405 0.50742 -0.35386 -0.27613 0.21937 -0.17513 0.11585 0.12783 -0.23698 0.17064 -0.66043 0.38716 0.428 0.083753 0.28613 0.0052897 -0.17527 0.66144 0.38548 -0.52206 0.55319 0.3097 0.20257 0.44789 0.39787 0.21256 -0.092238 -0.28642 0.8109 0.007284 0.13289 0.53947 -0.20092 0.18431 -0.067475 -0.0031276 0.64846 0.29929 -0.68313 0.6492 0.39985 0.43099 0.35623 0.1984 0.0023059 -0.12984 -0.24899 -0.53358 -0.036792 0.50991 0.35664 0.41377 -0.66218 0.043263 0.11613 0.061813 -1.1415 0.034421 -0.031294 -0.13501 -0.040414 0.13429 -0.3734 0.18866 0.40673 0.42939 -0.52415 -0.58209 0.30686 -0.17855 0.13005 -0.12984 -0.16113 -0.29695 0.67211 -0.14969 -0.33252 -0.054954 -0.24675 -0.0448 -0.080492 0.22012 0.32557 -0.5085 0.73843 0.18789 -0.249 0.20388 0.15235 -0.18171 0.43713 -0.39339 -0.66448 0.11916 0.23628 0.18957 0.26033 -0.56348 -0.72324 0.20483 1.0137 -0.64956 -0.15575 -0.35353 -0.8611 0.18188 0.26201 0.0594 0.48031 -0.10795 0.50775 -0.37153 -0.47713 0.2947 0.22053 0.18445 -0.073873 0.65706 -0.30972 -0.13305 -0.22915 0.12043
hub 0.38867 -0.57991 0.10727 -0.35268 0.24367 0.17498 -0.12813 0.71364 -0.45807 -0.50726 0.095513 -0.31773 -0.21893 -0.011023 0.65755 -0.080991 0.026661 0.16728 0.21373 -0.1503 -0.84146 -0.044019 0.058496 -0.05351 -0.73291 0.50193 -0.11777 0.6129 0.16609 0.37721 0.17564 0.18643 -0.17077 0.65255 0.0030545 0.58632 -0.14102 0.092258 -0.25874 -0.22257 -0.40866 -0.23451 -0.14715 0.09941 0.44231 0.23989 0.708 0.74796 0.11583 0.2155 0.21353 0.046101 0.11896 -0.14319 0.30913 -0.18622 0.47063 0.47562 0.16665 -0.49329 -0.84004 -0.4251 0.23025 -0.44631 0.063855 1.0009 -0.24194 0.52886 0.074415 0.61739 0.015508 -0.39822 0.38382 -0.13207 0.58963 0.027212 -0.013334 -0.1232 0.067665 0.19664 -0.032442 -0.32366 -0.55327 -0.2687 0.29066 -0.42574 -0.0649 -0.16337 -0.29144 0.26904 0.01411 0.18479 0.29212 0.051508 0.36973 0.18843 0.27842 0.74425 0.55763 -0.15121 -0.23357 0.19445 -0.25519 0.074301 0.38382 -0.48742 0.02879 0.16352 -0.34195 0.26357 -0.019644 -0.68349 0.057206 0.11713 0.27594 -0.2054 0.74025 0.5759 -0.23705 0.41327 0.25235 -0.71923 0.5995 -0.072186 -0.41774 0.054904 0.023371 -0.63167 -0.1405 -0.028907 0.25218 0.12662 -0.21082 -0.27593 -0.097372 -0.23882 0.30029 -0.41678 0.14797 0.34141 -0.44769 0.11338 0.073117 0.11762 0.12249 0.12676 0.19964 -0.25558 -0.893 0.53854 0.45052 0.36262 0.36083 -0.24164 0.54077 -0.24798 -0.10013 0.26085 -0.0097046 0.047054 0.41413 0.15896 0.25006 -0.18398 0.12409 -0.40705 0.47739 0.2813 0.26003 0.59625 -0.86314 -0.24988 -0.41862 0.10989 0.30058 0.19809 0.071526 -0.62977 -0.24296 0.021818 -0.0141 0.25032 -0.31928 0.32539 0.36262 -0.25522 0.17343 0.35048 -0.74293 -0.40031 0.44669 0.65898 0.038775 0.21259 -0.023818 -0.076863 -0.16304 -0.34756 -0.0047685 0.36037 0.29136 -0.42488 0.63919 -0.10588 -0.06782 -0.12838 0.12353 -0.56649 0.41954 0.53059 0.092617 0.16304 0.50198 0.56646 -0.14334 0.23352 -0.44794 0.46103 -0.73702 0.17884 0.34293 0.035104 0.52724 0.16578 0.079054 -0.45866 -0.27496 -0.11245 -0.29484 -0.16967 0.31989 0.448 0.20222 -0.10471 0.20673 -0.058217 0.70941 0.5712 -0.19311 0.049704 -0.044384 -0.3295 -0.25182 -0.24124 -0.12497 -0.02925 0.036256 0.4598 0.2201 -0.54005 -0.12325 0.18603 -0.16254 0.41728 -0.16187 -0.20326 -0.24052 -0.29749 -0.21024 -0.30227 0.38905 0.031223 0.81293 0.76732 0.095542 -0.56276 -0.12877 -0.32165 0.38748 0.23707 0.28961 0.80266 0.22964 -0.26492 -0.11868 -0.27005 -0.9593 -0.3297 -0.17733 -0.15339 -1.0238 -0.25684 -0.3866 -0.34404 -0.064866 -0.51035 0.032424 0.66751 -0.53468 -0.056462 0.90687 -0.34492 -0.36415 0.3381 0.13283 1.0765 -0.55859 -0.46018 -0.6936 0.28367
venezuelan 0.31507 0.69732 -0.61434 0.32776 -0.097803 -0.50416 -0.82272 -0.17701 0.40032 -1.0287 -0.31601 0.40765 -0.41983 0.18114 -0.014059 0.14698 0.15449 -0.24058 0.45124 -0.32223 0.10925 -0.21767 0.31906 -0.14198 0.068321 -0.8414 0.046199 0.93545 0.29799 0.11348 0.073836 0.2901 -0.053862 -0.10658 0.063172 -0.47912 0.17416 -0.23314 -0.13781 0.52305 -0.89573 -0.52985 -0.29947 0.14313 -0.29517 -0.23568 -0.59412 0.32364 -0.31359 0.073704 -0.014144 -0.58516 -0.47416 0.2825 -0.24241 -0.0060619 -0.72598 0.13932 0.53055 -0.40494 0.0132 0.047479 0.35869 0.17526 -0.93849 -0.030969 0.14655 0.11752 0.29808 0.26033 0.013593 1.0792 -0.46413 -0.045842 -0.083612 -0.21045 0.39574 0.016842 0.0079765 0.26171 0.32393 -0.67421 -0.071388 1.1057 0.359 0.040231 0.72755 -0.25852 -0.46237 -0.088385 0.33318 -0.11022 0.29522 -0.14185 0.0082695 0.46319 -0.19551 0.23517 -0.10457 0.16353 0.54786 -0.058738 -0.25062 0.15633 0.27946 0.15307 -0.86283 -0.37793 -0.093409 0.58276 0.25734 -0.073571 -0.26312 -0.12455 0.43384 0.11525 0.34106 -0.23703 0.13887 0.48434 -0.23613 0.15557 0.42422 0.12003 -0.15209 0.042344 0.85851 -0.099331 -0.21829 0.16836 -0.78558 -0.12386 -0.6158 0.21158 0.5161 0.017882 -0.5691 0.39506 -0.32004 -0.13368 0.27293 -0.51049 -0.60454 -0.16196 -0.10537 0.10597 0.25799 -0.31371 -0.62201 0.32417 0.82614 0.19564 -0.011115 0.090015 0.16414 -0.15969 0.045087 -0.12334 -0.085859 -0.35008 0.31743 0.48514 -0.073791 0.65003 -0.61755 -0.59098 -0.55106 0.053675 0.37553 -0.063033 0.17737 -0.15838 -0.55194 0.46194 0.64193 0.1582 0.0092167 0.32275 -0.42513 0.4135 0.30216 -0.14894 0.58408 0.1121 -0.040478 0.40093 0.2055 0.2828 -0.025645 0.21169 -0.89978 0.083284 -0.416 -0.4525 0.2297 0.32994 0.3827 -0.24917 0.09033 0.40683 0.20297 0.25402 0.41513 -0.37457 0.4439 -0.49791 -0.19684 0.33473 0.030623 0.11519 -0.11016 0.14953 -0.33864 0.14057 0.26671 0.31431 0.38078 -0.31592 -0.16683 1.5077 0.72342 0.061596 0.30332 0.35853 0.45848 0.32619 0.26094 -0.34315 0.15578 -0.57481 0.35042 0.15354 0.43746 0.68561 0.21397 0.079599 -0.16368 -0.77943 -0.11287 -0.47157 0.38209 0.44464 -0.50033 -0.042203 0.32262 -0.061322 -0.18243 -0.42263 -0.023503 -0.18821 0.2586 0.17952 -0.047926 0.22486 0.46274 0.33586 -0.006124 -0.097781 -0.13552 -0.057926 -0.30415 0.3195 -0.080601 -0.0093985 0.93854 0.51811 0.061938 0.054405 -0.10426 -0.43011 0.64588 -0.33658 0.13833 -0.37655 0.64055 0.45265 -0.48934 -0.18406 0.27806 0.1428 0.1315 -0.33622 0.20316 0.3663 -0.22884 -0.12739 0.55629 0.18133 -0.090709 0.041768 0.12264 -0.013309 0.27363 -0.091239 0.45494 0.91837 -0.02515 -0.52095 -0.2233 0.36411
mild -0.51511 -0.2507 -0.25498 0.062001 -0.5782 0.057329 -0.30573 0.1896 -0.085351 -1.0305 0.17512 0.19743 -0.69625 0.22157 -0.25779 0.24738 -0.66965 0.33286 0.21512 -0.12915 -0.33221 -0.49493 0.073366 0.17006 -0.8488 -0.19748 -0.012235 -0.71392 0.14968 -0.90255 -0.25825 0.75264 -0.13744 -0.090754 -0.52221 0.095497 -0.48081 0.088401 0.28768 0.088127 -0.129 0.55129 0.34459 -0.7467 0.55193 -0.46937 0.21022 -0.22044 -0.33691 0.43097 -0.38266 -0.33057 0.86767 -0.19087 0.034063 0.20677 0.18153 -0.41188 0.75554 0.51649 0.35947 0.66013 0.86167 -0.21642 -0.92346 -0.19119 0.0578 -0.05941 0.19396 -0.41697 -0.42183 -0.36111 0.13458 -0.20996 -0.11291 -0.21534 0.060245 0.12426 -0.26622 0.21084 0.054807 -0.30645 -0.81527 0.23924 0.301 0.59592 0.17637 0.022678 -0.23616 0.03717 -0.30082 0.52445 -0.093347 0.0038213 -0.21647 0.12954 0.77899 0.42608 0.034978 0.38388 -0.011965 -0.66026 -0.0031505 0.023533 -0.67286 0.39531 -0.67878 0.17115 0.15312 0.074789 0.057149 -0.0027641 -0.025598 0.17241 0.73296 0.34196 -0.22296 0.29804 0.20387 0.20107 -0.34174 -0.58671 -0.75772 0.66929 -0.32591 0.6755 -0.14501 0.13574 0.4649 -0.26467 0.48324 0.93008 -0.50235 0.15278 0.28016 -0.0713 -0.56341 0.56021 0.29585 0.46863 0.21238 0.42822 -0.16199 0.21648 -0.11736 0.20916 -0.077344 -0.51918 0.024666 -0.045472 -0.53222 -0.19074 0.22084 0.9526 0.096876 -0.11025 -0.32974 0.33313 -0.22471 0.37224 0.07048 -0.70502 -0.26321 -0.34055 0.70393 -0.12675 0.34868 -0.14203 0.24982 0.031033 0.20725 -0.29716 -0.8247 0.30732 -0.017354 -0.43495 0.25154 -0.39424 0.42589 0.17876 -0.14128 0.1074 -0.14916 -0.18376 -0.10224 -0.31213 0.58348 -0.26766 -0.62512 -0.40545 -0.099828 0.20725 0.28491 -0.1104 -0.79508 -0.029231 -0.021291 -0.11077 -0.72379 0.4061 -0.077231 0.0491 0.30066 0.4449 -0.33782 0.28214 -0.41015 0.51464 -0.16254 -0.56848 0.20963 -0.8167 -0.31567 -0.096138 0.20851 -0.031764 0.55709 -0.6339 0.081996 -0.98801 -0.19451 -0.20767 -0.3672 -0.21198 -0.37528 0.47255 0.05745 -0.32613 -0.25201 -0.15101 0.1718 -0.43768 0.055586 -0.95862 0.41662 0.34176 -0.29053 -0.014443 0.0030989 -0.27707 -0.10229 -0.38578 -0.49982 0.015198 -0.22429 -0.30483 0.31795 -0.21507 -0.67892 -0.7492 0.13696 0.058456 0.11226 -0.002725 -0.62903 0.59461 0.083521 -0.083329 -0.19761 0.49145 -0.61729 -0.13131 -0.67827 0.16086 -0.56571 0.139 0.042626 -0.046353 0.50785 -0.21482 0.73104 -0.43042 -0.19403 -0.44784 0.25081 0.15239 -0.93231 0.56202 0.094984 0.30979 -0.041412 -0.08758 0.21648 0.93071 0.37964 0.28085 -0.43029 -0.40032 0.23818 0.090499 -0.5291 0.61923 0.14617 0.25554 0.28104 0.37486 -0.41517 0.046106 0.30511 -0.26873
chilean 0.52772 0.597 -0.35141 -0.48476 0.30896 -0.045671 -1.0595 0.11496 -0.045559 -0.97987 -0.74298 0.32861 0.32464 0.1724 -0.23887 -0.39655 0.084815 -0.33686 0.32937 0.4472 0.032747 -0.23368 -0.071805 0.41003 0.05675 -0.49277 -0.24104 0.52175 0.047367 0.22354 0.22404 0.17543 -0.60152 -0.2216 0.035664 -0.3914 0.24178 0.50286 0.3871 0.15471 0.064267 -0.028255 -0.064394 0.21518 0.35969 -0.11684 0.052119 0.56152 -0.275 0.074382 -0.020609 -0.45237 -0.13682 0.22662 0.17598 -0.025072 -0.30619 -0.29374 0.19058 -0.76364 0.12146 -0.40526 0.25959 0.12941 -0.90995 -0.15168 -0.39078 -0.11086 -0.64648 -0.54369 0.21916 0.74421 -0.55828 0.31857 0.074621 0.15631 1.1123 -0.23439 -0.022635 0.24957 0.30503 -0.55261 -0.0049383 0.37126 -0.26701 0.20522 0.35446 -0.22266 -0.16297 -0.58733 0.33907 0.15561 0.26365 -0.61683 -0.088333 0.10902 -0.16814 0.11927 -0.44592 0.27696 0.56917 -0.40255 -0.049038 -0.089279 0.20152 0.36886 -0.32009 -0.42888 -0.19179 0.093084 -0.045988 0.22684 -0.53099 -0.59472 0.57113 0.041781 0.18923 -0.027624 0.033072 0.34839 0.19047 0.037054 -0.24646 -0.51404 -0.052496 -0.55077 0.09161 0.23774 0.28 0.32003 -0.34546 0.20879 -0.37551 -0.65316 0.69066 -0.0048561 -0.70395 0.26524 0.10735 0.21831 0.11262 -0.06849 -0.71001 0.23829 -0.034401 -0.29623 0.79832 0.15591 -0.26706 0.075237 0.51614 -0.32688 0.37199 0.029602 0.7097 -0.0097421 -0.56525 -0.48378 0.092456 -0.49095 0.12895 0.44568 0.016634 -0.0050632 0.042003 -0.4478 -0.46048 -0.25378 0.20323 0.18276 -0.44484 -0.17277 -0.41096 0.2743 0.35983 0.36203 -0.11056 0.27004 0.19051 0.46823 -0.0050107 0.212 0.48046 0.26582 0.2771 0.13274 -0.028686 0.39954 0.29817 0.13766 -0.35768 -0.26112 -0.13654 -0.49666 0.36388 0.022617 0.047239 0.2472 -0.61609 0.82863 0.21276 0.744 0.18327 -0.44712 -0.32535 0.27985 0.19219 0.61297 0.48521 0.092748 0.40093 -0.65003 -0.34117 0.24939 0.41021 0.079017 0.58597 -0.023344 0.13838 0.88677 0.63946 -0.41929 -0.00083652 -0.53893 -0.0085582 0.4879 0.17045 -0.48863 -0.4171 -0.064391 -0.35828 0.39416 0.015393 1.1238 0.63099 0.12405 -0.81132 0.2908 0.33138 0.017647 0.26459 0.72367 -0.074259 -0.54127 0.46932 0.31784 0.28034 -0.48764 -0.024169 -0.061425 0.43124 0.075209 0.15829 -0.16925 0.22768 0.9595 0.11017 -0.049329 -0.41339 -0.076665 -0.30407 0.050772 0.36016 0.098261 1.0521 0.063308 0.17105 0.39577 0.18098 -0.84682 0.27001 -0.56854 0.29705 -0.32149 0.82417 0.18403 -0.51366 -0.82185 0.4216 0.049815 0.23413 0.10547 -0.6879 0.58157 -0.18208 -0.007776 -0.25709 -0.20931 0.40143 0.67145 -0.036013 0.54468 0.047218 0.046025 -0.17292 0.050827 -0.33542 -0.46177 0.16964 0.003775
arctic -0.060817 -0.043686 -0.59964 -0.046175 -0.081328 0.2654 -0.52031 0.35357 -0.14373 -0.73844 -0.032262 -0.36559 0.33193 0.4843 -0.63012 0.3649 0.095349 0.095628 -0.30552 1.1668 -0.37553 0.010042 0.090755 0.14418 0.14207 0.075173 0.54076 -0.24895 -0.36797 -0.13738 0.83499 -0.24616 -0.38435 -0.85286 0.53696 -0.41365 0.14569 0.46071 -0.096412 0.69334 -0.79439 0.18492 0.24257 -0.059513 -0.47017 0.40824 -0.45933 -0.49001 -0.25801 0.18281 -0.23975 0.029318 -0.088522 -0.4167 0.045194 0.34245 0.16367 -0.39568 0.38499 0.68749 -0.11724 0.97944 0.93513 -0.79342 -0.29459 0.25421 -0.4327 0.61138 -0.72835 0.17409 0.19701 0.053028 -0.42712 -0.30668 -0.66162 0.11764 0.20366 0.04141 -0.05299 -0.063522 0.12575 0.080083 -0.11305 -0.34953 -0.039978 -0.5213 0.53815 0.26374 -0.6265 -1.015 -0.21325 -0.50509 -0.0064958 -0.021507 -0.80032 -0.10789 0.30319 -0.25955 -0.45094 0.10301 0.33777 0.90992 -0.38586 0.51676 -0.2099 0.084726 0.0091888 0.5612 0.10303 0.94878 0.24038 -0.17497 -0.21449 0.33623 -0.5225 -0.25149 0.46711 0.31303 0.35608 0.71237 -0.36834 -0.53474 -0.37891 0.093738 0.98756 -0.0036763 -0.3574 0.20942 0.60229 -0.68981 -0.48672 -0.14062 -0.37142 -0.22958 0.64555 0.55211 0.10004 0.59833 -0.08864 -0.36492 0.69584 0.10348 -0.4993 -0.26901 -0.38909 0.59385 -0.11345 0.49537 -0.363 -0.22328 0.2429 0.10719 0.14894 -0.83896 0.52111 0.15163 -0.39607 0.056516 0.13392 -0.26052 -0.3622 -0.42458 0.7624 0.23623 -0.26782 -0.070556 0.26976 0.10607 0.051676 0.14835 -0.0037683 -0.37196 -0.31083 0.50648 -0.44631 0.55103 0.13677 -0.011453 -0.28958 -0.16597 -0.5152 -0.071668 0.69844 0.014676 0.89272 -0.60476 1.2958 -0.23823 -1.131 0.082642 0.26841 -0.15827 0.37769 -1.0226 -0.38853 0.46537 0.087828 -0.0059253 0.011636 0.36168 0.44423 -0.29974 -0.046395 -0.18868 0.34981 0.17525 -0.04799 -0.35766 0.62419 -0.14437 0.22181 -0.31608 0.42417 0.021213 0.013226 -0.63135 0.33532 0.33222 -0.10674 -0.25669 0.94817 0.47962 -0.078187 -0.18023 0.30055 -0.40277 -0.4854 -0.24765 -0.40032 -0.27937 0.33929 0.47105 -0.34772 0.058094 0.26352 -0.21886 -0.37241 -0.0085097 0.41926 0.15921 -0.34834 0.63972 0.51009 0.021101 -0.74772 -0.17564 -0.089998 -0.32075 -0.066818 0.012717 -0.57796 0.17154 0.23176 -0.12126 0.13006 0.48045 0.29343 -0.039937 0.096121 0.41913 0.40133 -0.30321 -0.27741 0.49056 0.17477 0.096013 -0.12268 -0.048109 0.62945 -0.011256 0.41484 -0.57539 0.080152 -0.12557 0.56911 -0.066786 -1.2663 -0.21205 0.47956 -0.38083 -0.27372 0.43143 -0.29183 0.012179 -0.54395 -0.83746 -0.015927 -0.25939 0.62931 0.13153 -0.12091 0.13456 -0.3086 -0.11965 -0.64925 0.089176 0.39159 0.37145 -0.29991 0.2545
peruvian 0.3402 0.62772 -0.22109 -0.1612 0.057861 -0.4284 -0.52951 -0.22589 -0.16995 -0.81547 -0.70592 0.21895 0.28338 0.013064 -0.32501 -0.47898 0.11978 -0.31384 0.52146 0.37235 0.11388 -0.36929 0.034902 -0.10888 -0.63773 -0.77829 0.4219 0.184 -0.0088433 0.16915 0.4773 -0.20685 -0.28534 -0.75488 0.15614 -0.098582 0.52968 0.033517 0.11514 0.24667 0.43186 -0.40159 -0.19096 -0.26047 -0.18556 -0.30548 -0.32916 0.72391 -0.34898 0.2616 -0.029815 -0.58685 -0.01468 0.4148 -0.14315 -0.44571 -0.57082 0.11673 0.033968 -0.56758 -0.024376 -0.30788 0.52895 0.091956 -0.76719 0.26705 -0.081884 0.12226 0.12962 -0.74851 0.45643 0.72524 -0.72753 -0.08409 -0.15526 0.089608 0.68946 0.20267 0.31286 0.21104 -0.0029691 -0.30183 0.28404 0.73923 0.23836 -0.12259 0.104 -0.23506 0.069569 -0.46816 0.26958 -0.11895 0.24501 0.052405 0.27646 0.63425 -0.73605 0.13872 -0.29707 0.23314 0.098771 -0.30098 0.044688 0.07381 0.22042 0.058728 -0.2205 -0.13633 0.16888 0.69171 0.32407 -0.10958 -0.2646 -1.2628 0.71886 0.17595 0.31091 -0.27476 -0.32205 -0.07341 -0.13938 -0.16942 -0.10082 -0.30564 -0.79779 -0.092854 0.47951 0.35689 -0.65349 0.28891 -0.7346 0.28052 0.15728 0.27124 0.29111 0.31602 -0.31767 0.58547 -0.17251 0.027378 -0.12141 -0.39101 -0.31656 -0.38459 0.14263 0.21226 0.97625 0.056788 -0.29382 -0.056086 0.63341 0.016629 0.52647 0.38486 0.76661 0.24042 -0.093261 -0.56163 0.27862 -0.4695 0.28418 0.24002 0.32566 0.0080719 -0.71347 -0.2798 -0.31478 0.27753 -0.19417 -0.20212 -0.1136 -0.3874 -0.38524 0.65644 0.64425 0.31461 -0.069022 0.47609 0.073225 0.15849 -0.01858 0.1344 0.45835 0.47995 0.26462 0.43081 -0.24544 0.6994 0.15274 0.23571 -0.22679 0.034948 -0.27938 -0.51213 0.22325 0.18851 0.23632 0.0083591 -0.69421 0.92644 -0.098603 0.50974 0.2399 -0.090646 0.0079554 -0.063217 0.18013 0.83741 -0.048788 0.19291 0.31672 -0.32754 -0.76555 0.15195 0.17282 0.0060252 -0.23966 -0.32482 0.059144 1.3299 0.51455 -0.7447 0.33052 -0.02816 -0.21268 0.24805 0.17718 -0.31236 -0.085834 -0.58986 -0.029446 0.15046 -0.34335 1.011 0.45696 0.25143 -0.11543 -0.012772 0.31186 0.25338 0.24151 0.43086 -0.28095 -0.21073 0.097374 0.94315 -0.23203 -0.31176 0.4302 0.060904 -0.40341 -0.55845 -0.40088 0.11723 0.49528 0.98668 -0.0014096 0.15284 -0.31777 -0.42357 -0.48324 -0.093731 0.17142 0.037971 0.84813 0.35048 0.18934 0.87245 -0.19945 -0.40667 0.36541 -0.63609 0.27181 0.21724 0.9332 0.17454 -0.45935 -0.18868 -0.0028706 -0.039321 0.18808 -0.13878 -0.040892 0.67333 -0.47334 -0.6657 -0.063168 0.22827 0.3315 0.10841 0.27914 0.17774 -0.24581 -0.695 0.097601 0.34918 0.028113 -0.0031589 -0.27041 -0.12991
hemisphere -0.15503 0.23169 -0.29478 -0.69138 -0.20285 1.0237 -0.4682 0.56345 -0.19139 -0.72274 -0.1793 0.48477 -0.0034989 -0.55606 -0.21276 -0.63181 0.30357 0.18959 -0.33166 0.085409 -0.054375 0.47551 0.25384 -0.56667 0.52292 0.036422 0.14849 -0.29114 -0.15527 -0.47034 0.24551 0.060335 -0.66289 -0.07489 0.013428 0.37741 0.24757 -0.10984 -0.38693 0.17294 0.090679 0.17564 -0.72103 -0.54194 -0.41767 -0.09416 0.29317 0.22525 -0.11923 -0.44418 -0.20153 -0.0082354 0.18384 -0.2802 -0.15489 0.010743 0.090311 -0.47851 -0.042096 0.56653 -0.20611 0.024732 -0.16296 0.057119 -0.6355 0.34853 -0.56333 0.1912 0.20837 0.11092 -0.38685 0.68536 -0.30611 -0.085087 -0.26113 -0.067149 -0.31939 -0.61122 -0.42554 0.22802 0.69023 -0.0341 -0.92449 0.37111 -0.74421 0.07121 -0.034652 -0.12612 -0.55148 -0.65108 0.0077456 0.051132 -0.10147 -0.38856 -1.0207 0.4129 0.02204 -0.31483 0.1927 0.47156 0.37012 -0.3853 -0.15639 0.27015 -0.20024 0.86179 -0.27373 0.11813 0.11511 1.0378 0.10585 -0.97436 0.010287 0.17421 0.014649 -0.3274 0.13672 0.083614 0.046578 0.0112 -0.34702 -0.39457 -0.38088 0.5973 0.27542 0.36216 -0.33978 0.062514 0.31103 0.034976 -0.13488 -0.44981 0.86085 -0.41248 -0.014821 0.43048 -0.02187 0.18514 -0.40483 -0.49162 -0.23181 -0.083003 -0.37402 -0.40909 -0.17171 0.63834 0.25203 -0.12607 -0.26673 0.049933 0.20996 0.24837 0.20731 -0.034213 0.35831 -0.24972 -0.67864 -0.22118 -0.29486 -0.25228 0.037547 -0.82608 -0.059915 0.080377 0.34294 -0.1366 -0.33735 -0.25673 0.99283 -0.2116 -0.33466 -0.44931 -0.2907 0.087261 0.61215 -0.13476 0.1753 0.051787 -0.29633 0.20897 -0.17746 -0.37344 0.20352 0.060182 0.55994 -0.12599 -0.054861 -0.20199 -0.84425 -0.33348 0.033238 0.21783 -0.073412 0.059895 -0.3215 0.44049 0.59748 0.059397 -0.32112 0.39584 0.67756 0.034815 -0.71367 -0.62043 0.0085463 0.18441 -0.011461 0.30999 0.24151 0.047989 0.31033 0.1816 0.54269 0.30213 -0.27748 0.12819 -0.033371 -0.78714 0.47447 -0.096304 0.35676 -0.36661 -0.48984 0.077854 0.34085 0.28717 -0.031625 0.061911 -0.43353 -0.46103 0.22912 -0.46006 0.48788 -0.21615 -0.52364 -0.76467 -0.36348 -0.14734 0.49282 -0.40275 -0.53717 -0.31874 0.1897 0.034451 -0.37231 -0.10913 -0.18566 0.42316 0.29038 0.19346 0.11514 0.44498 0.028479 0.21622 -0.48425 0.3282 -0.26566 -0.19206 -0.39024 1.055 -0.17309 0.56333 0.41751 0.43496 -0.074769 -0.10705 0.17456 0.043315 0.48789 0.007293 0.48784 0.34867 -0.063333 0.0089426 0.35448 0.04679 -0.84748 0.34465 0.025624 0.076527 -0.15887 -0.6581 0.079786 0.21432 -0.11563 -0.30059 0.20832 -0.40707 0.3209 -0.21574 -0.34471 -0.10468 0.3718 0.18046 0.71592 0.17249 -0.33953 -0.54676 -0.36547 -0.20933
freezing 0.45796 -0.069174 -0.0086182 -0.21582 -0.19492 -0.2402 0.60275 0.24445 -0.69577 -1.0331 -0.96292 -0.28978 -0.40156 -0.44924 -0.40645 -0.31113 -0.27093 -0.26494 -0.081007 0.74968 0.29446 -0.31248 0.47929 -0.14954 0.4109 0.045026 0.2972 0.028434 -0.23873 -0.13508 0.012501 0.082384 -0.1141 -0.24637 0.27887 -0.51739 0.071312 0.63882 -0.51026 0.046046 -0.29268 0.97016 -0.5511 0.23275 -0.46642 0.27248 -0.033908 0.52864 -0.081864 -0.027509 -0.044479 0.29502 0.51919 -0.47834 -0.5548 0.23204 0.43848 -0.31342 0.57025 0.69078 0.43703 0.43285 0.31632 -0.062146 -0.65527 -0.13588 0.073066 0.23665 -0.42426 -0.030826 0.69253 -0.17953 -0.41657 -0.122 -0.34157 -0.03717 -0.39331 0.40662 -0.042559 0.010914 -0.18014 -0.064865 -0.33146 0.45542 -0.087468 -0.23161 0.28237 -0.67713 -0.69614 -0.013593 -0.14392 0.16684 -0.16843 -0.25975 0.1762 0.48327 -0.3695 -0.14523 0.078751 0.22471 -0.1304 0.26402 0.084321 0.28383 -0.41055 0.17467 -0.30733 0.408 0.026163 0.1932 0.12278 -0.30498 0.14322 0.047144 -0.47844 -0.30037 0.47656 -0.20354 -0.090424 -0.038857 -0.01446 -0.60382 -0.39208 0.55591 0.1468 0.13248 0.15736 -0.47441 0.62966 -0.59939 0.043549 1.0166 0.062919 0.10026 -0.0030855 -0.14947 -0.13401 -0.10772 -0.21637 0.503 0.019891 -0.086207 -0.63383 0.25063 -0.47767 0.21811 -0.31493 0.19072 0.49964 -0.6764 -0.31638 -0.44871 -0.32075 0.19208 0.29097 0.054419 -0.30178 -0.27523 -0.22016 0.49194 -0.39047 0.005146 -0.38195 0.055841 -0.14275 0.0807 0.81072 -0.18092 0.17898 0.0075344 0.52365 0.34788 -0.28847 0.040484 -0.51567 0.03964 0.12057 -0.2931 0.21541 0.33645 0.29224 -0.64176 0.60673 -0.037918 -0.25414 0.12734 0.92357 -0.75101 -0.82205 -0.5509 0.16283 0.3054 -0.33697 -0.41315 -0.68483 -0.63307 -0.2843 0.059057 0.12568 0.20176 -0.047539 -0.13341 0.40753 0.82163 -0.16429 -0.50925 -0.09646 -0.49818 0.082514 -0.59242 -0.090582 0.13025 -0.2454 -0.25943 -0.0080964 -0.20006 0.43244 0.0054789 -0.082332 0.34388 0.83779 -0.20415 0.1046 -0.31309 -0.086962 0.037258 0.12773 0.093929 0.017353 -0.29092 0.11905 -0.23865 0.091082 0.0057312 0.081411 -0.39307 -0.62072 -0.21062 0.40726 -0.48063 -0.28276 -0.35287 -0.28926 -0.24641 -0.45594 0.28855 0.31 -0.22063 -0.2749 -0.85118 -0.50006 0.31894 0.56627 -0.23087 0.32912 -0.11186 0.033487 -0.12863 -0.11199 0.33238 0.26904 0.32501 -0.33478 0.4749 0.24964 0.45124 -0.57826 0.4065 -0.24201 -0.16146 -0.18832 0.36719 -0.5648 0.38638 0.30353 -0.17083 -1.2355 -0.74593 -0.33375 0.04099 -0.15765 -0.25412 0.12282 -0.49891 0.011733 -0.032708 0.1764 0.167 0.3042 0.4462 -0.16858 -0.6197 -0.0028134 0.44189 0.11404 -0.23893 0.49413 0.035144 -0.13641 0.32698
sunny -0.07985 -0.45405 -0.46725 -0.18623 -0.67034 0.20604 0.28352 0.47517 -0.11905 -0.42714 -0.23156 -0.19162 -0.10363 0.23902 -0.44065 -0.3085 -0.33112 0.18222 0.86377 0.57527 0.23055 0.61714 -0.14891 -0.33641 -0.020706 -0.3159 0.18423 0.15107 -0.095877 -0.48013 -0.030199 0.16132 -0.24143 0.024573 -0.37149 0.20714 -0.5513 -0.057653 -0.7959 0.14501 0.61012 0.10334 -0.014345 0.026506 0.30433 -0.32773 0.72066 0.33422 0.0075579 -0.83235 -0.48127 -0.57571 0.99497 -0.42719 -0.29011 0.25694 0.3416 -0.10209 0.75023 0.124 -0.029526 -0.12689 0.45164 0.11428 0.17471 -0.23121 0.067829 0.41539 -0.40318 -0.52182 -0.50895 0.028056 -0.15896 -0.0080196 -0.60493 -0.27667 -0.41694 0.28369 0.17024 -0.38842 0.064204 0.67594 -0.4549 0.67725 -0.27149 0.54242 -0.13465 0.14601 0.37551 -0.054801 0.028093 -0.32595 -0.095174 -0.21349 -0.41401 0.48825 0.74368 -0.058803 -0.22027 0.048007 0.30907 -0.62945 0.028992 0.46222 -0.12033 0.52088 -0.17878 0.19526 -0.32267 -0.27079 -0.037689 -0.58285 0.51478 0.54807 0.16429 -0.30758 -0.31538 -0.19497 0.3128 0.17822 -0.19069 0.013206 -0.27998 0.53525 -0.23233 0.54135 0.28909 0.053885 0.17626 0.041509 -0.26033 0.83529 0.15179 0.0087255 -0.08731 -0.31037 0.11531 -0.14507 0.15776 -0.47551 -0.097006 -0.10592 -0.3713 -0.40587 -0.80735 -0.043739 -0.18764 -0.031467 0.21727 0.16877 -0.40035 -0.40379 0.48675 0.1345 0.51538 -0.051367 -0.43005 0.42715 0.15738 0.51764 -0.081117 -1.0057 0.034756 0.22604 0.35717 -0.19559 0.28212 -0.088152 0.19964 0.16942 0.00059597 0.11841 -0.71108 0.12781 0.076891 -0.073573 0.15787 -0.64519 -0.13779 -0.36458 -0.19329 0.27366 0.22248 0.22662 -0.15536 0.22363 0.65672 -0.56863 -0.54428 0.093001 -0.2172 0.094741 0.057388 -0.29852 -0.45229 -0.42429 -0.30356 -0.2105 -0.56023 0.016826 0.58085 -0.63894 -0.26664 0.44755 0.42385 -0.45094 -0.069635 0.1995 0.063311 -0.30636 0.075954 -0.24519 -0.27741 -0.7692 0.28581 -0.03677 0.22007 -0.6452 0.53657 -0.67126 1.2227 0.17028 -0.38016 0.38901 -0.82071 0.26825 0.60424 -0.047941 -0.0055584 0.27453 0.49421 -0.21174 0.39208 -0.64789 -0.11922 0.047352 -0.96514 0.051566 -0.75003 -0.25157 -0.051479 0.029406 -0.8387 0.47061 0.14806 -0.31372 0.14031 -0.22138 -0.46311 -0.10593 0.24925 -0.080785 0.39706 0.37294 -0.2103 -0.16541 0.12432 0.01519 -0.17723 0.39382 0.253 -0.1455 0.073753 0.047347 -0.60666 -0.26357 0.12418 -0.092717 0.80657 -0.27978 0.42819 -0.67202 -0.23896 -0.34576 0.60866 -0.188 -0.29083 0.41276 -0.28751 0.43002 -0.47896 -0.078586 -0.54471 0.47937 -0.11354 -0.054628 0.15618 -0.034981 -0.44844 -0.038593 0.24792 0.29577 -0.18182 0.53778 -0.19814 0.06227 0.17017 0.24352 -0.16454 0.36581
nordic -0.1162 -0.27388 -0.093404 -0.58405 0.38091 0.62228 0.12538 0.31844 0.11185 -1.2371 0.34739 -0.089516 -0.49697 0.40316 0.00088577 -0.21273 0.14728 0.73225 -0.38406 0.14173 -0.28958 -0.39625 0.12189 0.1203 0.082551 -0.62675 0.1209 -0.038126 -0.67721 -0.1914 -0.65053 -0.55103 0.44521 0.30775 -0.23027 -0.15667 0.34994 -0.35094 -0.0053405 0.40459 -0.72042 -0.55135 0.46125 0.22738 0.72839 -0.23565 -0.19639 -0.39781 -0.51058 0.0052102 -0.40376 -0.4061 0.34549 -0.19192 -0.28137 1.2038 0.35439 0.13164 0.41615 0.20795 -0.43287 0.38907 -0.1259 -0.37111 -0.22988 0.52466 -0.63098 0.50967 0.45285 -0.19527 -0.34265 0.36679 -0.06586 -0.41569 -0.38431 -0.17533 0.25164 -0.66786 -0.31385 -0.7198 -0.19709 -0.033028 -0.18769 -0.18824 0.36603 -0.13167 -0.43197 -0.14579 0.39709 -0.59139 -0.50036 -0.15014 0.46757 -0.12869 0.036433 -0.63857 0.25814 0.38699 -0.2228 0.53329 -0.0041891 -0.071884 -0.44586 0.0097362 -0.29264 -0.27305 0.35639 -0.26111 -0.89836 0.15756 -0.0301 -0.43666 -0.27709 0.26888 0.34075 -0.58223 -0.098132 0.2294 0.13278 1.1439 0.50978 0.38759 0.95864 -0.55484 0.45365 0.97639 -0.10609 0.092127 -0.74817 -0.29466 -0.52915 0.10624 -0.21499 -0.15353 -0.47175 0.34125 0.19677 0.65351 0.09034 -0.46538 -0.079603 0.58623 -0.25142 -0.3774 0.61539 -0.16653 0.40547 0.47352 -0.10628 -0.12558 0.15238 -0.37984 0.21206 -0.18577 0.19264 -0.20141 -0.5265 0.20325 0.5081 0.061288 -0.075342 -0.015999 0.33684 -0.38479 0.0024774 0.75115 0.23426 0.49277 0.4678 -1.0915 0.2283 0.10803 0.06871 0.16905 -0.058777 -0.3713 0.58989 -0.13275 -0.24005 0.64593 -0.24584 0.12631 0.33779 0.20598 0.70845 0.22674 -0.5579 -0.62972 -0.57527 -0.58669 -0.59769 -0.9419 0.23904 -0.22108 -0.18494 -0.025944 -0.16689 0.090737 0.090751 0.26418 0.71532 -0.14132 -0.41516 0.47899 -0.025803 -0.55878 -0.52042 -0.22237 0.023561 0.26598 0.44824 0.6297 0.0056935 -0.34814 -0.27351 0.16958 0.20973 -0.20321 0.17082 -0.37755 -0.15165 -0.35827 -0.22425 -0.80576 0.32509 -0.54015 -0.76462 -0.68392 -0.01442 0.23484 -0.51356 -0.14302 -0.24237 0.039004 0.36407 -0.069401 0.15902 0.31439 0.11335 0.14212 -0.11446 -0.36155 0.47971 0.045314 -0.11484 0.013751 -0.32469 0.24524 -0.38431 -0.13685 -0.87507 0.0064243 0.33236 0.092754 -0.027968 -0.19595 0.065048 -0.20797 0.015579 0.41978 0.45957 -0.61538 0.1749 -0.27424 -0.17394 0.047347 0.36103 0.5813 0.44595 -0.32117 -0.13895 0.22682 -0.036205 0.24089 0.15856 -0.41886 -0.369 -0.45094 0.18901 -0.27209 -0.13786 -0.43185 -0.44907 0.061244 0.23767 0.038737 -0.081476 -0.1302 0.0042892 -0.20089 -0.056126 0.15148 -1.3802 -0.50782 0.050362 0.021994 0.39515 0.1124 -0.10406 0.22091
polar 0.1502 0.16714 -0.4821 -0.11279 -0.24206 0.27658 -0.43492 0.38823 0.12577 -0.85895 0.029617 -0.76593 -0.766 -0.098408 -0.11042 -0.14139 -0.30485 -0.39696 -0.424 0.49957 0.057402 -0.14956 0.43504 0.80055 0.19858 0.06248 0.20583 0.5381 -0.13005 -0.14873 0.4032 0.32181 -0.81916 -0.91211 0.22148 -0.015071 0.061182 0.3758 -0.030616 0.7112 -0.69034 0.16149 0.51087 0.49457 -1.5267 -0.055328 -0.18182 -0.24232 0.30117 -0.43796 0.11279 -0.78875 -0.29018 -0.082807 0.37241 0.62976 0.8767 -0.29512 -0.26085 0.80417 -0.48342 0.56697 0.87352 -0.35328 -0.59668 0.41919 -0.62588 0.23403 -0.54845 0.10821 0.23732 0.5364 0.046001 -0.024325 -0.1707 -0.099465 0.5382 -0.31326 0.0083651 0.31593 0.19068 0.17811 -0.44894 -0.48178 -0.19658 -0.49876 0.52306 0.017315 -0.39274 -0.0079998 0.22595 -0.048499 0.046454 0.019968 -0.74011 0.38256 0.47905 -0.11797 -0.83656 -0.020048 0.4911 0.80179 0.17347 0.80663 -0.29772 0.60893 -0.49544 0.069294 0.75665 0.83373 -0.57152 0.22223 0.18489 -0.069529 -0.2372 0.063434 -0.55749 0.085973 -0.10022 0.27016 0.098405 -0.54069 0.54555 -0.40487 0.38464 -0.12774 -0.25932 0.32167 0.14384 -0.97545 -0.52771 -0.30416 -0.40573 -0.075156 0.16813 0.39878 0.081067 0.77555 -0.25214 0.036306 0.45438 -0.013378 -0.45309 0.17144 -0.081307 -0.28408 -0.10431 0.26732 0.48512 -0.15976 0.37093 0.20313 0.25589 -0.87425 0.85543 -0.19692 -0.018477 -0.38962 -0.02208 0.048005 -0.40512 -0.40043 0.41899 0.20868 0.076869 0.38594 0.22637 0.73313 0.44235 -0.14469 0.16019 -0.38703 -0.26004 0.28974 -0.042882 -0.040427 0.46307 -0.60902 -0.63778 -0.13705 0.081998 -0.32139 -0.057627 0.15835 0.26397 -0.93212 0.32491 0.38724 -0.81523 -0.09413 0.41683 -0.062939 -0.3602 0.11857 -0.63998 0.72392 -0.18688 0.32461 0.11083 0.20699 0.41397 -0.52302 0.16237 0.078322 0.55724 -0.051246 -0.46875 -0.11915 0.41335 0.24415 0.40297 -0.13893 0.20746 0.017768 -0.10475 -0.3399 0.22803 0.035393 0.048189 0.044657 0.66988 0.35248 -0.15776 -0.021343 -0.18606 -0.30968 -0.43522 -0.25497 -0.44685 -0.58928 0.69436 0.37994 -0.11516 -0.55253 -0.35438 -0.038444 -0.81776 0.24849 0.31688 0.2917 -0.33477 0.40048 0.22196 0.16622 -0.83886 -0.059169 0.37973 -0.36143 0.076509 0.31564 -0.18387 0.13043 -0.23716 -0.012183 -0.32593 0.76687 0.13017 -0.4719 0.10242 -0.086063 0.36019 -0.15314 0.055327 0.26108 0.39931 0.062101 -0.0013567 0.63856 1.0093 0.50863 0.48462 0.09244 -0.1269 0.3558 0.43141 -0.39508 -0.62175 -0.76131 0.19493 -0.43842 -0.59319 0.15914 -0.36691 -0.038216 -0.50222 -0.37718 -0.04531 -0.2336 0.60104 0.3565 -0.35806 0.057544 -0.092821 -1.0169 -0.29468 -0.37285 0.32836 0.10862 0.14477 0.18392
antarctic 0.26411 -0.042165 0.19379 -0.3638 -0.23189 0.21161 -0.98384 0.62904 0.10542 -0.6444 -0.45829 -0.60597 0.01513 -0.24937 -0.53275 0.18713 0.64763 -0.0078799 -0.17184 0.97356 -0.44956 0.16768 0.068936 0.71599 0.029053 0.057012 -0.11409 0.3938 -0.065354 -0.10861 0.51118 -0.56295 -0.44052 -0.75632 0.23468 -0.41008 0.69808 0.18896 0.37448 0.46454 -0.53317 0.15245 0.82722 0.096025 -1.1326 0.1888 -0.094232 -0.20326 -0.31816 -0.12694 -0.69591 -0.5115 -0.11925 0.15854 0.37104 0.50279 0.73838 0.021573 -0.81097 0.71966 0.088854 0.11666 1.2035 -0.23076 -0.118 0.466 -0.27271 -0.1627 -0.2898 0.42022 -0.35444 0.86489 -0.11636 0.012196 -1.588 0.096945 0.84226 0.23161 -0.24409 0.046651 0.29995 0.40176 -0.55041 0.22976 -0.3466 0.41227 0.80125 -0.16259 -0.55286 -0.94495 -0.69654 -0.21469 -0.022607 -0.20182 -0.64798 0.561 0.79606 0.39904 -0.36353 0.18372 0.46493 0.77758 0.25254 0.20795 -0.24143 -0.40606 -0.36506 0.12647 0.50636 1.1371 0.95135 -0.10459 -0.22556 -0.53444 -0.777 -0.54155 -0.31577 0.57638 0.49239 -0.10255 -0.55403 -0.11515 -0.56892 -0.28024 0.79047 0.36404 -0.269 -0.066403 0.19992 -0.66737 -0.23633 0.44439 0.63139 -0.7826 0.22738 0.52764 -0.2868 0.51531 -0.19534 0.11049 -0.25719 0.44474 -0.24182 -0.042883 -0.31446 0.6128 0.3573 0.47574 0.091539 -0.32345 0.7095 0.22126 0.74596 -0.70006 0.73718 -0.13993 -0.69705 -0.23463 -0.62486 0.19046 -0.92315 0.016047 0.47518 0.20459 0.62117 -0.22102 -0.26284 1.0353 0.83088 0.82015 -0.052059 -0.85247 0.29701 -0.047695 -0.99421 0.64526 0.074334 0.33319 -0.82549 -0.0073728 -0.42602 -0.30678 0.60452 0.043513 0.41888 -1.2946 0.56364 -0.073751 -0.55727 -0.094577 0.1533 -0.012318 0.60997 -0.21966 -0.13978 0.39445 0.031497 0.22395 -0.15312 0.71719 0.35733 0.47893 -0.30466 0.19169 -0.17862 -0.36731 -0.32374 -0.050214 0.9517 -0.14049 -0.60309 -0.48271 -0.05491 0.047423 -0.094079 -0.43545 -0.4484 0.46164 -0.23535 0.26473 1.1159 -0.14262 0.26843 -0.88574 -0.13098 0.58564 0.080251 -0.063757 -0.005417 0.21431 0.56348 0.068553 0.10788 -0.27353 -0.12529 -0.4302 -1.2894 0.12428 0.69886 -0.30152 -0.057121 0.59898 0.46328 -0.45106 -0.56368 0.29809 -0.26366 -0.37484 -0.58791 0.11299 0.11163 -0.10024 0.56239 -0.69714 0.66662 0.19025 0.10859 0.12097 -0.016987 -0.003543 -0.10365 0.049327 -0.20695 0.93825 -0.078137 -0.11792 -0.28902 0.23295 1.1993 0.051798 0.092123 -0.23437 0.10954 0.11309 0.69199 0.33193 -0.085488 -0.31388 0.43528 0.21145 -0.25091 0.28688 -0.65927 -0.44088 -0.78195 -0.15469 -0.28724 -0.033163 0.63776 0.0041841 -0.76913 -0.77873 0.047099 -0.85477 -1.2604 -0.1768 -0.11961 -0.015579 0.42103 -0.74125
frost -0.40348 0.078659 -0.61196 0.30216 -0.43258 0.4465 0.030644 0.31548 0.13174 0.13173 -0.24113 -0.24685 -0.11582 -0.066611 -0.055295 -0.39786 0.15433 -0.23649 -0.1972 0.4063 0.37095 -0.15179 0.42441 -0.28388 0.41453 0.10831 0.14375 0.135 -0.47788 -0.41506 -0.12662 0.36238 -0.47317 -0.25444 -0.81771 -0.1846 0.43314 0.38665 -0.14184 0.1346 0.26034 0.49881 -0.09899 0.30202 -0.3493 -0.14546 0.35267 -0.11005 0.090381 -0.15106 0.017728 -0.11107 -0.15397 -0.34891 0.19163 0.23934 -0.13367 -0.3435 0.59559 -0.14935 0.35718 0.44878 -0.0070563 0.32535 -0.50222 0.16696 0.2457 -0.30599 -0.426 -0.10308 -0.1015 -0.21675 -0.53049 0.17717 -0.83382 -0.14496 -0.06971 0.24867 -0.87044 -0.032429 0.29852 0.40309 0.10607 0.14811 -0.31662 0.047555 -0.19417 0.30306 -0.25324 -0.29618 -0.026266 0.43946 -0.20203 -0.097809 -0.11432 -0.39386 0.42657 -0.10326 0.2356 -0.45368 -0.024477 -0.1185 -0.5924 -0.087834 -0.13078 0.5066 -0.23876 0.62166 -0.024216 -0.089179 0.45273 -0.16415 0.097546 -0.35882 -0.38723 0.53819 -0.27458 0.12296 0.097768 -0.80484 -0.75121 -0.31533 -0.76589 -0.081587 0.2206 -0.54584 0.3493 0.20449 -0.10295 -0.6983 -0.047006 0.75927 0.20129 -0.22572 -0.20912 -0.1491 0.0029215 0.49842 0.033939 0.00094078 0.11626 0.32235 -0.10969 0.32507 -0.20601 0.29001 0.37322 -0.11377 0.25473 -0.30189 0.14693 0.13273 -0.056746 0.33575 0.60452 0.28428 0.30815 -0.29568 0.19909 0.22324 -0.094594 -0.079483 0.13372 -0.35782 0.15196 0.55008 -0.02522 -0.16086 0.40646 -0.060136 -0.26791 0.21331 -0.21429 0.54586 0.33958 0.23285 0.5817 -0.31962 0.19144 -0.41303 -0.22611 0.24015 0.42835 -0.36838 0.12261 -0.38356 0.086918 -0.79575 -0.11367 -0.29226 -0.45094 0.087531 -0.18106 0.33716 -0.49541 -0.083979 0.39316 -0.08902 0.21977 -0.067213 0.41573 0.090622 -0.37939 0.35577 0.13703 -0.30119 -0.032093 0.56585 -0.34308 -0.25741 0.55196 -0.20232 -0.13382 -0.40688 -0.26061 -0.67501 0.23051 -0.040706 0.024925 -0.4674 0.63435 -0.36186 -0.3665 -0.11124 -0.24449 0.2978 0.1248 0.43071 0.26429 -0.65912 -0.046133 -0.06846 -0.13384 0.23742 -0.69749 -0.21131 -0.36637 -0.097952 0.15559 -0.46835 -0.41079 -0.065045 -0.57005 -0.55954 -0.59131 0.82336 -0.42611 -0.49475 0.052688 -0.52164 -0.42791 0.12073 -0.50523 -0.28701 0.58778 0.35137 0.484 -0.20219 0.41253 0.36026 -0.095642 0.11638 -0.060304 0.19591 -0.34834 0.09781 0.36154 0.042944 0.53283 0.026531 0.03354 0.28992 -0.32268 0.21438 -0.16951 -0.052602 -0.0015372 -0.46125 -0.66852 -0.093137 -1.0938 -0.40513 0.047519 -0.38009 0.088466 0.46682 0.23557 0.013743 -0.008798 -0.11378 -0.30084 0.038225 0.56911 0.070769 0.23682 -0.11598 -0.37632 0.10892 -0.38192 0.061529
cuisine 0.36267 0.42668 0.14705 -0.10025 0.38282 -0.54441 -0.32433 0.022974 -0.11865 -0.27181 0.48797 -0.56903 -0.60201 0.71422 0.08516 -0.81791 -0.094604 0.2113 -0.018852 0.23555 -0.27511 0.55461 -0.014674 0.48953 -0.53742 -0.11012 0.35954 0.15365 -0.42532 0.089528 0.13979 0.42832 -1.2413 0.25612 0.0018947 0.77602 0.27834 -0.54323 -0.34146 -0.35972 0.029781 -0.71809 0.31961 -0.1685 0.20591 0.22928 0.5417 0.38228 -0.3211 0.53087 0.090833 -0.55779 1.0188 -0.32691 -0.52964 -0.33514 0.12418 -0.57231 0.42275 -0.17074 0.22427 0.038802 0.72355 -0.21792 -0.3613 0.13325 -0.10819 0.23617 -0.39785 0.16595 -0.17451 -0.26791 0.13731 -0.605 -0.41852 0.12618 0.83081 0.053804 -0.56796 -0.019494 -0.37619 0.62744 -0.18258 -0.14514 0.26609 -0.49554 -0.24895 0.17373 0.35583 0.26724 -0.31994 -0.05899 0.3593 0.21661 0.1161 -0.24537 0.41511 0.19725 -0.34954 0.44372 -0.30273 0.21972 0.57125 0.053581 -0.19533 -0.15026 -0.26168 0.10432 0.1828 0.19375 0.61462 -0.078461 0.05789 -0.87316 0.48228 -0.61072 -0.99854 -0.31081 -0.23293 0.3481 -0.17279 0.29488 -0.30699 -0.29813 -0.19908 -0.052672 0.14376 0.27449 0.022613 0.50658 -0.044027 -0.010627 0.36118 -0.64307 0.17339 -0.53202 0.19946 0.14983 0.017373 0.58234 -0.14716 0.0042083 0.40894 -0.095419 0.15165 0.18099 -0.36849 -0.17185 -0.69711 0.26778 -0.29453 0.23861 0.61798 -0.47725 0.12765 -0.23967 -0.50442 0.071572 0.10302 -0.90226 0.48484 0.11663 -0.4035 -0.10166 -0.11512 0.21803 0.34148 -0.56946 -0.11098 -0.48004 0.25417 -0.05055 -0.49522 0.14662 -0.068702 0.52091 0.016878 -0.21343 0.61635 -0.59007 -0.20937 0.0029596 -0.37976 -0.1122 0.47026 0.31055 0.045662 0.7997 -0.094529 -0.58752 -0.15993 0.1869 -0.5221 -0.051544 -0.33196 -0.19489 -0.41074 -0.096428 -0.34648 0.2773 0.17748 -0.16948 0.025722 0.63216 -0.0017567 0.47396 -0.14622 0.35927 -0.20497 -0.044947 -0.031074 -0.20797 0.098048 0.37525 0.36867 0.44528 0.27411 -0.7773 -0.24659 0.075862 0.36099 0.13813 -0.39082 -0.21391 -0.0045707 -0.21075 0.17391 -0.11396 -0.20919 0.14965 0.17306 0.14864 -0.39743 1.0248 -0.018 0.24661 0.25202 -0.45451 -0.37631 0.11144 -0.33829 -0.21674 0.0032128 0.20921 -0.64597 0.35255 -0.8902 0.37993 -0.68926 -0.14978 0.65296 0.11731 0.46708 0.40769 -0.81987 0.43026 -0.42288 0.28405 -0.73809 -0.026332 -0.42658 -0.37089 0.044196 -0.35085 -0.16829 -0.67986 -0.15105 0.63427 0.6562 -0.45792 -0.5323 0.022842 0.07485 0.22851 0.73853 0.3428 -0.59393 0.39707 -1.0812 -0.57234 0.31115 -0.22335 -0.20371 0.25499 -0.23214 -0.25624 0.21016 -0.15215 0.21059 0.25284 0.49906 0.026134 -0.30225 0.18892 0.037744 -0.58056 0.025189 -0.36584 -0.21522 -0.42286
hindi -0.72278 -0.45481 0.3228 0.51132 -0.48498 -0.55626 -0.79556 0.85418 -1.0148 -0.34718 0.26271 0.27767 -0.22148 0.73141 0.66149 -0.39875 -0.61617 0.54574 0.60955 -0.047714 0.034148 -0.59198 -0.15497 1.0933 -0.48738 0.47896 0.299 -0.31942 0.43417 0.40561 -0.32466 0.17244 -0.059104 0.46058 0.3344 -1.0068 -0.059694 -0.077127 -0.29362 0.38805 0.54394 -0.46571 0.15388 0.075628 -0.0084407 -0.47884 0.10608 0.90235 -0.016828 -0.15513 0.46632 -0.28148 0.13017 -0.9021 0.24134 0.077378 0.3656 -0.6391 1.1193 0.67786 -0.20573 0.27503 -0.092029 0.020871 0.47536 0.24321 0.094154 0.14053 0.31031 0.42605 0.0035538 0.1021 0.22371 -0.012318 0.92273 -0.083846 0.841 -0.32425 0.065702 -0.29064 0.57967 -0.050079 0.43957 -0.30272 -0.16609 0.70139 0.3189 0.047208 0.49315 0.011291 -0.57284 -0.18551 0.065346 0.54103 0.12054 0.1255 0.47235 -0.55755 -0.33262 0.37703 0.50909 0.50371 0.38782 -0.41281 0.45685 -0.47217 -0.1797 -0.51113 0.79632 -0.59631 -0.16434 0.17828 -0.04297 -0.059075 0.19161 0.63375 -0.98289 -0.32077 0.10763 -0.65417 0.0085229 0.43306 0.52767 0.23557 -0.031479 -0.055743 -0.3186 0.24921 -0.46841 -0.10799 -0.44402 -0.56612 0.21499 -0.47865 0.091362 0.60148 -0.099592 -0.20495 -0.11095 0.89626 0.21062 0.13381 -0.31342 -0.34055 0.18793 0.04338 0.43158 0.10966 0.093549 0.52653 0.31919 -0.17625 0.03557 0.45775 -0.21887 -0.0006889 -0.027853 -0.078537 0.58313 -0.082717 0.1098 0.71322 -0.15587 0.12587 -0.3444 0.34752 -0.69945 -0.066433 -0.32387 -0.1591 -0.28177 -0.19084 -0.91021 0.41898 0.051115 0.32426 -0.4443 -0.63326 0.23191 -0.18571 0.47833 -0.25379 -0.57741 0.82147 -0.12045 -0.58031 -0.3064 0.054469 0.27951 0.26135 0.21658 -0.10915 0.46444 -0.018181 -0.27229 -0.4394 -0.29929 -0.22678 0.26883 -0.47158 0.424 0.23411 -0.4379 0.19523 0.26819 -0.31643 0.16922 0.18284 -0.10062 -0.41138 -0.15267 -0.082497 -0.029487 0.49779 0.6726 -0.036886 -0.1751 -0.17951 0.52584 0.17499 -0.65524 0.29777 -0.25858 -0.13583 0.34637 -0.48506 0.42553 -0.094967 0.29316 0.185 0.69395 0.27646 -0.85504 0.11032 0.18644 0.36486 1.1664 -0.30033 0.069028 -0.37767 -0.06822 0.5746 -0.73836 -0.39889 0.12853 0.67844 -0.46802 0.14929 -0.70388 0.38543 -0.021656 0.0094585 -0.54707 1.0645 -0.43632 -0.4469 0.20577 0.84047 -0.078027 0.20355 0.075106 -0.013854 0.0354 -0.38262 -0.21051 -0.45709 0.31361 -0.30792 0.48974 0.2321 0.12659 -0.034509 -0.36702 -0.043133 0.22178 -0.3823 -0.46805 -0.047136 -0.38286 -0.43553 -0.48017 -0.69366 -0.59928 -0.0093986 0.11324 0.051058 -0.23182 -0.22303 -0.1695 0.86198 -0.049628 0.056483 -0.086229 -0.82981 -0.0056177 0.81396 -0.26825 -0.19142 -0.73371 0.047039
subtropical 0.24869 0.48231 -0.77754 -0.10564 -0.28367 0.41636 0.29974 0.52149 0.64214 -0.56178 0.69196 -0.15039 -0.91789 -0.30849 -0.36647 -0.54067 -0.72616 -0.09671 0.77911 0.65958 0.43204 0.22465 -0.89613 0.014938 -0.49855 -0.099221 0.22055 0.011723 -0.42892 0.76471 1.2883 1.851 -0.44523 -0.59716 0.32092 -0.37513 0.30632 -0.49548 -0.52867 -0.34514 -0.54468 0.53749 -0.61785 -0.26662 0.87666 -0.17296 0.59611 0.59468 0.31466 -0.25004 0.14952 -1.126 0.5154 -0.51808 -0.0078519 -0.60246 0.53762 -0.39904 0.30897 -0.031563 -0.53952 -0.086529 0.38719 0.71195 -1.3385 0.5887 -0.099109 0.94213 -0.46338 0.69223 -0.062057 0.25266 -0.47845 -0.82485 -0.76568 0.50549 -0.35358 0.52246 -0.25877 0.20765 0.20016 0.30364 -1.3951 -1.3191 -0.51069 0.67067 -0.076722 -0.03694 0.11993 -0.71342 -0.29174 -0.30477 0.62471 -0.12731 -0.43909 -0.055416 1.1651 0.24095 0.4636 0.40562 -0.22978 0.59258 0.12608 0.59828 -0.51047 -0.44821 0.35545 0.65892 0.44751 0.41993 -0.28724 0.21342 -0.37912 0.16975 0.42076 0.056599 -0.56987 0.87746 0.44201 0.38078 -0.57893 -0.4358 -1.0051 0.4223 0.080884 0.67502 0.35292 0.029033 0.73225 -0.072254 -1.3384 0.19309 0.40561 -0.11127 0.24303 0.43845 0.5103 0.95995 0.31435 -0.10354 0.20202 0.11711 -1.0156 -0.34405 -0.094401 0.048498 -0.64243 -1.0862 0.29789 0.42175 -0.094425 -0.83346 -0.29773 0.16643 -0.64211 0.34512 -0.20997 0.19349 0.39007 0.76978 -0.49732 -1.1948 -0.055508 0.51888 0.10752 -0.5337 0.46889 0.6369 -0.10224 -0.37575 -0.31196 0.36467 -0.94068 1.0097 0.59594 0.96173 0.90744 0.22577 0.43556 -0.3947 -0.51093 -0.022983 0.12825 0.74028 0.78706 -0.29929 0.40443 0.69383 -0.30999 -0.32974 0.26372 0.53461 -1.135 -0.24355 -0.4429 0.22701 0.20075 -1.0945 0.26599 -0.18497 -0.79312 -0.78968 -0.4157 -0.3834 0.26422 0.35377 -0.87307 -0.085499 -0.43705 -0.013306 -0.3962 -0.29327 0.11704 -0.46342 0.32776 0.59551 0.46875 -0.28785 0.80946 -0.60134 0.60611 -0.4708 0.39921 -0.69613 -0.14418 0.23392 -0.027101 0.44059 -0.81662 0.051794 1.4902 -0.93275 -0.1058 -0.28885 -0.037969 -0.073311 -0.21857 0.15254 0.85869 0.16968 -0.47273 -0.0090422 -0.2742 0.32159 0.24564 0.46142 1.0912 -0.25524 0.76439 -0.85837 0.37334 -0.8962 -0.31677 0.2239 -0.62708 0.34219 -0.15796 -0.27215 0.36832 0.8966 -0.72023 0.4711 -0.45835 0.1389 -0.033034 0.31398 -0.082108 -0.54201 1.2103 0.43453 -0.088646 -0.1259 -0.81108 0.097541 0.44423 0.34186 0.73312 0.48793 0.5831 0.35733 -0.57634 0.53736 -0.16713 -0.049627 -0.84641 -0.73672 0.10542 -0.016326 0.38082 0.082319 0.29837 0.45242 -0.13698 -0.18893 0.1129 0.85284 -0.57787 0.42396 0.15202 -0.10205
scandinavian 0.38671 -0.2002 0.078069 0.095223 0.12338 0.099071 0.13542 0.35102 -0.12396 -0.77634 -0.21644 0.14786 -0.032351 0.078608 0.063754 -0.10348 0.21306 0.83079 -0.085361 -0.20363 0.13483 -0.19552 -0.14464 0.7864 -0.70872 -0.08734 0.31479 0.17174 -0.62449 -0.24353 0.39658 0.053275 0.05382 0.13754 -0.038181 -0.25147 0.11437 0.16797 -0.15836 0.40048 -0.32685 -0.10659 0.78415 -0.41924 0.30086 -0.20429 0.30417 -0.47163 -0.35296 -0.081194 0.2469 -0.54181 0.97343 -0.15587 -0.28045 0.01211 0.53712 0.087006 0.069198 0.28017 -0.54918 0.40249 0.3876 0.11949 -0.38873 0.58193 0.10323 0.29625 0.34834 0.61153 -0.0047255 0.026227 -0.31501 0.031673 0.057235 0.49429 0.27666 -0.45313 -0.2667 -0.2382 -0.75822 0.037379 -0.59581 -0.12476 0.15643 -0.21583 -0.31186 -0.25531 -0.0052305 -0.15264 -0.34008 -0.017934 0.083693 0.2758 0.33132 -0.68696 0.40287 0.079388 -0.60814 0.49409 0.19471 0.067517 0.38577 -0.2713 -0.25697 -0.14976 0.3439 0.36488 -0.30653 0.18383 -0.039868 -0.30992 -0.37706 -0.092915 0.51834 -0.76819 -0.15687 0.15532 -0.37443 0.10796 0.036859 0.020716 0.19302 0.28138 -0.19982 1.0378 -0.053882 0.33221 0.04103 -0.010393 0.20325 -0.074605 0.28869 -0.68319 0.057812 0.075443 0.38688 1.1003 -0.21561 0.042075 0.17508 0.28424 0.058831 -0.31746 0.71393 -0.27111 0.30167 0.49347 -0.1932 0.044951 0.06299 -0.38003 0.51107 -0.12285 -0.035089 0.17589 -0.60691 0.20548 0.17152 -0.351 0.013367 0.15297 -0.017811 0.2586 0.003482 1.0823 0.2148 0.55918 0.49426 -0.66931 0.18398 0.11665 -0.26671 0.77246 0.073868 -0.05741 -0.11294 -0.089979 0.26091 0.52579 0.11006 -0.20757 0.27429 0.19746 0.49845 -0.43515 -0.59201 -0.11076 -0.085626 -0.51807 -0.42413 -0.53705 0.21118 0.15161 -0.035273 -0.36094 -0.29706 -0.030518 0.0083762 0.029792 0.41783 0.11539 -0.26578 -0.020435 0.33212 -0.47098 -0.41641 -0.10642 -0.28943 0.14096 0.076928 0.95591 0.23005 0.050105 -0.19605 0.044693 0.29144 0.025557 -0.061618 -0.45894 0.57417 -0.069839 0.20455 -0.57409 -0.17818 -0.27718 -0.37861 -0.19367 0.45411 -0.096045 0.11324 -0.24598 -0.55833 0.78361 0.39666 0.1107 0.069207 0.27809 -0.26815 -0.13716 -0.31896 -0.25019 0.62348 0.10927 0.082755 -2.8569e-05 -0.16337 0.20762 -0.023293 -0.18022 -0.79066 0.12499 0.12877 0.025272 0.0027611 0.41296 -0.053344 0.39432 0.17282 0.41372 0.32912 -0.35934 0.23391 -0.40611 -0.10788 -0.17075 0.68038 -0.16779 0.41457 -0.44046 0.50048 0.10561 0.22066 -0.017502 0.11272 -0.49463 -0.25738 -0.13895 0.26338 0.076127 -0.25837 0.39036 -0.20962 -0.073327 0.078327 -0.184 -0.011625 -0.26332 0.14256 -0.14745 0.45294 0.20483 -1.3681 -0.24438 0.079362 0.27147 0.16305 0.26826 -0.30954 0.32997
monsoon -0.95197 -0.26269 -0.44807 0.01186 -0.33606 0.037126 0.038628 1.1603 -0.381 -0.23575 0.26084 0.53912 -0.10159 -0.12249 0.050649 -1.1272 0.14328 -0.24587 0.44372 0.37494 0.11003 -0.47597 -0.29169 -0.50451 -0.011726 0.08838 0.54937 -0.28949 -0.4589 -0.0035109 0.55123 0.28466 -0.46056 -0.065202 0.054164 0.068264 -0.45607 -0.29696 0.000739 -0.33711 0.77594 0.186 0.091149 -0.36779 0.11018 -0.51201 0.3854 0.055899 -0.53049 -0.13203 0.59918 0.053807 0.21775 -0.91764 -0.41777 0.091193 0.6137 -0.2508 0.38472 0.38537 -0.47818 -0.18247 0.81482 -0.30574 0.04985 -0.0038642 0.33986 0.43651 -0.8389 -0.21166 0.046764 -0.010983 -0.59922 -0.44782 -0.12325 -0.18413 0.10518 -0.4283 -1.1041 0.38865 0.45016 0.49917 -0.35929 0.27764 -0.23777 -0.2194 -0.56339 -0.60687 0.6132 -0.37079 0.40842 -0.0027537 0.61057 -0.53875 -0.086989 1.2333 0.42615 -0.49283 0.18036 0.5529 0.17282 0.45263 0.32032 -0.17752 -0.18984 -0.29938 0.32492 0.20834 0.37457 0.15941 -0.12829 -0.50265 -0.63479 0.26289 0.25103 -0.45206 -0.12913 -0.5182 0.49213 -0.86512 -0.021261 -0.87933 -0.75731 0.81838 0.7946 0.065312 0.27353 0.1621 0.14672 -0.049245 -0.21807 1.383 0.4001 0.41807 0.28325 0.37172 0.91319 0.55545 -0.075006 0.11422 -0.32966 0.64409 -0.54654 -0.7651 -1.014 -0.12705 0.66058 0.21934 -0.2616 0.13852 -0.51214 -0.074302 -0.29997 0.50338 0.24944 -0.003293 0.20223 -0.33941 0.0035761 0.15913 0.00091995 -0.83788 0.40959 -0.67501 -0.11576 0.39997 1.3214 -0.16296 -0.41265 0.091425 0.46697 1.2284 -0.75426 -0.21434 0.23632 0.1148 -0.1855 -0.21387 -0.25878 -0.15518 0.58636 -0.58256 0.095779 0.69256 0.32554 0.030009 0.19936 0.57296 -0.75047 -1.009 -0.39304 0.54646 -0.91273 0.059237 0.21385 0.36349 0.11033 -0.32289 0.38649 -0.28111 -0.30861 -0.31383 -0.48491 0.59624 0.2194 0.32857 -0.64809 0.30485 0.20359 -0.58968 -0.11184 0.19006 0.57374 -0.21339 0.19589 -0.14049 -0.10535 -0.77313 0.65248 0.0039586 0.18908 -0.4666 0.0017899 -0.16319 0.026305 0.11484 -0.2155 0.258 0.61546 0.083605 0.58915 -0.30505 -0.47001 -0.56077 -0.55804 0.019222 -0.18014 -0.093106 0.88373 -0.21289 -0.19101 -0.065039 -0.081576 0.20638 -0.59116 0.051628 0.28338 0.35752 0.27547 0.2805 -0.52931 -0.17542 0.20208 0.071837 -0.26474 -0.00088831 0.33592 0.1186 -0.042829 0.38572 -0.45961 0.039015 -0.17675 0.71343 -0.49488 0.27504 -0.029835 -0.082175 1.1565 -0.52085 0.21658 0.2425 -0.93372 -0.026352 0.75251 0.24472 -0.011173 -0.23914 -0.42515 0.063672 -1.0712 -0.38663 0.81511 -0.099048 -0.42129 0.33901 0.3379 -0.19492 -0.35893 -0.31525 0.067598 0.015945 -0.28821 -0.014265 0.1829 0.91934 -0.54196 -0.079691 0.23528 -0.051857
eastward -0.6178 -0.93135 0.12692 -0.17131 -0.52782 -0.35885 0.0022881 -0.07836 0.87095 -0.74748 -0.41546 0.089095 -0.2048 -0.13069 -0.18771 -0.065045 0.15 -0.030451 0.8969 0.87338 -0.11706 -0.2066 -0.34155 0.47785 -0.23094 0.078692 0.44708 0.18953 -0.21978 0.30433 0.99713 0.35873 0.37081 -0.38318 0.56545 0.41009 -0.5653 0.24353 0.01019 -0.16485 -0.67968 0.74944 -0.58618 -0.60205 0.89813 0.47242 0.07624 0.10549 -0.0027777 -0.23219 -0.33035 0.22622 0.093877 -0.45955 0.72818 -0.21312 0.11435 0.55869 1.021 0.53373 0.18228 0.38952 0.37443 -0.062097 -0.18973 0.67541 0.024759 0.80227 0.096726 -0.24004 0.75809 -0.11445 0.1965 0.34343 0.54413 -0.24021 -0.086508 0.19429 -0.016763 -0.30724 -0.32839 0.078475 -0.31515 -0.24762 0.11558 -0.75783 -0.20462 -0.19296 1.0372 -0.60656 0.46166 -0.27278 -0.18367 0.10749 -1.1663 -0.12916 -0.54106 0.12687 -0.45744 0.54403 -0.41992 0.61209 0.00066571 0.35807 -0.089766 -0.093896 0.62305 -0.083479 0.35386 0.32797 0.11756 -0.59905 -0.40492 0.37886 -0.32922 -0.23037 -0.20409 0.39763 -0.27088 -0.041244 0.39942 -0.39887 -0.16403 0.16152 0.31723 0.87022 0.1683 -0.13267 0.14721 -0.14899 -0.20589 0.18347 0.069068 -0.001677 0.43224 -0.3359 0.41063 -0.0062954 0.26776 -0.51613 0.42084 -0.15852 -0.50294 0.38622 -0.54471 0.037482 -0.05224 0.077431 -0.48238 -0.52937 0.26704 0.089788 0.22305 -0.32402 0.73804 -0.0069633 0.28823 -0.24993 -0.55455 0.071507 -0.25499 0.25836 -0.18474 -0.32903 0.17606 -0.3089 0.10211 0.14917 -0.24112 -0.15714 0.27374 -0.36502 0.85985 -0.71938 -0.57507 -0.31198 0.11878 0.12913 0.19459 -0.22668 -0.37128 -0.20197 0.18286 0.22703 0.90416 -0.13397 -0.31893 -0.39043 -0.88109 -0.071056 -0.52731 0.97313 -0.27266 -0.10779 -0.51265 0.12735 0.6967 -0.79484 0.58969 0.18461 0.32248 -1.0175 0.00016024 0.28786 -0.21621 0.045001 -0.31152 -0.27828 0.61325 0.88038 0.0060991 0.28583 0.97022 0.40575 -0.14769 0.099056 -0.016451 0.03697 0.6284 -0.62214 0.66638 -0.045486 -0.21506 -0.5625 -0.03239 -0.096298 -0.027669 0.075751 0.12037 0.17616 0.12102 -0.21785 0.0013646 -0.25012 0.057221 -1.0427 -0.441 -0.27491 0.24561 -0.058651 -0.18843 0.26377 0.3089 0.12636 0.20346 -0.094271 0.48537 0.41425 0.51139 0.050631 -0.10654 0.044923 0.40342 0.48378 -0.021647 -0.13861 -0.4603 0.33197 -0.57366 0.18626 0.12518 -0.16605 0.26341 0.31872 -0.31526 0.25056 -0.50889 -0.089882 -0.16432 0.31254 0.80607 -0.003769 -0.60487 0.020001 0.56959 -0.033547 -0.25841 0.093677 0.73831 0.1213 0.1967 0.39226 0.3358 0.098349 -0.20969 0.30188 0.68004 -0.13521 -0.18544 0.47722 0.25881 0.48913 0.28865 0.2475 -0.23615 0.35078 -0.23973 -0.24559 0.49338 0.18562
humid -0.17023 0.12658 -0.50695 -0.43342 -0.49945 -0.072287 0.16544 1.0023 0.42583 -0.54221 0.072634 -0.078253 -1.0599 -0.65207 -0.11889 -0.22088 -0.60306 -0.17679 0.81015 0.36124 0.0064655 0.52882 -0.32377 -0.29703 -0.59914 -0.50226 0.75437 0.30833 -0.20878 -0.28407 0.66961 0.51677 -0.7546 -0.13148 0.24804 -0.27911 -0.17738 -0.25883 -0.88895 -0.22986 -0.23837 0.59508 -0.077747 -0.16835 1.031 -0.012473 0.70978 0.18548 -0.34484 -0.49912 0.2066 -0.69815 0.22923 -0.95472 -0.1244 -0.16567 -0.07794 -0.7659 0.41507 0.088252 -0.20087 -0.25487 0.67186 0.051455 -0.8913 0.41869 0.12527 0.89624 -0.4943 0.12193 -0.18555 -0.31553 -0.14793 -0.45825 -1.0539 0.15016 -0.0036977 0.46182 -0.49261 -0.30764 -0.080603 0.15598 -0.72174 -0.85899 -0.74237 0.58238 -0.0063074 -0.19292 0.56971 0.41386 -0.32901 0.08766 0.25567 0.2919 -0.55947 0.16817 0.80509 0.2075 -0.10045 0.5268 0.015395 0.057704 -0.38183 0.24953 -0.28784 0.27481 0.096256 0.79352 0.30541 0.24789 -0.36194 -0.097029 -0.24101 0.46743 -0.58684 -0.58139 -0.53608 -0.031569 0.21705 0.13681 0.094163 -0.60033 -0.84944 0.21447 0.098415 1.0321 0.21767 -0.39895 0.72961 -0.19954 -0.26148 0.56565 0.13011 -0.53811 0.75401 -0.26074 -0.19836 0.32407 0.23085 0.33207 -0.086466 -0.0056652 -0.7017 -0.17401 -0.65617 0.37321 -0.55093 0.024976 -0.3096 0.13964 -0.50761 -0.41899 -0.38982 0.070133 0.13852 -0.026059 -0.054995 -0.018931 0.43335 0.31771 -0.86984 -1.1807 -0.20416 -0.66686 0.99176 -0.45881 0.53689 0.29908 -0.2285 -0.073772 0.13871 0.58372 -0.76116 0.64172 0.31726 -0.032816 0.15726 0.039838 0.0015494 -0.11872 0.29197 -0.032908 -0.093766 0.24763 0.46829 -0.41048 1.058 0.0081399 -0.82153 -0.268 0.26938 0.19311 -0.31278 -0.38488 -0.52064 -0.091914 0.36819 -0.24233 -0.49092 -0.045452 -0.5539 -0.66622 -0.30505 0.098105 0.60617 -0.45849 -0.90712 -0.092239 0.11324 -0.68901 -0.79116 -0.13184 -0.36569 -0.56115 0.46215 -0.57114 0.053144 -0.72902 0.73538 -0.79713 0.47204 -0.31633 0.078872 0.0078031 -0.65361 0.56173 0.19309 -0.053732 -0.32431 0.16893 0.89291 -0.43629 0.15194 -0.497 -0.50378 -0.49123 -0.9229 0.0091003 0.30613 0.00072203 -0.34673 -0.16064 -0.6116 0.042467 0.10659 0.027771 0.33507 0.20945 -0.06444 -0.6074 -0.10506 -0.62467 -0.30554 -0.020981 -0.84356 0.39272 0.061189 -0.20006 -0.039379 0.77508 -0.29957 -0.20869 -0.41577 0.067377 -0.24624 0.34062 -0.084384 -0.1414 1.2205 -0.37831 0.32734 0.19424 -0.23332 0.2097 0.83829 0.19531 0.046456 0.23791 -0.22462 0.45143 -0.73751 -0.29198 0.57821 0.39717 -0.65586 -0.26813 0.51068 0.42421 -0.19958 -0.39242 0.1436 0.91201 -0.72701 0.99502 0.18658 0.19047 0.015344 0.12666 -0.27038 0.4149
equatorial -0.082473 -0.2328 -0.47599 -0.52636 -0.70761 0.42027 0.28567 0.14492 0.70728 -0.80372 -0.044248 0.54377 -0.24769 -0.12495 -0.6206 0.24901 0.11503 0.52522 -0.064664 -0.49228 0.15009 0.65174 -0.04574 -0.31926 0.18196 -0.46535 0.42317 0.46331 -0.64919 -0.51697 -0.15978 0.94769 -0.21617 0.36727 0.73546 -0.50837 0.46027 0.00096439 0.50975 0.12263 -0.5887 0.36065 -0.64754 -0.51062 0.34527 -0.48202 -0.082076 -0.31342 0.18769 -0.26141 -0.1001 -0.29943 0.32481 0.15832 0.24646 -0.33182 0.26419 -0.38281 0.40084 -0.19767 -0.34778 0.75244 0.0496 0.44149 -0.089264 0.057108 0.19956 0.71017 -0.29351 0.27153 0.20682 0.9567 0.13272 -0.50261 -0.59684 0.39849 0.45163 -0.10643 0.13165 0.20536 -0.065727 0.22014 -0.15546 0.42638 -0.16843 -0.71701 0.7023 -0.25436 -0.082506 -0.3131 -0.14777 -0.16978 0.0031624 0.21867 -0.46787 0.28093 0.08868 0.2617 0.1692 -0.043805 0.15915 1.2147 0.24045 0.38466 0.23955 -0.10058 -0.45246 0.32908 0.56654 0.083687 -0.072208 -0.31759 0.080593 0.23013 0.58369 -0.36411 -0.63348 0.094056 0.322 0.65034 0.14246 -0.65048 0.044398 -0.026259 0.35221 0.051817 0.39627 0.58831 -0.38329 -0.13724 -0.9115 -0.20024 -0.38751 0.088094 0.46393 0.069247 0.23957 0.32989 -0.69172 0.15703 0.081309 -0.58216 -0.15658 -0.057334 -0.47959 -0.46142 -0.12273 -0.1779 -0.32618 -0.41809 0.47549 -0.40785 0.40369 0.23345 0.32066 -0.18064 0.45825 0.1459 -0.074187 0.49203 0.088251 -0.56532 0.59416 0.12077 0.37926 -0.69553 0.30035 -0.44884 0.7213 -0.13649 -0.069895 0.076165 -0.46905 -0.35936 -0.38465 0.15486 0.54154 0.53195 -0.58084 0.51869 -0.44594 0.36554 0.36798 -0.31324 0.44225 -0.68696 -0.093461 1.0301 -0.67172 -0.69583 0.63378 0.37821 0.41808 0.65183 0.51011 -0.025401 0.70038 -0.58876 -0.6136 -0.11873 -0.43986 -0.4665 -0.13909 -0.23188 0.49036 -0.59861 0.030596 0.2988 0.45821 -0.46397 0.54344 -0.19966 0.42517 0.060714 0.051509 0.59057 0.11835 -0.43587 0.31148 -0.059649 0.031811 -0.11057 0.34725 0.10162 -0.22434 -0.44906 -0.56204 0.25374 -0.78194 0.2002 0.94317 0.61606 -0.28542 -0.093187 -0.10122 -0.17475 -1.0803 -0.28735 0.84762 -0.78591 -0.41873 0.070256 -0.17621 0.50966 0.93515 0.12518 0.62152 0.92021 0.29708 -0.60428 0.059091 0.067768 0.38362 0.55285 0.0029473 0.7642 -0.37798 0.18793 -1.2271 -0.1735 0.14675 -0.13217 0.48717 -0.43287 -0.40012 0.41684 -0.15041 0.39994 0.76625 0.54095 0.89447 0.33361 -0.048944 -0.29309 0.44875 0.034891 -0.10612 0.18077 0.16158 0.1943 0.18562 0.34847 -0.5411 -0.0031192 -0.47769 -0.46735 0.27826 -0.24201 -0.68238 -0.15758 0.43996 0.28957 -0.1742 -0.17365 0.32832 0.15385 -0.26944 0.1435 0.20991 0.10562
westward -0.26967 -0.98306 0.23637 0.10462 -0.29733 -0.3935 -0.48324 -0.17522 0.68828 -0.51253 -0.34315 0.29679 -0.10267 0.082272 0.022996 0.089929 0.44688 -0.06427 1.2077 0.66921 -0.47312 -0.37016 -0.35869 0.34234 -0.12045 0.054468 0.40062 0.28683 -0.37835 0.10192 0.6032 0.63868 0.35742 0.0052404 0.56722 0.26622 -0.59084 0.26542 0.31414 -0.057174 -0.28449 0.14296 -0.44653 -0.53223 0.81256 0.61257 0.13344 0.16477 -0.010241 -0.30498 -0.17266 -0.19284 0.48266 -0.42665 0.36395 -0.3399 0.38256 0.10552 0.64294 -0.085789 0.23295 0.36818 0.85992 0.085583 -0.29829 0.77575 -0.33357 0.69039 -0.0025925 -0.020669 0.74609 0.076083 -0.14555 0.055151 0.43356 -0.37032 -0.19831 -0.017795 -0.022696 -0.48801 -0.12481 0.073553 -0.64278 0.11676 -0.42205 -0.68063 -0.31266 -0.39407 1.082 -0.37022 0.23251 -0.44791 0.51923 -0.099985 -0.94572 -0.12237 -0.36386 -0.0060408 0.25981 0.52829 -0.23883 0.68409 0.10681 0.38171 -0.14114 -0.058401 0.31483 0.11404 0.46674 0.27334 -0.15753 -0.21504 -0.334 0.1644 -0.10786 -0.4383 -0.15591 0.12852 -0.2556 0.14143 0.4151 -0.49322 -0.14514 0.0057118 0.20331 0.95316 -0.015177 -0.15997 -0.098533 -0.090971 -0.7457 0.21121 -0.046874 0.11587 0.15672 0.064877 0.66235 0.27442 0.27229 -0.014373 0.089637 0.077679 -0.6339 0.67192 -0.095373 -0.19543 -0.31862 0.38749 -0.37111 -0.20667 0.45879 0.62073 0.28192 -0.13442 0.76707 -0.14416 0.1669 -0.35191 -0.32302 -0.47672 -0.34575 0.030966 -0.016089 -0.4761 0.036313 -0.4884 0.24812 0.01454 0.046408 0.41469 0.21933 -0.062125 0.26072 -0.14319 -0.22493 0.014751 -0.46505 -0.12824 -0.089047 0.10587 -0.21536 -0.29735 0.071384 0.30637 0.57521 -0.46249 -0.15443 0.13093 -0.64195 0.053049 -0.2672 1.2665 -0.33073 -0.020477 -0.20929 -0.028489 0.41267 -0.86919 0.62678 -0.30129 0.40734 -0.79017 -0.065442 0.30987 -0.24987 0.43755 -0.55851 -0.16367 0.59818 0.69977 -0.22358 0.35328 0.60537 0.55354 -0.013469 0.14455 0.17577 0.48473 0.50039 -0.54199 0.47076 -0.011269 -0.14215 -0.66638 -0.053089 -0.055919 0.089155 -0.17888 0.0021986 -0.089168 0.25856 -0.29552 0.055222 -0.314 -0.15587 -0.63142 -0.34389 -0.40557 0.12742 -0.11892 0.037766 0.74885 0.0086955 -0.056982 0.027078 -0.57833 0.44102 0.36575 0.47247 0.19532 -0.13576 -0.19943 -0.031031 0.97465 0.53602 0.088932 -0.28831 -0.019789 -0.72182 0.42564 0.050462 -0.37958 0.20031 0.30748 -0.45835 -0.070726 -0.21778 -0.95145 -0.41057 0.44285 0.39545 -0.60955 0.0078633 -0.10307 0.48448 0.16301 -0.24225 0.27705 0.13241 0.17378 -0.25125 -0.078565 0.29215 -0.031283 -0.16205 -0.26523 0.39799 -0.30529 -0.38693 0.42884 0.32669 0.029662 0.31092 -0.014362 -0.038469 0.43578 -0.21428 0.021334 0.76855 -0.1354
northward -0.52605 -0.75407 0.25039 -0.1267 -0.25469 -0.41472 -0.29217 -0.091449 0.67399 -0.47356 -0.71749 0.11702 -0.10911 -0.051969 -0.29914 0.13529 0.094567 -0.36455 1.1781 0.59044 -0.42817 -0.24954 -0.47065 0.013151 -0.014229 0.1001 0.47009 0.31087 -0.2122 0.21753 0.58294 0.47452 0.26396 -0.17664 0.70921 0.30443 -0.45369 0.36569 0.36461 -0.40246 -0.22435 0.57353 -0.65091 -0.46006 0.99447 0.64745 0.39546 0.27562 0.20569 -0.11611 -0.5587 -0.02204 0.21807 -0.44808 0.39791 -0.46967 0.27723 0.07116 0.53799 0.34088 -0.040752 0.097031 0.80051 0.18438 -0.020711 0.58745 -0.29443 0.59197 0.12544 -0.02377 0.2968 -0.016688 -0.0070349 -0.055759 0.33925 -0.20714 0.050676 0.09981 0.048273 -0.64153 0.12335 -0.24518 -0.7557 -0.28587 -0.16718 -0.85916 -0.04232 -0.17787 1.2091 -0.28934 0.50716 -0.35788 0.65174 -0.1661 -0.92151 0.1998 -0.26072 0.13904 0.021325 0.61136 0.076951 0.4593 0.10086 0.3124 -0.03671 -0.04907 0.50429 -0.047968 0.47282 0.62567 -0.21396 -0.46323 -0.31091 0.021371 -0.33544 0.26631 -0.43937 0.1409 -0.20005 -0.2557 -0.054583 -0.4853 -0.3772 0.26098 0.026829 0.89662 0.068009 -0.5553 0.18186 0.395 -0.43079 0.28451 0.17336 0.031546 0.48324 -0.078258 0.49211 0.068432 0.48843 -0.085353 0.25389 -0.15381 -0.52414 0.43589 -0.2591 0.088593 -0.2905 0.20299 -0.376 -0.32287 0.44236 0.28652 0.013654 -0.37311 0.91886 -0.20634 0.49026 -0.93102 -0.35962 -0.26716 -0.28394 -0.17939 -0.19331 -0.73327 0.12238 -0.34439 0.42769 -0.10767 -0.22535 0.29913 0.44478 -0.21496 0.61066 -0.034444 -0.052387 -0.20037 -0.059663 -0.13425 0.43086 0.087534 -0.22279 -0.26736 -0.09552 0.45236 0.73338 -0.36415 -0.12234 -0.041803 -0.38268 -0.096422 -0.42549 0.9997 -0.34852 0.16499 -0.23437 0.40543 0.3904 -0.74537 0.88183 -0.086512 0.16018 -1.0875 -0.096168 0.34259 -0.038294 0.26642 -0.6853 -0.069367 0.64875 0.85635 -0.43481 0.053035 0.67478 0.38509 0.099359 -0.074116 0.18934 0.036385 0.58182 -0.36024 0.91086 -0.34478 -0.43345 -0.23076 -0.21548 -0.026812 0.43637 0.073406 0.32371 0.17133 0.29809 -0.22389 0.15715 -0.38573 0.081285 -0.56785 -0.68017 -0.21545 0.47073 -0.044547 -0.20769 0.18076 -0.058835 -0.015488 -0.0826 -0.56256 0.5517 0.12282 0.11182 0.26933 -0.18099 -0.028612 -0.097015 0.71388 0.12995 -0.18869 -0.20322 0.2951 -0.70208 0.37332 -0.24206 -0.28932 0.1125 -0.066433 -0.42799 -0.036376 -0.37471 -0.69562 -0.33015 0.005828 0.48162 -0.23933 -0.40314 0.46213 0.39761 -0.010933 -0.21632 0.18425 0.20199 0.14623 -0.010947 0.19627 0.59446 0.26349 -0.32567 -0.058758 0.4456 -0.090817 -0.011785 0.30428 0.29058 0.27911 0.24469 0.38138 -0.21066 0.4315 -0.0034774 0.13929 0.89488 -0.32227
oceania 0.13502 0.43966 -0.28346 0.034822 -0.1469 0.49545 -0.76699 0.78525 0.29037 -0.48523 0.8076 0.58862 0.51026 -0.25988 0.081002 -0.36772 -0.3493 0.22043 -0.32118 0.18935 -0.16142 0.15124 -0.6056 -0.85234 0.34337 0.037679 -0.14709 -0.36638 -0.27382 -0.35494 -0.029948 -0.13375 0.8079 0.055132 -0.55805 0.33001 0.38472 -0.44978 -0.27962 -0.01247 -0.059558 -0.48744 -0.62378 -0.74105 0.7794 0.28594 -0.094632 -0.080669 -0.077644 -0.21746 -0.074612 0.32036 0.70542 -0.13245 -0.5445 -0.22304 -0.2685 -0.13695 -0.11572 0.039135 -0.42159 0.25714 -0.95349 0.36705 0.089381 0.24871 -0.34164 0.74875 -0.43413 0.15709 -0.48286 0.19415 -0.45293 -0.32627 -1.1439 0.49773 -0.28871 -0.39593 0.036678 0.088998 -0.018725 -0.31847 -0.071 0.040737 -0.4246 -0.5921 -0.31261 0.067518 -0.47861 -0.70528 -0.10305 -1.2398 0.19089 -0.48038 0.032206 0.41107 0.1221 0.39728 0.092427 0.13506 0.17477 0.051325 0.42351 -0.20163 -0.0045623 0.46442 -0.038041 -0.080719 0.042561 0.42491 0.5585 -0.43252 -0.26621 0.20473 -0.1302 -0.13447 -0.23861 -0.30876 -0.084418 0.3964 -0.56825 0.1598 0.24718 0.28671 0.52512 0.91491 -0.52943 -0.62456 -0.33007 -0.51388 -0.88029 -0.034176 0.31124 -0.79099 -0.08274 0.6604 0.35258 0.28504 -0.6782 0.38271 -0.44069 0.15106 0.86803 -0.50746 -0.25195 -0.47266 -0.36169 -0.19586 0.3103 -0.17957 0.056531 -0.041599 0.36632 -0.76607 -0.034777 0.12366 -0.6434 -0.053953 0.0126 -0.44343 -0.17083 0.41712 -0.024023 0.72035 -0.18052 0.20574 0.29248 0.93648 0.6408 -0.56442 -0.1799 -0.25097 -0.20646 0.005463 0.31458 0.22858 -0.19933 -0.24052 0.27597 0.99256 -0.25662 0.17175 -0.13619 -0.2737 0.64863 -0.26612 -0.21018 0.64351 -0.2775 -0.21844 -0.055206 0.75538 0.068166 -0.10007 0.41749 -0.11413 0.98733 -0.069988 -0.12673 1.2068 0.67239 0.33529 -0.78956 -0.93422 0.55183 0.44097 -0.21241 -0.25411 0.43513 0.14921 -0.14085 0.64137 -0.4269 0.6357 -0.54065 -0.20653 0.016396 0.008717 -0.12764 -0.1164 -0.12136 -0.68119 -0.31609 0.019737 0.34853 0.16038 0.89428 0.019706 -1.0684 0.074663 -0.49649 0.045754 0.19624 0.023393 0.51188 -0.21454 0.16307 0.61976 1.003 -0.15906 -0.63177 -0.40251 -0.19863 0.52195 0.67012 0.52289 0.23685 -0.1551 -0.42563 0.37497 0.31788 -0.40431 0.094976 -0.021948 -1.0598 -0.1769 -0.05177 -0.24027 -0.16271 0.74146 0.16087 -0.65653 0.24749 0.1649 0.58385 0.060292 0.24607 -0.22658 -0.5879 0.35902 0.02741 -0.05265 0.63061 0.034765 0.34461 0.069431 0.55842 0.54343 0.09975 -0.47093 -0.28503 -0.064072 -0.65199 -0.021553 -0.27343 -0.0095095 0.11966 0.18243 -1.0074 -0.84499 0.11409 0.36069 -0.037582 0.23768 0.58274 0.19184 0.51533 0.56628 0.097215 -0.39472
arid 0.16702 0.091961 -0.55782 -0.30628 0.16594 0.59857 -0.26188 0.58156 0.55715 -0.33788 0.043822 -0.31642 -0.54799 -0.085225 0.10773 -0.37319 -0.26374 -0.18119 0.68691 0.53489 -0.29154 0.67919 0.21535 -0.17426 -0.54488 0.0094333 0.53938 0.13395 -0.37113 0.2039 0.22342 0.47756 -0.73765 -0.34029 1.0687 -0.079015 -0.013554 -0.19057 -0.71712 -0.5923 0.31395 -0.18241 -0.14677 -0.5688 0.44035 -0.063306 -0.45773 0.43028 0.1704 0.060171 0.01611 0.089907 0.59746 0.15818 0.34426 -0.46767 0.21352 -0.90123 0.39197 0.15964 -0.87699 -0.27817 0.51367 -0.23993 -0.97628 0.50897 0.40399 0.74854 -0.11434 0.37679 0.2537 0.14743 0.15883 0.17858 -0.55651 -0.12498 -0.075085 -0.31484 0.006858 0.49181 0.33173 0.24601 -1.0418 -0.51624 -0.028333 0.21974 0.12619 -0.32284 0.11036 0.00067402 -0.32667 0.22353 0.57917 0.53624 -0.26436 0.1964 0.69224 0.039668 0.0027739 0.775 0.35899 0.63841 -0.69072 0.24045 -0.89984 0.35227 -0.42092 0.9787 0.37259 -0.2977 -0.15521 -0.30955 -0.15114 -0.13931 -0.65403 0.009254 0.11345 0.088138 0.91155 0.57984 -0.13838 -0.059852 -0.54013 0.5346 0.11781 0.56067 -0.22839 0.044334 -0.19112 -0.58158 -0.070387 -0.091073 0.41499 0.22605 -0.31104 -0.080732 0.35334 0.6841 -0.19364 0.053398 0.33123 0.00034625 -0.067789 -0.62708 -0.93885 0.037624 -0.022423 -0.0070538 -0.15712 -0.29924 -0.10897 -0.4855 -0.367 -0.38214 0.62346 0.13035 0.44524 0.27735 0.65087 0.59784 -0.48206 -0.77076 0.46403 0.21245 0.32953 -0.6758 0.50409 -0.24697 -0.052985 -0.5903 0.2212 0.59974 -0.38498 -0.41777 -0.008057 0.31506 0.017629 -0.062313 -0.00012829 -0.064543 -0.37372 0.1282 -0.012767 0.096512 0.53196 -0.30957 1.0597 0.016605 -0.56574 -0.082396 -0.29171 0.25685 0.18475 0.28756 0.23636 0.21001 -0.048807 -0.12656 0.25274 0.63937 0.081496 0.023056 -0.58862 0.32421 0.64592 0.09553 -0.25697 -0.57823 0.38583 -0.27733 -0.080039 0.11526 -0.045109 -0.37588 0.67517 0.045716 0.034508 -0.2787 0.36112 -0.54229 0.23138 -0.15901 0.014114 0.1792 -0.23668 -0.29662 0.32722 -0.28534 -0.13761 0.14432 0.55257 0.30496 -0.57168 -0.46868 0.035034 0.32631 -0.80665 0.19459 0.46708 -0.3236 -0.66039 0.86032 -0.1507 0.28989 -0.38113 0.30469 -0.16497 -0.11815 0.3076 -0.40163 0.16038 0.044532 0.27741 -0.81213 -0.27344 0.32397 -0.21995 0.19443 0.16785 0.25864 0.24049 -0.42606 -0.38861 -0.44201 -0.29177 -0.44119 0.12248 0.27756 0.93754 0.22114 -0.24854 0.30797 -0.47071 0.037448 0.42286 -0.19353 -0.33284 0.87694 0.20145 -0.10944 -0.19385 -0.25393 -0.27204 0.4845 -0.38667 0.16058 0.37401 0.096721 -0.33584 0.005265 0.3525 -0.11378 0.32739 0.43421 0.10415 0.67407 -0.15738 0.14466 -0.0049028 0.012356
temperate -0.22047 -0.13802 -0.44288 -0.048577 -0.04243 0.63508 -0.12252 0.87308 0.060236 -0.25338 0.5166 0.3714 -0.97588 -0.11295 -0.11617 -0.98223 -0.80587 -0.032827 -0.10827 0.79375 -0.11156 0.23792 -0.11653 -0.28996 -0.68422 -0.29777 -0.073916 -0.20485 -0.52384 0.16635 -0.13948 0.69377 -0.6093 -0.60994 0.71721 -0.18102 0.21857 -0.27928 -0.79658 0.016715 0.26907 0.65191 -0.17545 -0.25702 0.33873 0.26916 0.3965 0.54863 -0.29563 0.080898 -0.66347 -0.36392 0.60779 -0.50619 -0.068156 0.056056 0.8695 -1.0082 0.46926 0.22783 0.078048 -0.057659 0.34712 -0.18338 -1.0019 0.27924 -0.038388 0.8951 0.15293 0.63343 -0.55645 -0.18589 -0.40057 -0.44828 -0.95822 0.65604 -0.16229 -0.024898 -0.37138 0.10113 0.088908 0.495 -1.0417 -1.007 -0.30938 0.60911 0.26515 -0.26279 -0.39856 -0.38977 -0.025119 -0.43606 0.34928 0.53465 -0.68756 0.053637 0.93229 0.33824 0.068072 0.322 0.38437 0.68896 -0.54233 0.40515 -0.66764 0.44659 -0.093226 0.69893 0.50434 0.33469 0.13623 -0.41411 0.017105 0.09246 -0.30081 -0.4223 -0.068142 0.12585 0.30833 0.49831 -0.5879 -0.40022 -0.63994 0.91715 0.011986 0.87585 0.28676 0.070999 0.53544 -0.83954 -0.56727 0.10863 0.38118 -0.074702 0.17531 0.31871 0.022981 0.27947 -0.098717 -0.089134 0.2919 0.15917 -0.51246 -0.5996 -0.20739 -0.02668 -0.041252 -1.007 -0.1281 -0.48304 -0.70981 -0.19223 0.13759 0.049912 0.069477 0.38184 -0.48787 0.12276 0.7236 0.35727 -0.78626 -0.8568 0.34118 0.58315 -0.14559 -0.053003 0.52825 0.34564 0.16793 -0.21181 -0.0034324 -0.22056 -0.86855 1.1163 0.14136 0.74778 0.77038 -0.35459 0.52827 -0.27001 -0.056267 -0.46014 0.41651 -0.32135 0.66439 -0.16944 0.7953 0.29971 -0.42092 -0.38055 -0.10919 0.048997 -0.26818 -0.65254 -0.1752 0.16039 0.30928 -0.21879 -0.16055 -0.019181 -0.51055 -0.17171 -0.23525 -0.046457 0.33257 0.59445 -0.45633 0.091785 -0.14812 -0.5743 0.40145 -0.21839 0.23373 -0.40347 -0.19896 0.041504 -0.11537 -0.42096 0.22798 -0.38752 0.70984 -0.34365 0.00059156 -0.20404 0.11512 0.7451 0.065087 0.0062001 -0.22894 -0.34207 0.49449 -0.1921 0.17299 -0.19818 0.05026 -0.31415 -0.78193 0.322 0.46224 0.16079 -0.85039 -0.078186 0.088251 0.28395 -0.30781 0.22018 0.30245 0.0068175 0.054626 -0.38735 0.76786 -0.69367 0.1117 0.16986 -0.70611 0.64236 0.044986 0.017213 0.40842 0.053552 0.12921 -0.25297 -0.19086 0.2705 -0.8971 0.27178 -0.20535 0.07926 1.1606 0.02581 0.39077 0.18617 -0.55636 0.09048 0.62277 -0.14006 0.10433 0.3664 0.21112 -0.44165 -0.74058 -0.1524 -0.42667 0.16398 -0.67554 -0.18528 0.61149 -0.24823 0.23573 0.12471 0.48866 0.4904 0.25591 0.15478 0.61233 0.28265 -0.47768 0.070084 0.029186 -0.36507
cosmopolitan 0.1965 -0.33201 0.53645 -0.28358 0.30619 0.49459 -0.17293 0.42821 0.54006 -0.21687 0.94777 -0.34526 0.19066 0.40043 0.16988 -0.41269 -0.21787 0.52181 0.02705 0.00011567 -0.54812 0.42123 -0.041916 0.24471 0.25065 0.21155 0.12222 0.37314 0.033239 0.25553 -0.34409 0.41448 -0.34649 0.038134 -0.036052 0.31515 0.1124 -0.11497 -0.54295 -0.050013 0.4422 0.0042514 0.53118 -0.20184 0.087017 0.35509 0.82038 0.21687 -0.29091 0.28684 0.51788 -0.6414 0.093075 -0.30799 0.69632 -0.16826 0.049856 -0.65919 0.64786 -0.38046 -0.28207 -0.040643 -0.022471 -0.43667 -0.083676 0.58898 0.12509 0.50481 -0.16948 -0.55688 -0.24319 -0.46745 -0.44471 -0.30722 0.41977 0.24803 -0.088581 0.22633 -0.026558 0.15624 -0.74564 0.069427 -0.21999 -0.90639 0.093938 -0.043906 0.056164 -0.42702 0.14503 -0.31621 -0.74861 -0.55611 -0.065674 0.5827 -0.11749 -0.28903 0.072175 0.11347 -0.16916 -0.40269 -0.22557 -0.23001 -0.19169 0.063996 -0.10141 -0.082783 0.31113 -0.1615 0.46674 0.48672 0.40838 0.29571 0.46284 -0.6145 0.27472 -0.41626 -0.17702 0.36866 -0.11437 -0.091199 0.3245 -0.23702 0.33212 0.71267 0.18418 0.50716 0.28154 0.1017 -0.58163 -0.037618 0.54508 -0.62353 0.27195 0.0082319 -0.076255 -0.2025 -0.036886 -0.91098 -0.097191 -0.032943 -0.23696 -0.10166 -0.27953 0.21739 0.46594 -0.14236 0.11043 0.13782 -0.88505 0.81795 0.17738 -0.078604 -0.034668 0.024432 -0.052931 -0.20276 -0.5592 -0.16262 0.65852 -0.22824 -0.02716 0.14517 0.02047 0.193 -0.78045 -0.79717 -0.17961 0.42422 0.4052 0.067743 -0.2861 0.044 -0.66066 0.28757 0.10647 0.30447 0.37605 -0.072536 0.17525 -0.183 0.023577 0.085808 -0.039365 0.19741 0.53857 0.0055034 0.25904 -0.21099 -0.52059 -0.61202 0.097761 -0.00095778 -0.3171 -0.001782 0.34472 0.18161 -0.1553 -0.17808 -0.57592 0.22948 0.32419 -0.030637 -0.22921 0.55378 -0.52682 -0.17333 0.63444 0.054167 0.34057 0.0139 -0.38158 0.45068 0.063518 0.38027 0.046586 0.028777 -0.33734 -0.63332 -0.10066 0.25673 0.045454 0.55041 -0.15542 0.44194 -0.61987 0.36534 0.060011 -0.006466 0.085548 -0.43493 -0.066592 0.58125 -0.50791 -0.13364 -0.085046 0.14011 0.17829 -0.2621 -0.35765 0.28799 -0.026427 -0.25812 0.27775 0.66206 -0.38944 0.34038 -0.33906 0.11094 0.13378 0.13241 0.75528 -0.77382 0.081078 0.52644 -0.1365 0.19088 -0.40276 0.36098 -0.12653 -0.50963 0.13346 0.20329 0.056922 0.22704 -0.82234 -0.52875 0.19696 0.20905 0.44126 0.51904 -0.21185 0.14791 0.12598 -0.085473 0.34992 0.28415 0.47911 0.30536 -0.26159 -0.35695 -0.69149 0.34819 -0.69091 0.2812 -0.30427 0.14588 -0.020439 0.58941 -0.075445 -0.25263 0.25641 0.088593 -0.066548 0.18964 0.60926 0.033072 -0.13969 0.22915 -0.59657 -0.19211
southward -0.26727 -0.72513 0.049086 -0.093954 -0.29665 -0.12793 -0.076438 -0.074935 0.52245 -0.25981 -0.89598 0.17374 -0.079558 -0.087612 -0.18464 0.020555 0.01 -0.12726 0.92928 0.84192 -0.46722 0.021123 -0.33255 0.022502 0.078535 0.10503 0.28572 0.21168 -0.30872 0.090423 0.61778 0.34217 0.39022 -0.18674 0.95072 0.13497 -0.43487 0.30338 0.36795 0.04143 -0.16446 0.55123 -0.35067 -0.19887 0.93208 0.41009 0.42093 0.16124 0.030632 0.019027 -0.46617 -0.14411 0.22176 -0.17828 0.45998 -0.33392 0.53785 0.12019 0.47123 0.46961 0.080199 0.20731 0.59596 0.068772 -0.1166 0.67708 -0.55581 0.7389 0.092765 -0.30343 0.53653 -0.41726 0.10318 0.17112 0.40158 -0.3356 -0.028749 0.031269 0.1188 -0.71628 -0.0059928 -0.013698 -0.40804 -0.3511 -0.19514 -0.58388 0.056314 -0.43947 0.99986 -0.38278 0.29119 -0.23244 0.28534 -0.01415 -0.65518 0.23872 -0.41311 0.33087 -0.085071 0.65885 0.056616 0.57781 -0.23056 0.090791 -0.0009003 -0.22047 0.23501 -0.057731 0.50928 0.63072 -0.1964 -0.4845 -0.45926 0.029451 -0.37417 -0.022578 -0.49229 0.15795 -0.22686 -0.16868 0.16287 -0.36001 -0.43081 0.11414 0.1529 0.7382 -0.012261 -0.40695 0.24793 0.082594 -0.29051 0.12774 -0.019395 -0.010547 0.51794 -0.078467 0.40117 0.072067 0.30507 0.12426 0.20088 -0.10948 -0.71865 0.3036 -0.26404 0.11921 -0.25702 0.31529 -0.46242 -0.38938 0.2528 0.2011 0.02365 -0.28771 0.89912 -0.40557 0.41847 -0.70792 -0.25413 -0.052748 -0.44805 -0.0013361 -0.24765 -0.3861 0.16998 -0.35092 0.27989 0.015343 -0.24183 -0.01446 0.2409 -0.16962 0.58152 -0.19917 -0.41218 -0.024114 -0.037901 -0.036626 0.14896 -0.022473 -0.33257 -0.053779 0.11626 0.42821 0.71553 -0.14556 -0.085025 -0.03868 -0.40177 -0.1515 -0.21771 0.77865 -0.19061 0.15381 -0.38106 0.27539 0.46914 -0.61174 0.89808 0.015193 0.070919 -0.99327 -0.019142 0.20386 -0.060815 0.22516 -0.41566 -0.20328 0.50561 0.59675 -0.13434 0.23031 0.63079 0.56001 -0.085573 -0.034131 0.1354 0.0080275 0.479 -0.56589 0.60892 0.043884 -0.25116 -0.30613 -0.13956 -0.13146 0.36643 0.0080789 0.48805 0.030548 0.18214 -0.099172 0.0089275 -0.45189 -0.0055766 -0.3832 -0.57541 -0.1503 0.189 -0.11068 -0.35001 0.37208 -0.088183 0.20141 -0.12537 -0.40569 0.4121 0.24192 0.31091 0.25127 -0.073979 0.080558 0.031792 0.48536 0.028248 -0.1589 -0.30013 0.28573 -0.71958 0.28318 -0.23297 -0.46722 0.089122 0.11223 -0.43324 -0.0014264 -0.29632 -0.30414 -0.20008 0.19137 0.4904 -0.47244 -0.23427 0.32114 0.28984 -0.42881 -0.12056 0.12747 0.11491 0.027906 -0.12863 0.071393 0.45901 0.062353 -0.2325 -0.097511 0.54465 -0.14241 -0.21798 0.2305 0.14279 0.36323 0.31696 0.4496 0.010841 0.28566 0.034149 0.04138 0.61801 -0.1945
equator -0.20829 0.19827 -0.6221 -0.11128 -1.2522 0.25711 -0.30866 -0.45286 0.33659 -0.67087 -0.24427 0.47178 -0.2677 0.10745 -0.30071 0.79645 -0.60076 0.13348 -0.23792 0.18691 -0.050002 0.41307 -0.31091 -0.41072 0.2108 0.29432 0.02023 0.12899 -0.25363 -0.41864 0.78538 0.43506 -0.392 -0.22499 0.66815 -0.027252 0.0072437 -0.060794 0.39351 0.30293 0.098752 -0.094458 -0.64517 -0.60638 0.016277 0.11658 0.41544 -0.35529 0.40474 -0.28247 0.12477 -0.49259 0.93015 -0.27812 -0.24972 -0.41919 0.38612 -0.37712 -0.079197 0.96238 0.067021 0.44107 0.56431 -0.57981 0.23233 0.84816 -0.049268 0.69924 -0.44274 0.69816 0.53485 0.62467 -0.25519 -0.21949 0.033104 0.3203 0.41247 -0.28923 -0.16094 -0.32263 -0.21243 0.072081 -0.57255 0.27844 -0.99655 -0.45434 0.19353 -0.36045 0.21102 -0.30383 0.20425 -0.18238 0.30204 -0.39198 -0.79772 0.055082 -0.18352 0.092403 -0.17415 0.37785 0.6325 0.42078 -0.024378 0.69582 -0.36097 0.25991 0.26371 0.57814 0.30164 0.21746 0.12868 -0.71574 0.19675 -0.082486 -0.33303 -0.16036 -0.41199 -0.20988 0.39653 0.12066 0.1755 -0.093751 -0.019726 0.37703 0.25964 0.76259 0.18924 0.20286 -0.22133 -0.31535 -0.94812 -0.096237 0.44061 0.26472 -0.15694 0.18704 0.59852 -0.29358 0.11974 -0.26696 -0.16925 0.53498 -0.60139 -0.35936 0.012918 -0.45607 -0.81678 -0.22353 -0.052395 -0.85893 -0.078522 0.19199 0.2424 -0.33946 0.53221 -0.15781 -0.11816 0.0070195 0.27 0.14509 -0.4524 -0.93772 0.23051 -0.019278 0.26575 -0.26206 -0.061385 0.13077 0.22401 -0.1346 -0.53818 0.12268 0.11595 -0.12297 0.10985 -0.1422 0.043327 -0.27967 0.071153 -0.078505 -0.024605 -0.23795 0.14217 0.57569 0.3594 -0.33189 0.28471 0.12292 -0.80785 -0.073656 0.034225 0.13571 0.35309 0.11141 -0.55745 0.43582 -0.29235 -0.62608 -0.54401 -0.073133 0.41709 -0.035745 -0.62742 0.12363 0.083706 0.38046 0.22775 -0.20986 0.44162 -0.0892 0.16831 0.14843 0.84102 -0.18015 -0.24994 0.32967 0.31762 -0.58599 -0.26442 -0.44702 0.6694 0.28512 -0.077075 0.11695 -0.10474 0.043549 -0.87494 0.02917 -0.089265 0.43043 0.13694 0.20253 -0.17816 -0.69685 -0.63949 -0.47592 -0.35097 0.1163 0.73598 -0.27416 -0.60647 0.010529 0.054594 -0.19037 0.12111 -0.19012 0.040125 0.66391 0.43384 0.28119 -0.09819 -0.083104 -0.62578 0.21313 -0.92748 0.49024 -0.41456 -0.73781 0.18827 0.095499 0.55697 0.22206 0.067957 -0.07552 -0.0041848 0.28651 0.23423 0.057876 1.0843 0.81262 -0.13014 0.066807 0.10726 0.45461 0.30958 0.26848 -0.25409 -0.18027 -0.31195 0.3718 -0.043614 0.55141 -0.47696 -0.36391 -0.50617 -0.49982 0.53648 -0.94777 0.019843 0.34382 0.20334 0.58085 -0.20128 -0.27372 0.16675 0.0053777 -0.35449 -0.0036595 0.56461 0.098618
