name,country,latitude,longitude,entity_lat,entity_lon,w2v_words_lat,w2v_words_lon,GloVe_lat,GloVe_lon,fastText_lat,fastText_lon,pythia_lat,pythia_lon,llama_lat,llama_lon
Canning Town station,United_Kingdom,51.514,0.0083,45.34587,-25.500906,25.703465,35.827282,24.774887,26.024069,19.363922,45.53839,48.829807,10.272605,51.344067,-0.087724686
Finsbury Park station,United_Kingdom,51.5647,-0.106366,54.333565,31.05949,38.015533,12.060163,33.975327,23.90526,43.349335,-2.707592,52.369156,6.6843843,50.652115,3.4992533
1 Utama,Malaysia,3.14815,101.616,26.084381,91.51869,14.070141,70.72749,32.43407,-3.0860877,8.398415,50.599266,2.1219501,112.96388,17.103802,50.384296
Thanet Wind Farm,England,51.4306,1.6331,45.498474,15.425474,49.272305,-4.0464034,42.803387,15.137041,34.28446,19.054123,35.59833,40.775734,47.23458,11.787002
Fort Rotterdam,Indonesia,-5.13417,119.406,6.6635675,114.54961,41.42096,-51.604755,50.226833,-41.0025,48.793324,-45.08645,44.9666,-2.713131,21.501968,-3.7478685
Baltit Fort,Pakistan,36.3256,74.6697,40.040947,4.079008,38.353497,-35.426422,48.573654,-97.39808,40.023106,-71.63656,22.181927,57.203167,50.835323,69.07336
"Landmark Theatre (Syracuse, New York)",United_States,43.0474,-76.1526,35.706814,-98.45184,34.55787,-42.366898,37.246532,-55.607124,30.350456,-26.160774,34.691635,-73.56496,36.369606,-89.25228
Roseland Theatre (Nova Scotia),Canada,45.5865,-62.6452,24.273895,-75.982025,40.201633,-57.11313,35.926273,-60.459,33.212337,-61.979767,46.178947,-81.70378,39.692356,-71.749664
"Proctor's Theatre (Schenectady, New York)",United_States,42.8122,-73.9419,34.245243,7.665474,36.516094,-51.24612,37.357826,-58.281868,38.69333,-39.87149,41.37843,-75.22121,38.940376,-82.24134
Jerónimos Monastery,Portugal,38.6978,-9.20611,39.41355,-22.04602,60.83744,-23.100037,52.163612,6.283869,59.925346,-23.364944,37.68172,3.2259703,43.03411,-19.588573
Fort Augustus Abbey,Scotland,57.145,-4.676,53.137257,-16.067543,39.93604,-45.340797,42.555656,-28.313198,49.332268,-49.554413,42.985664,4.2007895,56.982517,-6.092347
Santa Maria della Pace,Italy,41.8999,12.4716,52.24049,-6.6043935,27.11035,-14.529782,29.913197,-20.41983,35.246613,-20.420975,42.357277,7.135275,35.413025,27.443058
San Lorenzo in Lucina,Italy,41.9034,12.4787,44.708977,20.150791,32.22274,-43.588135,35.3054,-49.79999,20.602547,-26.565079,38.484352,11.831678,42.543083,9.992373
James R. Thompson Center,United_States,41.8853,-87.6317,32.819855,-67.86174,34.730457,-32.07937,36.841576,-33.64838,33.33131,-41.02073,33.39472,-72.05928,37.656425,-73.75257
Siena Cathedral,Italy,43.3177,11.329,55.58939,-58.462555,39.19347,16.904926,57.680237,-21.29431,43.573074,3.7444782,47.26964,7.0175915,45.957943,6.051526
Siliwangi Stadium,Indonesia,-6.91031,107.619,1.1480236,80.099106,10.179876,56.197796,21.793802,-9.838065,13.683857,74.48007,16.424858,72.7831,-1.070198,100.38848
Mandala Krida Stadium,Indonesia,-7.79583,110.384,7.030698,96.46332,17.9567,80.72261,10.812374,69.17123,6.7817955,69.029205,17.907688,83.699005,-3.5808868,122.140755
UCCU Center,United_States,40.2787,-111.717,63.85182,-122.438354,47.33568,-67.29545,41.420204,-66.83374,44.223892,-66.476814,29.667824,-32.10362,27.068409,-68.492874
"Government House, Hong Kong",Hong_Kong,22.2787,114.157,27.296268,91.256134,2.349495,91.8188,8.321131,99.60707,9.646985,93.1413,15.181109,90.08182,13.783051,111.995636
El Gigante de Alberdi,Argentina,-31.4035,-64.2063,-4.768118,-23.993092,6.1988754,-67.43947,14.293783,-65.87869,2.6186256,-67.682526,1.5072098,-61.620434,-22.810028,-69.091995
Belfast City Hall,Northern_Ireland,54.5964,-5.93,59.238785,16.55582,32.001602,13.887837,32.597122,30.653563,29.61868,14.9612255,54.29231,-5.856777,51.829506,19.505154
Mariinsky Theatre,Russia,59.9256,30.2961,54.109467,9.5276985,45.361374,15.5003805,51.308784,-35.296425,43.675488,7.7245445,53.91807,12.694051,53.60695,48.56819
"Nehru Stadium, Guwahati",India,26.1806,91.758,2.5249405,66.84767,18.577663,60.659695,6.7005615,93.89395,15.326505,70.619446,27.918562,77.82298,17.488722,88.52246
Palace of Moncloa,Spain,40.4436,-3.7371,18.1843,4.72882,35.717815,16.67924,35.219807,27.357069,32.09182,29.60459,30.193817,-22.704468,44.282234,-0.24634075
Estadio Padre Ernesto Martearena,Argentina,-24.8209,-65.4192,-13.918022,-73.55278,-3.8798447,-31.006231,6.618185,-69.34205,7.10235,-72.35598,-10.700521,-68.801834,-20.109253,-77.07827
Hilton London Metropole,United_Kingdom,51.5193,-0.16949,41.823486,17.684647,26.04671,-0.9687419,30.539968,-16.605577,26.54735,-10.084961,24.885326,28.177376,60.206696,-18.907967
Outspan Hotel,Kenya,-0.4209,36.9418,7.7262735,30.133324,14.786668,-10.347295,15.68,-22.709234,14.831918,-9.14349,25.765793,2.5165482,-0.17926788,54.492184
Old Mill Toronto,Canada,43.6508,-79.4933,43.443737,-49.634815,43.017586,-45.026657,50.87139,-51.72064,43.905643,-38.295357,47.32479,-57.201588,49.718082,-80.83944
Whitney Peak Hotel,United_States,39.528,-119.814,44.793865,-92.30092,33.852043,-36.613483,31.635965,-28.02467,30.71706,-20.898266,22.274494,-34.07642,38.855812,-77.459114
Galle Face Hotel,Sri_Lanka,6.92,79.8462,6.42346,103.49455,14.863586,24.764503,7.533436,55.707172,17.773718,36.143494,-0.46115875,82.54903,-0.0768013,75.0455
The Lensbury,United_Kingdom,51.4278,-0.3186,26.857231,-25.550444,34.298233,12.357394,26.587511,2.9038336,35.081978,-4.159794,34.071217,9.319772,55.9142,3.994649
Balmoral Hotel,Scotland,55.9529,-3.18951,36.60463,15.5063305,14.776287,14.320869,15.916626,5.6477385,16.402596,35.159893,36.78174,-16.512798,38.037308,5.7943287
Laufen Castle (Switzerland),Switzerland,47.6766,8.61504,43.759598,28.668396,43.195297,30.263733,49.995335,21.688429,54.74576,7.606209,40.19786,3.8253508,43.21179,5.842008
Vadstena Castle,Sweden,58.4458,14.8836,59.081684,25.966595,62.768448,19.474281,68.18295,10.899277,68.7381,20.361403,61.646255,3.6540108,57.66992,0.80998707
Kyrenia Castle,De_facto,35.3414,33.3222,48.53927,-12.284381,51.881264,5.487411,46.35746,52.028633,57.612476,48.79891,48.46177,26.465563,44.96701,23.693188
Parke's Castle,Republic_of_Ireland,54.2648,-8.33443,61.180676,-69.02811,49.700584,-1.5282022,62.81968,23.88226,59.6763,6.481884,41.871716,-0.8743439,46.337547,-16.074516
Banff Castle,Scotland,57.6666,-2.5224,52.68371,-2.9860382,53.77146,-20.148462,43.89746,7.7877626,74.07004,-39.376472,49.522224,-46.88712,54.512398,-39.69128
Altenburg (Bamberg),Germany,49.881,10.869,45.88294,5.2413673,56.319942,31.334564,48.75159,9.857708,64.80998,-32.018394,49.860718,-7.7250175,54.0017,-4.8131666
Dromoland Castle,Republic_of_Ireland,52.7833,-8.90597,30.587349,-25.060629,59.495216,-18.433485,55.81719,-8.718111,55.199745,-6.6015778,41.020508,-0.34249687,55.08053,-19.893665
Qasr al-Hayr al-Sharqi,Syria,35.0739,39.0711,54.262268,1.5154133,33.403664,48.814556,9.667732,69.23861,30.565296,42.32088,28.983887,49.73124,27.527222,22.465122
Rosenborg Castle,Denmark,55.6856,12.5778,60.46966,-8.2074175,67.091675,-8.174313,74.1376,-0.3866353,74.41469,-17.631554,62.272285,18.391922,48.18322,12.104271
Bled Castle,Slovenia,46.3697,14.1006,40.010796,27.253834,50.498413,-26.71343,60.200447,-10.922848,45.76323,3.1445026,46.328293,23.210629,42.922226,-0.43746662
Tenczyn Castle,Poland,50.1022,19.5818,50.46422,26.523842,53.07006,10.792864,62.81968,23.88226,59.6763,6.481884,56.072784,21.461401,48.982155,22.584152
Wachsenburg Castle,Germany,50.8583,10.8764,44.552387,40.493065,49.144295,37.44349,62.81968,23.88226,59.6763,6.481884,48.710308,15.848485,47.596046,1.8745718
Waldburg Castle,Germany,47.7589,9.71194,49.001137,-7.857357,53.43238,2.153318,51.742424,22.405828,61.693806,-6.090294,48.319633,7.885751,51.880264,6.2299232
Chillon Castle,Switzerland,46.4142,6.92755,54.93046,-25.887192,37.374084,-22.008133,53.065544,-15.278039,42.004158,-10.713615,45.531006,-0.18291473,44.21861,2.4692774
Morosco Theatre,United_States,40.758,-73.9857,41.656948,-46.715183,47.125813,-65.30256,55.84362,-71.87886,41.994446,-62.581512,36.468742,-68.86481,33.9681,-85.616776
Tanghalang Pambansa,Philippines,14.5567,120.981,14.373737,84.99727,19.657799,64.200905,34.528217,37.870384,11.814644,74.05298,3.6847897,121.595184,10.053621,112.61465
Arts Theatre,United_Kingdom,51.5119,-0.1275,28.731611,65.38043,41.33458,-20.115772,43.762154,-41.72064,33.3743,-9.561863,33.602566,-35.152996,28.597591,17.07603
Shubert Theatre (New Haven),United_States,41.3065,-72.9291,44.59957,-36.807934,39.170868,-19.183702,41.091694,-60.877285,31.095568,-17.632504,41.679665,-75.41646,40.46002,-70.653404
Ford's Theatre,United_States,38.8967,-77.0257,48.700844,-104.10306,48.309944,-32.999718,55.105644,-75.90538,40.107494,-30.663845,43.34371,-79.07916,37.269325,-62.518818
La Comedia Dinner Theatre,United_States,39.5622,-84.2592,40.66272,-53.684685,28.914663,-34.40526,34.145172,-69.14419,29.528631,-41.67842,32.440506,-44.42992,36.98308,-99.76542
New York Theatre Workshop,United_States,40.7267,-73.99,37.070305,-14.236861,33.27663,-21.386768,32.5439,-35.506783,33.071266,-16.748165,46.016655,-50.30254,41.0073,-85.407555
Yale Repertory Theatre,United_States,41.3083,-72.9315,62.16214,-145.51543,51.126396,-44.995388,46.870747,-78.407135,37.4441,-39.034966,41.97242,-75.460556,40.94568,-79.340904
Playwrights Horizons,United_States,40.7586,-73.9936,50.32479,-36.026024,47.83609,-51.7114,49.593864,-66.15546,46.17908,-52.42556,38.970432,-73.9962,39.7135,-90.31387
McCarter Theatre,United_States,40.3443,-74.6607,35.09691,-74.96274,48.850403,-47.031433,52.28627,-87.08202,44.049065,-51.307518,40.545967,-82.69275,30.048185,-61.803196
Menier Chocolate Factory,England,51.5051,-0.0972,27.201015,7.6461935,36.183735,-35.515835,44.673546,-87.61758,27.710447,3.967949,36.77956,7.9904795,55.65116,-1.874217
Fulton Theatre,United_States,40.7587,-73.9856,40.964935,12.157139,39.49522,-34.268955,39.00714,-53.865765,40.288986,-31.484001,40.535515,-67.70802,41.860012,-67.11621
Morris A. Mechanic Theatre,United_States,39.289,-76.6158,43.53575,-35.81894,40.06665,-23.241407,43.953945,-49.761894,29.784883,-22.39647,43.007816,-59.221706,41.56256,-85.358444
Bridge Theatre,United_Kingdom,51.504,-0.0774,36.67256,1.6128044,44.268852,-10.056456,41.21011,-28.873354,45.380264,0.9072094,38.801716,-48.570972,43.67491,6.120589
Dee and Charles Wyly Theatre,United_States,32.7899,-96.7964,25.356518,-45.071365,33.136368,-23.860308,31.501314,-28.27802,27.866234,-12.585983,30.817358,-75.42174,33.6287,-88.83282
Watermill Theatre,United_Kingdom,51.4213,-1.35247,37.97265,10.56629,57.22337,-26.513653,64.88721,-87.200325,63.033367,-58.18226,38.851482,-69.74199,50.552433,11.142011
Théâtre de l'Œuvre,France,48.881,2.3285,29.708878,-5.2647147,39.893192,-12.492963,40.725006,-49.135128,40.22887,-21.55967,39.89032,-4.9967747,53.69242,-21.248615
Playhouse Theatre (New York City),United_States,40.7594,-73.9825,50.211838,-50.962288,30.740341,-29.77181,30.888645,-38.83039,31.171389,-26.520374,34.838497,-62.264606,36.50503,-66.494804
South Gippsland Freeway,Australia,-37.9909,145.255,-32.396214,127.981674,-39.830444,128.87341,-32.834293,114.6857,-31.764114,125.82989,-49.974876,187.05507,-47.481705,171.35097
Princes Motorway,Australia,-34.4014,150.872,-30.94545,167.8085,22.452736,72.07128,14.483643,89.85762,-0.4630432,177.15878,0.25052452,100.799545,-1.418251,111.10256
Augusta Highway,Australia,-32.4803,137.753,-16.475918,111.825806,-1.0639229,30.050055,0.7727585,41.180508,9.37761,19.869,-35.929382,123.87677,3.8330688,31.81435
Stuart Highway,Australia,-12.4546,130.839,-30.6072,103.99255,11.894012,20.223434,3.2200851,25.372059,9.947982,39.39421,-36.355812,149.87953,-32.495865,146.51973
Majura Parkway,Australia,-35.3017,149.174,-23.18457,138.66747,8.836628,62.653786,24.30724,31.508284,9.533325,36.24566,0.7142029,85.30983,-50.608948,193.03368
"George Street, Sydney",Australia,-33.8563,151.208,-36.196655,160.0838,2.7920742,66.74304,2.2908688,71.99941,0.060159683,67.79655,-36.711136,160.37062,-33.700066,151.01117
"Bridge Road, Melbourne",Australia,-37.8176,144.99,-14.775505,89.55945,5.364786,83.749405,2.2933464,79.588585,6.365608,100.72246,-40.484657,163.72185,-38.530304,143.91995
Barrier Highway,Australia,-34.2317,138.739,-25.593304,122.88898,7.7924156,23.584686,2.2396011,20.608564,1.2667923,55.160942,-3.5915718,92.813736,-28.193554,143.04439
CityLink,Australia,-37.7353,144.904,-28.574665,160.0579,19.46811,50.36727,14.24728,17.704256,-12.374138,111.78046,-3.049179,106.02591,6.5788517,77.75099
General Holmes Drive,Australia,-33.9338,151.192,-28.877426,137.82764,30.583975,-27.112612,25.785872,-32.7091,32.68287,-17.805206,15.98132,14.507269,10.57494,16.180683
"Crown Street, Sydney",Australia,-33.871,151.217,-22.960526,99.502304,1.3553543,80.13952,0.5958481,96.14443,4.0728073,84.87254,-36.821747,162.76541,-36.11206,159.32404
Bloomfield Track,Australia,-15.8577,145.327,-27.79459,105.68886,43.681194,-9.370371,40.94879,-20.208366,27.829884,12.77507,0.8228512,39.354115,35.609165,-11.602113
RM Williams Way,Australia,-33.72,138.58,-11.347679,92.918106,29.607094,-10.677446,26.910095,-3.5946572,28.810118,-17.715973,2.4487133,49.804886,-40.869705,184.81467
Waterfall Way,Australia,-30.4622,153.0,-16.062424,130.60716,20.526882,18.759901,20.47376,16.498114,18.547054,69.59973,5.659998,62.175514,-35.775604,179.52467
"William Street, Melbourne",Australia,-37.813,144.957,-33.289845,120.76436,3.709568,60.541286,10.686312,34.003876,0.20633888,80.19791,-40.550797,153.87529,-37.558083,149.64871
"Exhibition Street, Melbourne",Australia,-37.813,144.971,-35.07781,123.803955,0.6059303,85.64493,3.193386,90.60028,2.6980743,100.86664,-41.71129,168.78923,-41.763535,158.00809
Parramatta Road,Australia,-33.8681,151.099,-25.836636,145.45615,-9.436474,121.12186,3.8590698,99.74279,-4.304983,134.42137,-42.708984,172.36607,-30.406872,142.97087
Gunbarrel Highway,Australia,-25.7963,122.953,-14.604271,127.36252,13.248425,-5.3851604,0.010410309,5.825327,7.2690277,13.5590315,-7.3762836,48.892677,-16.335464,84.61723
Eastern Freeway (Melbourne),Australia,-37.7944,144.99,-31.455486,90.87671,-16.462502,99.755066,-7.5460205,89.52805,-10.0584755,107.390625,-33.72722,140.93959,-25.895542,128.88045
"North Terrace, Adelaide",Australia,-34.9221,138.587,-23.645298,123.6727,-7.343899,75.659386,-4.2512207,81.09851,-5.5592537,80.67613,-44.735016,117.82825,-42.129234,143.33833
North West Coastal Highway,Australia,-28.042,114.674,-12.729492,60.08955,5.8574886,37.745296,9.285854,24.237589,10.068311,33.433517,-44.488327,156.07678,-25.86523,117.4133
Majestic Theatre (San Antonio),United_States,29.4261,-98.49,39.008698,-61.19547,30.763353,-43.888817,28.538538,-69.17699,22.921415,-43.853683,36.188175,-93.143265,36.3326,-86.99184
Mayo Performing Arts Center,United_States,40.7941,-74.4781,48.113388,-50.033314,31.67314,-38.639668,25.768429,-30.981907,25.710823,-27.719994,40.636772,-84.76741,41.204758,-57.53317
Straz Center for the Performing Arts,United_States,27.9515,-82.4639,42.017414,-75.73988,37.172066,-14.559469,31.826332,-22.953405,32.66259,-6.2963486,41.453384,-54.722797,28.564842,-88.737946
Mount Baker Theatre,United_States,48.7522,-122.477,43.109505,-80.189835,29.685555,-4.583513,28.171642,-10.64867,27.21884,-1.1811237,37.045574,-71.68654,40.69907,-95.65623
"The Rex, Berkhamsted",United_Kingdom,51.7588,-0.560389,41.087967,-5.9932156,39.407677,-27.302252,30.555408,-28.760155,34.544147,-15.020721,53.06099,-14.750519,56.29132,4.599665
Morris Performing Arts Center,United_States,41.6783,-86.2506,28.15879,-43.09733,36.375183,-25.480728,35.78705,-20.134481,26.970278,-17.006641,37.500732,-69.37334,34.662575,-79.16338
Bristol Hippodrome,"England,_United_Kingdom",51.4531,-2.5981,48.285645,2.649372,51.416687,-40.17002,43.911102,2.6882412,50.95093,-64.750656,46.485714,-4.8485165,56.76365,-12.958726
"Grand Theatre, Warsaw",Poland,52.243,21.011,48.51403,-20.036772,45.31735,6.0283194,48.261536,4.9551935,43.77131,-11.554855,54.313393,20.811476,49.80048,8.128904
Lenkom Theatre,Russia,55.7678,37.6067,58.6098,38.15543,59.423035,-27.154728,57.380585,-64.60498,47.281204,-20.976566,41.047462,20.438969,51.521824,56.757526
Rodney Bingenheimer's English Disco,United_States,34.0981,-118.357,31.350357,-63.613667,34.710075,-21.251722,28.499954,5.117609,21.771236,-30.663155,41.886154,-26.950996,50.128517,-15.374587
Plaza Theatre (El Paso),United_States,31.7586,-106.486,35.524864,-190.63164,22.698336,-85.566864,24.726198,-80.524315,11.432248,-71.089615,36.500687,-104.790436,36.587208,-83.485664
BATS Theatre,New_Zealand,-41.2936,174.784,-1.3357143,70.74097,40.092617,-34.15273,45.31251,-65.210304,37.724667,-44.619385,32.37203,-30.048386,20.85616,-15.650395
Manila Metropolitan Theater,Philippines,14.5942,120.98,8.043862,77.8492,20.395626,29.98572,16.446995,2.1792607,26.32172,19.395359,27.406143,52.343212,15.740543,82.15816
White Rock Theatre,England,50.8537,0.572251,48.81565,-40.178917,38.02437,-38.66705,35.267384,-37.23769,32.07723,-44.87944,37.85413,-61.081364,40.289402,-32.156498
Tron Theatre,Scotland,55.8569,-4.24554,51.20182,-20.623495,54.27794,-28.265572,61.964706,-48.968376,53.605095,-12.449516,37.25322,-38.22723,50.285873,11.792428
Kalita Humphreys Theater,United_States,32.8108,-96.8007,32.317856,-59.047043,56.6754,-11.846371,49.601467,-66.50152,49.24527,-34.682625,39.95677,-58.0405,38.411907,-82.15751
Atlas Performing Arts Center,United_States,38.8997,-76.9875,42.521236,-62.83645,36.097805,-24.784512,35.41999,-29.554968,26.720257,-15.116459,35.750732,-78.95001,40.22525,-92.52651
Atlanta Symphony Hall,United_States,33.7892,-84.3851,42.13853,-81.52324,33.432014,-36.474854,48.228607,-33.588394,35.680244,-51.959045,44.819214,-92.17749,32.815235,-72.48676
Rose Wagner Performing Arts Center,United_States,40.7631,-111.896,37.645004,-28.107023,33.61163,-25.053972,34.99219,-40.70694,26.849215,-22.331581,41.647194,-83.19583,37.192207,-105.762505
Suvarna Vidhana Soudha,India,15.8134,74.5714,34.827858,53.924065,17.648777,115.15789,35.006966,10.230259,17.848375,105.65799,24.79958,89.841675,12.178019,84.75243
Le Lido,France,48.8724,2.30056,48.580673,-89.80676,51.137703,-21.499825,58.939083,-4.042367,49.97945,5.981188,38.156265,-9.410757,35.81681,11.353594
Miller Outdoor Theatre,United_States,29.7191,-95.3887,32.65085,-56.605087,41.918,-39.722237,43.19808,-41.43136,44.953655,-60.01174,31.484306,-52.948193,26.097874,-78.8544
Wortham Theater Center,United_States,29.7633,-95.3656,21.79776,-40.81403,44.577072,-54.205227,50.130188,-87.999245,49.252083,-77.903206,46.397926,-80.37056,36.837475,-98.59855
Riverside Theater (Milwaukee),United_States,43.0391,-87.9109,50.11502,-111.34326,44.64909,-75.27276,48.81083,-93.12916,49.54959,-90.199036,42.693565,-98.14737,41.34967,-82.68222
Suzanne Roberts Theatre,United_States,39.945,-75.1656,53.382988,-56.917545,37.298317,-24.889397,43.380722,-34.848885,36.22651,-57.58863,35.452797,-53.891636,38.995064,-71.02179
National Theatre of Opera and Ballet of Albania,Albania,41.3286,19.8192,43.01885,30.186268,31.94639,7.8824263,29.198154,-3.3548174,27.70515,17.83506,34.163063,40.166397,46.954464,20.32037
National Bunraku Theatre,Japan,34.6675,135.509,28.78878,96.84477,38.09375,6.259804,34.215458,-26.811155,34.13643,28.906452,37.40394,70.51944,25.957542,132.01056
National Opera of Ukraine,Ukraine,50.4467,30.5125,44.792732,37.187054,30.249825,21.394262,30.88401,24.14233,25.329735,39.506912,43.932365,38.261803,51.460835,2.3118296
Raimund Theater,Austria,48.1922,16.3397,45.173386,36.060394,34.25636,-13.616175,60.267532,-86.374214,36.40102,-34.2495,48.990246,-28.338825,47.8601,-0.38223934
"Regent Theatre, Melbourne",Australia,-37.8155,144.967,-25.598576,120.02466,8.950039,64.86573,4.6459312,63.00258,3.6811428,71.35838,-30.518831,135.43942,-27.081425,123.75999
Omaha Community Playhouse,United_States,41.2639,-96.0203,40.072952,-97.74225,38.973793,-77.41118,33.81971,-55.179527,44.380684,-92.61639,42.466995,-72.115005,40.190052,-91.18997
Old Joint Stock Theatre,England,52.4811,-1.9,27.500563,43.25385,33.494236,9.078879,39.671234,-4.0794744,42.758896,5.073471,40.685402,4.5082455,48.741447,2.4723644
Damascus Opera House,Syria,33.5122,36.2786,24.110826,54.183544,30.641577,16.789305,39.379948,12.796283,40.62254,25.473408,43.615097,26.825012,40.39145,38.977413
Aliw Theater,Philippines,14.5569,120.986,27.804512,67.48564,30.124187,22.148077,55.366333,-39.123623,33.41914,-19.680634,27.215185,14.650183,15.2486,116.64167
Abbeydale Picture House,England,53.3594,-1.47992,37.880432,15.477964,50.56428,-31.037197,44.295715,-17.032854,47.375652,18.997887,45.598705,17.027386,47.47915,3.8467512
Duke Energy Center for the Performing Arts,United_States,35.7713,-78.6395,34.802345,-52.930668,33.552483,-6.9660006,31.96278,-14.527089,32.32212,-15.0205,37.923477,-69.8376,33.90971,-88.09247
Festspielhaus Hellerau,Germany,51.1138,13.7531,39.158062,40.852753,40.85919,26.96529,48.255596,-3.328405,53.725998,24.164818,55.296345,7.7007246,52.109177,-11.500697
Everyman Palace Theatre,Ireland,51.9014,-8.4682,39.3183,-6.126861,45.20498,-7.923084,43.523342,-0.34285688,45.188446,2.8198109,39.4512,-23.163055,54.92962,-15.784326
Lausanne Opera,Switzerland,46.5181,6.6369,33.89125,6.152622,36.05608,-7.518213,41.600693,7.473323,40.907364,1.1354103,35.146538,6.777195,36.217953,-4.419574
Warsaw Fotoplastikon,Poland,52.2288,21.0085,41.321407,-23.706264,52.703644,8.385372,56.563084,35.89692,59.67961,-5.2371254,70.71383,62.281643,60.154816,-0.57057
Wellmont Theater,United_States,40.8126,-74.2166,44.675014,-63.345924,43.781506,-54.522854,62.241516,-121.54252,46.313828,-74.86727,42.64309,-80.85202,43.86064,-45.155666
Tanghalang Francisco Balagtas,Philippines,14.5567,120.981,17.27567,51.89579,12.999359,1.327244,32.91666,-24.702253,15.4270525,-8.264439,8.773949,94.29813,9.013653,66.522446
Tennessee Performing Arts Center,United_States,36.1649,-86.7817,39.835686,-51.92613,38.03591,-59.848427,33.870934,-49.82772,29.18737,-36.814804,38.49289,-75.866165,32.754795,-59.964893
Folies Bergère,France,48.8742,2.3449,19.771336,-52.563904,41.46023,0.85481846,42.0046,16.640844,48.584633,-30.42471,32.531082,3.7064323,45.372204,-4.7874994
Forrest Theatre,United_States,39.9486,-75.1596,38.36203,-33.217636,30.876291,-7.242118,47.365902,-47.54824,23.984829,-10.709015,34.611862,-39.861813,38.992332,-85.70535
Artscape Theatre Centre,South_Africa,-33.92,18.4305,-11.420799,25.990997,30.108158,15.579856,28.561258,35.273777,29.754448,6.557186,28.78929,-19.910751,-26.448296,14.055834
Belgrade Theatre,England,52.4096,-1.512,44.39509,22.6619,45.53864,-13.080851,45.752834,-39.808033,47.456112,-21.91845,44.516983,-5.1842976,44.28655,9.986981
Princess Theatre (Edmonton),Canada,53.5178,-113.496,43.894905,-54.366947,43.41705,-28.042942,39.562252,-19.482132,39.55309,1.3760681,41.71142,-66.931564,44.607906,-80.999275
"Queens Park, Invercargill",New_Zealand,-46.4016,168.356,-0.9295769,59.09566,8.309851,10.22494,10.139772,47.85238,12.4073515,17.218151,-24.59965,71.53572,-45.18023,136.9214
San Jose Center for the Performing Arts,United_States,37.33,-121.892,33.5829,-29.040865,29.988113,-33.4928,27.174337,-40.307407,23.49571,-16.81673,36.12541,-70.70865,36.408535,-140.97295
Rossiya Theatre,Russia,55.7661,37.6075,50.26249,53.23958,56.999348,31.776888,44.904972,-48.421604,54.046684,-18.617123,51.995586,42.698338,63.247963,61.90211
Cincinnati Music Hall,United_States,39.1094,-84.5189,35.047943,-63.276756,42.596046,-50.187008,50.194584,-48.331303,33.35155,-31.194603,54.537514,-83.23753,42.172306,-82.47423
Cobb Energy Performing Arts Centre,United_States,33.8838,-84.4581,62.546314,-34.94005,33.46036,-8.672344,28.729488,17.215229,23.364508,3.9360619,32.3382,-50.020947,30.144577,-83.529205
Saban Theatre,United_States,34.0647,-118.375,49.53813,-129.1541,37.091553,-7.9297924,31.310717,-32.141853,50.880188,-27.9883,35.497948,-49.34889,34.616734,-116.3406
Futurist Theatre,England,54.2824,-0.394,46.196007,4.751773,49.88085,-22.006718,63.035587,-40.73248,53.156578,-34.01162,38.8328,-41.55614,41.266552,-7.94818
"Victoria Hall, Stoke-on-Trent",England,53.0231,-2.1752,42.482773,-17.627539,-11.184204,92.45643,10.268782,75.71988,7.2357407,84.00035,51.607887,-23.453583,53.99338,8.26525
Valle Hovin,Norway,59.9186,10.8039,55.15878,-8.894471,42.176617,-16.802002,23.231518,-53.275482,48.293053,-107.37209,20.431171,-41.358273,58.0259,0.28120613
Unicorn Theatre,United_Kingdom,51.5045,-0.081677,41.717857,-6.8891416,44.89231,-21.836218,45.62671,-37.91745,40.899326,-34.101654,38.33122,-40.812935,50.68625,11.7073
D. Maria II National Theatre,Portugal,38.7148,-9.1398,23.764688,-36.514664,34.158176,11.909712,31.357094,-1.7643,35.474377,-4.354536,43.229256,29.402529,34.370575,-6.629792
Colonial Theatre (Boston),United_States,42.3523,-71.0654,43.51004,-56.215424,31.37816,-47.9089,28.85255,-42.558907,24.799906,-53.185852,36.373146,-64.51155,40.918175,-77.81889
Tihange Nuclear Power Station,Belgium,50.5346,5.27253,44.015026,23.842484,43.68303,30.550123,42.513,42.882355,33.83626,40.052887,35.24579,27.47062,43.316814,8.62875
Bunnerong Power Station,Australia,-33.9714,151.227,-17.828564,117.566345,13.474802,61.65318,33.478962,32.06284,13.470784,62.887318,-0.36408806,104.08276,-28.756073,143.50414
Brokdorf Nuclear Power Plant,Germany,53.8508,9.34472,44.919456,34.769726,38.67681,25.624128,36.360775,38.35363,36.068733,27.125029,44.229244,-5.1883907,49.870445,15.120924
Majuba Power Station,South_Africa,-27.1006,29.7714,2.2555752,35.333744,23.562147,28.854124,31.859118,32.530624,11.654727,46.716984,-0.4236164,63.962345,-27.083946,34.664543
Staythorpe Power Station,England,53.0748,-0.85573,52.797737,-30.374445,39.681374,22.696438,33.478962,32.06284,30.898201,34.01054,37.097275,24.6128,47.85194,16.115795
Dublin Waste-to-Energy Facility,Ireland,53.3419,-6.20081,39.330635,4.843974,44.169907,0.9685403,24.498924,16.278193,27.38391,1.0506649,33.9894,22.10076,48.355377,4.7571235
Fawley Power Station,England,50.8167,-1.32888,56.811047,-59.005596,48.837456,8.469408,40.320084,24.457556,32.921562,11.667098,25.844418,24.176945,47.51212,2.811284
Dabhol Power Station,India,17.5597,73.1664,19.142965,12.1406765,34.679455,28.814575,20.888348,45.351673,17.225555,56.446754,10.058342,70.941574,20.846386,68.28561
ASTRID (reactor),France,44.1428,4.70889,34.93716,31.7906,30.073885,21.890638,42.561314,6.1208134,51.17698,12.8101225,41.47436,3.0549984,38.391273,-19.416248
Aberthaw power stations,United_Kingdom,51.3873,-3.40487,30.481232,21.303968,30.932589,34.237755,20.82756,41.64741,34.041573,39.46513,35.31598,30.325092,48.44751,1.2688637
Buck Steam Station,United_States_of_America,35.7119,-80.3769,30.14483,-35.307053,41.80597,-24.801785,44.90926,-26.124096,36.372967,4.71171,33.90026,-29.310013,28.006584,13.003285
Westermost Rough Wind Farm,United_Kingdom,53.805,0.149,50.887634,37.140377,39.717964,-16.550411,40.73331,3.0024083,34.59546,-19.738258,36.20028,4.4896317,56.70839,-6.344939
Whitelee Wind Farm,Scotland,55.7125,-4.34111,46.472034,-10.757601,38.110184,9.47538,41.650734,7.3762827,35.173946,-2.1420116,39.34192,16.541483,53.184715,-10.480905
Trojan Nuclear Power Plant,United_States,46.0383,-122.885,60.312748,-88.256836,39.85723,9.650622,37.58919,21.721119,43.020878,4.5046577,37.383358,23.649258,44.67551,-67.17629
Rooppur Nuclear Power Plant,Bangladesh,24.0667,89.0472,38.199173,51.012978,35.626198,33.672684,36.360775,38.35363,34.41726,21.70943,26.989265,87.632645,31.2848,88.26293
Penny's Bay Power Station,Hong_Kong,22.3206,114.042,35.244755,51.704506,26.750895,24.415094,28.712044,16.419098,18.06377,30.096947,13.0542145,28.390991,11.597738,106.053314
Belene Nuclear Power Plant,Bulgaria,43.6294,25.1867,36.59497,51.443317,34.941837,38.99266,40.6648,48.742687,40.141434,25.122784,33.033123,8.358814,43.401756,42.610817
Sanmen Nuclear Power Station,China,29.1011,121.642,36.829132,75.803375,44.62374,49.84114,51.07383,42.30018,31.435902,55.84784,27.28172,90.91438,28.096409,116.8871
Bataan Nuclear Power Plant,Philippines,14.6291,120.314,13.494225,82.1203,32.56233,30.13305,35.436474,36.335808,25.12832,40.709732,21.911507,25.957634,20.09731,112.94432
Benton County Wind Farm,United_States,40.6861,-87.4088,41.821476,-74.34294,41.056313,-32.36307,39.645943,-20.697617,36.426224,-18.894913,35.86844,-31.974453,33.23036,-15.599854
Princess Amalia Wind Farm,Netherlands,52.59,4.22,39.136604,-12.811831,26.153158,15.6893015,31.165579,40.11484,25.370543,30.051575,31.465708,29.39832,16.509174,56.154957
Punggye-ri Nuclear Test Site,North_Korea,41.2781,129.087,26.29181,86.56041,38.152603,21.713596,33.66274,61.726093,37.3075,38.381702,34.746086,87.96924,37.596207,94.487076
Beryozovskaya GRES,Russia,55.5794,89.0725,34.60524,24.281937,28.155457,35.44839,23.346298,41.06937,29.291967,-6.204262,42.171085,55.745224,50.428192,69.834595
Delabole wind farm,England,50.633,-4.708,48.353302,-20.406187,37.445705,9.00705,41.886276,18.958618,44.016037,-14.335293,40.58655,23.725128,52.66593,2.497982
Desert Sunlight Solar Farm,United_States,33.8214,-115.394,34.15093,-61.011272,21.790447,22.593884,31.464296,9.060078,22.160118,4.350485,38.95867,-57.231167,40.634888,-97.63995
Bohunice Nuclear Power Plant,Slovakia,48.4944,17.6819,44.986618,15.2999115,43.155525,27.959272,41.487587,38.026863,39.25838,27.27507,42.815327,22.775436,46.70777,33.816597
Borssele Nuclear Power Station,Netherlands,51.4308,3.71833,39.720505,21.915009,43.45866,28.05661,44.968235,35.44475,33.515575,36.165096,32.53907,19.154387,45.58886,12.454041
Munmorah Power Station,Australia,-33.2118,151.542,-24.567795,134.60533,16.541965,45.891094,33.740025,19.120085,11.500366,62.1387,-10.327051,105.32921,-25.41661,150.05814
Vindeby Offshore Wind Farm,Denmark,54.97,11.13,35.227837,33.8698,34.51851,5.2428794,36.591442,15.202299,32.84424,6.471775,49.2633,13.352522,57.939545,6.766701
Cottam power stations,England,53.304,-0.7815,56.105785,-9.005163,44.956436,5.992063,32.093098,5.4908447,45.272232,13.891557,26.992796,28.248426,48.346428,10.470799
Energy Brix Power Station,Australia,-38.2544,146.414,-19.320412,141.45976,37.882774,-3.6468863,27.788937,3.526056,28.586739,-0.33673477,25.79574,15.241182,16.878258,28.042984
Eggborough power station,England,53.7116,-1.1269,68.43409,16.004385,48.743248,6.2856636,33.478962,32.06284,47.63438,5.240055,32.65144,41.603077,54.16594,-7.2580175
Rutenberg Power Station,Israel,31.6275,34.5161,32.046722,19.100225,38.371387,22.491444,29.661133,6.5719547,31.721937,14.566046,27.949709,7.6602926,4.604679,14.597079
Navajo Generating Station,United_States,36.9033,-111.39,39.997498,-135.62634,40.733643,-45.098537,29.665384,-0.70107377,28.895227,-4.6080856,35.26091,-81.42178,35.92434,-92.37836
New Plymouth Power Station,New_Zealand,-39.0578,174.027,-9.210932,70.85768,26.447966,7.9122505,28.873793,14.701668,22.763071,19.310015,13.473183,18.949993,-23.674728,114.077515
Dogger Bank Wind Farm,United_Kingdom,54.75,1.91667,56.666546,8.939795,38.11775,8.017301,37.949574,29.42758,28.068832,33.558136,35.86084,30.294586,51.504803,-15.555825
Koeberg Nuclear Power Station,South_Africa,-33.6764,18.432,-4.1868553,39.891388,34.36579,36.579067,35.510395,53.009632,17.616125,47.97892,-12.036028,55.749653,-22.25803,29.914879
Kislaya Guba Tidal Power Station,Russia,69.3769,33.0758,47.608383,36.83755,33.309395,48.237213,36.577374,42.86811,20.295105,60.28787,41.297356,50.04184,32.306217,42.146786
Ikata Nuclear Power Plant,Japan,33.4908,132.311,30.164713,84.8988,38.791798,34.613556,36.56387,48.19312,36.351147,40.954185,37.84439,103.25127,34.86972,109.73602
Portland Wind Farm,Australia,-38.3524,141.587,-26.44611,82.54013,36.91872,-36.774426,38.070515,-19.600574,34.38301,-29.917797,29.623104,-9.134426,33.176258,30.682362
Ignalina Nuclear Power Plant,Lithuania,55.6044,26.56,81.89433,-28.296398,46.967518,19.59471,45.02851,33.657764,46.095673,10.997452,52.579006,35.44534,53.44349,43.104057
Khushab Nuclear Complex,Pakistan,32.0054,72.1889,33.42408,72.96341,44.553703,50.93764,46.54802,87.0148,35.588036,47.14247,31.138813,90.32907,31.930645,75.75319
Tararua Wind Farm,New_Zealand,-40.3461,175.78,2.975731,80.44281,17.047817,12.804629,26.284782,29.020168,14.037362,26.8615,-4.322279,88.4281,-25.963413,132.69295
Forsmark Nuclear Power Plant,Sweden,60.4033,18.1667,65.82532,-5.733782,47.431625,19.071972,39.758274,31.498606,40.919083,25.904144,53.113815,16.571264,54.44932,28.671501
Flamanville Nuclear Power Plant,France,49.5364,-1.88167,38.558884,19.542118,41.482304,26.104813,40.336708,40.592632,40.66655,15.870001,32.304024,12.15409,44.255066,26.296654
Gunfleet Sands Offshore Wind Farm,England,51.7394,1.17444,66.51332,-6.2223816,35.99758,5.3157377,36.83895,7.2558174,35.346302,1.0237656,34.55188,-0.23896408,53.56463,0.0015439987
Greifswald Nuclear Power Plant,East_Germany,54.1406,13.6644,51.95073,21.98633,41.641266,19.195663,43.504234,30.678297,39.93656,28.940346,49.096283,10.915546,51.12278,16.080181
Palo Verde Nuclear Generating Station,United_States,33.3892,-112.865,41.39363,-83.95822,33.68065,-37.204155,32.495247,-16.924078,22.325588,-10.924984,32.262512,-89.23831,29.664368,-102.3853
Langage Power Station,England,50.3884,-4.01173,44.08217,25.71661,36.812256,24.789843,36.118973,10.068575,25.691172,28.486,27.630835,26.325855,43.480244,2.8660755
Lamma Power Station,Hong_Kong,22.2185,114.108,25.001423,71.47844,33.621056,60.029675,23.283157,73.01578,23.630352,64.36076,16.654839,73.12245,17.70477,94.10105
Killingholme A power station,England,53.6595,-0.25511,46.10919,11.977583,42.54019,3.118732,32.585743,13.231264,40.9912,1.5839329,34.626675,30.89098,47.35169,31.087627
Kentish Flats Offshore Wind Farm,England,51.46,1.09,49.825653,17.683445,28.850914,17.71069,32.758358,10.717307,33.465267,-14.229313,38.064445,19.704369,50.430916,-1.7509451
Kendal Power Station,South_Africa,-26.09,28.9714,5.430172,36.05721,37.04238,18.14215,37.486572,28.10194,30.368992,24.403748,22.966335,31.810816,45.34703,20.06768
Karachi Nuclear Power Complex,Pakistan,24.8486,66.7819,25.793444,81.17851,30.96289,50.198765,26.896988,48.866875,21.485102,47.13776,17.10196,87.473755,20.93983,89.29299
Hoxton railway station,United_Kingdom,51.5318,-0.0754,45.421303,16.12057,38.105057,39.847134,43.51853,33.720306,46.428307,32.42374,46.609825,8.850694,51.910316,-2.4872923
Hornchurch tube station,United_Kingdom,51.553,0.2188,53.877804,24.234413,52.57781,6.898377,54.16465,11.793465,66.577614,-24.513966,53.953094,-0.5564842,53.63683,-0.6197529
Honor Oak Park railway station,United_Kingdom,51.4501,-0.0456,31.641693,3.549325,35.07778,-15.46674,33.126682,1.9486458,42.525166,-4.0717564,42.500694,9.709153,52.676476,-4.1140146
Holloway Road tube station,United_Kingdom,51.5531,-0.111944,42.36666,-6.291788,39.47519,8.750483,38.975887,0.54518986,45.92347,-15.159924,52.421074,0.09718132,52.495003,5.696212
Hither Green railway station,United_Kingdom,51.4519,-0.0008,41.793465,7.6136904,41.72464,25.448736,36.6581,38.410137,47.13887,9.970221,52.04976,1.8622665,51.160484,0.42472363
York Road tube station,United_Kingdom,51.5383,-0.1225,48.92272,-6.650389,40.60478,-5.853304,40.905197,-13.316372,48.181755,-15.434795,49.869164,9.996499,52.565308,3.8400087
Bow railway station,United_Kingdom,51.5283,-0.02211,37.435764,22.46305,49.95205,3.8761945,48.24804,40.9718,59.334274,9.127436,46.270332,9.358949,51.38658,7.6337514
Debden tube station,United_Kingdom,51.6453,0.08388,48.712166,1.1005573,60.750412,-10.760118,53.71776,0.14200461,62.419544,-24.981808,50.495598,21.866718,48.258774,-0.090548515
Bowes Park railway station,United_Kingdom,51.6078,-0.1209,69.036316,8.453039,38.900993,20.188751,42.285805,22.737211,41.27017,26.196589,46.43332,3.992549,52.450302,-0.36406517
Yau Ma Tei Police Station,Hong_Kong,22.3097,114.169,27.557138,52.372746,26.30056,53.523087,39.592907,53.844807,11.407171,84.16128,25.368633,87.39055,17.659851,119.1588
Orpington railway station,United_Kingdom,51.3741,0.0885,36.57518,32.617287,44.675713,12.18793,44.69402,27.512402,47.41861,33.14997,53.721104,-3.92025,51.89669,-0.9303713
Woodford tube station,United_Kingdom,51.606,0.0341,47.084915,21.559763,44.26,9.2397,52.8233,9.933917,53.199944,-15.020855,49.83755,10.836017,50.144413,0.6926832
Woolwich Arsenal station,United_Kingdom,51.49,0.069,48.285492,27.49504,45.305473,-1.7889261,52.53835,20.576344,56.961075,-18.158627,52.36722,3.9751863,52.044693,7.605459
Shadwell railway station,United_Kingdom,51.5112,-0.0569,54.762417,-17.670355,52.67381,15.945254,51.597477,34.152252,54.898643,25.907316,52.93106,-1.0382156,52.33487,0.059230804
Canary Wharf tube station,United_Kingdom,51.5036,-0.01861,52.7993,-16.399868,35.640594,1.6214992,38.152744,1.6036737,38.911896,7.4006634,55.58029,-14.679405,54.061016,-9.487538
Canary Wharf railway station,United_Kingdom,51.5061,-0.01578,49.805866,8.640839,33.413822,14.083885,35.0584,18.812263,32.461403,34.061554,53.079567,-14.905907,51.970352,-7.9177485
Camberwell railway station (England),United_Kingdom,51.4736,-0.0977,23.724936,75.85782,32.62793,48.37012,30.600203,58.18802,33.554955,53.159195,36.959328,-5.587845,36.778725,-13.691354
Caledonian Road & Barnsbury railway station,United_Kingdom,51.5432,-0.1145,43.27724,9.797127,42.00613,19.751701,40.794037,25.001635,39.072495,29.60977,56.540997,-9.171288,50.65052,1.2069597
Pudding Mill Lane DLR station,United_Kingdom,51.5341,-0.0138,47.186424,17.468342,48.58898,-14.993934,52.983364,-35.751293,53.73564,-30.692036,56.76449,-12.073301,53.471012,-1.6903906
Preston Road tube station,United_Kingdom,51.5722,-0.295278,48.89163,-5.8508368,39.95571,15.078416,43.522068,-0.18818688,46.995247,-5.420353,51.714935,-2.7747421,49.85325,4.193021
"Paddington tube station (Bakerloo, Circle and District lines)",United_Kingdom,51.5154,-0.175409,47.071472,18.20715,35.763695,28.175701,37.77201,21.632067,37.759388,28.295008,47.69683,-14.4160385,50.70474,-1.5640078
Notting Hill Gate tube station,United_Kingdom,51.509,-0.197,39.788994,42.937668,42.767456,9.180746,46.127426,13.754329,40.998886,17.024338,53.4382,-15.294903,51.475647,-1.6005917
Greenwich station,United_Kingdom,51.4781,-0.014,53.562984,-2.8237476,48.40152,6.208097,63.480515,-45.010464,42.842873,-20.219475,47.687286,-27.218071,47.779892,0.88529015
Putney Bridge tube station,United_Kingdom,51.4683,-0.20875,48.945427,-0.70610905,47.455025,-4.695757,42.795464,9.295129,54.684387,-9.361004,53.036797,-1.8441563,50.50659,1.4641943
Barons Court tube station,United_Kingdom,51.4906,-0.213611,51.261024,23.25976,47.051823,-19.940617,44.946934,-5.611106,52.56527,-28.266552,52.83303,7.7303076,51.75298,-0.5076256
Beckton Park DLR station,United_Kingdom,51.5086,0.055,51.78283,23.733307,42.31568,3.3835,43.975266,22.029081,44.7527,7.670456,51.77462,-7.1150017,51.540215,2.442974
Royal Oak tube station,United_Kingdom,51.5192,-0.188056,39.503548,-15.7911005,47.233704,-13.789323,45.85802,-5.878792,50.93651,-5.2565727,48.219837,10.089415,52.24558,-0.33674335
Roding Valley tube station,United_Kingdom,51.6169,0.04388,44.83218,28.838657,43.638496,-7.6815968,39.606792,-8.183501,51.778706,-20.967426,44.650826,26.987602,53.804092,0.37082005
Royal Victoria DLR station,United_Kingdom,51.5092,0.0187,42.61162,12.681345,23.462845,42.023563,23.7377,56.88773,20.575645,41.265118,33.53016,24.496916,56.583244,5.3029037
Queensbury tube station,United_Kingdom,51.5942,-0.28621,43.158756,21.388048,54.813816,12.438215,54.346863,7.197116,71.36505,-52.22339,48.182564,0.95295334,48.705223,0.9221544
Ruislip Manor tube station,United_Kingdom,51.5733,-0.4125,46.267414,22.602787,56.003277,-3.639772,55.099083,-0.35786855,64.00561,-24.693867,57.528526,-2.6129036,53.46845,-2.794077
Barking station,United_Kingdom,51.5393,0.0817,63.93669,9.446836,48.713486,14.65296,53.57344,3.2576349,56.415646,-2.9213963,41.988266,11.7836685,48.547237,7.297995
Chislehurst railway station,United_Kingdom,51.4057,0.0573,41.396103,29.59039,42.652245,36.087456,52.528503,32.16176,44.410137,40.725357,50.973564,-1.7246971,51.98573,-3.2658892
Chiswick railway station,United_Kingdom,51.4813,-0.2683,47.673923,3.149105,53.127525,11.289968,47.823658,26.815605,51.93998,21.238224,54.22789,-9.611568,51.82144,0.77704334
Skovshoved Petrol Station,Denmark,55.7631,12.5994,44.954544,24.119396,37.73413,16.835972,36.48812,19.557756,30.82284,44.502304,52.133026,10.22504,56.320953,35.159477
Chalfont & Latimer station,United_Kingdom,51.6679,-0.561,61.000687,4.265519,64.88805,-29.080917,52.416462,-13.930267,64.22062,-70.93667,51.86655,-38.9255,51.449306,1.8302383
Charing Cross tube station,United_Kingdom,51.5081,-0.124722,60.12471,20.887909,42.87646,10.279425,43.55046,30.346369,52.005783,8.284704,56.770424,-9.062994,53.10835,-4.495929
Karapiro Power Station,New_Zealand,-37.9239,175.539,5.6502934,61.61973,26.850391,38.444035,35.006607,26.646038,11.514563,57.76499,23.434185,43.08734,-24.744968,105.68276
Kew Gardens station (London),United_Kingdom,51.4771,-0.2853,38.775093,7.1510534,30.157036,31.571192,30.931267,37.900265,28.802067,24.153807,44.48676,3.5640326,47.32943,-7.8479757
Kenley railway station,United_Kingdom,51.3246,-0.1007,45.3034,-1.4786782,51.372246,10.499319,50.4357,31.866526,52.82695,20.281363,44.14278,5.6549416,48.57937,5.314466
Harpenden railway station,United_Kingdom,51.815,-0.352,50.394638,-9.909527,48.882023,17.981184,45.225742,27.280165,45.95385,5.788822,53.411034,9.54787,52.028023,4.6258
Harrow & Wealdstone station,United_Kingdom,51.5925,-0.3355,66.68424,-55.5873,51.975117,-3.2694435,44.087093,20.00933,50.55652,2.4696064,43.03694,12.651015,54.01572,0.5367775
Hatch End railway station,United_Kingdom,51.6095,-0.3681,50.501884,-8.273382,40.199944,12.832404,41.663506,12.675829,46.122658,-10.402061,48.70379,7.44683,51.90257,-0.5624733
Hatton Cross tube station,United_Kingdom,51.4669,-0.423333,53.40361,39.596317,43.283066,16.504185,39.85422,18.4071,46.82267,3.4022884,53.405373,-0.9501667,51.904896,-5.4954996
Hampton Court railway station,United_Kingdom,51.4028,-0.3425,43.110336,18.514847,35.994984,18.301376,43.056606,4.2409678,36.918755,9.057987,55.758377,-8.772459,51.596302,-6.0453577
Hanger Lane tube station,United_Kingdom,51.5303,-0.293056,33.562485,24.433529,50.702713,-5.062062,48.85943,-16.308952,56.653515,-27.99456,48.713337,8.964818,52.13216,0.19448471
Heathrow Terminal 5 station,United_Kingdom,51.4723,-0.488,58.509434,15.907032,41.727036,-15.177205,38.555393,-21.109562,35.44296,-6.288788,44.988235,-18.68042,50.00841,-5.054471
Heathrow Terminal 4 tube station,United_Kingdom,51.459,-0.446,50.414944,31.269444,44.842964,-12.803055,41.723373,-22.229856,43.505676,-12.548653,50.999123,-16.992046,55.27089,-6.4428205
Herne Hill railway station,United_Kingdom,51.453,-0.102,17.808847,22.50491,39.43066,35.329346,41.255684,32.46814,43.043396,18.896488,37.50911,27.424438,48.994423,1.5999737
Kingswood railway station,United_Kingdom,51.295,-0.211,39.229847,4.104377,35.812717,46.974533,37.041832,45.714325,36.475204,54.276123,42.001526,9.178477,47.450394,8.692014
Southgate tube station,United_Kingdom,51.6325,-0.12805,52.134148,22.594076,42.61152,0.5715796,46.37454,3.3646104,51.20462,-6.906269,51.790493,4.4573774,51.918274,0.97231007
St Helier railway station,United_Kingdom,51.3901,-0.1985,45.006992,0.65440845,45.528435,12.866755,44.71259,22.16773,48.39743,29.007763,50.151657,-17.240475,54.288673,-3.0528479
New Malden railway station,United_Kingdom,51.4039,-0.256,39.25205,-3.4002872,33.098576,8.015524,38.869957,14.501505,37.34718,17.57795,52.245987,17.65951,54.195614,7.9392433
Southbury railway station,United_Kingdom,51.6484,-0.053,41.453133,-5.78843,54.829628,-17.895834,56.821167,-12.024357,50.436394,3.4385033,53.02264,-4.80492,51.646202,11.416976
Dollis Hill tube station,United_Kingdom,51.5519,-0.238611,44.057976,5.705779,46.639297,7.2849483,43.107292,27.126732,46.099693,-10.374649,47.80645,9.896624,51.701595,-2.8866062
Swiss Cottage tube station (1868–1940),United_Kingdom,51.5437,-0.175196,40.92193,33.30456,42.071987,0.09146255,54.000954,-32.415226,53.247425,-17.84153,49.75844,-3.689785,47.076942,13.615655
Surrey Quays railway station,United_Kingdom,51.4936,-0.04717,57.427242,-16.84701,44.133324,10.764752,40.86284,41.660336,47.94871,25.423893,50.30912,-3.09655,53.51107,-3.512762
Sutton Common railway station,United_Kingdom,51.3751,-0.1964,36.448578,0.9287815,46.016384,21.280052,44.662945,10.261634,52.26747,-4.358288,55.753,-10.445557,52.808495,-3.6184149
Piccadilly Circus tube station,United_Kingdom,51.5101,-0.134,50.068985,51.942677,42.805534,-3.287283,46.1376,-8.28124,54.960186,-11.369129,56.34862,-14.065971,50.504696,2.8534937
Ponders End railway station,United_Kingdom,51.6421,-0.03518,59.99703,-9.745743,40.07677,12.267117,38.88162,17.114311,44.464806,6.86631,49.332264,-4.8597717,50.677963,-1.58601
Poplar DLR station,United_Kingdom,51.5077,-0.0174,43.67707,26.571636,59.055214,-32.01251,48.439716,12.729119,61.910545,-35.47425,45.877277,10.781771,53.70606,2.6144028
Star Lane DLR station,United_Kingdom,51.5207,0.0042,45.844227,24.109192,48.621876,-12.090224,46.316273,6.0900993,47.05468,-6.124363,50.11076,3.571168,54.738132,4.268179
Slough railway station,United_Kingdom,51.512,-0.592,47.012287,-12.093342,49.230145,-6.83192,47.80681,1.9811943,53.69487,-18.69014,56.95629,0.12891388,54.697975,0.102217674
Streatham Common railway station,United_Kingdom,51.4187,-0.1362,43.65068,3.7214136,42.849537,13.1877575,42.761,15.906376,48.040726,-5.860733,51.890373,-10.424009,51.658104,-3.5798903
Loughton tube station,United_Kingdom,51.6414,0.05527,50.96254,0.12327194,51.61669,4.777836,58.098827,2.6899784,61.39656,-1.6982803,52.985584,10.1470785,52.42758,-2.034089
Ludgate Hill railway station,United_Kingdom,51.5129,-0.1036,38.33915,-0.5302696,45.845543,3.2830229,39.94336,22.376842,44.146812,6.071512,52.36141,-1.4340763,49.21689,0.39032555
London City Airport DLR station,United_Kingdom,51.5036,0.048889,44.700813,33.496845,38.7066,3.7803206,36.83877,21.361897,37.337845,5.8349895,54.353333,-5.220932,53.85195,3.5137815
London Bridge station,United_Kingdom,51.5044,-0.0857,43.52355,-24.141144,43.992435,6.372682,39.589592,16.79596,48.24255,8.4573345,46.487617,10.956424,46.929886,-0.46410942
Shoreditch tube station,United_Kingdom,51.5228,-0.0708333,47.877743,39.463657,54.046776,-1.4650028,51.62652,12.251209,62.52392,-8.824768,57.39383,-0.6410942,51.567215,-5.0651007
Manapouri Power Station,New_Zealand,-45.5214,167.278,-11.493778,77.107025,21.675076,48.101864,25.664885,48.802475,9.30438,69.70154,-7.2772274,71.85585,-29.924644,115.48981
Maida Vale tube station,United_Kingdom,51.5298,-0.185565,51.318672,25.20972,34.86794,20.721277,32.811337,6.042577,34.779736,8.823486,41.831844,1.0393562,50.16857,-3.100442
Tottenham Hale station,United_Kingdom,51.5883,-0.059722,55.737713,-1.2663126,44.300167,-21.432114,41.56133,24.228119,45.541054,-40.826538,41.216316,19.782066,52.511272,-0.6403341
Tooting Broadway tube station,United_Kingdom,51.4278,-0.168,51.247078,-1.96871,52.54058,-21.611456,45.870747,-16.243769,52.879017,-28.255512,51.61988,-12.672468,49.37416,-2.1148157
Twyford railway station,United_Kingdom,51.476,-0.863,43.28122,52.7851,46.82402,32.956886,46.61595,47.511395,50.45889,32.269634,50.844902,1.5719662,45.57678,14.096756
Turnham Green tube station,United_Kingdom,51.4953,-0.255,57.764767,5.0542097,52.224106,-12.194375,44.782845,6.9867086,57.454018,-26.949532,53.46546,-8.399706,51.30461,0.6937971
Tufnell Park tube station,United_Kingdom,51.5567,-0.1381,47.485542,38.577477,37.913685,9.890439,41.982876,12.513266,43.79908,18.549604,48.93155,-0.15973854,50.690994,-5.9402857
Burnt Oak tube station,United_Kingdom,51.6028,-0.263889,46.312126,29.35149,47.58027,-15.311652,45.101906,-0.30333173,51.471676,-13.842228,42.294624,15.977328,51.910034,-4.0547724
Balham station,United_Kingdom,51.4432,-0.1525,50.27632,54.99233,40.220222,-12.525422,36.081406,36.99742,47.243202,-0.16164207,52.908997,8.099065,50.612488,4.9050937
Barbican tube station,United_Kingdom,51.5202,-0.0977,60.088326,2.974907,53.72187,7.261366,53.610744,18.583246,59.771973,-5.135208,53.92202,1.5235138,50.22827,-2.041623
Brill railway station,United_Kingdom,51.8323,-1.0482,36.134525,7.237709,46.76487,25.034407,49.175766,25.086555,60.09605,7.975748,50.29203,4.4508266,50.97119,3.079608
Brimsdown railway station,United_Kingdom,51.6556,-0.0308,48.891785,12.312033,51.492874,13.5421915,37.32106,45.599213,43.34268,37.96363,49.073303,-0.4946766,52.9804,0.12897778
Buckhurst Hill tube station,United_Kingdom,51.6267,0.04694,49.132095,2.1457405,45.87903,-6.3527393,43.550095,18.571991,48.608383,1.4350262,53.54612,1.4727154,52.66376,1.4817019
Brondesbury railway station,United_Kingdom,51.5451,-0.202,36.936188,23.718428,48.864677,24.012335,36.7948,39.306812,44.168335,41.26691,56.15109,-5.755064,52.438118,-7.5081987
Bromley South railway station,United_Kingdom,51.4,0.017,34.3412,40.237568,28.783005,43.891106,29.538727,43.797176,27.231833,49.830097,49.738495,0.64154434,51.33619,-6.561227
Walthamstow Queen's Road railway station,United_Kingdom,51.5817,-0.024,45.014412,-7.9347606,45.283875,15.519124,45.34738,27.291622,48.6245,31.181778,54.97032,-7.6302166,55.220745,-1.014081
City Thameslink railway station,United_Kingdom,51.5163,-0.1037,47.809616,19.190487,42.028214,26.309475,23.450329,51.748028,43.441647,34.119637,54.887253,-12.293589,50.550697,1.0352955
Clapham Common tube station,United_Kingdom,51.4617,-0.1382,40.700314,39.508457,44.572918,10.841928,45.322456,8.947765,48.47944,-12.565136,55.0374,-17.032124,50.693836,-8.114915
Clapham High Street railway station,United_Kingdom,51.4658,-0.1328,36.228634,18.76678,37.462227,23.353212,38.514896,20.296661,37.559414,20.473166,50.665154,-3.6123505,52.967194,-4.031188
Cockfosters tube station,United_Kingdom,51.6516,-0.1488,59.800957,2.535326,56.02144,-7.9179406,54.291313,-17.470013,56.82023,-17.249058,47.348343,12.005405,50.429527,-7.0221148
Cricklewood railway station,United_Kingdom,51.5586,-0.2129,49.863083,4.9428835,51.697933,4.8910146,53.735313,47.119987,54.91378,1.6937141,54.353622,-0.28008652,55.466827,-3.7689457
Crofton Park railway station,United_Kingdom,51.455,-0.0367,38.48372,15.519524,37.01069,7.2655506,42.056488,15.334091,43.461075,-12.99897,47.227432,4.638591,52.87256,-0.8143225
Crystal Palace railway station,United_Kingdom,51.4182,-0.0726,25.357512,42.88018,45.66842,22.392628,44.42804,42.410007,46.960194,18.814827,53.34796,-3.749321,51.801956,-6.578862
Gipsy Hill railway station,United_Kingdom,51.4246,-0.084,31.09902,16.004566,34.59613,10.901157,43.04564,25.397274,37.114925,17.193336,51.33642,0.03240776,51.025764,-4.765147
Goodge Street tube station,United_Kingdom,51.5208,-0.13444,64.42326,-25.290277,35.46716,36.220688,44.644035,-0.9937225,47.955864,3.1996555,51.57254,-2.6423893,50.75633,2.4879398
Golders Green tube station,United_Kingdom,51.572,-0.194,54.28016,14.283739,48.362442,-7.5921865,48.127975,4.5239296,54.259533,-21.67944,50.89821,3.6918402,52.456924,-1.4241791
Elm Park tube station,United_Kingdom,51.5497,0.19777,56.21033,9.758368,44.63623,-3.6393657,41.439896,2.842005,54.407013,-13.5601425,47.261703,15.153913,48.6742,-1.9620438
Elstree & Borehamwood railway station,United_Kingdom,51.6531,-0.2802,48.575104,19.130678,54.9325,-9.787352,51.082474,15.352541,51.57401,-1.3818398,58.10868,-10.280184,52.60556,-4.4330397
Mornington Crescent tube station,United_Kingdom,51.5344,-0.1386,68.45036,37.008995,26.252201,39.360226,31.531021,33.36219,39.24434,16.512009,46.458897,15.433481,50.403805,6.0344076
Moor Park tube station,United_Kingdom,51.63,-0.431,51.57421,24.044445,43.858723,-5.3949685,46.44085,16.169294,50.050835,-16.287678,54.45562,0.9506779,48.66787,-4.8864355
Mitcham Eastfields railway station,United_Kingdom,51.4077,-0.1547,29.358315,29.545551,35.742603,40.692253,41.48282,32.93946,35.375675,61.090492,49.697502,2.592803,52.595985,-4.6436815
Minories railway station,United_Kingdom,51.5108,-0.0749,39.44316,11.679533,50.794483,30.696661,52.661873,19.707668,56.56639,10.84926,52.406075,5.12817,51.235836,1.7013559
Lee railway station,United_Kingdom,51.4497,0.0135,34.66295,24.647999,42.531776,20.895842,42.417137,58.3581,43.532196,35.01976,44.55832,19.672546,49.036854,20.586805
Vauxhall station,United_Kingdom,51.4854,-0.1229,41.629036,17.128555,38.678482,-3.938623,37.928154,18.358894,54.575874,-4.7816696,43.327576,11.951816,42.457336,-6.5093355
Upper Holloway railway station,United_Kingdom,51.5638,-0.1298,47.575348,12.016638,40.101612,10.570223,39.60901,6.190118,40.15342,-3.674633,50.51045,2.784111,52.8574,-1.2370443
Upney tube station,United_Kingdom,51.5386,0.10138,57.735058,-1.5952859,56.170963,4.686883,52.866215,2.6857698,61.49636,-23.75452,46.609978,8.49647,47.75371,-2.6612406
Rickmansworth station,United_Kingdom,51.6403,-0.47333,45.178307,16.058762,49.36303,6.9143114,43.756737,5.662861,52.353767,-24.906834,49.642006,9.330201,49.195942,6.1972713
Riddlesdown railway station,United_Kingdom,51.3323,-0.0996,34.60431,5.212968,46.466663,12.997076,46.67754,37.102932,47.924667,21.071983,48.824028,-2.983345,51.31306,-0.61647797
Ealing Common tube station,United_Kingdom,51.5103,-0.288056,30.587696,13.579779,48.204983,-3.469276,45.63071,-4.284583,62.37997,-27.816055,61.793503,-25.63982,49.789856,-2.723733
Ealing Broadway station,United_Kingdom,51.5147,-0.3017,54.445705,-9.103217,48.453575,-15.393482,46.572926,-19.257671,58.937565,-36.148525,50.988285,-5.1163864,51.256577,8.949829
Norbiton railway station,United_Kingdom,51.4124,-0.2838,41.403465,16.608788,49.88877,6.9770246,52.097603,24.814564,46.088722,26.286283,54.816654,5.998287,54.15854,3.0194893
North Wembley station,United_Kingdom,51.5627,-0.304,49.536938,-18.697151,34.667778,21.615463,33.844913,34.50227,34.55693,13.573823,46.27706,6.0640707,51.618874,8.00238
Euston tube station,United_Kingdom,51.5284,-0.1331,64.637924,18.885548,47.351326,16.788452,47.93186,4.6802626,52.89225,-8.782856,54.894005,-2.6144905,52.521347,-8.567784
Ewell West railway station,United_Kingdom,51.3502,-0.2569,39.852386,-5.855706,36.113342,11.664138,38.58465,25.064617,40.457355,2.4941387,44.638275,2.14604,50.525635,-1.5150928
Falconwood railway station,United_Kingdom,51.4592,0.0799,30.040226,8.491755,46.10575,5.48244,46.67754,37.102932,47.010426,16.360554,46.007324,7.3413363,51.83719,-4.0255117
West Brompton station,United_Kingdom,51.4866,-0.1957,50.95318,-3.3523574,36.190712,21.939978,32.53048,26.943033,43.77642,18.983204,52.83818,-5.4281864,49.701057,4.5101895
West Dulwich railway station,United_Kingdom,51.4409,-0.0906,39.28811,7.1806602,33.072926,41.931885,37.86438,32.824566,34.055214,52.0187,44.717583,12.760881,50.595184,-0.3414297
West Ealing railway station,United_Kingdom,51.5137,-0.3203,44.40239,0.0006875992,39.177666,16.777298,41.030323,21.48479,48.823715,16.476456,56.236958,-14.623211,53.54134,-0.22614956
West Finchley tube station,United_Kingdom,51.6094,-0.188333,41.41477,42.1964,40.893234,9.002628,45.06891,4.056883,50.39592,-8.62006,53.94294,-8.621288,51.977386,-0.5828457
West Hampstead railway station,United_Kingdom,51.5473,-0.1918,46.44826,0.861187,36.50004,24.824236,42.123077,14.357829,43.42552,3.3134136,57.102753,-11.974129,54.07311,0.28050804
West Kensington tube station,United_Kingdom,51.4908,-0.2063,56.44069,-30.97168,34.25281,16.164068,37.331825,26.989025,40.23095,7.768114,56.602753,-13.236731,52.068012,0.7622547
West Norwood railway station,United_Kingdom,51.4318,-0.1035,33.116943,17.248732,29.047735,20.64247,31.620022,32.308754,27.037882,27.823935,50.197372,-1.5376682,53.58345,-3.3871813
Wandsworth Road railway station,United_Kingdom,51.47,-0.1384,41.10878,-6.0446653,38.709633,22.982634,33.4095,43.06218,40.757412,26.968197,53.185013,-11.361122,51.760567,-0.6319189
Warwick Avenue tube station,United_Kingdom,51.5233,-0.183677,38.2277,44.62099,35.10078,5.4344463,39.38193,-1.846517,38.868816,-0.34257317,46.757835,9.569986,50.675636,2.6544409
Watford High Street railway station,United_Kingdom,51.6526,-0.391812,50.2174,-9.687264,42.04358,9.243917,40.58579,19.929205,43.608265,9.209238,52.808037,-7.995268,54.548767,-1.5099096
Watford West railway station,United_Kingdom,51.6485,-0.4143,39.091892,36.94864,41.2723,13.451896,43.31066,34.257797,42.48424,17.647444,50.894634,-11.494387,51.73419,-2.4123363
Welwyn Garden City railway station,United_Kingdom,51.801,-0.204,56.847706,6.9606485,44.506424,15.103178,44.265106,37.94266,38.00176,2.9004402,55.7575,-13.013515,52.659626,0.9441128
Albany Park railway station,United_Kingdom,51.4354,0.1257,35.97057,40.20288,29.124859,15.033729,33.017944,16.005081,32.246277,14.668183,49.596474,-17.02367,-6.3624115,102.370514
Aldwych tube station,United_Kingdom,51.5121,-0.11595,54.69379,38.18771,56.108246,-14.702326,48.197323,6.485553,68.98872,-31.73684,58.62886,-7.1754417,52.22802,1.54918
Alperton tube station,United_Kingdom,51.5408,-0.299722,40.344166,21.078089,58.248806,-23.364788,46.23268,-0.1758796,58.40847,-12.325542,46.65454,7.52501,49.79995,-5.76163
White City tube station,United_Kingdom,51.5121,-0.224583,43.154087,0.3317337,37.282776,5.912696,34.63274,8.833509,39.63738,-16.927834,49.187866,3.0673733,52.634647,-0.47318745
Wimbledon Park tube station,United_Kingdom,51.434,-0.2,36.39873,28.30495,36.89602,0.69347465,40.05208,25.637608,46.56904,5.901417,50.5663,2.655529,49.685883,-4.978389
El Atazar Dam,Spain,40.9122,-3.47333,37.33552,-39.541954,14.123454,-22.175236,11.881176,-19.4281,5.247507,-5.917156,17.012646,24.700706,22.397823,-12.852906
Claytor Dam,United_States,37.0753,-80.5849,22.207664,-23.522284,28.084053,3.903202,23.666462,11.558087,23.762083,-1.7592812,13.267619,-34.099575,38.766514,-58.734386
Clinton Lake (Kansas),United_States,38.8976,-95.3883,40.376957,-85.66759,34.345554,-87.720535,34.326843,-63.54154,26.252045,-48.086548,35.70845,-84.7764,38.341557,-91.42462
Grahamstown Dam,Australia,-32.7333,151.817,-21.095081,117.86122,-20.695602,61.904617,-2.3234863,62.509834,-15.973427,25.306755,-14.836653,34.548683,-30.96772,31.891129
Grand Lake (Newfoundland and Labrador),Canada,48.9119,-57.5014,40.08911,-54.391754,39.643677,-35.487328,32.85832,-30.827843,33.425083,-26.716099,38.60958,-68.62111,45.36164,-85.71782
Gleniffer Lake (Alberta),Canada,52.0264,-114.27,32.21391,-39.748657,39.17407,-65.057335,26.602936,-34.4621,37.322964,-30.764645,49.76698,-97.78186,43.344532,-87.49513
El Vado Lake,United_States,36.605,-106.748,29.07226,-96.2272,20.708786,-49.43722,28.504578,-44.351566,24.266315,-68.451546,26.96185,-51.617275,39.685074,-114.99494
Gavins Point Dam,United_States,42.8494,-97.482,22.377024,-74.60268,19.142902,0.877604,21.235264,-11.329041,15.577733,-28.365414,24.684605,-35.741222,43.046967,-103.91923
Gilgel Gibe III Dam,Ethiopia,6.84722,37.3014,11.818106,44.296482,18.795918,26.228926,21.040127,52.729733,17.45397,29.706425,6.1075516,11.413317,14.502583,47.920544
Gladhouse Reservoir,Scotland,55.7695,-3.1198,32.78161,4.2301674,34.127106,13.967176,28.642677,-23.614687,32.712784,10.188955,36.322674,-6.5937214,46.619747,2.1761465
Glen Canyon Dam,United_States,36.9375,-111.484,62.273037,-177.11975,22.94165,-26.878773,15.208267,-19.467915,17.25613,-27.035667,26.847383,-67.48801,37.956867,-85.83081
Glenmaggie Dam,Australia,-37.9047,146.8,-22.086807,113.80147,-5.042202,72.54266,9.465685,54.661034,8.470255,55.182114,17.608162,10.586859,-25.304234,114.07102
Monksville Reservoir,United_States,41.1222,-74.2998,29.193958,-43.7872,37.257217,-30.778381,28.642677,-23.614687,32.712784,10.188955,35.25382,-58.910908,36.498234,-76.42093
Googong Dam,Australia,-35.415,149.251,-24.389172,136.80858,-13.554249,97.30131,9.465685,54.661034,-6.3145523,83.31209,4.2786274,114.63707,-32.246223,146.36131
Mirani Dam,Pakistan,25.9411,62.6933,20.804323,59.12385,-8.282265,93.49665,9.864252,43.465958,-1.1898003,101.32535,15.934285,53.569435,6.1687546,98.654755
Uglich Reservoir,Russia,57.25,37.8333,58.362907,18.235449,50.261612,34.66467,25.634804,-8.013848,51.931557,23.121368,42.993385,-7.283161,60.844086,40.734028
Rihand Dam,India,24.2025,83.0081,17.82597,52.07551,9.968863,64.06112,18.862164,42.656982,10.026118,65.36348,14.432307,42.917,22.906143,83.6863
Hume Dam,Australia,-36.1083,147.031,-30.865631,141.13763,0.7175064,37.74899,7.9666843,41.13629,2.1809883,41.74703,13.069973,20.350348,-16.306862,93.37178
Hub Dam,Pakistan,25.2558,67.1142,27.135017,42.04634,18.574669,16.027351,14.685419,27.923044,13.430678,27.87519,11.879007,48.30949,18.35196,45.616108
Hyco Lake,United_States,36.5128,-79.0469,24.27324,-89.27019,38.896553,-47.90469,29.194946,-21.63709,35.218983,-17.756195,43.70418,-80.71001,42.13148,-75.52269
John Redmond Reservoir,United_States,38.2515,-95.8029,46.298965,-120.4232,33.732254,-27.66936,31.386648,-38.35037,37.537804,-7.1575813,11.791561,-2.9234695,39.178864,-94.829254
Little Goose Dam,United_States,46.587,-118.028,31.899233,-64.06073,28.501923,-11.020107,34.2339,-18.056398,34.726204,-28.706383,21.592499,29.053543,37.423615,-58.80627
Rietvlei Dam,South_Africa,-25.8767,28.2658,-1.7090702,28.9189,-6.526531,27.681858,9.465685,54.661034,5.4817085,42.00182,-1.5398521,19.543802,-34.511604,21.030914
Peña Blanca Lake,United_States,31.4003,-111.088,21.540804,-84.81015,25.297867,-42.00566,22.694475,-26.207378,22.25786,-36.03804,20.90874,-77.66159,33.281765,-121.67556
Volgograd Reservoir,Russia,49.13,44.94,44.12921,36.95335,52.15206,7.206449,35.12079,-18.117353,49.75399,-0.70311546,52.656654,32.567505,57.234215,35.991264
Vlasina Lake,Serbia,42.7,22.3333,41.637802,26.008888,37.75875,2.033791,32.591206,-13.869199,32.523674,9.12582,46.876858,-10.443756,46.865517,21.36632
Columbia River Treaty,Canada,50.2508,-116.951,43.030167,-123.41025,34.483215,-58.073437,29.653378,-53.052673,29.09899,-56.01574,30.898588,-51.185436,41.565674,-91.1374
Rybinsk Reservoir,Russia,58.3667,38.4333,62.943718,-6.2360783,58.196297,8.585145,35.032063,19.782742,56.0877,14.603213,57.300606,29.57705,61.212067,39.61495
McPhee Reservoir,United_States,37.5775,-108.572,32.93411,-83.51088,20.668472,14.862917,26.828169,-33.43022,19.681738,13.229864,28.128437,-67.1259,36.067,-104.341934
Bratsk Reservoir,Russia,56.25,101.75,29.69832,2.343956,52.214622,3.4272938,25.973219,-8.372188,42.939384,21.805935,58.68534,24.808643,55.980156,35.46049
Boysen Reservoir,United_States,43.4167,-108.176,32.287796,-56.022556,40.099632,-25.983126,31.421635,-34.303745,52.003178,-32.727757,30.025589,-11.0428505,41.36425,-88.05013
Daisy Lake (British Columbia),Canada,50.0,-123.117,32.237976,-41.546402,27.169794,-40.480793,27.41752,-44.999344,29.894342,-36.404728,41.933884,-90.83081,40.589306,-81.46096
Abiquiu Lake,United_States,36.24,-106.431,29.693321,-106.72638,17.017689,-56.156445,31.497755,-17.835323,30.375908,-90.33534,26.857815,-124.88725,36.063137,-108.47184
Alaköprü Dam,Turkey,36.1814,32.8957,32.406204,16.673065,22.626112,14.122554,21.950277,20.580246,23.502617,31.91841,31.308352,47.43396,37.788757,34.49706
Akhori Dam,Pakistan,33.7064,72.4428,16.766268,69.898926,20.944958,59.33312,9.465685,54.661034,11.022469,40.338306,17.098005,91.121216,23.883879,87.68883
Wellington Lake,India,11.3361,79.5444,19.795774,-4.1325808,9.310307,7.993678,1.9072323,32.693554,1.4426937,24.91287,23.978653,-47.114803,32.880222,-68.47869
Durgapur Barrage,India,23.4754,87.3023,28.412106,60.39741,36.032463,89.86157,28.832659,126.536064,38.039753,64.51316,19.776045,96.03786,26.003075,93.317055
Wilson Lake (Kansas),United_States,38.9403,-98.5567,18.496395,-61.215317,31.725096,-75.862625,30.56972,-69.81417,21.206308,-68.022125,35.194057,-81.38591,38.89928,-101.35586
Trinity Dam,United_States,40.8011,-122.763,45.915348,-86.80083,28.355244,27.335167,28.526348,18.610956,32.940296,4.122284,6.805084,-10.284445,23.25838,-6.377284
Williams Fork Reservoir,United_States,40.0153,-106.21,35.99018,-79.72398,32.44812,-53.82395,24.687927,-45.376274,31.172762,-49.157738,29.848795,-107.392075,43.1686,-113.72548
Weston Reservoir,United_States,42.3481,-71.2919,31.588234,-26.563055,30.951818,-8.375177,28.139725,-11.141044,33.954872,-27.058235,26.169472,-47.579617,34.722443,-64.38499
Green River Lake,United_States,37.2522,-85.3308,39.339813,-48.100872,29.026976,-13.897988,21.063332,-9.904925,26.419186,-17.545147,40.47929,-94.871506,41.850037,-89.70936
Hells Canyon Dam,United_States,45.2447,-116.698,36.384407,-65.93231,33.05219,-29.19659,25.384975,-13.000462,19.599344,-17.90961,23.277445,-57.34637,41.991314,-105.19126
High Rock Lake,United_States,35.6289,-80.2511,29.78932,-72.92828,33.61359,-33.07469,25.966549,-11.194777,31.577774,-31.811653,35.68086,-82.81557,39.01144,-78.139885
Hillsdale Lake,United_States,38.6567,-94.9094,23.855436,-69.70529,29.269749,-35.800217,49.32824,-60.091885,29.113392,-47.51992,44.034515,-81.47536,39.99106,-97.05493
Itaipu Dam,Brazil,-25.4081,-54.5889,-12.024403,-9.596455,0.85879326,6.5283337,8.130983,47.3534,14.769935,-25.674076,5.3372936,16.286116,-12.080959,-24.03014
Hartbeespoort Dam,South_Africa,-25.7256,27.8483,0.21170235,19.458248,3.4775448,67.57626,9.465685,54.661034,2.3034725,37.37192,-15.27751,7.1742706,-32.248688,29.758888
Harlan County Reservoir,United_States,40.0708,-99.2114,44.805305,-126.75925,41.489525,-36.121117,38.096367,-28.902916,31.26754,-29.792492,36.859856,-76.59059,43.093113,-102.5045
Fort Peck Dam,United_States,48.0028,-106.416,50.95313,-67.656586,29.514124,-48.273514,30.907444,-33.417038,22.810333,-27.443996,28.040705,-69.91286,47.36979,-91.052086
Flagstaff Lake (Maine),United_States,45.1941,-70.3146,36.37337,-51.027603,35.69586,-64.43502,42.178555,-46.268497,38.56506,-63.44554,38.55957,-94.56944,37.648796,-82.07282
Nimrod Lake,United_States,34.9509,-93.2436,35.735497,-48.390102,18.12971,-17.21237,38.52104,-32.693962,29.834053,-35.634308,34.919357,-61.830914,33.774036,-68.8996
Dasu Dam,Pakistan,35.3173,73.1933,27.07194,100.57355,10.531546,71.90398,24.12446,26.074274,4.840788,86.73285,9.988539,87.20558,25.51693,79.03243
Parakrama Samudra,Sri_Lanka,7.9,80.9667,17.003199,80.92189,4.216017,142.4307,33.85496,41.34973,8.481493,130.88776,30.745907,60.368458,1.9848633,77.78451
Manasquan Reservoir,United_States,40.1788,-74.2072,45.496674,-90.757,34.349583,-50.66987,30.121655,-14.056754,42.11093,-36.245525,40.037354,-67.4003,40.77681,-73.8679
Malpaso Dam,Mexico,17.1786,-93.5983,17.361124,-33.433678,5.20043,-13.524953,20.458355,45.6108,9.864886,-21.96716,18.967875,-53.06468,16.341274,48.310314
Simly Dam,Pakistan,33.7189,73.3403,21.663824,69.27635,16.612473,36.9252,9.465685,54.661034,19.496956,42.958973,8.700544,34.921757,12.830168,69.85607
Sihwa Lake Tidal Power Station,South_Korea,37.3131,126.613,30.528545,42.590355,30.333542,21.847206,31.78681,31.386549,21.943563,32.610977,19.550373,73.35896,33.70337,94.09283
Lower Se San 2 Dam,Cambodia,13.5499,106.264,21.517014,60.25057,24.677193,-5.6360555,23.7678,-24.983072,21.056118,6.3876896,10.392603,89.40967,14.957203,76.570595
Anderson Lake (California),United_States,37.1714,-121.619,21.256401,-63.890347,32.065407,-75.10464,32.785336,-89.37179,30.075663,-56.898735,31.147295,-101.87181,36.70417,-102.49493
Lower Granite Dam,United_States,46.6606,-117.428,38.404953,-80.6306,23.132767,-1.6668174,19.2385,26.4432,27.93445,2.361761,22.003216,-32.60119,47.33854,-120.812126
Lovewell Reservoir,United_States,39.8978,-98.0642,29.257732,-87.46771,28.841116,-28.626972,32.939163,-9.312977,41.760567,-46.781578,30.371527,-45.376534,39.002415,-104.03389
Lopez Lake,United_States,35.1926,-120.473,19.385632,-66.90065,28.133526,-46.630795,28.738739,-38.972626,18.522762,-60.458763,25.766424,-82.144104,32.679108,-106.32524
Longyangxia Dam,China,36.1222,100.918,25.428513,52.65036,16.34629,60.92022,9.465685,54.661034,11.022469,40.338306,21.746359,112.922485,31.459192,78.752426
Buntzen Lake,Canada,49.349,-122.86,51.557316,-109.24007,35.97856,-23.521973,29.194946,-21.63709,36.456947,-28.464447,43.935913,-44.50347,48.93,-103.38716
Bull Shoals Dam,United_States,36.3661,-92.5747,25.524834,-29.758055,28.612787,-15.924656,39.38686,-18.565668,30.804794,-6.7055397,20.488792,-37.23684,34.62339,-77.624466
Tinaroo Dam,Australia,-17.1636,145.546,-32.674694,134.70961,-10.646824,93.776375,17.273502,50.021,-1.6928387,75.581085,-17.291441,80.60658,-29.396935,144.68695
Baker Lake (Washington),United_States,48.7289,-121.629,38.75203,-46.442013,34.9048,-65.9994,31.567343,-54.93388,33.41832,-55.72239,40.81618,-106.272385,45.13044,-110.224495
Banjë Hydro Power Plant,Albania,40.964,20.068,36.158455,34.25696,32.548603,30.450182,29.467407,24.71026,31.699474,20.091713,30.17484,51.674713,44.441315,26.444332
Ayago Hydroelectric Power Station,Uganda,2.28389,32.0225,10.07678,71.135635,25.425467,24.81112,25.777346,28.057173,12.991433,37.64166,8.572552,46.143303,19.879238,79.68172
Mangrove Creek Dam,Australia,-33.215,151.118,-25.146637,110.5706,5.7331085,26.290695,19.842491,4.9968147,-5.854389,24.908356,17.480503,-30.619823,-27.210865,128.8541
Stave Falls Dam and Powerhouse,Canada,49.2297,-122.356,47.72718,-56.08348,25.743738,14.103005,24.478424,14.820484,23.417639,6.125477,23.887669,-9.313286,49.715935,-103.17583
Sivens Dam,France,43.9167,1.76944,20.640188,-17.572721,12.019983,31.495737,9.465685,54.661034,15.730424,33.677406,17.234371,5.718897,31.389288,-11.034528
Griffy Lake,United_States,39.2,-86.5333,42.409668,-61.725716,34.289944,-43.561855,29.194946,-21.63709,31.90598,-27.844563,34.204365,-82.68115,39.76016,-91.558586
Kremenchuk Reservoir,Ukraine,49.2667,32.6333,49.508034,-5.483471,53.339096,4.712953,49.385227,-22.568079,40.953583,29.225868,59.793304,20.19789,59.30737,19.35491
Ilısu Dam,Turkey,37.53,41.85,40.017597,22.87328,22.944445,64.265686,24.067791,56.33626,35.22898,34.689613,38.82872,50.870102,36.09546,47.87254
Lake Whitney (Texas),United_States,31.8669,-97.3708,35.923866,-82.12021,33.87066,-93.72477,37.253662,-93.43745,28.045765,-82.03042,32.482975,-93.7151,36.98609,-88.87979
Sơn La Dam,Vietnam,21.4964,103.995,22.867464,62.759747,22.112165,-15.035716,20.332668,-12.448943,22.810316,-11.085613,15.10223,63.99504,15.9153805,92.57079
Sutton Lake (West Virginia),United_States,38.662,-80.6932,25.718779,-46.517883,32.88144,-23.605825,35.85348,-28.505232,36.147507,-27.368439,37.592487,-78.83411,38.673977,-92.75854
Polavaram Project,India,17.2892,81.6514,35.907234,60.689503,22.685982,50.522255,37.49053,38.243855,18.912468,46.126514,18.976345,89.12355,11.081476,67.47939
Spray Lakes Reservoir,Canada,50.9117,-115.339,43.83379,-67.90123,23.273792,-23.024052,22.002174,-34.918056,38.568462,-45.30857,33.612434,-73.35277,49.158188,-109.739845
Solina Dam,Poland,49.3956,22.4532,35.170715,9.291365,25.198662,47.022312,5.7775364,73.484276,28.945942,44.83697,18.052181,8.621947,30.990559,55.659378
Pongolapoort Dam,South_Africa,-27.4183,32.0714,-17.8336,25.772732,-0.8683014,48.60447,9.465685,54.661034,11.022469,40.338306,-14.040693,20.799858,-35.84896,45.999847
Marathon Dam,Greece,38.1669,23.9053,24.658983,12.372297,18.060776,0.50005925,26.424002,38.2995,29.493324,2.2859821,16.219582,2.5078735,8.969326,34.72124
Shellmouth Reservoir,Canada,51.1444,-101.505,41.702103,-22.628546,26.823792,-1.5073675,28.642677,-23.614687,32.712784,10.188955,28.60007,-30.140362,38.502945,-79.64187
Shasta Dam,United_States,40.7186,-122.419,43.77374,-87.506424,22.951355,-10.140937,16.45814,10.327864,22.51368,6.521887,14.59831,-32.191696,28.840683,-76.26735
Xayaburi Dam,Laos,19.2429,101.818,25.11151,60.41463,10.956125,61.741467,9.465685,54.661034,14.715844,55.339996,13.181984,97.56192,16.303661,75.40442
Wright Patman Lake,United_States,33.3047,-94.16,23.45418,-43.897198,28.956024,-28.051802,41.426723,-12.824824,36.031624,-25.923698,32.87174,-85.47757,35.21733,-91.892456
Rawal lake,Pakistan,33.7,73.1167,25.134098,57.586163,32.808704,-1.9579346,39.80978,1.5274963,51.01886,-0.14349365,28.506983,65.962395,36.14044,73.48924
Rappbode Dam,Germany,51.7306,10.8772,42.889286,26.922726,29.343822,8.948354,9.465685,54.661034,11.022469,40.338306,22.687263,26.965887,44.747528,1.1994534
Randenigala Dam,Sri_Lanka,7.2,80.925,-0.4276333,82.13275,-6.3857765,92.49825,9.465685,54.661034,11.022469,40.338306,2.5038471,74.04909,9.463802,74.79669
Obersee (Glarus),Switzerland,47.0869,9.01389,30.564377,3.977293,55.146904,20.289127,35.59402,4.521888,56.88246,17.669003,50.045357,8.706274,47.312737,-4.444272
Nicasio Reservoir,United_States,38.0767,-122.754,32.41485,-65.613235,26.226786,-32.351112,26.249306,-25.414288,24.600666,-35.647743,25.33718,-89.82686,35.368774,-114.49109
New Melones Dam,United_States,37.9472,-120.528,21.821787,-59.90489,1.0223885,13.22876,6.2491207,35.998405,10.071528,2.0332298,6.805933,10.361052,32.534744,-92.961876
Mingachevir Dam,Azerbaijan,40.79,47.0283,28.498102,31.478695,26.746044,35.274548,26.866558,57.975616,36.22083,40.431633,31.384182,81.43302,37.993156,56.339035
Arrowrock Dam,United_States,43.5956,-115.922,30.787958,-67.240005,19.968307,4.153998,9.465685,54.661034,20.34046,1.9036503,22.441788,-2.1939526,43.62966,-111.949646
Hayward Lake,Canada,49.2,-122.39,39.594223,-37.798943,34.424305,-30.871605,39.628082,-40.21984,28.259226,-41.89129,34.756054,-81.04353,28.635672,-73.27397
Jim Chapman Lake,United_States,33.3236,-95.6459,9.5570965,-24.818626,30.512634,-22.463152,30.310623,-45.073586,27.978603,-25.059338,28.526672,-62.10026,25.788372,-34.571133
Chirkey Dam,Russia,42.9769,46.8711,43.465675,13.056019,19.488003,39.18411,9.465685,54.661034,11.022469,40.338306,21.244038,20.754107,25.226557,-20.022156
Chicoasén Dam,Mexico,16.9417,-93.1006,22.223402,-54.101006,16.942572,-4.971184,19.144047,7.518487,21.09154,-14.496372,12.759499,-19.678177,17.76019,-66.93185
Chichester Dam,Australia,-32.2317,151.684,-24.710697,114.957565,23.396225,32.648483,29.54645,48.235672,31.39067,4.453064,18.793869,19.43697,0.90047073,52.32168
Big Hill Lake,United_States,37.2921,-95.4586,26.552217,-65.13402,28.143993,-12.0621805,27.721577,-5.298913,29.270462,-18.21349,37.431065,-66.83513,38.87941,-95.83342
Blue Mountain Lake (Arkansas),United_States,35.1014,-93.701,42.792137,-63.595234,38.520107,-68.2966,40.383728,-63.884407,36.772346,-47.44992,38.55217,-99.63936,35.02375,-88.671455
Blyderivierpoort Dam,South_Africa,-24.5367,30.7981,-8.021368,19.467426,8.605431,22.361595,9.465685,54.661034,11.022469,40.338306,8.236589,20.890402,-32.90644,25.346226
Blackstrap Lake,Canada,51.7889,-106.42,33.776344,-57.87674,29.879566,-37.57565,25.02195,-13.389361,30.055887,-36.738506,34.428318,-63.70059,44.523438,-89.20991
Beech Fork Lake,United_States,38.3159,-82.3829,39.03511,-70.475006,37.361202,-55.8308,26.72405,-45.811623,37.068153,-63.080574,42.553974,-99.36897,41.068607,-73.37636
Beira Lake,Sri_Lanka,6.92943,79.8542,-9.817905,53.633656,11.771084,-32.199123,-3.4233246,16.92393,3.5706348,1.7048092,23.889343,4.501034,3.3911724,88.512566
Belmeken Dam,Bulgaria,42.1117,23.8003,34.316566,28.08593,20.11717,36.71657,9.465685,54.661034,11.022469,40.338306,14.953195,46.43013,37.303,37.62314
Berg River Dam,South_Africa,-33.9024,19.057,-18.79607,31.088718,27.279192,12.376702,23.81654,13.864801,27.267231,11.250441,22.632101,-12.501692,-31.41262,30.441757
Caliraya Dam,Philippines,14.2883,121.501,13.548626,60.529217,10.29641,47.2619,9.465685,54.661034,11.381315,36.760956,9.928801,73.74098,14.833885,110.90299
Canyon Ferry Lake,United_States,46.4813,-111.546,44.170147,-79.929794,36.86231,-59.47917,30.118101,-50.505775,29.802238,-48.211403,34.703484,-87.719604,56.392715,-132.9984
Cagles Mill Lake,United_States,39.4645,-86.8829,48.254997,-84.803665,37.75346,-37.266216,47.207985,-58.844017,43.399773,-44.598106,45.713764,-104.056885,39.839413,-97.48075
Castlereigh Dam,Sri_Lanka,6.87333,80.5664,9.903203,47.191998,8.538649,51.15648,9.465685,54.661034,11.022469,40.338306,17.410843,-12.687767,-34.955154,138.7193
Barker Meadow Reservoir,United_States,39.9653,-105.493,30.435108,-58.452293,37.483894,-16.003653,27.559368,8.0731125,34.561962,-14.651787,29.399694,-40.54862,38.52862,-98.76283
Barker Reservoir,United_States,29.7697,-95.6463,29.59991,-64.654495,27.030638,1.0988827,20.304901,-0.63533026,28.373184,4.8959846,20.443314,-16.538769,38.529335,-102.20005
Bartlett Lake,United_States,33.8256,-111.626,21.276848,-64.058075,25.91116,-27.501497,26.891012,-11.728084,23.892172,-7.131256,29.318827,-67.05252,28.07317,-87.13216
Schoharie Reservoir,United_States,42.3712,-74.4398,34.36562,-32.36859,34.275314,-46.038315,33.91888,-22.97529,41.084244,-43.69699,44.552147,-87.03024,46.299694,-82.59438
Robert S. Kerr Reservoir,United_States,35.3506,-94.8528,34.947216,-78.071655,31.790222,-13.253672,33.47571,-29.966988,27.8722,-17.502396,33.675003,-72.58771,43.75702,-100.36532
Rockport Reservoir,United_States,40.79,-111.404,33.60514,-71.10347,41.326786,-12.377556,36.810677,-34.00095,33.3533,-38.230064,31.961863,-84.63884,39.874054,-104.5232
Roodeplaat Dam,South_Africa,-25.6208,28.3714,-6.0288525,40.977337,3.019165,49.814514,9.465685,54.661034,11.022469,40.338306,-12.967257,19.617239,-34.262245,19.54194
Lake Alan Henry,United_States,33.0592,-101.053,22.141073,-74.08783,30.884617,-37.900936,23.507595,-8.576294,21.547731,-21.248405,19.91897,-0.71785927,37.096878,-75.547775
Lake Assad,Syria,36.0,38.1667,45.56231,3.9407759,25.623415,-2.7612062,39.38566,8.959607,39.993053,-21.696247,36.958866,20.588818,32.08809,6.0251775
Lake Chabot,United_States,37.7297,-122.122,42.56652,-69.99074,31.569511,-44.02882,42.878777,-54.856525,50.632694,-80.68166,32.75319,-53.80209,44.58065,-90.65175
Lake Cascade,United_States,44.524,-116.051,42.412106,-86.60806,38.515327,-63.251236,44.6801,-44.69051,31.939388,-17.032288,32.639217,-59.58401,43.07871,-120.11039
Lake Awoonga,Australia,-24.0753,151.308,-33.604485,151.58217,1.2044029,44.010708,29.194946,-21.63709,18.037218,21.80202,-23.673807,72.69558,-33.10218,161.45546
Lake Centennial (Maryland),United_States,39.2433,-76.855,32.25828,-32.711693,33.367443,-69.99781,33.194736,-72.8784,34.50377,-69.2716,40.93187,-93.30521,39.75594,-101.272575
Lagdo Reservoir,Cameroon,8.88333,13.9667,11.970735,5.7040863,15.91345,15.213324,28.642677,-23.614687,32.712784,10.188955,28.754198,-16.69968,14.60441,112.99761
Lake Eleanor,United_States,37.978,-119.879,32.12435,-75.67613,34.244705,-33.015938,31.568333,-6.782303,31.153913,-21.193665,39.393055,-33.291283,14.343111,-31.399567
Lake Mokoan,Australia,-36.45,146.1,-27.016838,119.72911,18.198536,21.689837,29.194946,-21.63709,30.035984,-21.078506,26.59518,28.310404,-39.250526,150.53683
Lake Sagami,Japan,35.6139,139.183,41.343407,56.091106,25.841747,97.57871,31.119066,71.822556,39.814804,54.47186,36.526802,113.46153,44.01648,116.934555
Lake Ray Roberts,United_States,33.3647,-97.0514,25.151663,-46.84147,32.955853,-34.51001,36.51592,-21.196613,28.569962,-29.961178,33.15039,-34.924187,29.218554,-87.30707
Lake Perris,United_States,33.857,-117.175,22.11608,-112.39455,25.165442,-44.370384,28.243565,-5.8022213,28.675367,-42.491585,20.98913,-103.13257,33.62574,-97.93417
Lake Palmdale,United_States,34.5514,-118.121,33.122826,-58.171867,37.269154,-93.644135,48.55233,-63.396904,47.33354,-70.58824,26.413872,-84.025604,25.84787,-108.366264
Lake Oconee,United_States,33.35,-83.157,38.989857,-74.21535,27.87232,-51.91262,34.680294,-15.812205,35.553047,-53.986244,27.530012,-60.28516,22.140266,-56.321392
Lake Nottely,United_States,34.9278,-84.0748,29.449568,-38.872078,25.733494,-38.84465,29.194946,-21.63709,29.5108,-29.092201,34.643497,9.231769,38.375835,-70.706154
"Lake Holiday, Virginia",United_States,39.31,-78.32,31.177002,-25.034208,33.16613,-54.664318,26.412256,-41.444767,32.43689,-38.660797,34.44791,-79.98967,36.224445,-91.72158
Lake Gaston,United_States,36.5096,-77.8808,20.82894,-74.86095,30.455038,-51.77989,22.539482,-33.124836,37.51606,-83.28049,22.621452,-40.830303,33.21258,-72.83985
Lake Galena (Pennsylvania),United_States,40.3251,-75.19,41.111702,-47.38229,40.18243,-91.73261,34.75392,-86.40793,47.419678,-74.744835,43.124672,-93.35445,41.84049,-89.08908
Lake Freeman,United_States,40.6927,-86.7589,32.79691,-69.14751,34.343864,-37.847214,21.665083,-7.014598,32.075493,-39.995323,30.21313,-25.59734,33.487648,-86.97104
Lake Homs,Syria,34.6434,36.5728,51.303757,-29.644447,30.054985,-7.8419204,24.206593,9.460097,38.277584,2.3921337,35.849644,42.27263,37.48439,24.467077
Chevelon Canyon Lake,United_States,34.4983,-110.824,26.179947,-50.212337,36.269432,-65.39861,25.507254,-56.70976,28.206245,-63.653732,31.836624,-87.49902,39.07428,-111.5528
Kadana Dam,India,23.3073,73.8273,25.695732,42.376583,18.548563,47.27857,9.465685,54.661034,11.022469,40.338306,9.334919,64.9866,17.684696,84.61949
Kanithi Balancing Reservoir,India,17.6697,83.1564,27.43932,43.208633,31.16885,1.4452266,32.638084,4.3609953,26.994644,23.566504,18.23574,41.8328,4.3660603,72.5532
Kaunas Reservoir,Lithuania,54.8528,24.1672,35.385853,10.832579,52.061176,-23.956627,38.215378,17.759909,53.440247,-12.34885,56.611923,20.079523,59.64757,5.023459
Kantale Dam,Sri_Lanka,8.36111,80.9914,16.542284,55.373615,5.424595,63.794018,9.465685,54.661034,10.575228,73.60867,5.9454956,80.58435,2.6478596,77.424706
Khanpur Dam,Pakistan,33.807,72.936,10.577248,54.9536,25.556519,64.83304,21.354134,55.959007,22.557974,60.346657,17.45465,94.86046,29.47053,90.777695
Kiambere Hydroelectric Power Station,Kenya,-0.810556,37.8128,4.261675,40.16888,25.194246,33.806988,25.777346,28.057173,12.991433,37.64166,-0.13939095,44.37584,3.959381,28.463795
Lessay Abbey,France,49.22,-1.53278,59.136467,10.217621,60.72061,-12.135551,71.03104,-64.95421,73.387726,-36.019135,47.241104,3.3491354,43.88882,19.05708
Linköping Cathedral,Sweden,58.4111,15.6172,70.576294,-27.417068,33.610104,35.606483,25.328722,30.550974,30.923607,28.737741,61.399002,9.779818,62.80729,11.491515
Madison Avenue Presbyterian Church,United_States,40.7725,-73.9645,41.868263,-43.439846,32.16119,-29.350698,34.874443,-56.849514,30.099161,-35.101818,35.597813,-40.84312,32.297646,-54.615467
Malmesbury Abbey,United_Kingdom,51.5847,-2.0984,63.948025,37.293095,30.675995,12.785364,52.35511,-46.17455,49.854904,14.62767,51.88741,13.240959,50.88376,-6.0868597
Münster Cathedral,Germany,51.9631,7.62556,57.248875,17.431044,36.604454,13.072694,42.12456,3.0692723,40.876896,-19.904022,51.248024,10.03925,51.720116,3.699441
St Mary Magdalene Woolwich,England,51.493,0.0592,52.238426,29.435532,40.92481,2.953001,43.992218,11.757785,54.24105,12.055746,52.634872,3.4357252,52.45112,3.3071194
"St Martin's Church, Colmar",France,48.0772,7.35833,44.334763,-20.093767,41.639183,9.418596,47.28463,-10.169466,48.69928,1.4928875,48.474083,26.072838,39.804832,38.579636
"St Margaret's Church, Barking",United_Kingdom,51.5355,0.076014,40.99474,-27.794474,47.70806,8.603852,49.524384,2.473654,47.827267,17.64835,59.03537,1.850666,46.975616,1.7998104
"St Mary's, Dublin (chapel of ease)",Republic_of_Ireland,53.3547,-6.26827,42.877968,-33.171005,38.313625,2.4302292,37.6107,7.052741,43.71155,-2.5603943,47.855404,-20.473763,55.409683,-9.842399
Shrewsbury Cathedral,England,52.7053,-2.754,36.573402,-8.957272,48.736908,28.155088,39.334866,11.314109,43.373207,9.686064,57.86361,-1.4324703,57.55466,-11.275548
Shrine of the Sacred Heart,United_States,38.9312,-77.0359,30.943504,-112.585556,27.147106,36.770855,32.13729,25.265135,16.683664,51.227196,26.794489,-6.3224735,37.294144,-31.45015
Shrine Church of St. Stanislaus,United_States,41.4588,-81.6446,53.860935,-73.445114,37.17138,14.48375,40.128662,13.958587,32.370464,30.901394,44.194733,24.432703,42.195274,-21.861652
"St Lawrence's Church, West Wycombe",England,51.6472,-0.805624,44.668304,17.29702,38.422333,18.873024,38.3575,3.0502727,42.27801,18.198753,53.973595,-5.959326,50.12559,-1.2174177
"St Leonard's Church, St Leonards-on-Sea",United_Kingdom,50.8513,0.5514,65.6306,-15.9025345,44.998535,5.206013,42.9417,12.823307,42.340393,27.439093,47.95249,-5.3926163,53.182888,-20.383652
Church of the Holy Rude,Scotland,56.1209,-3.94444,42.639336,30.33117,36.585476,16.181065,35.458347,22.604486,37.360607,15.064534,51.966644,5.2425203,63.094406,-3.1017818
"Church of the Immaculate Conception, Penang",Malaysia,5.43321,100.309,15.217852,80.09459,25.245192,32.825996,25.501501,23.390974,15.858454,19.71999,6.646778,109.70117,-0.25654984,91.377045
Co-Cathedral of the Sacred Heart (Houston),United_States,29.7499,-95.3687,41.013943,-85.32068,26.555523,-6.493455,29.541552,-10.036763,24.734022,1.1903324,34.373356,-76.13956,37.434822,-88.05538
"Church of St Mary Magdalene, Newark-on-Trent",England,53.0767,-0.808333,39.662666,5.5838823,38.89843,7.867466,39.740158,1.7437396,47.10348,17.430447,48.025047,13.02183,51.731323,-2.4364567
"Church of St Mary and All Saints, Fotheringhay",United_Kingdom,52.5259,-0.43907,58.17733,3.5480738,36.53035,3.330285,32.544952,4.8381844,38.154663,7.9699993,53.762894,-7.899933,54.243927,-1.3181067
Church of the Assumption of the Virgin Mary (Most),Czech_Republic,50.5179,13.6488,49.317123,9.097961,29.886763,9.742093,27.50451,-0.20628572,31.23433,7.6273975,35.89724,9.5906,57.271088,22.132092
"Church of the Annunciation, Marble Arch",United_Kingdom,51.5144,-0.158611,59.321396,15.358406,37.48608,9.229106,30.546183,11.296613,43.55513,-3.7333221,47.695885,1.8732872,56.321983,-11.6797285
Gol Stave Church,Norway,59.908,10.6833,64.33264,-65.94682,46.547974,21.22866,53.05681,-43.272648,45.611313,-26.492893,60.81771,-0.61478424,62.12493,9.845918
Gothenburg Cathedral,Sweden,57.7044,11.9653,41.744453,8.42672,45.727425,0.9569658,46.67475,21.542173,41.94094,-18.887306,60.338493,22.716461,57.06155,8.633387
"Gran Madre di Dio, Turin",Italy,45.0622,7.6991,38.38314,-12.296869,29.477518,-7.931485,34.20427,10.995734,35.6828,-2.3917408,36.929123,9.825515,42.633358,10.410285
Elmore Court,England,51.836,-2.317,23.51197,4.656028,31.936205,-9.250311,32.923317,2.0995498,39.268055,-14.372505,24.250324,0.45028687,56.250908,-9.8797865
Emanuel African Methodist Episcopal Church,United_States,32.7872,-79.9331,39.430214,-72.03847,25.848797,-49.281868,18.113937,-23.145857,24.957481,-66.513,29.415884,-50.965603,18.806126,-66.73658
Gallarus Oratory,Ireland,52.1725,-10.3494,52.71369,-32.178207,52.55009,-32.262955,29.811537,13.233348,43.07228,-37.286896,45.33204,8.942259,57.119545,-11.0737505
Zagreb Cathedral,Croatia,45.8144,15.9797,33.949966,39.42254,43.731903,-4.693264,44.341526,10.030703,45.20089,-0.49105263,49.944557,18.689987,45.091095,27.747332
Staircase House,England,53.4123,-2.15422,49.28933,12.309313,50.201942,-24.479876,33.252125,9.906906,46.558903,0.71300316,43.80206,-7.8627377,41.362415,21.48074
"Ste. Marie Church (Manchester, New Hampshire)",United_States,42.9925,-71.4764,50.877304,-84.664536,37.104008,-16.866158,36.076862,-1.3234091,39.58697,-14.14143,48.573586,-88.6134,43.005108,-73.60521
Stone Hill Church of Princeton,United_States,40.3838,-74.6475,20.714777,-7.2703905,32.647343,-2.1330519,35.6917,-11.4613285,28.709661,-14.731308,27.124407,-28.99683,36.214973,-20.862354
Cathedral Basilica of the Sacred Heart (Newark),United_States,40.7549,-74.1784,56.237183,-65.589,33.75916,-1.7267768,37.8667,-11.325916,27.732416,-1.792326,35.037403,-63.4176,40.2254,-75.56716
Brown Memorial Presbyterian Church,United_States,39.3067,-76.6238,48.454926,-89.05553,29.293884,-9.067448,31.932392,-34.96226,31.545063,-27.221077,34.63246,-39.049206,30.639427,-60.589176
Metropolitan Tabernacle,United_Kingdom,51.4942,-0.101111,-1.3670788,71.20592,18.068846,23.50129,12.405575,40.203682,36.344414,-33.6595,25.968935,0.12079239,45.357983,-5.2022867
"St Michael's Uniting Church, Melbourne",Australia,-37.8143,144.969,-17.49485,131.46516,11.254299,74.35616,15.945536,58.95491,-15.003662,132.55417,-33.824577,137.68602,-36.320763,148.65588
"St Michael, Cornhill",United_Kingdom,51.5132,-0.0854667,60.230053,37.801926,49.54661,-16.992502,36.03006,10.439665,46.26193,7.2464733,66.0509,-16.824615,58.750275,-9.741878
St Peter Mancroft,United_Kingdom,52.6278,1.2925,58.872852,18.63494,50.00499,-0.77754235,41.56648,20.56267,46.808983,5.5155525,38.517406,19.392906,50.974014,-11.547507
"St Peter's Church, Huddersfield",United_Kingdom,53.6472,-1.7809,50.325565,20.32889,47.079998,12.666629,40.93872,28.188217,42.897804,32.45251,51.16262,7.781432,52.77712,6.1086254
"St Patrick's Cathedral, Armagh (Church of Ireland)",Northern_Ireland,54.3478,-6.6562,53.981148,2.4163485,37.057594,20.036835,35.960262,15.836697,33.10094,26.052008,43.49576,-26.10889,54.779366,4.4741836
"St Peter's Church, Edensor",England,53.2256,-1.62599,56.507507,-11.60471,35.788223,40.075058,45.890636,9.324952,34.569496,47.91652,52.116947,-3.6654587,53.140476,-9.069339
Basilica of the Fourteen Holy Helpers,Germany,50.1156,11.0544,48.63743,14.269289,33.092136,13.739874,31.495266,24.62038,31.168972,11.563783,35.603214,9.072327,48.872932,-15.238641
Binondo Church,Philippines,14.6002,120.975,20.039654,38.744343,27.989967,34.11161,38.793613,26.508995,26.914364,29.21488,22.88247,24.76151,17.153316,125.20187
Betis Church,Philippines,14.9756,120.643,32.222897,-6.1346526,43.40797,-6.838643,48.15423,-53.179455,34.382698,13.105527,39.553318,8.267622,35.361874,-4.9753237
Barningham Hall,England,52.8733,1.18903,63.612587,-2.743628,52.42579,10.753218,52.50205,-18.793776,52.5399,-1.5085106,51.077717,-11.750923,50.428978,2.728816
"Santissima Trinità dei Pellegrini, Rome",Italy,41.8936,12.4728,44.21221,-41.130154,36.952316,7.852639,37.535496,6.710084,31.255615,1.8736305,40.975605,6.0234804,42.14824,4.8404098
Basilica of Sainte-Anne-de-Beaupré,Canada,47.0241,-70.9285,58.814754,-85.573685,34.413036,18.19497,35.84861,19.670492,26.287014,11.774428,38.897514,-42.98024,50.181023,-37.4413
"Basilica of Saints Peter and Paul (Lewiston, Maine)",United_States,44.0982,-70.2123,42.043938,-70.86486,38.163586,-22.838705,37.128723,-23.823853,41.25106,-36.207592,41.80787,-82.14992,42.591335,-81.88901
Basilica and Shrine of Our Lady of Perpetual Help,United_States,42.3326,-71.1006,33.615166,-40.814972,30.832882,19.062511,26.797794,17.218555,26.73757,28.103594,27.856445,4.001607,33.03787,-6.943198
"Basilica of Our Lady of Dolours, Thrissur",India,10.521,76.218,25.971052,40.49417,22.580381,28.804668,23.300732,36.629982,29.347576,17.36575,24.27978,69.09906,12.399973,81.46004
Basilica of Our Lady of Good Health,India,10.68,79.8497,17.424732,45.278946,28.012054,5.281843,22.696384,13.728113,25.602716,-3.2050037,27.824247,-10.600142,15.066221,85.54786
Basilica of Our Lady of Peace,Côte_d'Ivoire,6.81111,-5.29694,13.671055,7.107375,31.071844,5.3301983,26.233786,24.0849,27.94983,6.802635,29.128716,-17.861591,18.3252,10.844605
"Holy Name Church (West Roxbury, Massachusetts)",United_States,42.2881,-71.1467,42.933983,-62.84678,35.081314,-22.836477,35.04399,-13.04256,37.43875,-16.855865,40.661346,-88.58974,42.053677,-78.9376
"Holy Trinity Catholic Church (Washington, D.C.)",United_States,38.907,-77.0703,62.85107,-80.71791,39.356358,-8.151488,40.634983,-19.431585,41.713406,-17.69453,40.48503,-78.72359,41.681126,-99.83879
Der Aa-kerk,Netherlands,53.2192,6.56833,49.561028,-4.1361227,26.822666,30.091764,44.023617,-19.295668,48.56868,-56.8711,50.5811,4.879266,49.683823,5.7812953
Holmenkollen Chapel,Norway,59.9657,10.6723,59.295837,-9.538813,53.74043,3.223064,62.024384,-40.32721,62.50701,-46.62233,57.819183,-1.0449486,60.65437,16.805408
All Hallows Lombard Street,England,51.5122,-0.0855,56.599,-45.60941,28.004337,33.396057,40.29863,-14.717595,39.0651,17.380062,55.677235,-24.71408,37.407246,30.372517
"All Saints Church, Oxford",United_Kingdom,51.7525,-1.25556,31.85785,55.875896,36.28878,6.917842,33.821526,-10.198523,40.032948,-15.0225525,56.041332,-5.632534,48.194374,-13.579703
All Saints Notting Hill,United_Kingdom,51.5165,-0.2029,28.378466,-56.509995,31.058321,6.8034997,27.96813,10.571388,28.527891,0.47366524,41.300186,-8.812536,44.62369,4.512507
"San Giorgio Maggiore (church), Venice",Italy,45.4293,12.3433,64.4509,37.257507,46.14023,-11.823011,45.756157,-22.691486,44.669586,-15.391399,57.001244,-2.7799702,44.355457,5.5145063
San Carlo ai Catinari,Italy,41.8942,12.4753,49.049885,-43.293926,37.080017,12.792435,24.966705,4.1085005,37.427822,15.84902,45.882202,4.3174734,42.685703,9.87626
San Patrizio,Italy,41.9086,12.4931,46.11612,-64.0865,34.85299,-31.680838,19.846542,1.1178296,36.594208,-28.886559,26.4221,6.3343153,27.8894,1.2305098
San Bartolomeo all'Isola,Italy,41.8903,12.4783,43.592377,-9.8303175,36.266125,-47.493797,40.15888,-73.07298,39.97855,-36.377125,32.70496,37.636887,47.38304,27.82785
San Giuseppe dei Falegnami,Italy,41.8931,12.4844,38.666283,-14.1758,39.960644,-15.830212,42.4938,-23.400232,36.856506,-4.0177364,49.89114,8.235378,47.02661,4.0417676
"San Lorenzo, Florence",Italy,43.7749,11.2539,28.191938,39.67319,33.482487,-56.27644,36.595726,-59.860943,27.960363,-48.475792,33.21307,20.932632,37.549297,8.027
Cardiff Metropolitan Cathedral,Wales,51.4809,-3.174,37.82605,-12.817547,25.956587,33.964123,12.416763,51.04125,26.873404,41.06216,50.136986,-9.733177,58.074295,0.11753559
Rosslyn Chapel,Scotland,55.8553,-3.16028,45.682243,-17.55302,38.54655,-43.818054,47.534977,-55.604984,37.878822,-53.154625,55.61322,-39.10724,51.015747,-41.142647
Santa Maria della Scala,Italy,41.8911,12.4678,30.392572,-3.7589107,32.299706,-7.9868383,33.620193,-22.956678,38.32762,-2.2360287,44.623,10.630184,45.549393,13.174451
Santi Cosma e Damiano,Italy,41.8921,12.4874,47.11354,-29.345892,40.543556,21.090157,45.51984,39.582882,43.960953,15.874211,45.09866,25.089157,42.546097,18.595419
Santa Maria in Via Lata,Italy,41.8982,12.4813,56.122448,17.519169,21.598146,19.618027,26.802288,-6.2272387,20.17662,21.66306,29.843931,-16.705524,43.36117,16.056479
San Vicente Ferrer Church (Dupax del Sur),Philippines,16.2851,121.091,29.379868,16.492018,18.441072,-20.954323,23.11221,-56.011116,13.94045,-23.178825,18.494602,-15.299614,22.374512,84.698395
San Sebastian Parish Church (Lumban),Philippines,14.2974,121.459,24.636341,41.068863,32.785915,-7.148739,33.51877,-37.26171,23.881155,10.050631,13.986783,21.837605,14.541897,120.53654
Sant'Andrea della Valle,Italy,41.8958,12.4744,54.18089,26.518806,30.11241,-18.667995,28.948137,-24.592463,39.386265,-68.38652,38.1297,18.595875,42.83822,12.327034
"Christ Church Cathedral, Dublin",Republic_of_Ireland,53.3431,-6.27139,58.55277,47.005173,43.25029,4.5450277,37.950825,-8.661636,39.021458,-8.560455,48.662186,9.387767,51.777027,-2.9814692
"Christ Church Cathedral (Lexington, Kentucky)",United_States,38.0486,-84.4967,43.425644,-78.02632,39.54924,-37.221954,43.436893,-55.44935,40.596096,-50.116318,40.970932,-90.59067,34.118458,-92.32719
Saint Mary's Royal Church,Belgium,50.8592,4.36889,28.349617,1.7959251,43.655205,-0.40594894,43.26579,-8.653281,41.78254,-12.208054,45.872334,10.139727,57.689163,-2.9812117
Saint Barbara Church in Coptic Cairo,Egypt,30.0057,31.2311,35.5901,-3.359025,36.18779,-8.226689,40.209606,-18.885576,38.155636,-1.618248,37.258404,19.638872,36.145584,39.46663
Saint Thomas Aquinas Cathedral,United_States,39.5258,-119.817,40.360928,-92.89595,36.50356,-18.751577,49.312454,-32.681015,36.761055,-13.572796,37.26197,-1.9048939,34.960587,-44.83987
Saint Thomas Church (Manhattan),United_States,40.7608,-73.9761,57.26245,-144.88194,46.981308,-44.09372,46.680058,-42.052002,43.982098,-39.317604,43.87343,-72.57535,37.82454,-71.82971
Church of San Nicolás (Valencia),Spain,39.4761,-0.378819,38.00692,-29.327276,30.62987,-11.627144,27.527401,-10.830951,30.372414,-12.837494,29.71213,-20.29197,36.832645,-24.346233
Church of St. Catherine (Saint Petersburg),Russia,59.9357,30.329,56.57251,-31.234852,40.782593,2.6632934,44.193542,2.8933518,46.70749,-4.927017,55.869244,21.343287,50.7726,9.026577
Church of St. Mary of the Spring (Istanbul),Turkey,41.0066,28.9158,51.427917,42.235104,34.471493,16.387775,35.312805,10.473578,35.96729,16.864658,38.204193,41.764175,37.71595,17.295658
"Church of Our Lady and Saint Nicholas, Liverpool",England,53.407,-2.9948,63.201984,-47.445526,33.95134,7.002114,29.557434,8.047222,35.268215,0.47603226,45.69079,-1.8637447,50.469715,-6.3382177
"Church of Saint Benoit, Istanbul",Turkey,41.025,28.9766,45.57538,6.2687006,41.017063,-0.72604,38.988503,-4.1191263,43.12152,-13.738792,46.9028,34.70939,38.29532,24.67001
"Church of Our Saviour, Copenhagen",Denmark,55.6728,12.5939,64.01891,-41.515884,39.581387,18.480995,31.812195,20.326378,36.651062,11.248714,61.01985,0.6895733,53.242992,7.4950185
Viborg Cathedral,Denmark,56.4505,9.41233,56.59746,14.343056,55.68577,10.080191,52.74613,33.12438,61.271187,8.475048,58.831253,8.732562,58.349228,12.576853
Horizon Church,Australia,-34.0306,151.06,-23.282146,82.37103,52.889484,-14.84566,55.311005,-49.252335,48.19953,-32.849785,35.287823,-2.7139835,25.643417,5.6872516
Ringebu Stave Church,Norway,61.5093,10.173,69.60977,-13.999641,64.43445,-18.518604,47.01539,-26.684206,48.723663,-34.984943,61.274216,5.4311514,61.03996,8.973258
Ukrainian Catholic National Shrine of the Holy Family,United_States,38.9396,-77.0035,43.38553,-65.39223,32.81943,23.387276,33.003628,19.331089,31.300114,27.55769,49.362278,28.90372,41.008377,-27.476994
"Little St Mary's, Cambridge",England,52.2011,0.11812,31.303291,30.802937,35.792107,9.185476,40.513767,-3.0421364,45.25392,5.0571213,51.048965,-7.226551,54.17501,-7.475396
Dominion-Chalmers United Church,Canada,45.4168,-75.6951,33.65451,-40.52586,35.146713,-18.82559,43.224236,-45.024296,32.86619,-12.084675,28.16193,3.4625616,38.514614,-51.6684
St Dominic's Priory Church,United_Kingdom,51.5508,-0.1572,53.651585,8.255417,53.27398,-4.0681357,51.593685,14.068725,54.960403,1.9077892,53.65291,-4.575136,24.526937,75.27669
Coventry Cathedral,England,52.4083,-1.50694,38.929207,38.050694,45.520096,6.5368366,50.612892,21.792168,45.273876,0.9310646,54.974567,-2.8272095,55.611595,-7.1391535
Matthias Church,Hungary,47.5019,19.0342,44.22728,55.455627,48.886246,-13.239229,51.34095,4.8727617,34.408554,14.566807,48.42635,22.79979,44.93932,21.966732
Cologne Cathedral,Germany,50.9413,6.95817,52.627926,50.070396,40.497536,8.872831,51.463074,-11.990845,48.463295,-7.152649,52.171738,8.308593,45.831284,7.4450364
"St Alban the Martyr, Birmingham",England,52.4658,-1.88833,41.293438,34.97374,45.536545,-2.4797592,41.06899,-6.6852264,39.147587,13.829683,67.70807,-34.63787,52.265923,-5.015519
St Andrew's and St George's West Church,Scotland,55.954,-3.19583,39.692528,28.958794,33.587917,17.44945,35.25091,17.723145,34.084557,31.287058,46.37125,10.065783,51.848053,4.0614805
"St Andrew's Church, Brighton",Australia,-37.9113,144.993,-19.78704,132.177,37.379627,20.363764,43.668633,14.302498,35.601105,19.662302,49.12683,1.7748108,49.76532,-6.397788
"St Andrew's Church, Kowloon",China,22.3019,114.172,26.497658,61.475033,33.491604,61.034527,40.099003,57.62008,29.076561,83.47348,31.007185,76.81322,18.953068,102.34298
"St. Philomena's Cathedral, Mysore",India,12.3211,76.6583,30.567688,14.070347,31.63263,29.42331,34.58027,49.866394,35.581005,30.972595,11.813972,90.6429,13.149174,82.59766
"St. Peter and St. Paul's Church, Parumala",India,9.3247,76.5369,23.717493,38.4467,38.519165,5.681719,39.23276,8.69987,38.04356,28.72501,13.873515,78.55036,12.218744,74.42065
"St. Sebaldus Church, Nuremberg",Germany,49.4553,11.0764,50.239784,23.966597,53.63087,11.395855,50.15158,15.019943,46.044952,6.8558273,46.769012,9.253162,50.43394,15.782761
St. Simon & St. Jude Church (Tignish),Canada,46.953,-64.0364,52.13157,-50.744316,34.471146,1.974033,38.06163,-2.6094756,32.857773,3.178709,43.11299,-60.28413,47.235146,-53.94083
"St Etheldreda's Church, Ely",United_Kingdom,52.4017,0.261408,31.403797,10.1308155,41.869843,-8.273496,42.21686,2.2848918,45.785065,-17.408127,65.002884,-27.905586,64.811195,-1.8566914
"St Giles' Church, Reading",England,51.451,-0.970403,45.295456,20.501793,43.115776,12.535727,41.378273,16.497541,42.04338,12.599516,49.228355,13.597166,51.102524,1.4611015
"St Botolph's Church, Hardham",United_Kingdom,50.9486,-0.522789,62.106304,-12.618222,42.30948,22.54758,38.54901,21.851582,35.456512,41.3098,52.70912,-4.2544556,46.18209,4.8547153
"St Brendan's Cathedral, Loughrea",Ireland,53.197,-8.5666,52.35695,-39.388046,42.42057,14.079309,35.25751,22.968182,44.840363,-7.3964615,37.94926,9.212303,51.164318,-5.6948423
"St Cuthbert's Church, Edinburgh",United_Kingdom,55.9496,-3.20505,29.749804,21.506187,42.866177,20.112782,41.782032,17.900995,42.6668,9.708233,56.92556,-9.143908,53.891804,-3.9113045
"St Catherine's Church, Dublin (Church of Ireland)",Republic_of_Ireland,53.343,-6.2812,63.480457,-32.397644,38.63353,18.17038,35.639008,13.666552,33.658844,19.456192,46.01862,-19.82919,52.490807,-0.7965288
St Columb's Cathedral,Northern_Ireland,54.9939,-7.32306,73.89427,4.678252,42.297905,5.389342,43.77941,19.350876,42.417824,11.818182,57.287216,-7.8327217,55.096252,6.4873
"St. John's Cathedral (Lafayette, Louisiana)",United_States,30.2229,-92.0235,41.302082,-94.92114,39.692116,-68.6317,36.54299,-58.15242,42.054947,-70.18731,38.405025,-82.587814,36.706284,-93.67402
"St. John's Church, Meerut",India,29.0126,77.7089,27.907734,42.942993,38.86814,24.882208,44.231766,31.856272,32.903618,46.03256,29.730375,69.53717,27.395798,88.49449
"St. John's Church, Riga",Latvia,56.9475,24.1108,47.168434,-3.5939746,53.414146,4.1605897,49.27293,13.071134,49.25267,-13.383152,66.00356,27.634266,57.63846,17.264128
"St. John's Church, Tartu",Estonia,58.3827,26.7202,62.042423,7.304551,57.99881,-7.5295663,52.1157,10.878959,43.723866,15.731842,57.888794,25.69976,59.915844,9.507145
St. James Cathedral (Chicago),United_States,41.8947,-87.6264,31.912647,-41.947712,36.65291,-31.957094,43.909027,-36.63888,37.284996,-21.596497,37.441475,-71.7856,38.86658,-83.685486
"St. Bartholomew's Church, Berchtesgaden",Germany,47.5447,12.9725,52.754257,-21.584223,49.89087,18.249426,47.057487,13.4973345,50.672424,3.7631454,45.84768,18.303753,56.07705,7.360994
"St. Francis of Assisi Catholic Church, Jebel Ali",United_Arab_Emirates,25.0259,55.1135,19.732117,26.561066,30.598694,16.811567,34.916008,11.660586,26.464699,39.873817,25.975458,17.586866,26.929455,52.081573
"St. George's Cathedral, Georgetown",Guyana,6.81278,-58.1636,7.7745543,-50.012493,33.494255,-24.00196,36.312126,-13.493656,32.167725,-25.767715,24.49486,-33.09505,-0.24419403,-3.4252262
"St. George's Church, Penang",Malaysia,5.41972,100.339,4.62097,106.415344,30.989052,45.65475,29.189915,55.793636,24.718649,58.99668,9.003841,97.11772,0.70015717,89.17025
St. Francis de Sales Oratory (St. Louis),United_States,38.6042,-90.2258,44.64927,-83.14819,32.41157,-24.912045,31.977531,-24.366224,28.575224,-7.648941,46.57878,-96.62331,40.36681,-54.295277
St. Nicholas' Collegiate Church,Republic_of_Ireland,53.2728,-9.05366,55.814713,-103.2155,48.07292,-14.672451,42.333633,-16.037708,43.0885,6.980673,52.122696,-45.33068,54.828617,9.501662
"St. Mary's Syro-Malabar Forane Church, Chalakudy",India,10.3025,76.3394,19.920809,40.042316,28.662899,35.65263,38.07655,7.3140326,24.672712,42.67863,18.370756,63.458317,9.4248085,86.93241
"St. Olav's Cathedral, Oslo",Norway,59.9182,10.7441,57.587124,4.2583895,48.32783,10.170972,47.216484,30.83431,48.112175,9.225296,61.708748,16.294624,57.096775,23.24187
"St. Patrick's Basilica, Montreal",Canada,45.5035,-73.5647,52.34751,-69.527054,47.461113,-31.348675,52.66542,-27.593431,44.152237,-34.541294,47.001648,-73.09453,51.661022,-67.87097
St. Louis Cathedral (New Orleans),United_States,29.958,-90.0638,32.551064,-109.07291,28.242565,-21.807299,33.08533,-30.930119,29.126194,-22.008244,33.835632,-74.122665,33.53735,-52.753117
"St. Mary's Church (New Haven, Connecticut)",United_States,41.3119,-72.924,42.96238,-34.14248,36.21749,-27.179104,39.18677,-47.94988,34.75894,-18.216782,41.56312,-78.96571,44.128246,-74.02733
"St. Mary's Jacobite Syrian Cathedral, Manarcad",India,9.59972,76.5844,16.899044,67.584885,40.258495,8.589712,45.12886,21.802834,49.794983,9.241699,15.322374,74.50168,6.2198315,82.192116
"St. Mark's Episcopal Cathedral, Seattle",United_States,47.6319,-122.321,26.602587,-64.34649,40.953926,-43.719425,39.69966,-26.729206,46.713326,-61.584496,40.307964,-109.02429,46.701385,-97.48955
Christchurch Priory,United_Kingdom,50.7319,-1.77466,44.485054,12.372875,36.16696,11.951345,31.869843,61.963684,35.198208,30.199766,48.962,17.017529,46.941525,6.8305526
Wrexham Cathedral,Wales,53.0474,-2.9986,34.049305,31.077667,45.947674,16.706139,43.500782,3.257365,42.505108,7.9068394,61.155388,-22.362312,59.79892,-8.714433
Xá Lợi Pagoda,Vietnam,10.7781,106.687,20.764069,116.74075,40.13097,42.832397,43.42382,4.177903,40.014988,18.52343,27.8661,116.99005,21.719604,112.15754
"Shell Grotto, Pontypool",Wales,51.7031,-3.0227,33.679882,74.3616,39.508034,16.882507,37.729523,26.467976,41.17672,2.1122856,38.14315,26.164906,49.90983,-6.920491
"St Giles' Church, Wrexham",Wales,53.0442,-2.9927,45.965866,41.600685,45.230762,20.17412,39.484283,12.658963,39.368885,19.012516,66.36521,-17.667004,54.92392,-7.6951284
York Minster,England,53.9619,-1.08194,53.681744,26.353893,56.581284,-40.542183,35.81311,-49.00593,48.19693,-23.548927,57.365875,3.5811377,52.939995,-2.4302292
Saint-Jacques Cathedral (Montreal),Canada,45.5142,-73.561,39.685997,-75.76576,45.340992,-50.477997,46.929306,-56.689335,49.60578,-63.365364,43.063828,-56.898212,45.130577,-50.844006
Saint Mark's Coptic Orthodox Cathedral,Egypt,30.0722,31.2756,25.381964,24.08255,41.808704,3.3802304,43.680283,-3.541348,57.99232,-18.391785,32.356895,38.662933,21.721718,26.421616
"Saint Spyridon Church, Trieste",Italy,45.6514,13.7733,33.01964,41.63537,46.876205,-1.0413077,43.42884,-16.11675,42.991707,-3.4138527,41.122654,20.8338,43.558834,12.624945
Oratorio dei Filippini,Italy,41.8982,12.4687,42.96163,12.267584,27.336271,12.6919775,24.04961,29.220364,45.267555,-33.739758,36.93647,19.25404,35.43401,14.299563
Cathedral Church of the Redemption,India,28.618,77.202,21.280455,80.212906,34.449085,1.3817838,33.239113,-3.7022202,24.010132,14.478059,32.952526,13.427223,31.694477,13.390493
"St. Andrew's Church, Cologne",Germany,50.9417,6.95389,50.682728,27.84481,43.79828,7.528345,50.278366,-2.644605,46.216076,14.298792,52.23482,15.491047,55.683975,25.432674
"St Andrew's Church, Dublin (Church of Ireland)",Republic_of_Ireland,53.3435,-6.26104,47.486176,5.9149055,38.63353,18.17038,35.639008,13.666552,33.658844,19.456192,45.676125,-21.570377,50.783077,-0.77815056
St Andrew the Great,United_Kingdom,52.205,0.1217,23.577122,56.728024,35.388557,11.086219,35.35005,8.831508,36.413773,15.956244,34.370728,17.624416,49.104485,16.883001
Sherborne Abbey,United_Kingdom,50.9467,-2.51667,50.554474,28.685238,51.65886,-12.836622,65.12464,-31.54561,66.768654,-13.345028,52.332413,11.248559,54.793644,3.9850693
"St George's, Bloomsbury",England,51.5176,-0.124661,27.219019,18.529707,40.87465,-10.778924,43.889786,20.46091,35.39523,35.634533,52.281506,-11.081612,55.342102,-10.750709
"St George the Martyr, Holborn",United_Kingdom,51.521,-0.1224,50.96411,-9.209993,46.498535,-2.1699414,38.501427,5.851223,39.989098,10.911116,62.628944,-30.273968,51.57927,4.7359586
"St John's, Edinburgh",Scotland,55.95,-3.2061,33.750336,50.02942,40.501205,30.805649,39.51629,36.584805,46.537346,9.16614,55.671497,-6.7032776,54.49743,-1.8855982
"St Mary Magdalen Roman Catholic Church, Mortlake",United_Kingdom,51.4683,-0.2618,20.855394,13.553776,33.032967,15.638156,35.97262,12.037631,37.82358,14.807124,37.45436,4.334852,45.733627,-4.722131
"City Temple, London",United_Kingdom,51.5171,-0.106089,15.299011,45.15268,31.55192,21.59549,23.167826,52.979637,30.204596,2.2505379,55.797596,13.941414,52.746727,-4.739005
"Grote Kerk, Dordrecht",Netherlands,51.8142,4.66,34.989475,7.24224,24.323795,37.347794,44.28716,8.301972,30.206783,3.662506,46.636982,12.383665,51.0884,3.0506563
"St John the Baptist Cathedral, Norwich",England,52.6292,1.284,44.880894,-4.2715936,40.935642,-7.632453,42.55775,-14.899812,46.564865,-8.248802,53.75577,5.911107,59.223015,10.785631
"Immaculate Conception Cathedral, Managua",Nicaragua,12.1327,-86.2659,21.650871,-44.35296,24.720741,-20.452017,28.082338,-18.022089,16.836044,-48.470024,8.732126,-79.41896,11.168665,-59.78523
"St James' Priory, Bristol",England,51.4585,-2.59367,68.3439,-19.826187,47.7762,-15.9498625,47.02576,19.13209,47.674866,-15.307606,56.766365,-1.0378113,54.828033,-1.0868826
"St James Church, Gerrards Cross",England,51.5812,-0.556667,43.63624,-25.498991,39.308155,-0.27842623,40.3748,12.053636,38.544758,15.38404,58.2867,-10.105434,49.57395,1.6641321
Mill Hill Chapel,England,53.7967,-1.54665,44.55247,44.145256,41.996395,-27.479332,51.15998,-47.841984,42.267117,-37.740364,49.349533,-34.274345,51.960518,9.798927
Nassau Presbyterian Church,United_States,40.349,-74.6607,42.86798,-59.319027,30.568817,-19.419205,38.07873,-38.559456,36.31593,-55.246292,29.00151,-24.91909,31.117447,-53.309063
Newcastle Cathedral,England,54.97,-1.61111,64.14015,13.717304,28.403076,38.842426,27.163624,43.16607,24.420235,28.229958,47.925247,11.056917,40.484966,32.9282
"Independent Presbyterian Church (Birmingham, Alabama)",United_States,33.5084,-86.7798,47.81691,-69.71134,39.641113,-40.616722,38.735428,-51.11003,38.432983,-28.950905,29.22062,-75.27574,32.963078,-102.082954
Immaculate Conception Parish Church (Dasmariñas),Philippines,14.327,120.936,30.681488,19.396023,37.345432,-4.563349,36.065506,-21.92104,25.446632,-17.598286,6.9275913,100.24948,9.107985,86.15688
Imus Cathedral,Philippines,14.4297,120.936,6.099758,8.373621,28.371529,16.274855,28.16231,17.259884,34.273903,-43.702812,43.36006,-27.71556,29.165508,17.672039
Edgar Wood Centre,England,53.4579,-2.2164,39.899193,-5.50741,30.462103,-1.5530053,23.59346,18.832254,30.060215,-12.837154,31.510902,-18.346943,45.915886,8.031317
Dundee Parish Church (St Mary's),Scotland,56.4597,-2.97197,51.010193,-11.373119,46.130962,-8.611945,48.95171,-25.726288,43.07831,-8.149952,52.966904,-14.388794,54.851097,-20.955761
Dresden Cathedral,Germany,51.0536,13.7375,54.464645,7.1547575,46.46109,4.1242895,55.010895,-0.77521235,46.728485,-6.880188,52.488647,7.8254395,47.76181,12.807565
Drumcree Church,Northern_Ireland,54.4404,-6.4595,43.12036,6.339464,38.725395,-26.497568,39.835342,-12.162649,29.11959,10.317785,61.049698,5.610714,47.985973,26.622215
First African Methodist Episcopal Church of Los Angeles,United_States,34.0343,-118.306,40.420452,-103.82924,22.455065,-50.68174,21.745415,-40.93664,25.339573,-54.104614,22.97821,-95.58415,27.150517,-120.32505
First Baptist Church (Dallas),United_States,32.7847,-96.7994,24.516628,-61.01139,33.55379,-30.990877,42.35844,-61.10827,40.09294,-41.55188,26.728832,-85.75981,34.114147,-105.55739
Faversham Parish Church,United_Kingdom,51.3171,0.8948,59.899307,0.36341095,48.42362,-7.0731716,50.178463,-23.931168,49.81121,-8.911522,53.147507,3.2638426,48.130104,-22.398235
"All Saints' Church, Wittenberg",Germany,51.8664,12.6378,79.50362,-6.3873825,38.30655,9.370112,35.096344,-1.2111905,40.366825,-13.196163,33.98328,21.676884,49.088974,9.940935
"All Saints Anglican Church, Brisbane",Australia,-27.4645,153.028,-14.726158,100.2621,12.064764,48.772038,8.0601425,54.65757,13.690839,36.871582,-19.272676,103.453186,-25.174175,145.7637
"All Saints' Church, Rome",Italy,41.9083,12.4789,40.109676,-1.3020597,38.267212,3.6026225,32.550976,-2.963533,35.73613,-7.3167076,45.039124,1.8230438,48.89306,3.460062
Action Chapel International,Ghana,5.62552,-0.164715,13.087171,-29.888926,34.172035,-9.960052,35.981598,9.029385,34.047943,-17.651539,22.94476,-0.168499,2.5324993,15.911955
Nottingham Cathedral,England,52.9547,-1.1571,37.956985,23.661564,48.23861,-12.290255,49.19113,12.054386,42.683037,9.991928,58.99968,-9.669561,52.379795,-7.57059
Notre Dame de France,United_Kingdom,51.5113,-0.130038,26.29159,28.547932,22.82996,-53.79005,14.75544,-68.460884,29.038979,-62.864006,31.751936,-6.51989,40.619953,-14.709586
Northampton Cathedral,England,52.248,-0.8985,52.74755,-16.403843,39.630196,-11.404477,39.38367,11.687007,48.918358,-45.26436,51.118736,-1.4666615,58.21837,-8.28172
Notre-Dame-des-Victoires Church,Canada,46.8128,-71.2027,54.58655,-88.02847,47.596134,-1.2729478,46.3135,-19.466627,37.342335,-16.228107,43.774757,17.034678,44.654713,-27.2108
"Our Lady of Lourdes Catholic Church (Minneapolis, Minnesota)",United_States,44.9868,-93.2575,47.990017,-90.3909,32.103825,-33.676567,29.301544,-24.774975,32.12625,-29.728783,36.060493,-76.458206,41.840393,-96.559814
Our Lady of Lourdes Metropolitan Cathedral,India,10.5231,76.2277,15.204967,35.87304,20.178825,21.058142,15.8353615,26.08849,22.276323,11.481873,27.452318,10.405799,25.243044,58.55956
"Our Lady of Lourdes Shrine, Villianur",India,11.9113,79.7607,19.773815,48.44288,21.423338,45.842083,18.873768,43.550457,20.473785,35.188515,3.2321682,106.22174,-1.8955688,92.63057
Brechin Cathedral,Scotland,56.7307,-2.6615,52.981506,-4.874712,42.822365,-9.155425,38.5908,-5.728366,42.083107,-26.16222,60.986,-8.650631,56.024387,-12.958058
"Cathedral of the Immaculate Conception (Wichita, Kansas)",United_States,37.6931,-97.3353,50.368584,-85.56,33.95089,-32.22678,35.964943,-31.585815,24.754555,-32.976383,37.42732,-79.87015,39.12874,-88.59825
"Cathedral of the Incarnation (Nashville, Tennessee)",United_States,36.1508,-86.7996,46.867043,-66.704956,36.20886,-37.80804,33.201904,-36.564316,30.142912,-29.07684,36.492764,-81.82979,36.463642,-90.085846
"Cathedral of the Holy Trinity, Mostar",Bosnia_and_Herzegovina,43.3494,17.8142,34.643524,29.490799,37.014347,28.03839,33.89302,19.923624,39.07018,24.15678,45.57344,4.544689,42.582253,26.439144
Central United Methodist Church (Manila),Philippines,14.5827,120.984,6.6850624,25.217773,22.060917,13.449945,24.048985,-3.7220314,21.584784,10.498484,13.337372,67.30151,13.560856,11.569017
Cathedral of Christ the King (Atlanta),United_States,33.8281,-84.3869,38.53357,-72.13536,31.130325,-1.4353664,28.737244,1.8503771,31.429699,-13.136799,35.724957,-77.544846,34.151623,-84.16652
"Cathedral of St. Raymond Nonnatus (Joliet, Illinois)",United_States,41.5353,-88.101,41.21316,-73.6335,36.178364,-39.532562,38.14456,-26.109694,38.6481,-33.717617,40.234295,-80.65451,40.564445,-79.59435
"Cathedral of St John the Evangelist, Portsmouth",England,50.8003,-1.09417,42.58074,2.684904,34.882103,1.4866157,35.95156,-1.2100918,35.498375,5.552868,41.848675,-0.077013016,58.117622,20.079117
"Cathedral of the Annunciation, Moscow",Russia,55.75,37.6169,72.773384,33.5419,38.53293,26.884832,42.306465,6.3481865,50.133553,-5.652218,63.773483,8.83191,61.70674,43.32059
Cathedral of the Archangel,Russia,55.7503,37.6178,61.02501,48.897106,36.980064,9.239617,30.090273,11.615351,38.01522,1.1354179,36.367737,22.783905,43.788254,10.495537
"Cathedral of St. Mary Magdalene, Warsaw",Poland,52.2548,21.0332,54.938374,14.526079,39.44634,13.191384,39.84236,16.640476,46.761272,11.589855,48.695557,19.654785,52.4657,26.701649
Trinity Chapel Complex,United_States,40.7436,-73.99,48.318882,-75.341,47.504784,-1.2865343,45.932827,-13.418022,40.010178,-13.733505,26.120533,-43.21565,46.628666,29.192112
"St Mary's Church, Scarborough",England,54.2868,-0.39322,54.39845,7.7965584,43.649494,2.8807755,47.54953,2.8021872,45.50749,10.670691,54.542362,-4.999548,54.112328,7.47048
Whitefriar Street Carmelite Church,Republic_of_Ireland,53.3399,-6.267,45.616005,20.636465,35.801323,8.528526,42.149998,-22.886518,48.276665,-22.51199,47.877716,21.594898,49.711006,5.3594594
"Dome Cinema, Worthing",England,50.81,-0.368056,57.09865,-28.404547,36.57839,12.982014,54.204475,-12.050327,39.509735,6.6559544,48.97081,11.967314,48.640858,1.3181047
"All Saints' Church, Bakewell",England,53.2129,-1.6786,69.45116,-11.896519,37.70346,-2.6102023,28.530443,-1.3595338,35.81076,-3.0590725,45.20753,19.01011,53.69644,-7.767308
"All Saints' Church, Bradbourne",England,53.0711,-1.69101,46.482285,16.984566,50.13655,-11.155982,36.78809,6.1396008,44.02546,-13.186962,56.21344,17.379095,48.24217,4.254232
"Truro Church (Fairfax, Virginia)",United_States,38.8476,-77.3088,15.928533,-33.665638,32.63203,-35.623055,33.0567,-13.555582,26.020048,-3.3837376,34.704693,-82.26282,34.84498,-96.36509
Tuguegarao Cathedral,Philippines,17.6136,121.73,22.417845,40.13395,29.59636,26.716427,21.653908,54.033134,26.996443,32.51414,11.971517,34.65613,14.793367,102.21781
Västerås Cathedral,Sweden,59.6125,16.5411,56.09829,13.345278,39.699127,6.715955,38.723835,24.232325,37.580513,5.099577,63.013344,11.771081,60.423557,8.976902
Sunderland Minster,England,54.906,-1.388,55.049435,34.880127,64.55835,-15.072988,45.59419,22.49001,58.914925,2.8854942,56.974434,-7.196501,53.50294,5.4505754
Kilfenora Cathedral,Republic_of_Ireland,52.99,-9.21,45.34648,4.0494804,40.571636,-10.710893,38.693176,-5.2762337,46.608776,8.569677,47.62035,-1.9984436,54.44525,-15.756356
"King's Building, London",United_Kingdom,51.5114,-0.116111,56.0085,-7.933898,42.531178,2.738739,38.363632,21.216158,34.076035,25.362932,53.713814,9.942108,46.09035,2.9760456
Chapel Church,Belgium,50.8417,4.35111,44.599205,11.078547,50.201626,-27.278559,52.833324,-47.395267,41.62904,-27.862034,49.442787,3.112628,46.023598,21.938866
John's Lane Church,Republic_of_Ireland,53.3431,-6.2775,34.84679,0.0713768,44.08649,5.2269373,50.476967,-19.940151,40.283417,1.5376186,59.054237,-7.149418,54.028187,4.4331245
Speyer Cathedral,Germany,49.3172,8.4424,49.530766,0.24182224,40.747993,9.000934,57.885326,-35.93221,43.974464,-17.968826,46.744583,8.768843,46.921066,1.8583002
Portsmouth Cathedral,England,50.7905,-1.1043,63.415947,8.99876,41.588215,-16.684307,43.357605,9.445314,43.77045,-25.669006,50.431923,1.293539,56.05729,12.50403
Poitiers Cathedral,France,46.5803,0.3493,53.30043,-31.09479,42.43505,-12.866432,33.24012,19.323189,36.828194,-12.004356,51.77552,-4.871933,46.89141,-5.661479
"St. Anne's Church, Bukit Mertajam",Malaysia,5.35222,100.477,12.206485,119.30846,21.49994,65.81683,21.99042,60.54361,25.797215,49.99651,11.946531,123.52388,10.139612,86.561195
"St. Andreas, Hildesheim",Germany,52.1517,9.95,62.14494,6.410371,46.35466,-3.9509625,55.959587,-7.2509346,47.281593,27.83134,59.788574,16.520689,56.230415,3.569785
"St John's, Smith Square",United_Kingdom,51.496,-0.127111,47.903828,-20.471638,31.374054,6.1729016,34.45647,6.6024666,39.491264,1.2713261,49.522194,-16.174763,58.566296,-8.033462
"St Peter's Church, Walworth",United_Kingdom,51.4866,-0.0926306,30.165493,9.22044,43.813663,-10.734595,46.35563,2.0085924,46.081505,0.9840679,47.46099,10.419313,49.705967,-1.8405704
"Holy Trinity, Sloane Street",United_Kingdom,51.4931,-0.1575,17.92834,56.114315,38.308407,23.819122,36.951866,13.1115265,38.421047,21.817028,38.460487,13.481517,47.821873,-8.463351
"Holy Trinity Church, Marylebone",United_Kingdom,51.5242,-0.143611,41.23169,-6.8679276,41.61939,31.231075,39.96209,17.322933,43.06492,12.970765,54.687317,3.1820288,54.61641,-8.352864
"Mary Help of Christians Cathedral, Shillong",India,25.5684,91.8913,10.873582,61.65604,27.689255,19.624119,25.513393,10.57781,30.11071,26.453157,29.588902,99.72299,23.739332,94.18339
Mantua Cathedral,Italy,45.1606,10.7975,62.049652,-16.294819,45.769657,-14.338009,52.012596,-1.2103224,46.262047,-29.212055,43.66061,16.207092,41.648148,8.980935
"Dormition Cathedral, Moscow",Russia,55.7511,37.6169,76.30286,63.95798,58.196827,14.3282795,53.58831,4.054798,66.136505,-4.189064,59.888275,19.416283,59.976257,49.055477
Dorney Court,England,51.5024,-0.6759,62.487938,-18.755703,35.240517,3.881894,43.687584,-4.7339325,34.01187,15.914855,27.255104,-10.721333,58.94346,-8.878205
Church of St John-at-Hackney,United_Kingdom,51.5492,-0.05336,48.02231,-1.8024611,37.074753,14.254937,37.398445,16.917105,33.184395,29.34455,56.072166,-15.878597,59.473465,-15.281617
Cebu Metropolitan Cathedral,Philippines,10.2958,123.903,19.143679,71.798676,20.845367,36.077305,10.119558,26.483395,17.824852,55.907722,15.575737,116.803085,16.508362,113.07174
"Groote Kerk, Cape Town",South_Africa,-33.9248,18.4209,-3.3145943,23.039366,2.249258,53.437,4.547346,41.659527,-0.032556534,30.918865,-25.58124,28.664968,-29.70105,16.531664
"Our Lady of Perpetual Help (Glenview, Illinois)",United_States_of_America,42.0749,-87.8017,19.370972,-55.561424,28.26214,-18.777954,30.853682,-21.750412,29.929096,-12.065647,44.62475,-82.41864,41.82301,-88.930084
Papal Basilica of Saint Mary of the Angels in Assisi,Italy,43.0583,12.5806,58.23353,-51.223953,34.456474,7.473459,43.684784,-11.727279,33.649517,7.187298,36.3413,20.319014,36.109936,2.6809607
Parañaque Cathedral,Philippines,14.5002,120.992,26.204138,-15.2323,16.291815,25.96505,15.78076,-4.5311537,17.387766,-16.501541,18.12759,64.79875,14.370096,102.400055
Telok Ayer Chinese Methodist Church,Singapore,1.27847,103.847,20.005346,101.2325,18.920652,25.728914,31.954882,26.222603,17.32692,23.819418,-2.8560677,145.44145,1.5997162,137.12314
Temple du Marais,France,48.8534,2.36625,67.27551,-61.695976,22.859085,10.811625,18.597815,21.083864,15.172606,-1.6447468,44.09222,-25.366749,49.651978,-13.819596
Arundel Cathedral,England,50.8552,-0.559,55.77323,53.9017,40.703426,10.603083,42.396248,16.869402,48.192543,7.8007755,54.01789,-12.859591,50.77875,-6.777709
Gustav Adolf Stave Church,Germany,51.8569,10.34,66.695435,-16.09337,46.094627,7.704277,46.6867,-0.61167336,41.927437,-13.95203,56.981136,-11.77519,62.36191,6.3549576
Bab al-Maqam,Syria,36.1921,37.1603,43.30108,56.900646,24.557426,62.711094,35.402176,25.31778,16.954994,81.69125,43.927628,37.07779,34.212074,30.942394
Bab al-Faraj Clock Tower,Syria,36.204,37.1527,38.26789,51.58074,44.203793,29.097172,48.081543,-3.9125147,33.600433,56.216995,48.18002,49.818005,37.981777,40.255676
Bab al-Nasr (Aleppo),Syria,36.2039,37.1606,42.307693,31.615738,36.988716,40.358418,28.74408,18.66592,34.667088,57.607758,39.981045,40.63369,33.971996,27.685484
Australia Hotel,Australia,-33.8681,151.21,-20.693535,115.06447,-18.874947,93.1065,-25.778519,102.021416,-13.119968,98.262764,14.714076,35.76169,-11.198818,28.988544
Bangladesh Bank Building,Bangladesh,23.7266,90.4232,21.681005,48.114845,18.686825,58.101063,16.487371,82.34844,11.876352,81.574905,28.895502,77.6877,22.804127,94.84645
Bantry House,Republic_of_Ireland,51.677,-9.465,46.316513,-41.59464,41.788055,-31.393717,40.194553,-10.221594,46.227097,-14.862461,53.32642,-1.8151588,42.93584,-5.719775
Baoneng Shenyang Global Financial Center,China,41.779,123.435,27.842857,88.893936,38.349262,34.452633,34.119198,43.377262,35.982178,20.744123,34.711308,132.11028,34.694847,94.72886
Balvaird Castle,Scotland,56.2888,-3.34265,47.733555,24.296219,50.585564,3.5102625,62.81968,23.88226,51.032425,17.399094,50.197884,3.3142061,55.44523,-14.76246
Królikarnia,Poland,52.189,21.0285,45.890877,19.414127,51.160477,51.802097,34.95563,101.24098,66.078384,113.31853,59.062252,20.498518,53.954597,34.757187
Kroll Opera House,Germany,52.5186,13.3706,42.297363,75.24098,37.831738,-15.100045,38.776596,-30.466394,39.20363,9.403849,46.397007,-56.408733,40.063328,-36.47987
House of the Faun,Italy,40.7513,14.4846,38.06733,-19.540188,35.42189,1.3497543,27.512348,9.217223,37.41945,3.232376,45.58568,-7.1002445,41.57168,31.53088
"Palazzo della Ragione, Milan",Italy,45.4649,9.18782,35.336124,29.997444,48.066288,26.72272,53.96142,24.376793,45.3144,19.40765,47.028725,13.830736,46.486343,7.6309166
Hamilton Palace,Scotland,55.78,-4.0315,56.160347,30.141205,41.60126,-20.401922,43.58351,2.7941768,41.73163,-22.671314,36.10278,24.622032,47.61494,-17.932068
Teatro Nacional de São Carlos,Portugal,38.7094,-9.14167,39.65663,-59.42772,15.123823,-54.173565,6.000202,-43.482353,11.465063,-50.228523,-5.3416653,-19.755154,28.36609,-33.5212
"1 William Street, Brisbane",Australia,-27.4751,153.026,-13.447552,89.537674,13.074219,42.948906,18.569275,11.757828,9.657889,54.91574,-29.634905,154.96248,-26.899826,157.56094
Spiral (building),Japan,35.6637,139.712,38.542854,55.22301,47.7865,-10.642615,34.39412,25.33588,27.210901,23.222473,35.63242,-13.519756,37.243244,-5.484872
Building of the Presidency of Bosnia and Herzegovina,Bosnia_and_Herzegovina,43.8578,18.4141,38.35968,44.10693,26.062809,22.687902,29.25141,13.443197,24.292189,31.0343,32.410538,16.823477,38.300797,33.187622
Broadway Cinema,England,52.9543,-1.14383,44.458416,35.693695,39.309776,-10.000009,41.312492,-31.445503,36.387245,-7.8199005,36.587433,-44.610855,36.052757,-10.439015
British Residency,India,8.89791,76.5862,16.508198,53.219437,21.942802,-21.138111,17.956646,-24.671803,37.940353,-31.160427,17.287304,55.547897,33.73684,-2.7989302
Broadcast City,Philippines,14.6648,121.078,20.799055,59.326794,26.378056,27.230019,24.53217,39.59497,23.144394,8.351315,33.34147,-20.874668,34.196144,-27.742794
CIBC Square,Canada,43.6442,-79.3775,34.430702,-16.803915,39.301243,-21.407846,36.533688,-3.6441221,39.97968,-38.17334,44.24406,-20.550274,53.909103,-87.222984
CEC Palace,Romania,44.432,26.0965,39.13632,14.081905,38.265556,5.5584455,37.5054,39.001682,45.70085,17.955746,27.672777,33.633396,39.55503,54.398026
Ypres Cloth Hall,Belgium,50.8512,2.8858,55.39403,116.450516,51.493332,-6.0856237,51.13788,-1.7125793,63.630455,17.98908,46.57235,36.112366,48.07808,9.932395
Yue Hwa Building,Singapore,1.28489,103.843,28.009575,134.52487,37.154926,83.929375,22.761616,94.74869,27.00619,92.64118,26.694489,118.51611,2.3996048,127.78921
Yueyang Tower,China,29.3847,113.088,40.81375,95.2229,42.756134,88.74263,44.224663,56.782375,37.23336,104.870834,33.93851,123.45036,29.01554,125.18942
Cluj-Napoca Bánffy Palace,Romania,46.7707,23.5904,63.329403,-21.487045,41.36316,24.032965,35.39808,38.46753,44.96566,18.255455,51.81778,20.539532,48.06923,1.3243265
"Stone House, Ooty",India,11.4121,76.7127,13.169823,47.621185,25.571991,18.737255,35.0947,12.670656,30.85482,-1.4519596,2.663004,93.30669,15.849611,76.13383
Stoke Edith House,England,52.0627,-2.5778,49.087982,-16.933754,38.16459,-22.57001,36.055378,4.6001215,41.41391,-7.4901657,45.581394,11.076222,48.29554,-2.2191687
Stoclet Palace,Belgium,50.8353,4.41611,37.507557,0.25567627,46.705185,11.485175,50.675285,18.636618,52.04503,29.355703,42.83928,5.0789433,48.00126,-7.723296
Stocks House,United_Kingdom,51.8106,-0.605556,44.8924,-78.74849,36.527824,-0.36640573,36.650383,-50.931423,45.74343,18.937584,34.451504,12.034458,32.099632,53.12416
Stockport Town Hall,United_Kingdom,53.4058,-2.15861,55.665577,-24.664356,37.157307,18.966803,41.58589,10.475337,37.3964,11.051277,49.647655,11.943169,59.178314,1.5164928
Stockholm Palace,Sweden,59.3269,18.0717,46.954678,10.322119,47.271576,24.171143,44.424335,27.902502,46.82486,34.25329,60.329094,17.922638,63.595047,0.8629637
Sterneckerbräu,Germany,48.1356,11.5806,49.534756,4.5737276,37.06576,-4.119954,28.812273,9.994885,24.428286,2.2102375,63.827026,-16.853539,56.253166,4.5976787
Altair (building),Sri_Lanka,6.91889,79.8544,12.884054,65.12056,23.662563,15.168504,38.33415,8.54331,17.625896,7.7834816,41.986027,-37.006836,34.803616,-11.017331
Dal-Tex Building,United_States,32.7786,-96.8083,48.369095,-68.545364,38.911507,9.913143,34.737434,26.938944,35.226826,-12.293186,32.305202,-31.597828,23.929935,-27.882717
Downing Centre,Australia,-33.8774,151.209,-23.766575,109.08385,37.246864,15.197677,24.67825,32.82508,28.189302,29.319742,-12.640932,106.10605,-29.833263,145.92645
Culver Studios,United_States,34.0239,-118.392,16.304552,-56.9373,45.24403,-46.66212,43.08762,-35.66733,54.18392,-58.037033,43.417908,-45.45525,43.74291,-89.34006
Ancient High House,England,52.8062,-2.1172,43.919056,21.567469,35.622658,12.044634,34.01512,20.221357,35.66199,19.306,45.396183,13.945673,38.661716,19.875725
Cutts–Madison House,United_States,38.9,-77.0348,16.527132,-91.21341,45.317123,-40.62439,39.796474,-35.790707,38.161312,-26.89328,40.37069,-39.540913,32.674862,-46.198452
Aina Mahal,India,23.2553,69.6688,23.781963,61.63059,39.937164,33.45177,36.25448,29.319918,23.47818,63.08189,13.569886,84.9731,29.38937,70.459404
Al-Sakhir Palace,Bahrain,26.0628,50.5264,34.781166,14.601053,46.842915,32.93314,38.972286,51.1261,51.331673,34.0848,33.554012,41.901886,28.50878,45.23335
Airport City Belgrade,Serbia,44.8121,20.3977,30.52604,13.278585,23.91525,17.95512,22.224995,19.272993,27.141829,15.2268,42.19493,39.449,47.691494,34.321205
Adisham Hall,Sri_Lanka,6.772,80.931,11.249303,61.419277,32.463352,44.75586,54.90518,-7.4815273,43.482613,36.02654,52.043186,10.81212,15.82863,99.77179
Aldborough House,Ireland,53.3552,-6.24805,62.20516,-11.12632,58.59741,-12.101664,48.20612,-4.516326,57.282043,-21.127758,49.648872,6.4870586,50.285133,11.051945
Alberta Legislature Building,Canada,53.5337,-113.507,46.727783,-91.093506,37.36602,-56.14406,27.02607,-32.077473,32.411945,-39.512794,40.23774,-67.68013,39.97862,-90.2378
Express Towers,India,18.9281,72.8221,14.520993,37.581654,30.818346,16.409765,33.492683,8.911301,28.350811,21.993948,32.099014,14.198764,26.302895,2.5492907
Flora Fountain,India,18.9325,72.8317,18.240181,35.121235,22.77354,4.8049016,20.642735,12.393216,20.937551,-26.249725,36.331528,-17.012135,11.667875,47.177498
Europa building,Belgium,50.8425,4.38083,55.559097,2.3802137,48.64711,8.402241,37.00636,27.21975,42.483994,-13.274147,39.59423,32.776894,41.182205,27.265972
Erqi Memorial Tower,China,34.753,113.66,35.560753,73.67732,39.244926,44.883297,29.43979,13.559991,35.671383,20.255598,35.107883,125.5443,32.167274,121.642555
Trump Park Avenue,United_States,40.7632,-73.9699,34.17458,-37.14631,24.249275,-20.15711,24.462387,-19.263817,35.14408,-12.130238,33.740536,-31.311466,35.38756,-34.73422
Tŷ Hywel,Wales,51.4634,-3.16237,36.361607,28.069462,44.75182,-26.310986,16.354198,14.468198,26.343853,11.161871,59.87511,-4.20187,49.3534,-11.767158
Central Sofia Market Hall,Bulgaria,42.7,23.3217,31.856499,11.212294,28.815596,26.679977,29.1947,25.833698,30.00589,24.985474,44.63003,40.939903,52.207314,-1.3379688
Tower Hotel (Niagara Falls),Canada,43.0789,-79.0821,38.47475,-21.256876,29.649723,-21.589132,32.27611,-22.576223,23.522459,-17.205322,37.961456,-65.88013,46.64787,-82.53737
St. Stephen of Hungary Church (New York City),United_States,40.7739,-73.9506,43.517525,-58.28347,32.517345,4.444899,32.863243,9.289845,29.767698,9.896395,43.168964,-66.33345,43.21376,-77.51486
Karlberg Palace,Sweden,59.3411,18.0219,73.71521,-18.113651,59.07507,20.148558,55.006493,25.128124,54.01689,49.53563,59.235664,2.8456354,61.127563,24.622417
32 Old Slip,United_States,40.7038,-74.0077,30.364384,-42.024067,37.849457,10.038605,38.138493,1.4325349,38.030552,4.0301228,40.297924,26.25954,47.155468,-45.10886
49 Belgrave Square,England,51.5006,-0.1532,29.818153,-9.395253,15.813522,38.184906,27.344513,-11.340532,18.090876,21.683811,46.745316,-3.045332,63.38984,-17.79443
ALICO Building,United_States_of_America,31.557,-97.132,24.445395,-39.478287,37.778915,-49.60377,45.859673,-16.651352,28.536276,30.485859,25.62796,10.54961,28.484728,-34.92027
ABS-CBN Broadcasting Center,Philippines,14.6397,121.037,32.22507,59.68893,42.22729,-22.585411,37.16462,14.4846,34.151283,7.298218,23.080465,67.73223,17.118343,112.175186
Winstanley Hall,England,53.5224,-2.68735,46.583565,7.017043,44.467785,5.886216,40.980984,7.540906,49.418533,9.592825,47.044666,-2.7065544,53.877655,3.2692795
"City Palace, Potsdam",Germany,52.394,13.06,53.641552,3.6000776,39.473427,34.485672,36.78927,41.596306,36.563236,30.25544,45.07094,26.600204,52.626392,14.713693
"City Hall, Cardiff",Wales,51.4853,-3.17861,53.641327,-55.146458,29.016565,28.825354,23.029612,53.970097,28.221876,35.035763,48.745197,0.07719803,50.649246,0.5773802
Citadel of Besançon,France,47.2294,6.0346,45.309807,2.245759,29.473902,8.521047,30.693632,19.000303,31.229874,23.774708,48.536625,4.4306526,47.162273,0.8208122
"Circus Building, Copenhagen",Denmark,55.6761,12.565,53.652905,10.523569,40.67137,-2.098747,38.684475,8.949866,43.295273,4.8044434,60.48107,9.516977,65.42311,2.8938913
Château Gütsch,Switzerland,47.0515,8.295,34.59343,-10.0280485,41.76322,9.235753,60.007988,-18.699272,41.58068,29.15379,44.139275,-14.183636,38.10945,16.655008
Friedrichsfelde Palace,Germany,52.5047,13.5236,39.6382,7.474477,47.78025,24.947714,41.34327,15.568357,52.94955,22.607933,50.332047,-0.8672657,52.464123,13.629542
Fyne Court,England,51.0806,-3.11431,36.482285,-13.332636,39.729843,0.95510864,39.303173,0.1354407,46.444683,-4.978943,53.661316,8.856101,57.175137,-8.648686
GMA Network Center,Philippines,14.6334,121.044,25.481018,43.538624,29.217522,19.55251,38.08732,-12.690668,27.741964,-7.8937836,15.382747,4.1525946,15.792349,116.66937
Ehrenburg Palace,Germany,50.2581,10.9672,37.75482,46.152493,54.449387,31.586203,47.334526,11.533429,64.64958,-12.212448,54.87217,46.133907,57.0577,27.896606
Clarence House,United_Kingdom,51.504,-0.1385,48.791046,68.63922,27.42397,-19.10629,31.095139,-13.819469,15.610727,13.387577,41.537167,0.2834015,52.754944,-14.597873
Cláudio Santoro National Theater,Brazil,-15.7922,-47.8802,-2.2823353,19.551634,36.42003,-18.547054,38.55916,-36.646652,29.520676,-7.4646454,12.263025,-45.399216,-11.871376,-50.367996
"Embassy of the United States, Canberra",Australia,-35.3072,149.117,-26.595467,79.97687,17.666859,14.676662,18.512913,10.213364,19.01574,22.559258,-1.9849072,73.66173,-5.6748276,91.02335
El Ateneo Grand Splendid,Argentina,-34.5961,-58.3942,2.2300663,-31.965977,24.804365,-12.622681,26.07647,-3.0019898,18.721977,-11.939007,-0.22232056,-13.39333,-12.254662,-50.867363
Sainte-Chapelle de Vincennes,France,48.8423,2.4364,55.849022,-53.215073,25.18993,-61.31919,26.117826,-71.80162,34.10621,-44.435738,35.415344,-18.167969,48.923218,8.633727
Melbourne Hall,England,52.8202,-1.4242,20.863735,91.789795,-2.264576,99.04713,5.2066345,83.47951,-7.510994,113.82197,5.41564,94.50725,5.4575386,89.86565
SIS Building,United_Kingdom,51.4872,-0.124167,36.303776,-33.267517,36.439545,-1.2573957,37.96535,35.830254,33.96195,5.1766434,26.536106,15.146797,23.8218,25.663061
President's Pavilion,Sri_Lanka,7.26389,80.6403,15.513889,65.31793,44.32887,7.40272,31.683077,31.347765,42.636147,19.564915,28.745024,-17.404873,31.746473,-47.18262
"Christ Church, Clifton Down",England,51.4629,-2.6182,22.215014,56.241405,39.17125,-6.7795877,41.787327,-25.546661,34.47039,-15.854675,48.728752,14.100998,40.914894,-3.3906136
Maison Alcan,Canada,45.5006,-73.5772,36.15245,-26.93604,32.610294,-54.128983,36.190685,-70.78345,22.195938,17.954601,44.63598,5.3384104,44.792892,-16.334568
Malacañang of the South,Philippines,7.14972,125.661,15.188999,58.774883,8.162567,50.947594,18.97225,27.023355,5.640568,55.90145,-6.994196,109.1012,-0.020557404,135.33453
Maenan Abbey,Wales,53.1744,-3.8125,41.812584,34.392906,56.1214,-23.463749,48.843597,-36.838116,70.00332,-46.2828,52.11313,12.097157,53.598587,4.5037003
Shugborough Hall,England,52.8,-2.01295,45.95291,40.083244,57.29293,-2.4438677,44.69104,11.196888,55.039207,23.783802,54.8621,1.3615208,51.699905,-9.061355
Manchester Central Library,United_Kingdom,53.4781,-2.24472,36.706635,20.389025,30.62076,7.4739113,28.911188,26.65806,18.962141,15.022318,50.528507,-12.503204,60.871483,-13.584086
Manek Burj,India,23.0221,72.5774,26.149363,51.533684,34.81842,61.04283,35.50772,56.213154,5.131035,130.96121,25.234245,80.194496,25.717234,84.73163
Shofuso Japanese House and Garden,United_States,39.9814,-75.213,52.14392,44.122223,39.226303,29.45476,32.976658,38.714657,35.903866,47.013332,36.920784,51.002888,45.483345,-28.49427
Shipley Hall,England,52.9937,-1.3486,14.811485,11.779076,44.5439,-17.923141,52.377674,-21.167585,61.464375,-40.668327,54.063217,-4.1512356,50.380474,3.3975744
Snow City,Singapore,1.33517,103.735,28.859142,60.585384,26.73564,36.649773,29.483753,22.250885,20.714016,16.544384,33.49756,-43.29418,24.7611,29.408463
Smáratorg Tower,Iceland,64.1028,-21.8806,48.88393,-16.276024,46.327644,38.916283,35.72749,16.982765,39.58564,29.801128,47.558765,12.721302,49.080257,-0.2751522
Skaill House,Scotland,59.0476,-3.33656,58.63504,20.807953,47.145447,0.8991767,43.421165,-19.24616,47.52054,22.832905,54.88748,-1.3454514,61.045944,-14.571038
Granja do Torto,Brazil,-15.7056,-47.906,8.591845,-9.943236,6.726259,-5.8173842,16.943802,-2.4376838,10.735291,-10.917969,1.4217262,-5.511051,28.733295,-11.243171
Great Hall of the People,China,39.9033,116.387,13.388438,101.9689,28.826122,21.573175,31.778711,10.27774,31.793367,14.841304,30.740942,73.51393,31.433117,103.050575
Moscow International Business Center,Russia,55.7467,37.5369,61.759884,23.845978,34.875668,1.902968,38.06859,3.3288386,42.152863,-19.294613,47.933823,54.969753,59.40502,71.582726
Mount Royal Chalet,Canada,45.5039,-73.5876,32.39632,-41.954193,26.535921,24.992193,32.04004,9.013266,23.734371,21.750849,46.223698,-69.98718,36.15063,-37.84072
Glienicke Palace,Germany,52.414,13.095,60.690735,12.435028,46.935112,30.766169,51.59795,-4.747279,48.79227,34.22389,51.357704,10.453246,49.380676,-4.8203707
"Granary, Bristol",England,51.4521,-2.5926,39.519653,-25.665941,44.10805,-2.792531,50.35955,7.2924137,48.193985,-14.173855,58.45111,-1.6626587,52.928596,-10.422612
Golden Gate (Gdańsk),Poland,54.3497,18.6481,43.870983,29.02766,46.12404,28.069853,49.71743,28.00425,45.920837,21.534454,53.691982,13.614247,53.67356,-0.27782726
Marquette Plaza,United_States,44.9809,-93.2678,46.6886,-60.59034,34.116203,-83.58271,28.8917,-47.40627,23.572357,-69.62216,29.20475,-38.19656,24.33622,-114.317825
La Cabaña,Cuba,23.1472,-82.35,6.580839,-54.853966,22.227715,-32.253983,20.065289,-39.89286,25.64732,-29.352493,13.887435,-59.472538,6.5336475,-67.00971
Muttukadu boat house,India,12.8058,80.2419,11.493093,55.030983,31.607414,21.698677,41.90297,-8.098108,54.85607,-16.696556,18.48998,94.97624,8.889158,85.2129
"The Vulcan, Cardiff",Wales,51.4784,-3.16905,46.682076,-5.7783327,35.140507,16.390493,26.812778,29.681196,40.551445,18.860859,46.83183,-0.8354645,51.79023,5.9730463
Green Gate,Poland,54.3479,18.6558,49.24573,20.039932,43.888874,13.006433,42.71589,15.253059,43.78799,19.222446,18.725641,64.39519,23.36364,27.425838
Krishnapuram Palace,India,9.1503,76.5086,31.993256,73.49185,42.869534,57.84806,38.88014,27.68602,42.50071,50.024017,20.75347,80.09877,12.277788,79.81921
Kolossi Castle,Cyprus,34.6653,32.934,52.324516,-7.1559887,50.56741,2.192381,62.81968,23.88226,59.6763,6.481884,44.010395,26.248068,34.867905,10.894924
Kuala Lumpur Courts Complex,Malaysia,3.1769,101.671,20.0365,99.56851,13.168566,69.52578,-0.31368256,102.35469,8.187546,67.615395,6.771673,148.82607,7.5809994,123.65164
Kviknes Hotel,Norway,61.2092,6.53778,51.584976,12.279232,32.394257,-3.0490136,15.68,-22.709234,29.5902,-4.580019,57.73269,14.69436,57.785942,-29.196838
Kings Langley Palace,Kingdom_of_England,51.7119,-0.458889,61.391308,-9.872408,39.23725,-0.69614244,52.056255,-21.246428,44.39582,-2.473816,46.059155,-28.981438,52.268784,-11.013429
Instituto Técnico Militar,Cuba,23.096,-82.417,18.217064,-47.057465,13.528667,-48.941826,12.07906,-26.561823,14.979779,-54.07943,3.37146,-28.560883,-12.023094,-72.675804
Immaculate Conception Church (Manhattan),United_States_of_America,40.7309,-73.9821,27.475525,-18.999493,37.45035,-17.973352,38.822086,-28.899506,24.770847,-35.49022,42.0299,-71.470535,42.247475,-83.74575
St. Thomas More Church (New York City),United_States_of_America,40.7827,-73.9567,39.00193,-56.636684,31.839298,-14.571546,30.436016,-6.386261,28.201242,0.66953087,41.681713,-73.25131,38.753204,-77.8969
Ruski car Tavern,Serbia,44.8157,20.4592,45.719833,22.627132,52.14554,-34.38175,41.591965,-37.51788,56.64557,-45.733383,55.187386,-6.930481,43.346767,31.706848
Woodcote Park,England,51.3152,-0.2757,56.83911,-38.60229,36.101738,-28.825489,28.751448,31.270018,33.93954,6.0972614,45.03529,10.044528,53.496494,-20.053028
Wyoming State Capitol,United_States,41.1403,-104.82,34.07908,-46.370884,27.436111,-61.27739,14.103849,-68.763435,27.816216,-74.569885,38.35308,-75.97037,39.849907,-93.26378
Wolverton railway works,England,52.063,-0.816,69.087204,-36.265827,48.025658,1.4359845,50.041977,33.10465,56.505714,31.600208,48.041397,10.351194,58.2264,23.038288
Woburn Abbey,England,51.9831,-0.5968,47.473694,-19.114677,55.18746,-47.75572,70.089066,-46.770035,67.439606,-48.993256,60.72444,-10.037462,63.437927,1.9138069
"Tyszkiewicz Palace, Warsaw",Poland,52.2406,21.0172,44.46037,15.362646,55.13359,16.880138,50.94863,-1.6682961,65.94226,6.3501625,55.72348,23.541882,51.901665,23.078806
Ye Olde Trip to Jerusalem,England,52.9493,-1.1526,56.807526,7.3524523,37.446808,10.701838,28.17252,4.062361,43.56041,5.552696,36.172176,29.490997,56.157356,-19.968037
Umaid Bhawan Palace,India,26.2808,73.0469,19.168217,39.14365,40.383354,57.717976,37.81263,40.02198,43.01474,68.20176,19.309147,74.57402,32.277924,46.140434
Wolfsburg Volkswagen Plant,Germany,52.4338,10.7796,32.12375,-5.905289,36.95315,-2.974123,32.78277,4.256651,46.500256,9.292526,46.4627,-4.5208683,60.104874,-7.5532084
Our Lady of Guadalupe at St. Bernard Church (Manhattan),United_States_of_America,40.7402,-74.0042,36.552162,-75.68913,30.521063,-9.018004,30.310055,-7.938549,29.194717,-6.6948776,37.97202,-81.24841,43.661728,-27.709969
"St. Mary Church (Grand Street, Manhattan)",United_States,40.7157,-73.9851,40.34007,-47.327366,37.08521,-5.648963,38.592964,-1.7675005,39.31512,-1.7250919,42.277954,-58.32165,39.981113,-64.27082
Pieskowa Skała,Poland,50.2442,19.78,40.3332,-15.1439,48.790718,-9.048779,31.55372,-4.8275585,29.824928,-31.784344,60.493156,11.868881,44.09162,15.444767
Phra Pathommachedi,Thailand,13.8197,100.06,54.875725,67.42879,35.2789,74.92151,11.467459,90.51357,46.555565,120.56339,17.002182,121.80583,17.51663,104.2949
Tessin Palace,Sweden,59.3258,18.0731,39.442345,16.048859,67.135925,8.864383,47.05408,36.60113,63.505974,30.221415,43.0714,25.02451,45.031918,18.73571
New Castle Lachlan,Scotland,56.111,-5.194,41.831303,15.258621,8.364986,41.17902,31.405521,35.48452,17.068035,58.901062,18.532932,83.07408,15.709866,39.68682
Nettlecombe Court,England,51.131,-3.35,56.0175,-27.216125,46.318123,-6.354689,35.098602,27.182966,40.109165,22.40223,46.98371,21.484264,53.922737,-9.627151
New Wardour Castle,England,51.0378,-2.094,58.63487,12.282192,33.716537,-1.8123051,40.049473,16.776577,39.432983,28.226048,45.02482,12.106602,55.085632,0.89715576
Ohio Union,United_States,39.9984,-83.0078,42.153774,-68.357086,35.515602,-85.40142,41.805813,-82.84979,35.08023,-68.072495,29.075993,-37.076584,35.44126,-65.737366
"Oakley Hall, Hampshire",England,51.2492,-1.185,39.15478,-4.2692056,42.932854,-17.032125,53.666534,-29.469488,43.78353,-40.334282,53.97487,-2.1789417,52.312527,-6.937545
Millennium Tower (Vienna),Austria,48.24,16.3869,38.208313,1.8039036,40.67669,17.751207,42.02829,19.419409,37.647545,19.050915,35.20644,-0.6043415,41.922546,4.0791783
Milagres Church (Mangalore),India,12.8674,74.8444,12.773595,49.93448,9.649824,43.834023,23.955414,5.9000597,14.006365,10.665688,14.834066,57.34016,19.232443,82.79166
Midpoint Café,United_States_of_America,35.271,-102.673,39.419777,-95.39261,16.049522,-3.543385,21.390629,1.5374122,14.406422,-52.00827,39.419735,-4.407936,36.940838,-38.38426
Neil Colgan Hut,Canada,51.2978,-116.188,43.622322,-49.52269,41.358253,-22.48417,61.711937,-76.47948,34.85312,8.1964,24.153484,31.385788,17.717766,5.9835467
Rancho Petaluma Adobe,United_States,38.2555,-122.585,44.81064,-148.98273,23.829851,-129.22652,42.953342,-77.580765,19.567307,-75.71526,28.354784,-96.71658,21.90685,-65.23688
"Selfridges, Oxford Street",England,51.5142,-0.152628,81.23616,-79.619995,33.238495,5.09383,37.68308,-21.32649,44.007263,-1.1777401,29.61266,13.651973,39.077003,-0.5516777
"Old Government House, Auckland",New_Zealand,-36.8499,174.77,-15.811317,103.32353,7.9507465,41.735817,10.512558,65.09981,8.714872,61.700256,-24.412287,103.71709,-38.33934,157.38747
Ormeley Lodge,England,51.4353,-0.302222,59.844246,-21.554806,51.38429,-38.24032,36.849895,-35.85148,36.31624,-51.836655,43.67453,-4.516865,37.289738,16.689053
Castle Leslie,Ireland,54.3113,-6.88705,48.574486,-10.159405,40.12649,-10.763984,38.338997,13.19405,46.21556,-17.162144,47.012676,3.560276,47.450172,8.296362
Carnival House,England,50.9015,-1.40946,24.637125,-36.24105,19.14796,10.250252,21.215433,-1.2248931,11.762772,29.294193,31.216982,-28.002232,34.459896,20.166988
"Folly Tower, Pontypool",Wales,51.7168,-3.0219,42.49304,43.53342,45.015423,10.6825075,42.505928,20.330952,34.936646,34.260246,39.7131,6.316354,49.176064,-7.7301073
Haddon Hall,United_Kingdom,53.1939,-1.6498,55.742252,58.723347,35.222965,18.267933,43.826283,-5.2509956,37.761253,23.429693,59.07734,-1.3511219,51.267487,-21.018604
Hackwood Park,United_Kingdom,51.245,-1.065,61.439594,22.146505,36.78681,9.074853,13.999283,17.899748,27.358543,37.06369,32.478714,-10.834379,59.009808,-12.285867
Gurdwara Darbar Sahib Kartarpur,Pakistan,32.0873,75.02,32.43598,26.936283,47.833443,47.48997,49.534843,24.044231,51.933754,29.175856,39.199306,57.347847,28.132732,63.828533
Haus Wittgenstein,Austria,48.2033,16.3942,50.7218,-49.32506,47.354637,4.5386167,54.213722,-2.0354388,64.51257,13.493527,39.952736,7.5611296,47.596966,22.287037
Hammam Essalihine,Algeria,35.4403,7.0844,19.059586,30.923794,42.379307,34.557297,36.390907,119.70707,35.317616,95.6612,30.370388,18.879852,36.66957,0.026720047
Ham House,England,51.4442,-0.314167,57.30268,23.175938,50.799416,-13.450866,49.599564,-8.379651,46.09864,15.56802,45.241997,-1.2544308,56.984207,-8.035367
Hammerwood Park,United_Kingdom,51.1312,0.0595,51.62642,-32.673447,33.926373,-16.964857,13.999283,17.899748,32.311695,12.790681,36.08432,-9.681364,59.14496,-13.650231
Kadriorg Palace,Estonia,59.4385,24.7908,66.65315,37.98524,51.592396,69.72435,35.18843,52.943893,51.123035,51.457073,53.11305,32.12808,50.70648,23.259056
Istana Melawati,Malaysia,2.94528,101.701,19.6108,80.04794,8.238613,112.94457,13.587643,95.74466,4.826153,120.18101,12.190015,100.64328,0.6388397,99.953026
Dilkusha Kothi,India,26.831,80.954,33.339535,89.78476,20.084888,99.80027,38.588642,-2.102831,23.571081,79.898605,25.3961,71.92766,26.44026,111.999626
Fort de Brégançon,France,43.0934,6.32216,27.116034,-16.93969,24.667686,-12.442915,25.929848,-17.671412,30.298527,0.7500515,29.951744,5.9573936,41.33168,12.497444
Groucho Club,England,51.5131,-0.1341,54.896084,-12.066165,27.03669,-15.554602,33.08504,-15.943719,31.21887,-35.06748,28.428156,-0.37129402,47.43084,7.665504
Jabłonowski Palace,Poland,52.2447,21.0097,44.91427,23.399618,41.448948,-6.707498,44.07881,34.09628,37.374023,65.09483,55.734535,17.919754,51.082863,15.152213
Telus Convention Centre,Canada,51.0456,-114.062,23.696947,-13.629875,34.17312,-14.859819,26.131695,2.687896,37.409557,-25.431892,38.396244,-30.560287,42.575222,-100.39396
Hensol Castle,Wales,51.5012,-3.3737,39.02567,-10.226795,47.24418,-1.4414037,52.62563,28.191132,48.2007,13.533757,44.20351,47.334873,52.976425,-12.670508
Hazarduari Palace,India,24.1864,88.2687,35.486336,56.87414,35.558502,65.179665,38.972286,51.1261,51.331673,34.0848,34.449165,36.852066,29.423061,85.60549
High Elms Manor,England,51.702,-0.393687,41.29586,1.4613352,48.401543,-4.2114577,45.201904,-22.643473,47.659668,-2.9762707,54.144905,1.9396648,47.83988,2.6553707
Ou Raadsaal,South_Africa,-25.7472,28.1878,4.366083,22.971256,11.981117,9.551118,28.36795,-32.979973,-7.588337,108.24085,31.52157,3.9687605,-13.816879,14.620528
Nuevos Ministerios,Spain,40.444,-3.6935,29.8634,-13.421911,-0.5607052,-38.14862,29.516907,-30.328173,3.5709515,-73.7922,1.7839737,-48.08424,30.990746,-28.040302
Fort San Antonio Abad,Philippines,14.5626,120.987,20.306868,33.881668,26.150002,-54.03151,23.782486,-65.75479,28.324314,-48.743393,4.2975025,-15.101906,8.514381,50.950333
Former Central Government Offices,Hong_Kong,22.2791,114.159,19.306538,70.6974,10.968006,34.912846,9.806229,33.317688,13.092481,51.17582,23.485537,63.835186,21.843193,66.835945
"Foreign Correspondents' Club, Phnom Penh",Cambodia,11.5669,104.931,31.620804,60.344715,23.903769,47.99311,3.7954197,74.23468,15.132957,44.420578,14.299692,61.140533,10.340538,72.25791
Former Residence of Mao Zedong,China,27.9098,112.495,36.139214,82.035965,25.758667,61.08739,40.79554,31.235228,25.869562,37.47753,30.766275,99.26399,44.453796,59.79868
Nichols Hall,United_States,39.1866,-96.5808,48.902683,-63.711357,41.5815,-13.39142,52.592133,-37.174625,48.6286,-5.9250145,36.933594,-34.901386,34.230213,-37.854736
Norbury Manor,United_Kingdom,52.9775,-1.81889,48.6984,-1.1431804,54.562126,-7.1676626,58.409836,-19.02336,68.15263,-14.044598,57.215813,-19.110138,52.097397,9.506964
"Parliament House, Hobart",Australia,-42.8854,147.33,-16.312634,85.12898,7.3109474,54.505226,13.594334,69.72546,9.202061,84.773056,-40.852608,136.80061,-42.46013,136.38177
Palácio Rio Negro,Brazil,-22.5083,-43.1814,-5.828079,-10.622325,11.637959,-48.306393,6.1665325,-18.107885,10.143475,-22.710148,-6.5367107,-36.416897,-26.746872,-53.813816
Charles Street Meeting House,United_States_of_America,42.3579,-71.0706,37.89825,-38.86383,21.64775,7.3980207,25.36398,3.3027027,27.244179,18.119312,44.49813,-40.769665,44.30825,-53.847935
Caux Palace Hotel,Switzerland,46.4322,6.9375,35.267868,-8.405,38.921616,-3.0394459,24.04178,36.877964,45.451885,-2.3701935,32.920883,8.152546,37.32441,14.208767
Church of Our Lady of Loreto,Poland,52.2567,21.0277,45.48969,12.113312,21.721436,17.745577,24.80182,16.611946,23.854612,9.101913,23.673326,-4.1962547,44.63629,8.093187
"Palacio de Galiana, Toledo",Spain,39.8654,-4.0051,30.294125,-8.638565,23.565777,-77.75481,25.661888,-77.61795,23.895256,-79.80946,24.832312,-45.66914,44.493893,-39.51966
Palace of the Dukes of Braganza,Portugal,41.4465,-8.29101,19.782219,44.086838,23.516361,23.417421,30.191793,33.913975,33.82061,19.138433,8.685831,-15.28167,33.81642,-10.521182
Palace of the Count of Flanders,Belgium,50.8417,4.35889,21.772284,28.036556,37.220623,16.869038,33.89587,11.925879,38.513218,9.805895,41.18607,4.269123,54.448753,-6.3663855
Palazzo Carignano,Italy,45.0689,7.68611,57.70584,-66.10232,41.2075,18.86651,52.632835,-1.0239174,41.969078,-4.7519913,40.313656,19.049232,46.0013,20.212584
Padstow Lifeboat Station,England,50.5489,-5.02167,42.672333,-7.8957167,43.5523,26.547262,42.639427,3.0407693,45.23342,10.142742,42.77511,12.2568245,47.414894,-1.9665508
Palace of Happiness,Azerbaijan,40.3689,49.8317,36.65056,27.098774,38.75451,7.202714,34.380863,15.978882,29.335423,45.661102,19.824663,66.6985,46.202705,43.19261
Palace of Earthly Tranquility,China,39.9194,116.39,35.196644,66.18199,36.228653,33.094017,28.43953,7.2375536,42.641365,5.4984436,30.117947,77.34711,37.059875,96.1854
Mar Lodge,Scotland,56.9917,-3.48861,45.38675,8.7197075,36.677402,-40.06928,22.489807,-28.12128,33.058964,-47.65706,46.570778,-1.5300331,47.419037,-7.665351
Augustinian Academy (Staten Island),United_States,40.6162,-74.0951,24.395275,-19.489914,35.945255,-12.610119,37.715225,-3.5748608,39.697746,-6.369419,41.439953,-70.346085,57.33741,-63.73554
Marischal College,Scotland,57.1495,-2.0964,68.16089,-27.67441,38.20929,-12.095242,34.787582,-43.147915,47.10252,-6.298603,32.774296,-35.04325,56.921623,-6.9151373
Mariinsky Palace,Russia,59.9308,30.3094,46.844357,25.779675,44.627865,48.466812,43.24211,28.2193,49.287582,40.098866,58.52729,29.772285,63.39762,36.094078
Marienborg,Denmark,55.7756,12.4647,38.91644,32.037888,81.240326,4.6397314,58.693413,-23.30861,59.577755,21.806997,52.46034,2.9160938,61.480415,10.442598
Hermitage of El Rocío,Spain,37.1306,-6.485,33.012863,-33.69814,28.332788,-15.000025,22.906082,-14.42615,25.403704,-32.43853,19.567753,-37.895668,34.58301,-7.280156
Egeskov Castle,Denmark,55.1764,10.4894,53.19758,69.4379,56.970108,-0.8696457,62.81968,23.88226,60.072723,15.427751,67.48381,14.944304,56.037846,12.100446
Săvârșin Castle,Romania,46.0156,22.2356,49.675903,4.6421785,36.242123,6.5007005,42.71024,22.530191,30.083965,35.34046,57.06514,12.921921,45.583405,27.601528
Holy Name of Jesus Roman Catholic Church (Manhattan),United_States_of_America,40.7944,-73.9706,45.659805,-43.896732,33.86644,-3.9788203,30.640156,1.6850808,35.51693,3.3728504,40.623302,-71.759,41.083927,-90.31004
"St. Alexander's Church, Warsaw",Poland,52.2289,21.0222,51.304558,2.0565023,46.727276,14.459127,49.151237,17.846132,46.807045,13.526042,50.879353,27.484108,55.050953,27.743637
"Plaza de España, Seville",Spain,37.3769,-5.98694,33.333443,-37.196182,24.916883,-41.256065,15.834835,-35.14032,22.49725,-40.54892,30.304611,-21.108387,35.69391,6.086983
Southwick House,England,50.8748,-1.1019,78.85809,-56.277626,43.913284,-14.879638,36.655186,6.4419546,51.173668,1.1663742,49.658386,4.896323,42.216522,-7.8238745
Spaniards Inn,England,51.57,-0.174,52.44114,-34.190453,35.630394,-38.59177,29.585505,-81.81289,32.584324,-73.17729,47.23088,-12.410624,52.996353,-6.2393084
Sparks Shot Tower,United_States,39.9348,-75.1463,51.57852,-86.93915,39.042553,-12.77642,37.317997,-21.640738,37.492485,-23.88099,46.61574,-16.680206,40.49964,-45.25841
Sophia Gardens Pavilion,Wales,51.4822,-3.188,44.85045,-21.754185,31.52303,32.0031,20.408306,49.000565,30.047983,25.511484,27.58568,16.442322,49.087044,21.315662
Portugal dos Pequenitos,Portugal,40.2031,-8.43417,17.73902,7.075081,15.350439,-33.44965,-8.698383,-14.900983,6.5464535,-28.279522,-0.95516586,-20.571846,35.474476,-1.5716896
Abbot's Palace (Oliwa),Poland,54.4108,18.5603,49.33281,-4.581221,60.874588,47.16429,57.432053,28.034004,62.39479,34.85936,33.929234,55.106747,55.463528,8.571486
Chang-Gu World Trade Center,Taiwan,22.6431,120.315,33.166218,74.19173,36.896385,-23.310654,28.236137,8.31644,34.894745,-18.738243,33.065247,60.088207,37.989677,126.51743
Chitral Fort,Pakistan,35.8551,71.7917,34.26687,62.86627,35.952763,-21.710417,48.098457,-67.81796,32.92464,-3.6514626,25.095886,78.89012,29.681599,92.15186
Chateau Tongariro,New_Zealand,-39.2,175.539,-0.3257637,59.75323,28.38734,-4.534917,42.559395,-31.642168,9.918935,35.112476,-27.012194,106.08562,-33.257004,156.37164
Chernobyl Nuclear Power Plant sarcophagus,Ukraine,51.3896,30.099,55.161278,55.83616,49.341145,10.960957,48.104244,27.674797,47.587006,34.885178,31.650536,12.11338,48.459366,15.800217
Chernobyl New Safe Confinement,Ukraine,51.3893,30.0932,69.61253,-3.8052669,38.87373,-0.4683933,42.088528,-4.201938,30.519188,23.616512,23.296623,53.78516,47.317432,38.376682
"Archbishop's Palace, Maidstone",England,51.2713,0.5205,56.340725,54.585705,46.126717,14.897288,42.60436,33.95668,45.30014,2.5537739,48.66338,21.308046,53.60309,-7.95852
Ardbraccan House,Republic_of_Ireland,53.6609,-6.75022,45.71721,4.271284,57.36705,-43.545876,49.332157,-22.140545,50.736015,-2.180027,53.814087,10.480423,49.757812,-14.567132
"Large Guild, Riga",Latvia,56.9498,24.1081,60.125317,-0.29535627,49.333412,-1.5574614,38.488857,7.548953,54.697803,-61.495903,71.13752,19.345196,57.28266,21.114267
Sutton Coldfield Town Hall,England,52.5662,-1.82511,57.776287,6.1618757,46.055363,16.928326,45.663414,0.7525263,45.821564,9.912748,52.336838,6.8095436,55.508385,2.184085
Summerhill House,Republic_of_Ireland,53.4802,-6.73259,44.787956,-8.818541,40.045536,-8.8496475,32.015785,2.6730945,33.07068,-20.935337,43.57601,-2.1311474,46.50159,-2.7875643
"Black Castle, Bristol",England,51.4433,-2.56083,55.790432,-23.541206,46.073395,-26.422392,44.324757,0.25128794,42.614155,-27.112125,56.687737,-6.9796886,49.963367,-11.476209
Kanniya hot water spring,Sri_Lanka,8.6045,81.1713,4.796854,99.83681,29.75014,26.433636,34.587833,-12.879904,35.11402,-10.841721,19.051468,99.563385,3.1187305,101.451324
200 Aldersgate,England,51.5179,-0.0975,34.893375,19.671185,40.889305,4.3158627,35.443253,-8.454691,47.32234,-18.825062,50.3939,5.1512985,51.491535,-2.9243956
Schönhausen Palace,Germany,52.578,13.405,40.53897,-0.09858751,43.447243,25.729082,35.168026,20.534801,55.23333,-9.204605,54.83311,12.427454,52.156685,4.1756353
Betts House (Yale University),United_States,41.3227,-72.9221,28.497053,-62.96301,36.38427,-31.636131,39.201653,-36.412315,28.65826,-23.74545,35.096577,-51.513454,41.556614,-74.26425
Bignor Roman Villa,United_Kingdom,50.9232,-0.59475,37.285522,4.8875217,38.784306,-19.907902,24.440376,2.188649,31.320133,14.692215,39.29221,9.359548,44.729874,-2.0403223
Berg Castle,Luxembourg,49.8147,6.08759,30.961872,8.966576,52.039085,7.5566645,60.629704,12.589434,62.40166,-4.0362263,48.16217,4.163743,47.927998,8.186056
Beaupré Hall,England,52.6172,0.23343,61.85693,-65.17012,40.03068,10.338468,54.90518,-7.4815273,43.41067,8.02416,38.740337,-24.620853,37.0712,-36.98826
Battlesden House,England,51.9521,-0.60743,41.22677,5.3738165,45.466476,-1.2504368,43.421165,-19.24616,44.45101,15.355252,51.862183,6.1901913,45.16133,-0.6330309
Batasang Pambansa Complex,Philippines,14.6933,121.094,8.302366,64.25702,18.063595,66.46161,23.548351,51.85171,11.556827,87.09442,11.982953,124.25966,6.4372883,135.06505
"Powder Tower, Prague",Czech_Republic,50.0872,14.4278,44.337944,21.56297,41.70948,0.82861364,45.456524,-3.6537077,46.949867,2.7717018,56.59571,26.200619,52.11522,4.6648636
Qiao Family Compound,China,37.4061,112.43,43.20381,59.926662,27.281216,50.742924,35.513466,26.789728,43.900177,23.110048,29.39769,117.19597,29.964182,67.66863
Putrajaya International Convention Centre,Malaysia,2.895,101.677,18.069862,68.6844,11.470177,53.10848,19.236052,67.457,21.970196,44.314262,0.11506271,126.25252,13.706411,87.645226
Province House (Nova Scotia),Canada,44.6479,-63.5734,33.276306,-39.818596,25.612934,-21.150787,21.924248,-11.417314,21.25843,-2.6223984,51.481583,-74.364136,36.04493,-66.00964
Province House (Prince Edward Island),Canada,46.2349,-63.1261,39.92359,-42.05857,23.004168,12.634111,19.460997,27.560312,19.917389,45.411945,42.409035,-67.16489,39.50329,-69.47147
Cannons (house),England,51.6094,-0.29216,56.694763,-16.107756,30.821312,24.569162,41.078506,-6.741372,45.387535,12.5005455,42.619335,-24.22892,33.217007,6.8520455
"Caldwell House, Singapore",Singapore,1.29556,103.852,10.733842,60.049686,22.424284,23.384523,22.529293,33.025803,25.274532,22.972412,4.270424,90.88231,1.0932178,109.04745
Ca' d'Oro,Italy,45.4406,12.3339,48.814014,-1.8585663,45.984047,-42.2982,36.733627,-54.970367,38.58258,-26.835247,38.967136,-14.856377,48.077667,1.8472042
Casa del Fascio (Como),Italy,45.8124,9.08602,30.94657,-3.2317853,21.076366,-26.90591,26.111076,-55.41947,21.466368,-19.571388,25.377262,25.762753,44.60109,10.993977
Castello del Valentino,Italy,45.0543,7.68553,37.521183,10.893055,37.659447,-38.015324,23.426033,18.607573,32.230217,-27.1977,39.020004,3.9641228,42.67213,23.404394
Cassiobury House,United_Kingdom,51.665,-0.418889,59.081013,-107.894196,45.19692,-25.473772,42.916813,-8.7550125,44.889748,25.990253,56.712475,-9.3033695,49.386757,-2.3924189
"Carmelite Church, Warsaw",Poland,52.2433,21.0156,56.131855,1.6424246,43.82599,13.82302,52.0478,-11.1885605,57.059517,-31.272984,48.834564,24.281553,52.58187,23.449295
Casa Milà,Spain,41.3953,2.16167,26.725143,26.543606,29.398829,-43.861774,39.79372,-58.986988,32.66093,-95.401085,30.199951,8.932978,44.068344,3.356473
Rose Garden Palace,Bangladesh,23.7181,90.4264,24.231647,76.00084,37.786728,9.365186,34.23811,-10.003366,38.00783,1.7919598,27.950016,76.76608,27.986853,29.915459
"Round House (Somerville, Massachusetts)",United_States,42.3844,-71.1076,33.080475,-13.986488,32.415142,-27.10896,37.792023,-34.78895,34.388046,-19.468147,47.50421,-81.474014,35.79883,-71.35493
Rockbourne Roman Villa,United_Kingdom,50.9531,-1.8304,47.902096,-4.523515,39.168022,-16.770876,24.440376,2.188649,37.74787,-1.1412029,34.005474,0.24720764,44.38694,10.783691
Queen's Cottage,Sri_Lanka,6.97078,80.7631,12.854357,49.94285,46.222885,-16.946224,43.86386,-31.861317,66.57037,-23.44553,37.844406,27.572205,29.62748,27.651222
Royal Courts of Justice,England,51.5136,-0.113333,39.73269,-32.637386,25.274769,13.123582,21.860146,19.17749,16.724834,9.586027,41.656685,23.519081,55.87975,8.845839
Royal Palace of Turin,Italy,45.0727,7.686,40.937866,15.771446,39.58321,26.755754,38.906418,44.639782,46.13678,20.841377,31.66484,24.209763,43.53289,18.103174
Royal Pavilion,United_Kingdom,50.8231,-0.1375,46.48243,43.26513,41.087814,12.306302,35.55985,28.853844,35.55621,23.120573,28.57269,32.296688,47.460526,10.4039755
Veer Towers,United_States,36.1074,-115.175,40.609985,-38.643173,24.507338,37.780586,31.384369,12.515507,38.50834,1.4940033,29.185675,60.570107,40.03862,-65.54115
Vesteda Toren,Netherlands,51.4378,5.48222,36.414692,-5.460499,54.555435,-7.727598,27.978165,12.890769,75.53437,-113.217415,24.860754,18.449068,59.076717,-3.2606544
Vallø Castle,Denmark,55.4023,12.2111,58.65417,-4.335474,45.902283,14.413868,36.989677,-3.2290518,53.089737,-12.287537,61.00743,4.53494,57.912125,11.166316
Villa Barbaro,Italy,45.8122,11.9764,55.54921,25.551907,38.48836,-21.819223,37.450935,-51.19497,36.258812,-26.932323,31.141537,-3.9425888,48.48667,-20.39856
Villa Madama,Italy,41.9284,12.4528,29.473915,-43.23592,28.810701,12.565498,22.418911,52.421654,27.351637,28.538591,22.668348,-1.5211067,46.70114,-1.1010885
Villa Isola,Indonesia,-6.861,107.594,-1.6143188,74.55943,31.6514,-9.080318,22.55029,-14.485656,28.790903,17.155195,30.450335,12.769424,26.686954,30.108307
D'Albertis Castle,Italy,44.4187,8.92486,9.398892,3.8993702,49.700584,-1.5282022,62.81968,23.88226,59.6763,6.481884,41.302544,-5.2883377,33.450798,34.925793
Czorsztyn Castle,Poland,49.4333,20.3,37.65624,11.579809,58.030403,-13.327871,49.892365,8.359727,57.94086,10.50267,57.859642,20.430937,51.648453,15.525355
Univ Lavra,Ukraine,49.7228,24.5953,49.99173,3.4855003,54.309715,-25.865633,45.257324,-0.60012066,43.137165,38.829006,44.007298,6.1875734,48.27564,23.380638
United States Institute of Peace Headquarters,United_States,38.8928,-77.0507,31.10915,-72.11093,27.445215,-15.317472,29.787714,-14.196058,27.312508,8.294331,40.06907,-59.564114,42.799026,-59.924458
13 Kensington Palace Gardens,United_Kingdom,51.5071,-0.190638,53.09652,24.140636,32.585114,20.95994,28.154106,32.50895,30.985294,5.4208794,48.08203,-18.088116,53.776226,-11.448943
Courthouse of Tehran,Iran,35.6816,51.4189,26.100965,22.080534,41.385708,1.5638808,29.265295,20.504284,30.871832,8.844175,39.655167,42.704056,34.459114,65.82438
Crawford Priory,Scotland,56.2894,-3.05562,44.37031,-9.887076,51.778343,-24.921741,50.535107,-19.932228,47.27218,-44.855865,60.107574,-5.8437424,50.94772,-6.532401
Crofton Roman Villa,United_Kingdom,51.3729,0.0878,37.608467,24.201878,34.39834,-20.302841,36.58411,-8.797291,41.034466,-49.332016,43.284683,-0.48470116,42.2934,8.589932
"County Hall, Cardiff",United_Kingdom,51.4696,-3.16326,37.083107,-36.972984,37.661938,9.481704,32.938023,31.460218,37.39913,20.652714,52.215927,-14.5508995,51.106743,-11.841918
Voergaard Castle,Denmark,57.2425,10.3354,59.4688,-22.410048,53.368008,5.7027097,62.81968,23.88226,59.6763,6.481884,52.8496,2.6563616,59.914707,10.342935
Villa d'Este (Cernobbio),Italy,45.845,9.0799,34.235138,3.2177668,29.890812,-6.112386,26.772892,39.01439,25.85993,10.301048,35.823673,-13.804955,44.060753,19.097944
Visitationist Church,Poland,52.2411,21.0175,46.192947,3.486537,48.312687,8.525036,46.3135,-19.466627,34.925713,10.792442,30.62357,-0.32448006,31.619621,33.905426
Vimanmek Mansion,Thailand,13.7739,100.513,22.090311,72.712524,32.96524,34.834793,25.010944,-41.5168,29.699015,-0.72188187,30.265476,59.907417,14.514355,110.8757
Pearl GTL,Qatar,25.905,51.5053,30.702145,23.657923,24.706867,29.457676,33.46856,44.3255,33.374123,-34.568584,19.455242,43.561195,16.744362,29.45805
"Presidential Palace, Warsaw",Poland,52.2428,21.0158,63.132313,-64.37198,38.037704,13.904917,40.435345,19.74808,45.744934,-7.7655525,52.199203,24.945087,51.196205,27.811832
Thomas Jefferson Building,United_States,38.8887,-77.0046,66.39641,-154.69441,42.51171,-69.8937,35.335617,-44.014328,28.510399,-25.26606,34.883793,-50.234684,44.32516,-66.71777
Hollywood Sign,United_States,34.1341,-118.322,36.570957,-29.224707,38.91613,-34.811966,27.824179,-17.031912,52.884342,-52.96798,31.107603,-17.035091,39.314182,-41.5972
Hohenheim Castle,Germany,48.7119,9.21406,37.54188,8.404459,42.740402,23.196774,55.007927,-9.353219,48.97908,24.786966,47.71952,-2.2034187,51.107265,8.723619
Hoar Cross Hall,England,52.8054,-1.8183,37.912308,42.45065,36.415016,-2.7748742,38.16052,3.5940592,40.720993,8.608686,57.751728,-24.396389,50.35234,17.735191
All Saints Church (Manhattan),United_States,40.8083,-73.9383,19.683344,-27.092937,39.997265,-16.441599,33.77823,-21.637896,38.843994,-27.420422,44.519775,-74.97217,37.9101,-70.9717
"Holy Cross Church, Warsaw",Poland,52.2386,21.0167,47.758163,18.916384,42.51776,20.621784,44.211067,32.32493,43.491165,24.976261,48.47846,23.69082,49.061974,-0.11484337
Boldt Castle,United_States,44.3445,-75.9226,54.306713,-133.82594,59.968002,-59.192055,45.64499,9.643357,51.208244,-35.722237,44.97563,6.5465555,50.78094,-58.449863
Bok House,Malaysia,3.15847,101.709,5.3251896,85.661026,37.52868,19.935453,35.60546,20.355902,15.457059,65.129524,30.260954,58.807926,21.621832,77.04272
Borgholm Castle,Sweden,56.8708,16.6442,68.68387,1.6252718,61.494293,8.4703245,53.860794,34.910084,54.128414,21.034134,67.78071,14.607679,59.082497,13.626482
Deutsche Bank Place,Australia,-33.8669,151.212,-17.361568,121.39139,31.490847,16.587265,34.88765,14.022812,27.889254,8.110235,30.22078,12.090576,27.786564,7.702505
Brewster-Douglass Housing Projects,United_States,42.3494,-83.05,38.38205,-94.21388,21.796246,20.515717,8.335136,50.991306,16.326565,16.295122,34.6476,-63.969395,36.267387,-76.791916
Juliusz Słowacki Theatre,Poland,50.0639,19.9431,37.23821,-14.236847,40.689835,-1.9914048,41.57764,-33.831333,40.180832,-5.1489716,47.316895,16.731255,56.054634,-6.477483
Paxton Hotel,United_States,41.2572,-95.935,42.807007,-127.26001,32.49343,-16.804827,36.410538,-32.543983,29.20803,-11.46431,28.021643,-14.178593,24.937283,-10.137076
Hvidøre,Denmark,55.7716,12.5944,61.391033,-11.013004,57.207558,-17.19937,40.422676,8.003106,47.30559,-23.94769,55.60212,41.441635,58.20879,-2.3490677
Phantasy Theater,United_States,41.4839,-81.7706,29.688066,-72.496765,51.97753,-28.654793,58.399742,-48.832893,50.51725,-17.586098,41.234154,-1.1619644,34.765705,7.023068
Penang High Court,Malaysia,5.42076,100.34,23.681326,78.27988,20.413002,50.62659,16.922192,58.02741,18.379587,47.481365,5.530327,121.68005,1.3907394,108.50547
Perdana Putra,Malaysia,2.93833,101.692,10.9245405,97.05081,4.254675,145.8186,7.7169647,88.88628,-5.722355,90.63317,4.2386665,117.7137,4.948292,94.793304
House of the Livonian Noble Corporation,Latvia,56.9511,24.1044,58.3847,12.006321,39.037376,7.3058057,39.609352,4.377717,36.051674,13.227194,48.366005,35.959908,51.816116,6.1557326
House on the Embankment,Russia,55.7447,37.6119,37.045788,14.009357,29.122105,25.442879,27.20651,24.600168,37.443928,35.388584,44.051796,-8.179188,61.408005,44.268505
House VI,United_States,41.8327,-73.3214,41.02302,-13.118485,38.387493,2.983543,39.59317,22.100492,42.737453,13.366108,24.534897,21.771444,12.932846,49.007656
"Government College, Manimalakkunnu",India,9.8894,76.5653,17.22423,51.42121,9.674713,7.3941193,7.9697723,31.338503,9.528324,51.52704,12.394298,85.54767,8.485174,89.24101
UBC Hospital,Canada,49.2642,-123.246,48.878998,-14.813019,31.595667,-20.900684,7.437237,6.4123907,26.352722,-2.9998913,27.92659,-25.840656,36.700314,-79.548225
Scott Base,New_Zealand,-77.8491,166.768,11.030877,31.49495,28.754185,-15.029652,33.94849,-25.692106,17.273308,-12.304867,16.123947,-14.690193,-66.472755,28.919903
Umberleigh,Devon,50.9953,-3.9838,60.614964,4.852723,61.56154,-31.273565,61.691723,-5.282275,59.039715,-14.617783,56.024162,0.73776054,51.482132,5.564167
Guelph General Hospital,Canada,43.5562,-80.2535,29.81431,-40.832607,32.710423,-29.460213,22.274014,-8.847899,27.500402,0.6553459,41.347538,-81.83847,39.505905,-101.11489
PSG College of Arts and Science,India,11.0326,77.0346,11.451154,65.09752,29.659233,4.73708,26.479502,3.6651266,25.874224,32.467045,20.588818,-6.189289,14.420256,80.48803
"Greenbushes, Western Australia",Australia,-33.849,116.059,-24.76957,64.48427,-33.956192,134.08261,-28.642223,136.85016,-17.12529,115.84256,-30.21499,141.45482,-27.306442,113.15437
Dodecanese,Greece,36.373,27.218,39.425255,61.9997,53.893898,18.307188,34.439926,30.605223,42.6246,85.06802,33.26038,60.169945,39.754898,1.131033
"La Colle, Monaco",Monaco,43.7324,7.4182,26.85947,-1.5039587,36.215,-27.565924,20.473316,-5.846016,39.71637,-34.13453,37.606415,-1.3882542,42.875664,0.56523323
"Baldwin Harbor, New York",United_States,40.6339,-73.6039,36.704132,-51.38497,27.152903,-25.529852,21.722939,-8.777161,33.29017,-16.102276,37.566406,-67.98993,38.502052,-72.916245
Isola del Garda,Italy,45.5936,10.5871,50.131203,-15.004139,25.50288,-0.6923258,20.82446,-22.887083,34.505978,18.073551,49.20037,11.894089,44.320496,20.318558
Grímsey,Iceland,66.55,-18.0,52.656143,-37.843334,52.078693,42.71646,76.89176,-29.785854,77.63999,-41.240723,53.702072,-5.786484,73.902664,-23.559933
Gräsö,Sweden,60.37,18.45,51.66926,39.760174,44.20741,20.938566,53.393864,-1.5589774,60.783325,-42.977875,38.54821,34.69756,53.350174,30.386131
Ko Kret,Thailand,13.9069,100.473,21.982855,66.92732,36.703564,72.74457,28.791832,83.028885,21.404423,109.27823,12.364362,78.92798,16.791317,114.242966
Hamilton Island (Queensland),Australia,-20.35,148.95,-46.341618,143.7361,-4.1775894,61.5001,-2.3842049,74.70566,-3.1997013,56.89843,-30.144575,133.75136,-16.017738,99.85683
Halmahera,Indonesia,0.6,127.867,-5.0607014,163.63234,-7.0367355,152.73798,0.2590294,143.06989,-12.321781,174.1835,-1.9746323,112.9131,-3.598877,115.692795
Hanimaadhoo (Haa Dhaalu Atoll),Maldives,6.76583,73.1758,9.136019,98.25386,22.654673,104.718285,16.592133,75.33157,19.282427,79.68596,5.733816,79.35739,7.814596,61.198036
Nuns' Island,Canada,45.4611,-73.5433,54.853012,-46.347004,27.99098,11.225277,25.118105,5.5059767,33.498207,-21.611843,21.644829,9.129047,47.536533,-58.73173
Nuku Hiva,France,-8.86667,-140.133,-8.2512,-49.63488,-3.4791756,68.9905,17.879446,83.953606,-9.783768,94.646805,9.102575,-19.207417,4.8535423,-72.495575
Nukulaelae,Tuvalu,-9.37,179.809,-29.199974,92.96245,-14.013042,92.92112,15.5023575,58.552284,2.8246994,84.717674,8.655981,16.722603,-8.019787,36.242874
Pagan (island),United_States,18.1167,145.767,14.134099,12.382275,28.264326,24.565086,10.273556,38.41928,34.878613,-11.422775,25.006578,19.78327,28.755394,34.944225
Pantar,Indonesia,-8.25,124.75,4.8559914,89.14957,0.093444824,124.68751,35.847748,18.702475,2.824461,90.844574,10.815386,55.762184,23.875595,1.2702131
Pan de Azucar Island (Iloilo),Philippines,11.2803,123.171,10.75633,33.243473,11.655638,-16.787285,7.892729,-8.422908,8.371847,-4.0257263,13.910857,65.05554,15.517466,116.7042
Thasos,Greece,40.6833,24.65,31.953972,38.63081,33.30026,12.947599,33.86883,1.4591677,26.970524,25.810041,27.076778,34.865326,37.174217,29.171673
Teressa Island,India,8.27,93.13,22.639189,88.221344,5.023365,39.455833,16.472237,18.608335,10.934091,23.189163,12.4436865,18.312506,17.476414,32.353374
Takuu Atoll,Papua_New_Guinea,-4.75,156.983,-4.3977394,86.770325,2.3686943,76.53849,5.6550217,85.76086,5.3396606,93.35485,22.795063,74.522415,13.927301,102.07435
Champ Island,Russia,80.6739,56.2369,30.092533,0.24432659,18.108742,0.9948971,15.977951,23.487228,29.916346,14.98801,19.634575,-4.9225216,40.449623,-10.368569
Chatham Island,New_Zealand,-43.9,-176.483,-4.9369965,53.953114,21.086805,-4.5783367,25.39981,34.073902,27.052473,8.509531,7.359091,-3.6684628,-37.96747,88.24699
Himmafushi (Kaafu Atoll),Maldives,4.30917,73.5708,11.282199,54.07374,8.448179,79.11397,5.6550217,85.76086,6.2763844,93.50722,8.660498,64.36124,5.9532375,57.876644
Hispaniola,Dominican_Republic,19.0,-71.0,29.054605,-97.29909,24.586544,-132.90414,11.79093,-53.832848,22.94282,-115.48234,11.6432705,-52.508343,25.353569,-79.883026
Jaluit Atoll,Marshall_Islands,5.92167,169.643,-0.4698105,121.13451,7.0463886,63.887012,25.90788,56.945343,6.1919746,72.23671,12.656525,39.946205,15.382355,55.54587
Jackson Island,Russia,81.2297,56.6289,32.077724,-14.588879,21.816711,-19.76315,19.98197,3.9806354,20.55884,-19.627922,12.597619,-60.725666,7.831566,-7.6731653
Isla de la Juventud,Cuba,21.75,-82.85,13.701125,-79.175125,2.8638935,-57.979088,3.5135574,-44.64474,8.978704,-38.537918,0.7494335,-49.68781,16.805233,-35.1972
Ist (island),Croatia,44.2667,14.7667,41.96543,-4.382719,19.670677,30.736317,16.307144,45.889797,36.728725,37.04939,31.145155,35.713177,36.566383,45.679493
Itaparica Island,Brazil,-12.9833,-38.6667,-39.811996,25.40049,-5.745613,32.55011,12.634436,45.44365,-7.6936417,68.0553,2.785654,32.33056,-0.14655685,-40.826523
Iž,Croatia,44.0336,15.1196,29.492773,34.32846,44.026768,28.839546,33.35588,23.857994,40.65269,23.469501,35.020214,29.262436,49.76823,-7.549268
North Jutlandic Island,Denmark,57.1,9.5,40.200287,66.37056,16.503067,63.460327,17.532433,53.120968,21.35745,58.431507,49.82201,40.39941,71.050026,2.4094095
Achill Island,Republic_of_Ireland,53.9639,-10.003,64.53569,-108.096756,37.16033,-17.841152,20.474503,22.074387,20.945127,32.133343,26.084639,-6.53631,56.196995,-13.884765
Alor Island,Indonesia,-8.25,124.75,-2.1671638,77.79393,2.1215725,56.674717,6.412155,50.46847,-1.6787853,69.535324,14.536018,88.21777,-0.14416504,125.05016
Alejandro Selkirk Island,Chile,-33.7511,-80.7833,-26.72382,-70.15004,28.777538,-58.096977,31.02509,-39.571434,30.48793,-75.71565,20.998798,-19.979229,17.857513,-92.909294
Aldabra Group,Seychelles,-9.7,47.05,-6.985182,77.93848,0.6084652,35.09296,28.27795,42.437817,11.437847,39.04861,-4.708395,51.56193,3.094986,37.133617
Aitutaki,Cook_Islands,-18.85,-159.79,-22.485222,61.255978,-15.7457695,60.452953,-5.2681503,49.708183,-15.977352,68.25963,-27.543901,63.353527,-22.508469,5.231136
Agatti Island,India,10.5,73.0,13.781507,70.87651,11.077236,73.24988,5.345522,42.11553,12.188208,57.336864,1.6260338,62.845245,9.179964,88.48084
Canary Islands,Spain,28.0,-16.0,27.414944,-46.4576,13.924866,3.1781163,1.427166,10.744155,17.402515,-3.80307,30.758997,-24.85088,31.755144,-24.29359
Triquet Island,Canada,51.8,-128.25,30.53086,-55.422997,21.015253,22.35855,5.345522,42.11553,25.805597,32.62562,18.257088,-27.17984,46.604214,-95.39272
Tutuila,United_States,-14.295,-170.7,-6.6154957,39.946274,9.997435,18.732481,20.860064,14.569538,-0.13649368,44.88749,3.4053535,-21.022919,8.015989,-46.902706
Wanshan Archipelago,People's_Republic_of_China,21.95,113.75,12.552668,59.066082,11.899456,92.60535,24.046055,38.37986,29.159206,74.39632,15.972294,131.85722,24.587297,140.7933
Windward Islands,Dominica,14.0,-61.0,19.90477,-96.19597,4.2749615,-12.972323,4.1513157,21.794573,8.518469,-8.907181,1.0080204,9.10311,-2.1994286,-36.838028
Vågsøy (island),Norway,61.9693,5.0832,44.91689,22.173044,27.943947,0.044395745,19.065994,36.181705,30.896042,-5.169071,48.427834,18.247398,45.643593,14.557008
Flinders Island,Australia,-40.0,148.05,-50.929554,106.086334,-21.67912,108.80406,-17.4482,82.56711,-19.760345,132.05289,-18.535849,74.533134,-40.46324,128.89485
Daru Island,Papua_New_Guinea,-9.08611,143.208,-14.505718,108.059525,16.211662,55.318703,3.2922058,80.54478,4.4350185,69.28325,5.9320183,103.03943,-8.121292,188.69931
Cuyo Archipelago,Philippines,10.85,121.017,15.194767,44.774055,-14.9975815,23.17765,1.8196068,33.28765,-1.3547554,22.949495,-3.6837177,-9.828003,-7.6017456,14.220892
Anchor Island,New_Zealand,-45.7583,166.517,1.8495541,53.523117,20.640945,8.721868,15.236662,7.1920996,26.838411,12.116014,18.797268,9.294033,21.553432,-1.4446135
Dursey Island,Republic_of_Ireland,51.6,-10.2,59.69031,-56.24492,25.580925,2.5000453,5.345522,42.11553,15.590463,31.657982,24.800844,-6.440605,41.940144,-23.254093
Falkner Island,United_States,41.2109,-72.6532,44.516754,-115.26781,27.539482,20.91968,25.354904,4.463599,34.996002,1.3688545,17.912891,0.6079445,16.844877,-6.3484907
Ebon Atoll,Marshall_Islands,4.63333,168.717,11.133616,29.05928,25.282198,17.140371,10.934977,79.76433,-3.0648308,58.604927,14.34167,35.97432,1.220684,43.168056
Kuroshima (Kagoshima),Japan,30.8349,129.956,31.555275,88.06334,38.413757,130.66586,40.199497,105.62806,24.166056,146.7843,31.001835,107.816696,30.60065,127.75775
Kume Island,Japan,26.3411,126.805,30.05867,93.52072,25.089546,92.80125,12.371681,58.94417,19.171337,79.85087,5.761923,64.59272,30.397785,166.30379
Kosrae,Federated_States_of_Micronesia,5.31667,162.983,-8.9120865,104.75508,-6.0662727,90.739555,22.307154,8.459489,-17.564056,61.671722,13.538354,38.248634,3.4190083,47.91967
Middle Andaman Island,India,12.5,92.8333,13.826994,79.389114,15.710606,50.886707,27.447044,29.233206,11.488288,56.625584,1.5329647,69.231964,9.785532,78.380936
Klein Curaçao,Kingdom_of_the_Netherlands,11.9928,-68.6508,23.20638,-18.824223,12.001114,28.931908,38.427334,1.736809,18.581934,-33.184483,25.503586,-34.435154,24.752478,-56.059086
Inis Cealtra,Republic_of_Ireland,52.915,-8.45,65.0383,10.995199,51.859116,0.44036055,43.795303,21.787188,64.64133,-74.70992,54.135258,-2.6723328,53.68994,-17.905865
"Inishbofin, County Galway",Republic_of_Ireland,53.6167,-10.2,49.364685,-17.15045,45.694366,-22.243761,31.979378,32.139824,32.295616,-2.878992,49.24778,-3.1325436,52.675697,7.6114283
Manuae (Cook Islands),Cook_Islands,-19.2575,-158.939,0.19608116,53.153057,-2.8045921,53.42736,6.6164627,7.7217617,7.6013374,32.22147,-12.626871,52.940353,-6.781807,9.703028
Yonaguni,Japan,24.4556,122.989,45.488823,81.74786,33.211174,135.11919,25.490269,88.91425,51.155937,141.29315,14.85889,167.2732,23.901165,104.787834
Yaeyama Islands,Japan,24.3631,123.746,46.7156,88.268265,22.631058,88.82942,20.696175,38.495434,16.48968,80.48312,14.917395,109.17349,28.532003,124.78179
Xiamen Island,China,24.4932,118.136,24.868196,71.93533,21.430672,74.1629,13.561701,92.158424,17.261047,79.635124,20.623281,126.04457,30.746326,118.20922
Wotje Atoll,Marshall_Islands,9.44167,170.017,18.947712,61.710247,21.594206,37.02101,15.760845,67.80526,9.699619,75.60123,5.6933575,78.938385,9.217445,95.27478
Wotho Atoll,Marshall_Islands,10.0833,165.833,8.572279,44.41024,8.334789,52.788498,5.6550217,85.76086,-2.1964684,97.54604,-7.2837124,76.90866,5.9296093,120.18228
Severnaya Zemlya,Russian_Federation,79.5,97.25,57.13968,26.623459,43.70263,81.501495,34.651558,79.97383,46.730442,49.75513,52.98703,37.56347,55.71439,29.144527
Senja,Norway,69.0806,16.8031,61.623672,11.913696,41.347134,83.76342,32.483326,43.665398,39.39784,98.21131,35.971527,40.62131,53.737667,25.526087
Vanikoro,Solomon_Islands,-11.65,166.9,-2.6016579,68.25221,-0.36807632,38.694942,48.733894,35.070267,3.3675556,43.09976,6.5098915,56.822975,-13.992687,95.98706
Tuscan Archipelago,Italy,42.75,10.3,48.433052,-13.97439,21.368,33.063015,21.92848,35.314495,37.864197,24.328396,23.863503,22.713509,41.390686,-1.6743307
Ghoramara Island,India,21.914,88.129,23.971909,51.891396,15.308632,75.90673,5.345522,42.11553,12.50296,33.641598,10.414778,104.720505,23.604935,114.20797
Santa Isabel Island,Solomon_Islands,-8.03056,159.176,-18.857021,100.29254,7.458643,-33.816303,7.2524376,-31.122108,15.9332485,-38.53923,3.1039906,-39.610695,-28.949097,-82.06853
Okidaitōjima,Japan,24.4667,131.183,5.2180576,83.06564,47.38479,87.84328,31.878456,44.425056,26.344448,70.48424,32.275948,148.30147,29.541578,98.43973
Raymond Island,Australia,-37.9167,147.733,-19.25232,97.218994,19.813307,0.34987742,15.848381,18.871698,18.860474,-0.0027999878,28.881962,-25.47807,-18.504906,137.15399
Ramsey Island,Wales,51.8617,-5.34278,40.696995,-13.889851,27.87143,-18.984709,12.371424,15.578341,32.813038,-15.827614,30.705185,-34.93026,51.39626,-17.687984
Sumatra,Indonesia,0.0,102.0,14.987883,76.47455,-2.0784836,107.8975,9.042046,114.39897,9.855157,91.160645,6.650305,120.71352,-1.4224243,83.38053
Landfall Island,India,13.65,93.0,12.398133,57.001385,10.233948,39.85261,18.550426,-7.2051325,18.621355,14.753946,11.6336155,31.808014,19.742176,10.441899
Diego Garcia,British_Indian_Ocean_Territory,-7.31333,72.4111,-6.8408756,11.107689,19.807034,-92.7168,12.193285,-73.773,12.414044,-98.037796,25.52721,-39.767136,-0.114212036,-1.791112
Tagula Island,Papua_New_Guinea,-11.5,153.433,-15.925282,116.542786,7.3347435,68.26459,5.345522,42.11553,4.6512775,51.97724,3.8103638,43.928024,-16.901188,72.80172
Sørøya,Norway,70.5833,22.7333,51.99815,18.225828,33.284115,6.3643594,38.09355,22.122147,28.317272,7.5395813,67.42697,11.006914,71.684395,17.578548
"São Vicente, Cape Verde",Cape_Verde,16.85,-24.9667,-1.9834251,-18.51816,7.288992,-28.82286,1.8728142,-13.366717,6.9747257,-32.8901,10.497105,-32.784748,12.522333,-4.6906576
São Miguel Island,Portugal,37.7786,-25.495,41.51574,-61.641357,18.510498,-16.57241,12.825075,-3.872762,17.089727,-9.88755,4.295599,15.214374,29.309889,-48.608364
Kamorta Island,India,8.12,93.5,16.780455,67.96646,13.671818,61.078876,5.345522,42.11553,11.92871,51.365875,19.598745,48.687172,17.027172,93.41722
"Karragarra Island, Queensland",Australia,-27.6375,153.373,-12.502022,101.433945,-20.24852,113.903465,-27.673668,134.8274,-20.86531,125.06137,-17.29545,132.24936,-25.31437,153.06004
Kelaa (Haa Alif Atoll),Maldives,6.95972,73.2128,18.931086,67.61177,21.103436,72.5974,19.160488,78.69553,28.703192,70.748535,6.756645,74.15965,9.682856,65.236084
Kawau Island,New_Zealand,-36.4232,174.847,-22.115578,130.88657,-7.561062,77.86073,22.743746,26.66857,-7.294815,66.78424,-15.426779,80.999084,-33.02736,165.45374
Djerba,Tunisia,33.7833,10.8833,34.22867,-31.834053,50.350266,-39.772987,48.85469,-63.001923,32.519196,-18.283875,23.793064,-4.1131935,30.450783,1.8322887
St. Brandon,Mauritius,-16.5833,59.6167,-21.763332,45.480732,46.477226,-24.793951,51.385952,-19.180868,47.33185,-18.889336,44.25013,-21.14629,25.308954,-18.75584
Spruce Island (Alaska),United_States,57.9181,-152.41,52.251335,-78.97145,46.46096,-71.77006,33.803707,-36.12176,53.08349,-78.96871,41.161293,-83.18199,23.831535,-40.21004
Sphacteria,Greece,36.9301,21.6657,41.85009,-19.899046,40.64466,-32.594955,9.745132,45.12663,24.691797,53.335922,34.316437,44.824776,35.688335,25.642643
Srirangam,India,10.87,78.68,25.534851,120.661835,24.640594,109.256805,29.70454,23.878035,9.611271,126.02712,9.809332,80.66844,4.616083,91.8659
"South Peninsula, Sulawesi",Indonesia,-5.0,120.0,-11.126633,116.810135,-15.419563,132.77266,-10.502602,105.44291,-14.358139,141.5214,4.809925,103.87445,1.286787,116.24296
Ilha da Queimada Grande,Brazil,-24.4861,-46.675,1.831337,-27.319733,0.9232178,-29.71278,4.180567,-24.60026,-0.32896805,-40.51236,-9.596975,10.639761,-4.8593407,-32.206245
Ilha Grande,Brazil,-23.15,-44.2333,-27.64645,30.153763,0.115795135,-42.86608,-16.139366,-48.10871,-9.251133,-62.208107,-22.02326,-9.987566,-14.729626,-35.395054
Ikeq Island,Greenland,59.94,-44.2,33.439728,-8.415323,18.027203,23.196327,5.345522,42.11553,12.50296,33.641598,20.50348,48.96752,66.32561,4.4028697
Manihiki,Cook_Islands,-10.4,-161.0,8.001558,38.803753,-17.703587,94.00415,22.693188,104.51921,-4.3119774,84.26493,15.119941,54.636448,-15.018433,37.13587
Picard Island,Seychelles,-9.36667,46.2167,14.28695,40.336796,27.187891,-1.8736207,40.532715,-23.9623,40.383354,-17.29264,20.82919,-0.8100395,18.538513,-13.330026
Margarita Island,Venezuela,10.9869,-63.9356,-11.245388,-93.74977,15.020666,5.3215694,14.596182,-10.74784,23.867725,-19.363083,7.780653,-19.496468,19.511234,-65.1689
Marsh Island (Louisiana),United_States,29.5664,-91.8461,41.6364,-90.5202,26.243317,-38.013874,21.54514,-41.526894,24.368582,-41.52488,32.22604,-78.24652,25.98948,-71.65031
Pitti,India,10.775,72.535,13.100754,28.338024,23.171839,73.347534,44.39068,42.973763,25.190485,20.97419,33.468082,13.0841255,47.891514,25.62092
Socotra,Yemen,12.51,53.92,10.170023,15.62336,24.219324,-3.3274221,11.817913,25.6522,25.31738,58.825714,16.06036,54.989426,26.116152,30.478329
Portage Island,United_States,48.7,-122.62,25.398024,-47.902428,37.15641,-59.736576,26.116142,-52.206573,28.008059,-42.861702,26.123255,-10.091024,31.214334,-53.906017
Pohnpei,Federated_States_of_Micronesia,6.9,158.225,-3.1663628,88.21109,-13.762981,108.742165,10.244394,22.662601,-24.744953,91.166,15.876749,16.62903,10.588045,57.892284
Goat Island (Port Jackson),Australia,-33.8521,151.197,-9.974335,91.91609,19.028748,-1.052885,8.3403,20.772444,9.4446125,3.592556,-29.350157,125.25229,-25.081635,155.6506
Goat Island (Trinidad and Tobago),Trinidad_and_Tobago,11.3,-60.5167,16.339373,-60.062202,14.795172,-18.842003,13.600199,-20.05837,16.163992,-14.603485,13.928809,-9.233137,-0.4589157,-1.1134892
Goidhoo (Baa Atoll),Maldives,4.87361,72.9997,13.673191,51.886333,14.122158,54.35165,17.339664,34.21963,-5.8189945,127.18455,3.3380089,89.42572,8.827814,69.52869
Gotō Islands,Japan,32.6999,128.772,32.460274,132.421,17.42979,20.268894,19.23555,5.9915705,18.885738,6.5271893,25.727364,114.651764,29.985746,107.4842
Geography of Grenada,Grenada,12.1167,-61.6667,31.395477,-55.12124,19.296692,-4.7932563,12.703262,5.1940594,16.62323,-21.709297,10.035368,-20.725277,9.16716,-23.103409
Geography of Jamaica,Jamaica,18.25,-77.5,18.807217,-83.604095,19.25209,-6.557492,12.720148,-0.67662793,14.979804,-27.412655,8.999418,-28.115677,11.07486,-28.625141
Geography of Nauru,Nauru,-0.533333,166.917,-7.105173,93.86005,8.2758255,44.239407,7.4511223,42.04773,0.39748955,43.041805,-11.944868,63.293407,5.045868,68.99001
"Futuna Island, Vanuatu",Vanuatu,-19.5333,170.217,-2.3893223,71.34923,-9.882259,55.93004,2.9162178,51.95812,-16.745579,98.65245,-18.404512,62.952885,-0.8098526,46.086742
Fuvahmulah,Maldives,-0.293211,73.4236,17.35778,125.01877,2.491354,135.01854,23.05378,95.22089,14.35745,108.97139,9.433113,38.5318,2.4218998,85.840996
Gan (Addu Atoll),Maldives,-0.694444,73.155,5.3252068,133.70267,12.151741,95.4564,15.65382,108.77533,10.527937,112.46451,7.9349575,82.44321,2.8078308,60.492287
Geography of the Isle of Man,Isle_of_Man,54.25,-4.5,43.730263,18.602278,28.309881,8.878001,30.79913,2.8128684,26.987751,11.3647785,41.976807,-5.455826,47.370003,33.782948
Muhu,Estonia,58.5961,23.2378,60.540447,98.894775,56.134415,78.81143,41.732998,63.961014,46.960014,80.7772,-1.0988483,47.663902,42.314865,19.324974
Muna Island,Indonesia,-5.0,122.5,11.1640835,91.02339,15.851591,43.129063,20.239784,52.170982,9.789992,79.26557,18.201902,61.78427,2.730009,61.959972
Mustique,Saint_Vincent_and_the_Grenadines,12.8667,-61.1833,30.251156,-50.863575,44.947662,-42.519855,33.889614,-51.89518,25.995646,-8.112526,13.112157,-2.1782093,15.972876,-47.23023
Motu One (Society Islands),France,-15.8139,-154.525,6.279229,43.30174,12.613239,39.90002,20.531178,22.120102,8.787119,35.9229,4.28475,21.297615,-7.4820137,-23.773628
Great Nicobar Island,India,7.03,93.8,2.7333374,117.691345,17.434795,46.918407,28.54959,30.247122,23.79377,44.12285,-0.13845634,119.391815,9.92939,91.299
Mota (island),Vanuatu,-13.85,167.7,-3.332388,93.1638,18.021091,5.79661,28.386301,-18.082098,19.707012,5.501854,18.960602,30.887669,26.49281,34.75693
Great Stirrup Cay,Bahamas,25.8333,-77.9,32.74376,-114.38066,41.69,-34.179325,33.18576,-2.2416449,37.7409,-56.724487,16.028976,-24.332272,26.390965,-62.115246
Mokopuna Island,New_Zealand,-41.25,174.867,-7.625143,89.29372,2.4568157,59.16759,5.345522,42.11553,12.50296,33.641598,-18.987967,56.11953,-21.7472,104.66045
Sainte Anne Marine National Park,Seychelles,-4.61667,55.5,3.7991676,26.248344,27.488712,3.1999907,25.943138,3.883509,38.189026,-0.6042881,10.296646,7.6178236,11.963606,-13.35139
"Sal, Cape Verde",Cape_Verde,16.7167,-22.9333,27.690956,-111.35231,4.9782066,-38.265812,-5.4332275,-1.9194015,-0.9894333,-38.680527,1.5578709,-42.844646,11.413252,-28.490753
Saltee Islands,Republic_of_Ireland,52.1167,-6.6,54.589153,-30.42387,18.308475,42.019287,-6.0511703,41.083427,11.714593,30.849876,14.225418,26.67937,56.74624,-11.414796
Saint Croix,U.S._Virgin_Islands,17.7335,-64.7839,21.931301,-88.65721,42.665207,-68.09295,39.74104,-79.72621,58.047337,-110.776115,22.471378,-33.015923,19.515656,-82.766464
Cooper Island (British Virgin Islands),British_Virgin_Islands,18.3859,-64.5118,17.631216,-44.996433,19.676495,3.3377032,9.992851,14.413635,18.180462,4.5812187,18.497894,-17.190655,3.7644424,-20.33876
Røstlandet,Norway,67.5216,12.1045,38.60946,13.124277,36.1197,-2.2230186,47.603615,8.188238,40.67826,-17.62091,70.60851,13.372413,76.319046,22.033806
Efate,Vanuatu,-17.6667,168.417,-19.476215,72.8009,-12.780132,79.14601,-16.762848,40.744072,-25.304852,138.71075,28.881166,25.188194,-16.131683,86.84112
Clerke Rocks,United_Kingdom,-55.0167,-34.6833,2.153576,-22.050869,25.833126,4.3306866,29.445257,14.706968,27.992786,26.762356,1.5282345,40.136414,-35.270508,102.26765
Chub Cay,The_Bahamas,25.4483,-77.76,20.138836,-33.36625,46.007595,-49.32766,27.505789,-4.5109096,30.905006,-87.832344,22.240734,-38.35327,25.425062,-77.66109
Elaphiti Islands,Croatia,42.7167,17.8933,47.683407,-5.2810125,16.786898,47.755634,-6.0511703,41.083427,4.670023,26.362766,5.0245285,54.144985,36.934788,11.538354
Stephens Island (New Zealand),New_Zealand,-40.6667,174.0,-3.7470913,24.510109,0.8394928,45.550816,0.85259247,55.171185,-0.88946533,47.333916,-15.6168,73.74006,-12.069103,53.973633
Skúvoy,Kingdom_of_Denmark,61.7667,-6.81667,53.150284,34.380077,45.085976,-35.857613,47.312084,81.88105,40.6572,-8.38229,55.403442,22.721613,71.33026,-26.093304
Suheli Par,India,10.07,72.3,15.86179,72.87428,20.740486,56.719273,23.732883,-25.29392,42.282562,-46.949867,22.48368,41.65557,29.855501,44.48253
Skellig Islands,Republic_of_Ireland,51.7667,-10.5333,56.464108,-25.682455,28.807219,24.887829,13.359386,22.492643,26.417229,19.58942,45.395027,-5.9193096,53.62955,-9.154582
Mangsee Islands,Philippines,7.51022,117.31,12.749968,63.709263,7.5581646,51.704918,-6.0511703,41.083427,4.670023,26.362766,16.676682,58.88038,10.59763,138.59987
Île d'Yeu,France,46.725,-2.347,43.930782,40.634094,42.68313,-27.115189,36.343685,1.9322526,44.982025,-3.6117058,30.181509,5.54375,38.565693,15.532493
Île de Sein,France,48.0367,-4.8494,47.34819,-26.405024,28.371433,-28.701775,20.468576,-30.00722,31.031929,-21.470531,32.112175,15.515072,37.73741,20.999645
Île des Pingouins,France,-46.4169,50.4028,-2.9002628,6.4959784,28.726513,-24.394325,40.185635,-36.388607,30.654222,-4.912079,22.088505,8.948576,13.300608,-6.815322
Île de Ré,France,46.2,-1.41667,27.874556,44.30068,30.073666,-31.230463,32.307613,-32.999146,32.333374,-21.616291,29.501762,20.466118,36.778713,27.086105
Lembata,Indonesia,-8.4,123.57,13.70192,87.51645,-18.044025,79.3667,30.02616,41.55282,-6.7160225,114.631195,14.423447,41.670746,-8.9206085,89.996506
Lopez Island,United_States,48.4789,-122.892,32.592266,-116.72893,18.151949,-13.461596,16.81403,-7.096343,9.756245,-33.09868,24.75812,-39.578724,41.5521,-115.93061
Loggerhead Key,United_States,24.6324,-82.9207,15.27202,-39.628407,36.259197,-26.069475,36.825943,9.0830555,19.451042,-13.422024,26.836178,81.20662,22.127459,-92.68655
Lolland,Denmark,54.7694,11.4244,41.10925,93.27971,43.614082,71.578636,19.921738,76.228264,47.025146,74.66465,70.668274,24.468369,59.024624,30.395512
Orona,Kiribati,-4.5,-172.167,-8.376852,12.275742,15.341614,38.49933,31.73257,39.765972,25.35551,-26.327278,22.810059,-26.824413,34.523117,-14.595929
Andros,Greece,37.8364,24.8981,54.804073,-40.178783,28.764849,-38.813297,3.476984,38.85703,33.100613,-29.549965,41.20664,10.525526,28.232275,-0.44185925
Anegada,United_Kingdom,18.7333,-64.3333,12.869653,-119.60297,6.230551,-130.5568,21.511318,-38.29063,6.968939,-72.6823,1.0350132,-27.022205,19.37347,-95.50344
Aniwa Island,Vanuatu,-19.2528,169.6,-9.002052,91.311386,14.715415,33.83046,21.49895,21.627449,7.366623,46.908157,15.773776,79.58858,18.30769,70.64837
Lihir Island,Papua_New_Guinea,-3.125,152.642,-8.693697,94.505356,0.939909,81.52707,7.872881,43.9432,-9.608898,77.57718,7.190584,94.844284,-0.66078186,154.02666
Anjouan,Comoros,-12.215,44.425,-10.5159,31.12447,-12.759609,21.857803,10.882824,-42.618725,-10.573448,47.327156,5.0316067,-0.77651405,0.5293236,28.53495
Antipodes Islands,New_Zealand,-49.67,178.78,-37.99096,106.03764,-7.963291,50.255238,5.479082,40.36038,-12.889465,35.45713,-10.61091,52.640003,-71.198944,101.23693
Ap Lei Chau,Hong_Kong,22.2417,114.156,39.454514,52.61182,29.554886,34.34037,20.62642,28.395662,15.8751745,80.29451,17.353977,87.612686,21.214878,99.9739
Apo Island,Philippines,9.06667,123.267,3.2957535,37.62654,14.637705,55.95484,10.973743,35.005596,10.600997,36.479195,14.10726,36.558823,15.338434,130.54149
Lindisfarne,United_Kingdom,55.68,-1.8025,55.22841,28.404617,26.74893,55.551926,39.424686,-6.564393,56.835228,69.62433,63.347305,-8.954157,45.929382,30.199265
Mangaia,Cook_Islands,-21.9167,-157.95,-22.058952,129.35378,-21.40361,110.75418,23.523952,17.518124,-22.124977,120.76665,-14.793482,83.53523,-28.86576,36.64811
Siargao,Philippines,9.905,126.067,26.261206,36.37112,9.7584095,87.66101,-13.267403,118.295296,-1.2104244,90.97619,-1.5427723,132.28795,11.490129,106.8355
Lítla Dímun,Kingdom_of_Denmark,61.6333,-6.7,37.487015,27.886845,34.988014,6.917426,43.520645,-2.002295,38.96251,0.12907982,29.347893,81.85695,57.212624,-15.380525
"Mahé, Seychelles",Seychelles,-4.66667,55.4667,-15.239452,22.851665,20.908398,39.33741,-0.9404335,70.02273,6.79937,23.817884,-6.2556477,22.136566,3.310995,29.104778
"Maio, Cape Verde",Cape_Verde,15.2167,-23.1667,-1.4901943,-57.479992,-11.253052,-13.997722,-6.565445,8.180759,-8.352375,-18.563988,-1.015543,-32.037907,10.076349,-12.200742
Aur Atoll,Marshall_Islands,8.2,171.1,8.899897,67.57962,7.089899,98.09885,8.002781,78.15933,5.886297,117.975296,10.60734,76.284325,6.989889,81.32791
Bali,Indonesia,-8.335,115.088,-6.962385,115.208984,0.8186836,119.10401,-1.9902611,124.11766,-12.440197,172.41214,9.663179,84.63205,-9.778366,102.59016
Baker Island,United_States,0.195833,-176.479,18.778835,-44.387028,22.474632,-8.928303,16.865793,6.21719,23.308979,-7.142288,19.00005,-37.72066,2.0594845,-28.493877
Bacan Islands,Indonesia,-0.615,127.515,-1.7391663,103.59526,1.2125168,43.627934,9.37031,53.785217,1.0351067,56.357975,16.51745,37.657963,2.1452122,134.74277
Babuyan Islands,Philippines,19.25,121.667,18.454395,109.8844,13.274431,71.02885,8.527313,23.282719,0.76561546,52.075127,3.3504677,104.41736,11.905846,129.46402
Awaji Island,Japan,34.3833,134.833,33.87825,137.75827,16.162935,116.45447,31.372684,53.234776,20.475132,100.7809,15.15659,92.85834,36.92031,125.78782
Buru,Indonesia,-3.425,126.668,-2.8523636,115.59219,-13.549572,130.8073,4.6112328,118.722496,-41.16794,177.04486,2.9189987,61.42699,29.590008,36.64485
Samar,Philippines,12.0,125.0,25.305191,34.68871,24.905258,102.430954,31.725126,84.105675,11.392823,116.51591,5.8058147,23.79004,30.17781,20.85037
Scott and Seringapatam Reefs,Australia,-14.05,121.767,-18.642986,136.81033,11.726635,17.807426,23.147774,-5.56565,7.979393,32.96945,8.110947,70.66989,-12.474953,69.098946
Bequia,Saint_Vincent_and_the_Grenadines,13.0,-61.2333,23.644247,-66.12103,10.595816,-54.937675,15.755451,-48.41106,14.245741,-62.875824,30.595398,-19.061337,12.284071,-47.074337
Barentsøya,Norway,78.4167,21.45,44.36244,11.449202,52.097595,-1.4331946,50.71428,44.210308,40.50879,-3.8740387,60.647446,10.657072,66.99921,0.7029114
Bawean,Indonesia,-5.76667,112.667,7.4794025,88.30049,12.352108,106.599236,24.446617,70.36068,17.571001,90.527374,43.947098,6.437928,9.166138,112.23229
Beata Island,Dominican_Republic,17.5783,-71.5117,21.50917,-78.71678,19.320786,14.042797,22.706635,20.499134,18.274902,22.1055,30.717585,43.3338,15.681452,34.77202
Benten-jima (Wakkanai),Japan,45.5264,141.919,31.999428,79.92445,42.825226,101.71451,35.708897,39.959698,35.220253,122.73159,18.731174,86.93602,35.859093,111.64697
Samoan Islands,Samoa,-14.2667,-171.2,7.2747564,12.218912,0.15647697,36.665665,-1.3193016,41.716774,6.0609493,15.178657,2.5300655,42.71711,4.5044193,8.617601
San Salvador Island,Bahamas,24.1,-74.4833,19.671719,-72.53575,8.791407,-38.251163,8.673553,-34.992886,4.5403976,-18.719944,17.229317,-28.014248,23.726929,-57.176
Santa Catarina Island,Brazil,-27.6,-48.5,-31.633942,-59.35261,-1.2554607,-42.04159,4.2934113,-34.07125,13.173127,-34.55014,0.9584942,-11.641653,8.4099655,-12.538058
Saona Island,Dominican_Republic,18.1556,-68.6994,35.165886,-109.95111,16.348736,-18.876335,16.779123,7.31172,13.183478,-5.9972534,20.883892,72.03546,15.833746,-64.51395
Rota (island),United_States,14.1536,145.203,25.964596,62.910404,29.824478,2.3370543,15.889198,22.900146,32.036953,32.044106,25.370998,30.032036,28.153267,29.325687
Rotoroa Island,New_Zealand,-36.8167,175.2,-5.9853306,51.640507,5.989111,20.759254,5.345522,42.11553,4.759838,43.844147,-16.537874,88.614334,-42.4533,162.31487
"Treasure Island, San Francisco",United_States,37.825,-122.371,42.67827,-99.24153,23.743486,-45.00046,21.017204,-48.37092,19.59594,-17.242023,33.28672,-104.47867,36.467358,-120.71964
Rock Islands,Palau,7.23333,134.3,19.450397,52.798367,19.359865,-6.6700616,10.6357,16.568394,18.501556,-18.929085,16.246601,-11.658386,11.068264,118.86231
"Crooked Island, Bahamas",Bahamas,22.75,-74.2167,19.824953,-77.04266,21.850292,-39.129063,14.925764,-17.254625,29.47689,-44.02276,20.597301,-63.76505,13.842167,-39.718143
Prince Edward Islands,South_Africa,-46.88,37.75,-26.104416,16.023409,20.206997,23.501543,12.823273,35.366344,13.867827,54.302517,26.788563,-42.97362,16.14903,-47.895206
Prince of Wales Island (Alaska),United_States,55.6319,-132.908,39.803383,-114.12157,13.004698,35.013798,11.29141,45.513557,16.50875,53.999725,32.197117,-82.51659,32.768543,-72.82151
Tokara Islands,Japan,29.9667,129.917,24.324045,163.68452,13.036356,100.72992,5.5540676,29.188915,12.061293,53.096916,9.57637,102.942245,12.921339,99.63097
Tiritiri Matangi Island,New_Zealand,-36.6,174.89,-10.863338,92.3154,-4.6430817,63.597683,12.315393,56.639866,-2.1681194,76.12108,-23.562342,79.71486,-38.39028,146.36021
Tongatapu,Tonga,-21.2114,-175.153,-18.086872,85.77991,-2.1296844,89.83444,12.644323,69.76485,-23.020401,140.66734,-40.346497,89.80957,-20.494663,38.354206
Cerf Island,Seychelles,-4.63333,55.4994,10.5393715,-0.32574892,30.923292,-14.728405,35.129856,13.594395,19.507963,-8.555489,20.738533,20.09186,6.936283,20.860611
Rendova Island,Solomon_Islands,-8.53333,157.333,8.543432,34.28888,16.880367,30.55426,9.9067135,59.88961,10.887124,39.4579,18.089077,56.302895,-1.9844627,116.15308
Upolu,Samoa,-13.9167,-171.75,-0.785162,51.79355,-17.230946,75.55242,9.545736,77.60518,-11.682411,40.777603,9.582769,3.9035206,-14.908264,-21.225636
Little Inagua,Bahamas,21.5,-73.0,23.716265,-26.481821,32.249783,-62.059376,38.499454,0.011274576,21.385424,-18.021015,17.459324,-64.12494,21.699348,-76.71291
Pašman,Croatia,43.95,15.3833,36.33837,28.829884,29.153385,-18.328575,40.998123,5.9011507,28.48082,-17.959255,49.28602,6.4705324,48.142483,16.791931
Peleliu,Palau,7.0,134.25,30.78246,80.682526,29.908566,117.25215,42.186195,34.949913,30.087896,-4.8590813,19.174976,28.242643,14.267431,73.92015
Petermann Island,Antarctica,-65.1667,-64.1667,11.189832,-2.4972134,7.7605324,37.7427,9.345854,76.04428,13.906566,29.684925,11.563465,42.82386,2.013548,1.3655338
Corn Islands,Nicaragua,12.1667,-83.0333,19.57646,-97.20598,19.083324,-3.996616,12.033735,-33.593468,25.666658,-48.63159,31.174013,1.5230618,6.335598,-109.23793
Cousin Island,Seychelles,-4.33,55.6633,-3.5828896,18.577137,15.763277,23.001362,19.786118,14.159788,26.299847,-26.07589,20.638224,-2.8859463,-6.347103,11.742503
Cres,Croatia,44.96,14.4081,48.582405,15.158455,29.427593,-1.2095807,24.699158,18.352484,18.124352,96.46593,19.523415,-1.9624882,31.33583,-1.3994923
Vella Lavella,Solomon_Islands,-7.73333,156.633,0.3533039,107.10153,17.84933,113.942444,33.00005,58.71651,18.38583,49.34567,5.249298,26.533602,-6.351963,155.9714
Ventotene,Italy,40.7975,13.43,55.030727,-26.778545,37.70119,30.623392,37.79862,15.356663,42.288464,9.4172535,34.69972,-0.07708931,44.622887,15.8067875
Victoria Island (Russia),Russia,80.15,36.7667,45.37757,16.618973,-1.8208714,91.09685,-0.6131096,91.48761,0.764761,74.41142,28.192738,37.498425,23.009106,34.654026
Valentia Island,Republic_of_Ireland,51.9,-10.35,38.63537,-57.93006,26.195942,21.716589,15.880718,53.41878,20.173458,48.18857,2.1587524,18.251032,46.44487,-12.338208
Urup,Russia,45.9333,150.033,60.91381,79.76437,66.04797,54.767914,31.564613,8.300526,50.822193,44.96959,15.818704,89.50424,16.479506,37.91129
Utirik Atoll,Marshall_Islands,11.2539,169.8,17.840445,68.791245,16.42239,56.64078,5.6550217,85.76086,6.0937443,66.93097,9.153475,94.7751,1.2705879,137.72589
Uvita Island,Costa_Rica,9.9938,-83.0113,11.717512,-60.965088,11.654165,-15.837075,5.345522,42.11553,8.638155,3.7221603,4.3704205,9.250007,8.27327,-59.764324
Biak,Indonesia,-1.0,136.0,-8.591469,102.10211,-3.7482185,132.16989,4.0457573,109.67617,-24.815147,174.29898,23.140831,20.139517,5.757538,60.591736
Hvar,Croatia,43.1333,16.7333,49.530205,16.018852,66.11658,-13.939158,39.77034,44.63753,47.736736,47.615757,55.187473,23.843834,41.085873,16.15036
Jolo,Philippines,5.97306,121.15,10.761757,47.42588,12.546911,46.174767,11.031546,39.827484,40.689743,59.27768,21.691124,35.951897,15.301039,116.582054
"Horn Island, Queensland",Australia,-10.5944,142.248,-28.82225,169.94987,-5.8695335,67.473305,-8.480186,73.181465,-5.0434113,69.151276,-22.308977,145.19707,-21.664623,150.37273
Hulhulé Island,Maldives,4.1875,73.5292,20.469906,71.21741,9.992519,32.001713,5.345522,42.11553,12.50296,33.641598,8.86611,6.4332266,8.712139,101.67043
Hjelm (island),Denmark,56.1333,10.8028,47.740036,22.520395,37.331165,4.9424424,21.95762,23.433401,33.13919,20.147314,41.409805,22.621367,49.72382,18.788479
Hokkaido,Japan,43.0,142.0,50.282043,125.767075,56.535347,119.52613,58.924988,117.52957,36.501236,135.31848,35.65221,117.08385,46.416496,173.96637
Hornby Island,Canada,49.5194,-124.667,47.943394,-87.332565,22.327381,18.60405,15.267546,52.81611,26.868896,40.8042,7.0785427,32.928345,38.855698,-111.963326
Brickell Key,United_States,25.8244,-80.1907,22.145252,-2.6595907,36.442837,-30.592659,24.31699,6.67838,22.944916,-30.845123,30.663961,-13.330034,21.297733,-103.10297
Desventuradas Islands,Chile,-26.32,-80.0,-29.719498,-43.223816,-7.1771507,6.1978464,-6.0511703,41.083427,4.670023,26.362766,4.2497616,0.5534229,-24.53226,-82.35612
Bougainville Island,Papua_New_Guinea,-6.24444,155.384,-18.529213,133.42131,-6.233799,73.12229,-2.1420746,70.131454,-18.215729,78.74904,-20.74191,86.47189,-14.213718,121.377914
Desroches Island,Seychelles,-5.66667,53.65,11.792217,-6.704125,5.377018,27.21203,12.82906,32.46758,18.537254,5.0961056,15.30315,-8.214706,-3.6089172,49.603226
Kalutara District,Sri_Lanka,6.58333,80.1667,-23.133495,125.9418,5.164713,107.13103,8.850185,64.35767,1.3663673,115.18635,-4.3836956,111.886444,3.6848564,76.587776
Kangaroo Island Council,Australia,-35.65,137.633,-25.6531,100.593445,-7.668972,66.268875,1.5957355,60.94159,-4.188652,72.45337,-54.821434,188.6046,-34.63671,146.12987
Kara Region,Togo,9.6,0.9,29.828472,102.092545,16.010578,66.08379,11.635647,51.00247,20.488144,51.451626,20.348808,62.614174,30.524578,46.368134
Kamuli District,Uganda,0.916667,33.1,6.793949,17.958778,7.6151886,57.625034,24.175547,52.30891,10.987408,46.012466,35.694668,54.01552,-1.4947891,36.058758
"Kandos, New South Wales",Australia,-32.8591,149.974,-21.631107,153.52193,-26.735107,133.24014,-22.67606,119.11796,-16.809883,116.86187,-31.071424,153.2669,-32.148026,151.76851
Kanpur Nagar district,India,26.46,80.33,19.646536,77.364075,10.524462,81.23204,2.585369,135.56892,18.371304,94.17511,32.37577,75.54056,23.898136,80.18424
Kandhamal district,India,20.47,84.23,22.034914,58.74384,14.351763,90.22698,20.075443,73.55636,25.510496,78.33455,18.813982,91.989716,21.90709,84.69347
Kainuu,Finland,64.5,28.0,51.673416,55.856518,57.567047,34.833466,36.217457,1.4254801,73.996,12.531369,54.84628,37.50681,66.27789,27.192165
Kahramanmaraş Province,Turkey,37.8983,36.9711,30.136433,8.482683,12.525761,14.014753,4.017317,49.91659,5.6995316,41.518112,35.120903,33.375122,37.14163,23.097122
Kadapa district,India,14.4667,78.8167,20.459812,32.994667,17.697336,42.45645,13.880707,48.18096,24.68824,83.48725,18.566536,81.232086,16.133835,77.89008
"Kendall, New South Wales",Australia,-31.6333,152.7,-19.152317,111.72319,-12.291439,85.39739,-4.3383064,73.89328,-10.339451,80.53609,-31.307142,156.51126,-33.07936,150.50812
"Kempsey, New South Wales",Australia,-31.0833,152.833,-46.120052,149.92673,-26.643028,127.62744,-19.841686,106.20595,-22.909096,124.71698,-34.26213,153.39027,-32.682823,146.91875
Keningau,Malaysia,5.33333,116.167,5.0035076,104.37839,-10.185215,150.74915,14.908194,83.989784,-1.6512375,74.43689,18.998394,100.822556,-0.54981613,139.94125
"Kennett River, Victoria",Australia,-38.6667,143.85,-9.640762,82.16052,-11.453392,96.76249,-21.691193,68.61683,-20.651451,99.90825,-33.72857,135.87407,-39.199844,147.0006
Khabarovsky District,Russia,49.3333,134.5,37.17685,95.29764,35.427006,62.497772,18.383303,69.64075,19.104683,57.081017,54.5662,68.271164,59.08712,78.514786
"Keweenaw County, Michigan",United_States,47.48,-88.16,48.950836,-95.66226,58.49073,-109.98279,48.376694,-75.35999,49.81327,-66.931114,42.296593,-81.049805,44.357754,-86.89826
Karpathos (regional unit),Greece,35.5,27.1667,35.090813,30.03061,33.557705,35.699493,23.950718,-3.474897,37.65628,27.61458,40.9413,23.671816,36.594925,23.641993
Karaganda Region,Kazakhstan,48.0,71.0,34.59336,59.835712,26.641823,32.68307,21.659134,17.112654,32.19026,33.818783,51.500305,51.12295,40.491634,65.85824
Karlovy Vary Region,Czech_Republic,50.2283,12.9667,56.48433,-31.140238,22.283335,22.002413,28.571283,28.008854,29.25079,23.954515,42.06862,15.3905945,42.802967,20.264706
Kardzhali Province,Bulgaria,41.65,25.3667,42.1829,49.252678,35.58959,-3.9715276,25.811245,4.461567,30.427143,32.51853,45.56862,43.33558,43.7415,30.490685
Karditsa (regional unit),Greece,39.3333,22.0,36.667004,74.65019,31.128323,48.174095,26.642658,7.7740183,38.990566,37.657703,48.94459,38.048946,37.795227,19.187878
Katakwi District,Uganda,1.9,34.0,6.574111,49.261124,12.85022,62.387558,23.06532,80.59629,18.063026,54.86554,4.52722,47.530876,1.9145756,30.665821
Katavi Region,Tanzania,-6.3677,31.2626,-8.623484,46.10288,-14.61887,74.20307,6.9325066,37.641087,1.222578,48.278076,14.81474,40.400146,-7.659706,33.168034
"Chatham County, Georgia",United_States,31.97,-81.09,23.985888,-70.35996,33.11654,-41.734722,41.692284,-24.869198,39.008476,-48.404633,32.313496,-86.5986,32.77194,-81.68193
Chatra district,India,24.2,84.87,21.933556,76.432816,30.533926,83.0201,22.534836,69.867424,27.523481,85.78643,25.236935,96.01851,18.486874,87.773415
"Cheatham County, Tennessee",United_States,36.27,-87.08,35.803665,-70.67865,39.35033,-83.094635,35.03902,-54.115723,38.400127,-77.7598,35.430637,-88.164185,34.961998,-84.84141
Chao'an District,China,23.7228,116.519,17.784414,109.58328,23.859097,53.4149,16.808357,54.226803,19.104683,57.081017,30.810753,106.197556,27.852692,120.76673
"Charleville, Queensland",Australia,-26.4016,146.238,-40.68468,136.60191,-28.910095,146.05957,-28.895191,122.85296,-25.669754,170.90665,-25.211767,151.08484,-22.59296,145.95776
Chemba District (Tanzania),Tanzania,-5.24278,35.89,3.8257427,17.956135,-0.2812481,44.450874,-1.9545174,76.23881,8.76082,31.620758,7.7369328,29.183565,13.504511,-11.202035
Chagai District,Pakistan,29.0,64.0,15.380764,95.758804,18.027851,81.43158,32.375362,67.906494,17.973656,68.734604,27.870693,50.60675,25.451645,80.88588
Chalkidiki,Greece,40.3333,23.5,51.192696,43.68104,27.680752,101.85836,23.98759,97.64629,32.123894,121.02503,32.715443,40.807934,36.556618,32.649525
Chania (regional unit),Greece,35.4167,23.9167,29.256504,79.12346,26.508535,49.791283,23.994835,21.466568,40.943184,30.35609,41.96765,16.68199,35.232777,18.332956
Changping District,People's_Republic_of_China,40.221,116.231,21.862017,115.86046,23.553013,113.24094,22.726921,126.10435,26.735823,107.364426,28.078197,108.50897,29.534975,112.26953
Changnyeong County,South_Korea,35.5444,128.492,39.246246,116.173645,34.544792,58.006165,39.149796,-9.706065,36.100067,38.687775,39.338707,122.004486,39.162037,123.02859
Changbai Korean Autonomous County,People's_Republic_of_China,41.4167,128.2,38.709145,76.60495,34.499573,69.978745,27.843864,71.035576,33.92469,66.878525,36.350254,123.70975,42.604095,116.67628
Chandauli district,India,25.2613,83.2641,21.847708,55.716694,24.705313,68.4213,24.857662,47.123295,25.490568,80.454865,31.670296,78.44029,23.72536,80.32762
Chabahar County,Iran,25.5,60.9333,23.603329,73.26024,32.487064,14.307732,31.060448,25.027092,28.243181,12.8739,36.692722,61.84166,32.47958,54.34967
Champawat district,India,29.33,80.1,14.434932,95.56302,25.556293,71.78392,12.266745,72.57124,18.147736,92.15382,30.805073,89.96652,28.340078,85.88
"Jindabyne, New South Wales",Australia,-36.4,148.617,-20.71202,140.99496,-25.23491,133.74203,-12.034767,104.47861,-20.026855,123.84453,-29.57841,135.91237,-31.0709,150.69478
Jincheon County,South_Korea,36.8567,127.443,32.77138,68.58612,37.601814,51.08561,39.149796,-9.706065,34.842373,32.71334,31.414871,127.19801,38.064922,126.31393
Jinja District,Uganda,0.5,33.2,9.641444,57.76537,9.176828,89.90401,9.843439,95.88611,2.3792763,93.30769,22.277428,68.194695,-0.8332443,35.38186
Junagadh district,India,21.5167,70.45,4.797104,65.86362,24.171764,58.5976,32.07315,50.086544,27.00259,68.524,23.163334,69.7776,21.594234,79.98082
Jinxiang County,People's_Republic_of_China,35.0667,116.317,27.51329,84.733246,37.629524,48.026512,34.20722,17.770523,43.747208,24.788826,33.365498,112.10826,35.060944,121.15732
"Jinshan District, New Taipei",Taiwan,25.2361,121.618,25.759163,107.9776,20.570192,88.73158,11.907139,104.103935,16.631647,94.039474,18.19086,109.28461,24.75708,121.68866
"Jinping Miao, Yao, and Dai Autonomous County",China,22.78,103.226,41.593105,78.82051,31.064224,73.23165,22.623535,79.42888,28.208956,66.137535,32.80156,119.94795,29.904528,73.26964
"Chippewa County, Michigan",United_States,46.32,-84.52,47.000355,-113.14078,47.724655,-105.817856,43.657066,-91.07611,43.527412,-84.79824,45.560173,-98.14766,41.784756,-82.548065
Chiloé Province,Chile,-42.5,-74.0,-21.278278,-17.404268,10.43762,3.2403803,29.058022,21.554274,-3.2297478,15.752418,-14.038252,-62.921635,-17.995342,-64.72747
Choiseul Province,Solomon_Islands,-7.00028,156.964,-17.422916,89.19136,7.6033993,18.619415,6.9712696,12.305055,-5.8443527,46.405495,9.351557,34.28369,-4.8516884,39.88508
Chikmagalur district,India,13.32,75.77,10.784177,100.28938,18.105331,56.18086,13.954193,59.19995,19.074997,67.22211,5.526577,76.21569,14.96703,76.40575
Chibombo District,Zambia,-14.8333,27.7333,1.1069279,26.912632,11.682842,45.51472,18.383303,69.64075,19.104683,57.081017,0.5012226,15.818308,-13.748875,22.197126
"Alamosa County, Colorado",United_States,37.57,-105.78,30.402637,-148.08434,42.56091,-126.45737,37.232716,-98.21538,36.22157,-102.38947,37.108913,-94.66383,38.308884,-103.58266
Chora District,Afghanistan,32.8472,66.05,11.100524,93.655,25.711536,54.529877,27.279022,78.580086,20.58581,73.376724,15.922588,32.345253,31.704182,46.392097
Chontales Department,Nicaragua,12.0833,-85.4,7.1839924,-63.027264,0.21184158,-67.92496,9.823744,-28.167221,2.0299702,-47.87658,0.59562874,-63.916203,7.1623287,-77.956314
Jharsuguda district,India,21.85,84.016,21.972795,84.90053,18.858791,87.37465,19.756433,62.457924,25.564089,68.77104,16.673834,88.09975,22.109688,80.576675
Jhal Magsi District,Pakistan,28.5,67.5,25.116539,44.165783,25.421228,57.707165,26.007933,47.753513,26.846762,72.218735,21.269741,64.75046,31.610474,71.39751
"Jesús María District, Lima",Peru,-12.0783,-77.0481,-11.173111,-41.76855,28.292942,-10.412877,22.806889,-6.5795326,19.835968,-20.723156,-7.980463,-58.204502,-8.05933,-74.25595
Chiredzi District,Zimbabwe,-18.9167,29.8167,-14.550735,17.597431,-4.1944427,34.47712,1.4894829,77.15108,-3.2478027,64.55314,-10.662565,26.650576,-17.658676,14.356947
Sükhbaatar (city),Mongolia,50.2364,106.206,23.377583,110.52203,25.403332,19.803633,19.660275,42.24573,28.322979,22.690445,40.756,41.362312,41.536232,85.2817
"Tabourie Lake, New South Wales",Australia,-35.4486,150.401,-14.003017,66.22357,-11.014229,80.043884,-9.708298,83.92918,-3.8052425,77.18681,-34.78035,151.1096,-34.08412,150.64226
Table Cape,Australia,-40.9506,145.725,-29.525654,109.587845,10.120184,-6.006106,-4.1942635,39.431126,7.2111626,-18.501453,5.766451,-7.412115,24.373714,-10.589812
"Blackford County, Indiana",United_States,40.47,-85.32,59.097073,-116.05928,38.83197,-67.76343,35.395245,-63.17852,38.12926,-66.73328,39.12587,-88.629456,39.781948,-87.39882
"Sullivan County, New York",United_States,41.72,-74.76,54.50143,-87.451126,28.28571,-26.694647,28.558393,-35.561153,29.068083,-36.03163,41.9094,-80.15477,44.985798,-81.5548
Sur Lípez Province,Bolivia,-22.0667,-67.1167,-9.367657,-63.383095,21.643229,-9.830195,32.178024,-22.189938,23.547699,-41.401268,5.634943,-30.03941,-14.365566,-81.44441
"Sumter County, Georgia",United_States,32.04,-84.2,29.550488,-92.21663,30.918432,-65.46031,39.529667,-71.45865,35.253895,-76.41999,34.11799,-84.33275,33.531628,-82.186226
"Summit County, Ohio",United_States,41.13,-81.53,45.4149,-114.718796,38.58093,-57.707935,38.656982,-47.85057,31.409105,-50.75123,42.082092,-92.693085,40.221287,-82.072235
Laurium,Greece,37.7,24.05,25.150158,2.591342,60.77681,-108.78535,52.871567,-57.774242,53.305317,-72.492195,30.180853,13.744902,34.31393,9.456989
Suyeong District,South_Korea,35.1719,129.11,19.531576,106.074905,18.642128,121.17686,18.383303,69.64075,23.051819,86.62086,32.19739,117.97464,35.251785,126.55174
Swan Hill,Australia,-35.3333,143.55,-42.29089,152.23994,21.016289,28.648432,13.875906,44.35546,19.635307,51.805557,12.622274,39.90148,-34.269882,126.150925
"Sutton, New South Wales",Australia,-35.15,149.25,-29.972878,98.58453,-3.3523407,94.040535,-1.8303185,81.06251,2.2307262,77.76123,-30.172804,145.15323,-32.471413,150.83513
"Swain County, North Carolina",United_States,35.49,-83.49,40.17483,-101.71895,25.974842,-42.168842,34.30874,-48.090252,23.248,-29.664478,36.82879,-75.755066,36.93841,-88.45577
"Surfers Paradise, Queensland",Australia,-28.0,153.417,-32.0503,91.206894,-16.639156,95.24219,-6.3535767,82.215004,-16.318668,101.9199,-18.507032,129.29262,-21.602474,139.65694
"Sunshine Beach, Queensland",Australia,-26.4072,153.105,-17.033554,112.02867,-18.063046,99.13964,-11.513351,95.62625,-15.8347435,97.17808,-22.982718,138.9726,-27.633068,150.9556
Dhaka District,Bangladesh,23.79,90.3,22.694492,83.606155,21.3302,69.19029,2.3554096,118.748245,15.475008,72.83351,27.50006,83.21164,27.040833,78.21029
Saint George Gingerland Parish,Nevis,17.1333,-62.55,26.15904,-41.34688,42.49778,-25.882893,39.20845,-26.30986,40.502968,-45.52047,15.533433,-22.122005,12.746508,-50.409187
Norrbotten,Sweden,67.0,20.0,53.10973,10.463774,73.01373,-5.637618,12.669947,50.63177,71.72246,-15.677761,66.387375,8.807812,64.39252,8.242553
District of Gjakova,Kosovo,42.39,20.43,38.275818,21.950657,36.0397,31.140072,19.84399,51.37526,31.181034,46.023205,41.989918,49.969124,40.000347,28.187218
"Dingo, Queensland",Australia,-23.645,149.331,-24.29206,96.04889,-38.561523,156.6044,-35.915493,173.50766,-45.029236,163.22183,-25.379152,152.58997,-23.137627,140.98209
Dimapur district,India,25.8,93.7833,23.594637,89.88663,20.117764,80.56574,21.793894,51.209255,21.02704,95.35519,20.969963,86.735596,25.22657,99.68698
"Yuma County, Colorado",United_States,40.0,-102.42,56.76212,-150.40097,41.52968,-98.53221,41.477665,-96.9826,39.168823,-86.64719,37.653076,-94.45915,39.173233,-100.73806
"York County, Pennsylvania",United_States,39.92,-76.73,49.09748,-49.606804,41.723503,-80.08922,45.093662,-94.588974,46.55372,-70.70204,42.94242,-69.17757,40.731987,-73.62881
"Jackson County, Texas",United_States,28.94,-96.58,7.311904,-112.61865,34.584934,-83.05213,36.793297,-74.685814,31.02598,-86.212494,32.43127,-95.84984,32.88035,-93.67642
"Tippecanoe County, Indiana",United_States,40.39,-86.89,19.336132,-61.59088,40.46442,-84.23795,32.409393,-72.651726,41.461075,-101.80816,39.458626,-92.63455,38.78726,-84.00609
Jabal al Akhdar,Libya,30.7667,21.7333,25.51394,52.619644,31.443941,31.182419,32.44327,42.673183,23.114185,28.974554,33.29556,32.003822,28.98928,31.758125
"Holmes County, Florida",United_States,30.87,-85.81,23.827991,-109.31506,35.721478,-70.26739,36.74486,-68.24739,38.136246,-64.48332,29.308317,-87.90401,30.922089,-86.96056
"Highlands County, Florida",United_States,27.34,-81.34,5.8270636,-52.978127,18.42585,-58.210636,23.20927,-72.833336,25.218256,-62.634987,27.525246,-87.300354,31.270798,-87.40674
"Highland County, Ohio",United_States,39.18,-83.6,20.165834,-58.07475,41.99202,-66.27088,42.38023,-83.92766,37.65291,-70.38842,40.994316,-97.5883,40.625156,-86.88138
"Jack County, Texas",United_States,33.24,-98.18,35.68879,-63.761406,30.677654,-69.646095,34.24997,-90.06478,32.222607,-71.600914,33.42622,-95.20154,32.91124,-94.81931
"Torrance County, New Mexico",United_States,34.64,-105.85,29.096947,-109.933914,24.814186,-46.02932,19.363125,-42.816715,27.786116,-48.488205,32.238358,-113.91376,35.238914,-104.647224
"Wexford County, Michigan",United_States,44.34,-85.58,43.64881,-68.26082,50.19453,-53.339153,39.05023,-39.204395,46.41574,-42.626396,44.272522,-83.42064,42.019897,-84.11368
Shire of Winton,Australia,-22.3878,143.034,-20.773232,117.75656,-3.0554504,88.36054,-4.438614,69.54269,5.3539524,67.97882,-21.97225,122.49039,-30.65842,133.22408
Khorramabad County,Iran,33.5,48.3333,45.741104,36.325497,56.21951,28.594658,40.99543,-25.780373,41.829475,10.985359,32.732597,38.27913,35.146538,46.922474
Kilimanjaro Region,Tanzania,-4.1337,37.8088,-2.5925255,56.954494,-1.3152828,38.412224,5.9349594,18.763378,0.5529194,24.930319,-6.2824,30.910702,-5.0965576,26.460129
"Ki Ki, South Australia",Australia,-35.5681,139.793,-26.51336,146.85457,-15.892883,149.67007,-13.846695,136.83815,-5.768965,140.63907,-33.945633,138.98953,-29.827911,123.45192
"Kialla, Victoria",Australia,-36.45,145.417,-19.465485,111.910126,-43.449455,135.02937,-56.414913,171.40451,-35.12035,138.75739,-35.24804,141.229,-36.739204,142.11757
"La Fortuna, San Carlos",Costa_Rica,10.4483,-84.6421,22.371117,-40.335682,20.61051,-54.11941,13.529011,-52.360023,13.455946,-47.84059,-10.482687,-65.595,6.6833305,-59.753284
Khatlon Region,Tajikistan,37.8333,69.0,22.55851,67.28789,13.7769165,81.269485,13.084284,32.610695,16.074308,58.95629,32.879417,65.17511,37.768406,68.33505
Khanty-Mansiysky District,Russia,61.0,69.0,45.211815,16.613804,23.859097,53.4149,18.383303,69.64075,19.104683,57.081017,57.169632,60.37443,61.57489,73.026306
Kigoma Region,Tanzania,-4.8824,29.6615,1.9065609,19.984951,-8.637604,40.01624,5.915434,42.264954,-0.58901215,38.28911,1.7835331,36.72758,-6.0721855,27.54436
Khuzdar District,Pakistan,27.1667,66.3333,27.168308,31.5993,27.973213,49.80078,14.097397,71.68444,19.214813,59.67678,24.566963,68.616104,29.891666,73.13621
Lapland (Finland),Finland,67.0,26.0,59.589928,7.7649612,56.0616,5.9651003,55.609734,-18.02253,57.65315,-4.9205894,44.289383,2.296379,31.115776,30.53785
"Lancefield, Victoria",Australia,-37.2667,144.717,-44.48382,118.65111,-40.601173,150.83383,-23.798615,128.80875,-38.597176,146.76564,-40.474457,153.11438,-40.776978,153.59695
"Lameroo, South Australia",Australia,-35.3312,140.516,-35.3958,157.905,-42.859436,158.76077,-52.5911,178.47906,-37.452003,155.2283,-36.48706,141.9796,-35.43284,140.5851
Layyah District,Pakistan,30.9602,70.9423,27.900341,50.186474,20.1806,78.086,16.062937,76.979614,21.787893,65.63155,26.637281,54.38032,32.783115,68.22937
"Lawrence County, Tennessee",United_States,35.22,-87.39,40.90281,-108.35141,41.72706,-71.179306,42.724243,-77.35916,34.317223,-54.394394,33.957943,-86.16672,33.813915,-88.95905
"Lavaca County, Texas",United_States,29.38,-96.94,23.575119,-79.51729,24.374542,-86.31495,30.07793,-65.24535,21.87112,-78.66807,34.211227,-100.79707,30.911715,-97.872536
"Laurens County, Georgia",United_States,32.46,-82.93,43.17506,-100.81833,30.275587,-47.61967,38.017,-57.599964,33.82546,-58.46057,32.550648,-82.72072,31.900223,-84.37356
"Laurel County, Kentucky",United_States,37.1107,-84.1178,46.050354,-54.815292,37.6187,-60.341774,36.333157,-72.32553,41.520023,-56.90542,37.374847,-80.927444,38.07788,-77.738525
Lane Cove Council,Australia,-33.75,151.15,-21.475868,157.3286,17.113842,25.874735,29.277916,11.524519,23.472057,4.6166306,-17.685045,109.05951,-35.33658,143.71335
"Lapstone, New South Wales",Australia,-33.7739,150.637,-19.872173,147.723,-20.779186,122.525085,-12.914761,99.73677,-18.295181,124.24293,-32.69433,148.83853,-36.074265,152.71521
La Punta District,Peru,-12.0714,-77.1625,-6.018179,-25.313873,8.412155,-36.20991,4.188467,-19.019491,6.251343,-5.4666786,-0.48758507,-41.931545,0.3262329,-64.88629
La Molina District,Peru,-12.0778,-76.9111,-3.0576286,-55.844013,21.111311,-13.499064,22.034386,-25.803553,16.48492,-16.354153,9.033285,-48.03639,8.11834,-35.966408
Lakki Marwat District,Pakistan,32.6053,70.9144,31.649113,48.228687,44.344574,56.36055,4.8229084,104.20586,44.54553,36.843464,30.227957,80.35297,33.60177,67.04697
Lake Geneva region,Switzerland,46.4,6.9,38.01338,-11.898384,20.806705,16.848972,23.86166,7.1832533,28.41779,5.7522182,29.817924,2.4366531,45.265514,-29.196438
Lancang Lahu Autonomous County,People's_Republic_of_China,22.556,99.932,31.382008,84.34105,40.785828,43.204258,25.018944,45.869827,30.520973,49.094997,28.029963,119.80173,33.14341,107.10147
Lachlan Shire,Australia,-33.05,147.15,-23.721375,135.18991,-34.515938,143.98257,-11.156937,115.6986,-16.950466,146.05646,-38.803787,166.02582,-29.999825,140.10695
"Randolph County, North Carolina",United_States,35.71,-79.81,39.74498,-63.732502,29.1402,-62.58316,31.915163,-48.384083,31.204712,-62.96029,34.920223,-78.76105,36.920475,-83.24848
"Randolph County, Indiana",United_States,40.15,-85.01,29.416334,-77.204285,42.183258,-95.64961,34.06161,-65.53741,44.22326,-99.85572,38.02988,-84.059845,39.852806,-82.62288
"Pushmataha County, Oklahoma",United_States,34.42,-95.36,48.291058,-118.608215,49.927338,-120.93862,39.74078,-26.8409,46.19742,-88.88984,35.539104,-97.4491,37.56305,-97.00646
"Reeves County, Texas",United_States,31.32,-103.68,30.752522,-132.66275,35.008884,-68.00651,40.110344,-78.46857,32.414112,-74.094055,32.917263,-96.86214,33.099304,-99.90112
Shire of East Gippsland,Australia,-37.4833,148.167,-38.280884,120.08411,-19.750572,128.71567,-18.756004,101.18554,-9.104176,108.179886,-37.303024,171.42989,-36.044052,154.9336
Shire of Diamantina,Australia,-24.3256,139.452,-24.071201,140.84445,-27.655087,111.918846,-8.80798,64.29732,-27.196339,114.13328,-38.404305,106.88052,-12.971333,102.35652
Shire of Colac Otway,Australia,-38.3333,143.583,-25.981602,91.2168,-18.09164,107.42131,-7.006378,96.46899,-19.358814,107.84606,-30.53953,162.25693,-42.268555,157.00362
Grevena (regional unit),Greece,40.0,21.3333,24.531935,52.806324,22.49507,37.17869,30.75511,7.9093657,41.260483,28.040165,45.108368,23.51416,37.821285,13.469116
Guangdong,China,23.4,113.5,17.12236,105.972015,15.69062,144.12341,15.274435,122.457634,13.524682,123.96663,18.118885,109.528854,30.51459,114.464005
Guanabacoa,Cuba,23.2,-82.5,18.16957,-69.8542,18.771389,-84.29103,42.508995,-24.100945,22.27764,-95.1927,9.634237,-108.050446,25.552984,-69.73531
"Green Square, New South Wales",Australia,-33.9061,151.203,-17.63697,137.14342,-2.1019554,81.315216,-3.0952911,78.76555,4.8053684,68.17816,-34.41246,153.68237,-34.1808,147.90695
Grenadines Parish,Saint_Vincent_and_the_Grenadines,13.0167,-61.2333,9.6763115,-38.92901,30.912466,-35.857677,35.7258,-58.55681,29.375488,-24.46365,17.152542,-25.758461,5.12096,-53.49117
"Greene County, Georgia",United_States,33.58,-83.17,36.666862,-94.94986,39.38774,-59.043472,44.283905,-66.46424,44.356403,-90.71126,34.96852,-92.30461,33.718765,-80.73259
"Graham County, North Carolina",United_States,35.35,-83.83,48.230583,-86.25731,25.615559,-36.709873,29.260872,-48.259163,20.83507,-40.02649,37.520153,-86.6521,37.30045,-87.20642
"Gogebic County, Michigan",United_States,46.48,-89.79,48.642242,-121.243835,48.23674,-86.69575,36.78632,-56.706284,45.33374,-60.472404,42.941025,-84.38341,42.179165,-83.8699
"Hancock County, Ohio",United_States,41.0,-83.67,43.35311,-70.601036,39.461918,-74.9514,47.88365,-85.04192,37.072857,-39.47896,38.76214,-84.443665,39.52054,-84.18568
Far North Queensland,Australia,-16.98,145.41,-52.86392,180.90645,-7.4135437,102.033485,-4.0320587,91.6395,-6.461008,114.92483,-32.166245,165.39723,-29.643753,159.14256
"Lenoir County, North Carolina",United_States,35.24,-77.64,37.10116,-108.62047,29.188784,-65.370964,38.61921,-53.434563,30.557144,-66.473,37.392464,-80.15079,37.120678,-83.129
"Lenawee County, Michigan",United_States,41.89,-84.07,31.72293,-75.73256,54.050743,-93.9873,48.99901,-77.8369,46.61095,-53.26552,41.33577,-73.035706,41.295662,-86.07096
"Knox County, Nebraska",United_States,42.63,-97.88,55.42412,-98.681625,35.09922,-64.89631,35.132824,-60.320045,40.234154,-60.90165,42.057564,-93.56508,40.733215,-100.19576
Josefstadt,Austria,48.2108,16.3481,30.970413,46.5857,44.053036,11.832017,52.29936,-73.79827,48.899014,-0.58231544,55.995914,11.191331,52.64306,2.6512108
"Kenedy County, Texas",United_States,26.93,-97.62,38.797184,-128.13017,30.85011,-96.28137,42.343796,-88.22776,33.274044,-99.03058,32.86357,-97.67923,32.83661,-94.137276
"Kauai County, Hawaii",United_States,22.0667,-159.65,3.8040066,31.678322,17.972317,-26.150938,26.633688,-7.958972,29.466473,-34.781536,34.217358,-71.24303,35.970825,-95.68791
Jufra District,Libya,28.0,17.0,29.61472,53.793594,32.522575,60.76614,18.383303,69.64075,31.17646,27.883247,19.029377,28.656582,34.288307,28.703503
"Hall County, Georgia",United_States,34.32,-83.82,22.64863,-34.438644,35.733078,-24.56907,44.842663,-36.040455,39.611366,-40.18908,36.249786,-85.837524,34.189526,-88.97191
Hafizabad District,Pakistan,32.07,73.68,21.545345,32.231693,24.710575,78.88027,26.966991,52.238605,27.066809,60.31045,32.41393,78.92886,31.037415,72.21524
Haeundae District,South_Korea,35.1619,129.164,-5.2712936,176.18436,22.185875,111.60695,21.481524,85.674,18.689598,97.05287,29.738419,120.6897,29.524147,113.82664
Haenam County,South_Korea,34.5742,126.598,18.053528,111.78111,32.27104,69.29689,39.149796,-9.706065,33.599262,46.868397,26.76389,122.60054,33.692833,112.63507
Haripur District,Pakistan,33.7333,72.5833,42.97831,75.92024,32.247498,69.67058,14.976135,103.346695,24.419811,45.692802,29.751389,69.1936,31.359224,73.343575
Hardanger,Norway,60.3333,6.5,76.1665,12.0265045,73.52156,12.590844,71.746445,19.40857,74.83525,19.070028,67.582344,3.1282778,55.997307,23.353485
Harda district,India,22.3333,77.0833,25.93173,68.76793,27.01467,65.50223,18.925594,78.72956,25.287806,66.41774,28.909721,80.805016,29.031113,78.59281
Hapcheon County,South_Korea,35.5665,128.166,38.780724,85.89212,31.240011,57.984924,39.149796,-9.706065,34.156647,42.35598,31.760187,121.73247,33.845978,120.611374
Hanover Parish,Jamaica,18.417,-78.133,22.572567,-30.383154,49.04462,-16.953785,46.02548,-26.639887,45.868633,-30.8736,28.224874,-51.81468,11.950205,-44.23688
Handeni District,Tanzania,-5.5091,38.3389,3.90308,25.211456,12.322439,47.909206,18.383303,69.64075,19.104683,57.081017,-3.5953522,37.294075,-7.931221,42.14476
"Habersham County, Georgia",United_States,34.63,-83.53,36.07701,-66.11958,36.251034,-48.265644,39.296066,-28.705153,34.089596,-59.011566,35.900444,-88.12802,31.471912,-80.01868
"Guro District, Seoul",South_Korea,37.495,126.887,33.68848,107.51683,17.017647,131.03265,16.9195,94.05233,28.120935,107.42187,38.01112,118.39786,39.307404,123.137375
Grong Grong,Australia,-34.7167,146.783,-38.90503,112.83667,-1.0047283,146.18869,25.440367,109.65402,35.25672,71.357315,29.223038,68.90935,-32.816742,157.3435
"Grindelwald, Tasmania",Australia,-41.35,147.0,-16.47055,95.109924,-15.244865,122.71701,-1.9807854,80.52788,0.23385811,96.7205,-29.965048,117.970474,-38.36264,147.99084
Haa District,Bhutan,27.25,89.1667,26.248331,72.93492,40.31639,80.51997,23.127865,65.976944,32.249966,50.43166,16.082336,86.25493,38.168804,77.97916
Gunnedah,Australia,-30.9667,150.25,-59.72707,189.93446,-49.24272,177.89043,-24.946693,142.28566,-54.7398,148.45938,-28.912687,138.23236,-23.691303,149.72227
Gushan District,Taiwan,22.6489,120.272,24.395525,99.79668,40.903477,87.289215,26.819601,68.35111,30.280952,82.61551,31.578709,132.24007,24.713003,135.92911
"Guyra, New South Wales",Australia,-30.2,151.667,-29.190289,146.6953,-33.587746,114.74807,-18.719906,109.372475,-23.872143,114.30298,-32.165215,139.83981,-32.439827,152.18575
Otuke District,Otuke,2.5,33.5,7.977648,32.300247,14.525543,44.62902,18.383303,69.64075,17.211153,43.931747,22.659626,94.5694,7.732052,67.29377
Oświęcim County,Poland,50.05,19.2333,46.1156,30.659275,32.981197,-19.0404,31.76453,-7.1965475,35.906086,-10.368149,51.62815,13.676677,52.496037,15.213231
Oyam District,Uganda,2.23333,32.3833,7.2765083,34.504524,10.222458,84.06461,18.383303,69.64075,11.776767,57.541,24.079494,77.16612,2.5686378,37.594276
"Owen County, Kentucky",United_States,38.53,-84.83,20.264902,-51.74942,37.589676,-65.040276,34.03442,-58.44872,36.42144,-51.440468,39.559597,-83.7157,37.25623,-85.468056
Northwestern Ontario,Canada,51.0,-91.0,49.647057,-80.06279,35.026398,-65.73473,33.14227,-55.23558,43.832794,-58.367416,51.958794,-91.418594,53.16829,-106.09718
"Northern Region, Uganda",Uganda,2.78333,32.3,6.038555,22.510347,-3.9312782,59.918148,-1.1252861,62.41834,6.5566216,50.0896,0.48672867,32.441574,1.9292965,18.61576
"Northern Province, Sri Lanka",Sri_Lanka,9.2,80.4167,-7.5055294,82.460556,-2.4384155,89.74005,-6.358986,121.89357,7.1098366,95.38052,5.097515,77.389725,6.658512,68.160355
Northern Great Plain,Hungary,47.53,21.6392,54.807785,57.475002,21.926327,42.43113,23.096184,33.705997,27.269112,41.355766,37.091827,36.859932,56.15126,-27.375698
"Northampton County, Pennsylvania",United_States,40.75,-75.31,41.83594,-75.67261,41.37316,-61.810974,45.745247,-52.394306,51.873398,-75.649704,39.322655,-77.39682,41.98681,-80.28736
"Norton Summit, South Australia",Australia,-34.9167,138.717,-15.6833,91.4144,-8.160568,89.45659,-14.078194,99.163574,-6.778532,70.69464,-34.05551,140.14505,-33.891045,137.9241
North West Delhi,India,28.6964,77.1271,13.776531,84.83815,7.146311,71.51905,15.96736,66.05546,12.647612,65.129425,31.967506,73.688705,27.028692,78.936424
North West (South African province),South_Africa,-27.0,26.0,-21.915257,47.444897,-2.1646423,33.20528,-8.385258,60.254555,-1.7291565,44.93119,-7.6594105,32.067245,17.373276,0.56813717
Numedal,Norway,60.0,9.2,54.79818,25.488789,63.86998,10.144648,43.268333,15.256748,58.89639,11.428259,53.384693,34.647854,64.40776,27.036768
"Nullarbor, South Australia",Australia,-31.0575,130.478,-21.095104,123.13966,-44.187035,174.08931,-42.304943,175.24164,-46.480286,155.01764,-33.834007,135.2388,-31.90432,119.530334
Ntungamo District,Uganda,-0.883333,30.2667,13.280157,39.907547,10.052057,66.08677,28.547686,40.672707,14.398092,51.235886,0.5666027,64.405426,-1.5690994,28.61943
Novosyolovsky District,Russia,55.0,90.8833,37.346794,38.072796,29.352097,68.115,18.383303,69.64075,19.104683,57.081017,57.618958,69.317696,56.70292,66.48498
Parkes Shire,Australia,-33.1333,148.167,-22.645958,110.932556,-25.92638,148.77934,-18.362503,122.55734,-26.111782,132.93576,-39.823112,149.51375,-31.947258,140.97055
"Parachilna, South Australia",Australia,-31.1167,138.383,-19.14415,102.602356,-42.08745,142.79802,-52.5911,178.47906,-35.63296,138.38034,-30.713774,127.01805,-31.291698,128.01372
Paramaribo District,Suriname,5.83333,-55.1667,5.3615265,-1.5981107,11.144686,-14.38797,22.370739,-11.507019,7.9876003,-11.189625,-3.8941135,46.282684,0.60059357,1.576684
Para District,Suriname,5.43333,-55.2167,11.0211315,-4.933184,3.61162,45.448746,3.481575,29.49243,7.430189,17.732147,8.430162,59.195194,24.792463,62.56196
"Pasquotank County, North Carolina",United_States,36.26,-76.26,29.870766,-70.19798,25.147614,-49.869766,30.178425,-35.905735,22.628128,-36.292065,38.493073,-75.33588,35.53163,-81.472015
Paros (regional unit),Greece,37.0833,25.1667,34.213104,35.457047,24.059921,43.01705,23.460201,7.25021,36.946247,18.828941,34.192436,29.632637,35.67955,18.787186
Paro District,Bhutan,27.5,89.3333,38.396706,84.021866,21.165245,64.224594,13.880646,72.6133,31.115011,52.1568,10.931135,63.788982,21.035376,93.623825
Carazo Department,Nicaragua,11.85,-86.2,-3.1455975,-7.8603044,3.3074665,-54.667606,16.804749,-36.283905,7.5491753,-75.40155,-8.9643955,-70.97037,-1.2492065,-62.991337
"Falls County, Texas",United_States,31.26,-96.93,24.9578,-105.42059,26.613422,-55.8232,35.566933,-62.465347,23.237425,-75.88917,32.702362,-94.229416,31.250431,-94.25591
Pallisa District,Uganda,1.01667,33.7167,8.802234,39.40578,10.613361,81.87351,17.705923,63.825066,16.707056,55.749542,6.5476,43.98448,2.118208,34.706955
Palena Province,Chile,-43.0,-72.3333,-16.331501,-69.00596,-8.604172,-3.0891204,13.961988,33.433037,5.678343,-6.5325966,-2.210722,13.496537,-13.537956,-52.113422
Pakpattan District,Pakistan,30.3,73.2667,31.50889,63.120525,27.102465,55.70277,23.261353,46.77051,26.539856,63.448524,35.83147,66.65378,32.448303,65.46774
Paga,Ghana,10.9922,-1.11333,8.653016,40.081722,-33.077194,54.652554,19.960735,-35.85559,-15.904789,34.138805,9.113989,-4.1966248,14.988277,-17.482128
Pampulha (Belo Horizonte),Brazil,-19.8622,-43.9706,-5.878689,11.583797,-15.686886,-38.770325,1.5552406,11.884302,-9.630486,-7.822872,-14.1050625,-50.697453,6.7602825,-24.9068
"Panton Hill, Victoria",Australia,-37.643,145.239,-32.810272,111.952835,-1.1398907,80.01534,2.779728,67.395256,6.281275,48.213863,-33.51396,135.89444,-36.760666,149.29924
Thaba-Tseka District,Lesotho,-29.5,28.6667,4.7581806,33.96275,23.859097,53.4149,18.383303,69.64075,9.978484,54.737717,-11.189001,19.422058,-19.53518,37.836884
"Texas, Queensland",Australia,-28.8586,151.165,-11.158955,137.87816,-14.588848,33.095753,-12.040634,23.67102,-14.533897,27.169529,-31.106806,140.45526,-18.895657,105.3938
"Teton County, Idaho",United_States,43.75,-111.21,35.46272,-161.98706,51.278812,-119.39313,51.61454,-63.07118,54.51065,-83.14942,40.61531,-109.229935,42.793037,-109.61098
Tete Province,Mozambique,-15.5,32.5,-12.925674,11.966532,-1.012701,2.8018856,8.010954,21.324179,-0.20938301,10.228882,-8.722399,44.65512,-10.622803,27.378239
"Crawford County, Ohio",United_States,40.85,-82.92,50.817924,-110.840454,41.332733,-72.60358,45.36458,-86.64041,27.35763,-63.848145,39.458263,-87.233795,39.789963,-84.44708
The Hague Center,Netherlands,52.0706,4.3129,40.255646,5.92636,39.44323,-12.75726,34.860077,-17.131516,47.15353,-40.165985,19.76711,23.265675,35.94742,0.023733139
Tharaka-Nithi County,Kenya,-0.3,38.0,1.233738,60.945263,40.40669,-17.584373,39.149796,-9.706065,39.297424,-23.597908,14.667078,57.30406,2.8992481,26.83231
Tarime District,Tanzania,-1.33333,34.3833,-10.321363,44.253468,3.0359097,53.68836,14.574638,82.47306,12.703556,55.065002,19.951267,54.333,-4.2927322,39.026672
"Tanunda, South Australia",Australia,-34.5167,138.967,-42.77975,143.04767,-41.76468,152.23058,-31.042423,137.02852,-40.518524,145.05664,-34.003296,128.87244,-28.607105,117.03593
Tarija Department,Bolivia,-21.5833,-63.8333,-20.29433,-51.907887,-2.7725296,-84.72438,2.9172516,-59.404106,-6.746544,-63.89392,-1.6563683,-55.562176,-5.692215,-83.06923
Targówek,Poland,52.2822,21.0642,44.47275,50.186035,45.510532,-16.664576,35.827625,17.328922,50.13445,15.818873,52.548573,20.59872,53.908615,16.570168
Targovishte Province,Bulgaria,43.25,26.5,34.278072,93.60666,32.76387,31.068647,20.443924,53.23428,25.721296,43.97981,43.801483,33.40555,42.151466,24.035091
Tartu County,Estonia,58.3667,26.7167,78.91974,23.489473,61.553627,-23.672806,52.30314,2.6446674,44.86377,-11.108807,53.05715,29.441048,57.462013,25.735561
"Tanilba Bay, New South Wales",Australia,-32.7372,151.998,-15.480286,94.905945,-11.609016,88.22844,-12.212498,85.62137,-10.576546,87.71244,-36.57238,147.48413,-30.714256,149.06476
Tashkent Region,Uzbekistan,41.1667,69.75,21.491224,102.05675,18.533577,72.324295,24.48077,55.889774,27.620243,63.930798,40.65054,70.12999,46.402428,57.161537
Tatura,Australia,-36.4333,145.233,-42.608784,204.55507,-28.148945,162.90125,-12.489109,71.421486,-32.250637,186.15173,18.443516,37.121887,-22.63795,116.51952
Temerloh District,Malaysia,3.36667,102.417,10.583815,87.37402,15.973489,76.685585,18.39357,40.810184,11.5983925,78.07146,14.2842045,47.40114,8.78249,95.368645
Temburong District,Brunei,4.58333,115.167,-0.6244526,105.29797,9.657763,78.915276,22.501072,45.696136,11.227067,82.795044,16.750294,119.28421,-0.051052094,113.286644
Temora Shire,Australia,-34.4333,147.533,-27.604965,131.60643,-41.17865,179.88042,-20.89074,162.74303,-24.174713,160.72025,-16.214396,93.28165,-34.625443,142.55135
"Telfair County, Georgia",United_States,31.93,-82.94,16.861141,-63.97505,31.428616,-52.17108,43.069073,-53.886833,45.88376,-91.510414,32.540653,-82.94136,34.18981,-81.37022
Taymyrsky Dolgano-Nenetsky District,Russia,72.0,95.0,36.00547,27.101902,28.280163,60.63878,18.383303,69.64075,19.104683,57.081017,59.297745,52.302505,60.460793,73.42241
Arta (regional unit),Greece,39.25,21.25,50.845116,21.363699,22.501463,49.517605,21.549839,31.903955,41.74093,29.996317,37.27407,37.613014,37.18169,20.001991
"Ashtabula County, Ohio",United_States,41.89,-80.76,45.55786,-108.18451,49.236176,-90.70094,51.38823,-83.101326,41.511986,-67.53842,39.741234,-74.88611,38.77576,-85.88437
Ate District,Peru,-12.0103,-76.87,-3.2971745,-17.749552,25.805973,6.9272747,29.446108,-4.923267,10.051583,45.759766,6.450735,50.75299,16.657795,72.59994
Atacama Region,Chile,-27.3667,-70.3322,-31.59224,-21.13868,-11.085915,10.36199,11.056845,9.909052,-16.23088,4.6120434,-12.663527,-38.75235,-22.70924,-69.742645
Atwima Mponua District,Ghana,6.6,-2.11667,9.666762,7.464422,13.199621,44.740414,18.383303,69.64075,12.17573,59.60499,-7.6464214,9.098249,6.621126,-0.4987688
Atsinanana,Madagascar,-18.6669,48.9111,-13.681992,87.40126,-28.579086,88.464554,23.639614,45.80014,-8.000809,65.65155,3.4434566,16.22982,-9.137623,14.443487
Atlantique Department,Benin,6.66667,2.25,9.156714,-12.711988,22.412151,-47.653427,32.289803,-39.985558,13.177005,-28.258205,10.325182,-31.566948,6.8204823,-30.06976
Arkhangai Province,Mongolia,47.3833,101.5,32.298267,120.42627,22.60854,45.564777,15.255058,57.44916,22.464062,57.87254,44.733826,80.26909,45.696774,91.02052
Arequipa Province,Peru,-16.3988,-71.5369,-3.088995,6.3498344,1.8258648,-34.408062,10.341232,8.44124,-17.470314,8.064711,-13.60232,-28.841888,-5.350769,-67.675865
Arequipa,Peru,-16.4,-71.5333,-21.327885,-54.039482,-8.874062,-82.83089,16.665157,-33.03413,-40.640137,-25.38868,-11.187651,-16.654106,-17.370975,-91.4447
"Tharwa, Australian Capital Territory",Australia,-35.5136,149.069,-23.60107,122.793396,-22.053234,113.609,-21.49096,104.22717,-21.4318,101.7271,-21.499514,129.98256,-26.878815,136.34216
The Hills Shire,Australia,-33.7667,151.0,-33.572937,180.03697,0.025733948,76.88991,1.779871,57.3282,12.220282,46.12142,-27.164282,131.7206,-25.34478,128.0336
Arlington (Jacksonville),United_States,30.3212,-81.5515,26.554756,-54.275715,36.135674,-101.43023,27.775242,-106.31483,40.65041,-117.036156,31.914997,-67.294464,31.52135,-81.022125
Taoyuan County,China,28.906,111.234,19.64061,127.22815,34.61756,81.59093,37.36991,56.01726,33.87284,62.898655,27.983864,110.57341,29.248346,113.14942
"Atoka County, Oklahoma",United_States,34.38,-96.05,41.95053,-85.785904,44.13106,-106.72885,38.431297,-51.34514,45.202732,-98.89177,35.96418,-91.06941,37.64573,-99.31203
History of Brittany,France,48.0,-3.0,51.26627,-45.35438,36.20629,-9.007627,31.945387,13.996926,27.739697,0.7008457,52.55705,-7.927185,40.82316,8.040623
"Heyfield, Victoria",Australia,-37.9833,146.783,-22.005966,91.20381,-46.381775,154.38525,-56.414913,171.40451,-36.410233,139.42314,-28.547693,115.28714,-40.101364,148.0794
Hisar district,India,29.1667,75.7167,36.20909,35.985836,31.246645,66.356316,34.286194,66.33049,39.777218,57.00302,34.140537,71.67747,30.49083,81.7459
"Hidalgo County, Texas",United_States,26.3967,-98.1811,15.917637,-112.7677,28.283957,-88.03236,28.47862,-101.63953,25.652708,-93.680885,32.51785,-105.79695,31.503063,-94.258385
"Hickman County, Kentucky",United_States,36.68,-88.98,40.859108,-114.791245,42.445927,-66.643295,42.76094,-88.66777,40.57694,-60.14765,39.48762,-87.218704,38.184963,-81.86969
"Irwin County, Georgia",United_States,31.6,-83.27,20.250202,-66.2186,31.516172,-38.453823,39.350945,-32.040176,29.276085,-45.818504,33.571022,-77.23193,34.91298,-84.348625
Iringa Region,Tanzania,-7.7681,35.6861,-2.2789955,3.42492,-10.217678,40.622326,15.647936,13.499255,-6.240818,36.040348,-25.170938,63.711353,-7.3173485,27.909824
Iquique Province,Chile,-20.2139,-70.1525,-9.508331,-18.214865,-7.817978,-25.877464,1.6936398,27.129875,-6.411375,0.73877525,-21.593016,-60.780216,-12.502914,-65.2657
Isingiro District,Uganda,-0.833333,30.8333,20.07209,25.895752,15.887931,50.471046,18.383303,69.64075,17.799877,54.834663,19.556564,88.33403,-1.611908,26.83891
"Hastings, Victoria",Australia,-38.306,145.189,-34.250584,110.40622,-19.775944,91.97347,-17.625977,69.574554,-14.237209,42.684353,-39.936966,143.34047,-42.20935,146.90788
"Hartley, New South Wales",Australia,-33.55,150.183,-20.281372,117.43126,-8.577251,88.949844,-6.4998207,75.135544,-4.7610683,74.86944,-31.987051,148.55582,-37.397514,158.22914
Harnai,Pakistan,30.1,67.9378,30.427858,57.333385,21.712877,85.028435,45.647396,-23.42657,26.51494,68.924164,22.93443,70.52896,22.514977,69.27107
Hauts-Bassins Region,Burkina_Faso,11.25,-4.5,1.5142021,32.92721,4.460657,48.68104,6.9325066,37.641087,3.5880165,44.78101,16.591204,18.67919,12.47772,1.7459192
Harnai District,Pakistan,30.1054,67.9399,28.741102,37.76207,22.785992,69.22166,32.015347,23.107115,22.809814,63.002575,23.914808,92.56189,27.115051,65.67257
"Heathcote, Victoria",Australia,-36.9167,144.7,-38.52639,141.73592,-25.639114,100.65011,-17.220753,96.745476,-37.309303,105.247154,-38.391624,148.89653,-41.758217,154.38008
"Henty, New South Wales",Australia,-35.52,147.035,-39.11062,141.10492,-24.647312,125.94032,-16.284748,92.69614,-24.71494,128.15628,-32.652084,149.23741,-35.402397,151.37112
Taleqan County,Iran,36.2,50.8,38.118435,43.736538,46.351334,-3.6245122,45.869823,14.804123,38.96865,5.6070995,40.440857,50.833088,32.844246,54.053223
"Jennings, New South Wales",Australia,-28.9422,151.96,-22.438328,118.92865,-6.2832375,78.47466,-9.09087,75.19684,-3.6949635,76.32972,-29.244677,145.45763,-33.510826,147.45233
Bafatá Region,Guinea-Bissau,12.1667,-14.75,-1.3660183,57.697895,14.334842,34.88538,6.9325066,37.641087,3.5880165,44.78101,3.0784416,-6.5355396,4.2942543,-0.40852165
"Jefferson County, Pennsylvania",United_States,41.13,-79.0,51.666954,-135.00075,42.96644,-99.374855,41.07021,-97.41596,41.1476,-80.7339,38.458195,-71.811264,42.51568,-75.92576
"Jefferson County, Ohio",United_States,40.38,-80.76,58.576054,-63.371017,44.037228,-108.39263,40.224827,-102.925575,32.769234,-78.77318,36.479416,-85.672485,39.03023,-81.523285
Tamar Regional Council,Israel,31.45,35.3833,28.002998,18.2792,1.4741955,66.862724,11.3691845,47.557213,6.175106,49.083633,-5.488348,62.96585,26.73784,36.18194
"Jabiru, Northern Territory",Australia,-12.6667,132.833,-13.215157,135.54126,-9.554653,77.2392,0.89432526,63.92508,-19.29171,86.8761,-24.651983,138.72348,-31.66549,152.65315
Izmaylovo District,Russia,55.7769,37.7467,57.783886,9.343145,47.673508,52.92884,34.30125,46.058426,44.233856,38.577095,51.832138,57.11423,51.743484,58.452515
"Jackson County, Ohio",United_States,39.02,-82.62,45.010345,-167.86688,40.869495,-86.290726,44.510773,-76.54882,33.427658,-71.607346,39.937794,-85.518265,40.03336,-81.42286
Jacobabad District,Pakistan,28.28,68.43,20.11435,77.15265,32.55634,65.10421,36.83979,38.37648,26.077839,46.956,31.642437,69.98319,25.944935,70.57286
Jabalpur district,India,23.16,79.94,25.93022,71.75287,23.420628,64.016914,26.607779,94.77906,20.336996,72.11412,21.784771,81.24698,24.391582,76.60265
"Jamieson, Victoria",Australia,-37.3167,146.133,-14.246918,74.937164,-18.724316,102.486664,-11.230545,92.41145,-18.68888,98.031586,-30.359465,141.1427,-23.61322,105.379364
Jamberoo,Australia,-34.65,150.783,-14.300091,92.90721,-46.905464,186.97108,17.690626,20.122736,-45.504417,135.13025,-35.377213,128.98845,-25.799374,143.5511
Jangheung County,South_Korea,34.6844,126.908,22.308483,88.912506,32.262012,54.22625,39.149796,-9.706065,36.751854,28.52009,26.22407,141.64871,34.38685,116.47657
Jammu district,India,32.73,74.87,47.60137,47.857605,21.930294,89.7991,15.5878525,87.9071,25.143457,84.91393,35.604996,86.81387,31.50579,77.98419
Jaghori District,Afghanistan,33.1331,67.4536,23.88399,71.838,27.676344,65.450745,18.383303,69.64075,22.267452,65.810104,34.17943,88.37276,29.628984,80.07591
Jaffna District,Sri_Lanka,9.66667,80.1667,19.518606,43.743996,10.65225,72.845825,15.591995,84.62737,12.293344,104.40005,15.384517,71.95741,9.819262,79.604706
Jatinegara,Indonesia,-6.82639,106.177,-16.252644,141.03099,8.883684,89.533104,30.01376,45.93268,11.341653,108.19602,-20.145979,108.774704,-7.1207085,110.02945
"Jasper County, Georgia",United_States,33.32,-83.69,41.101147,-98.98544,33.394783,-49.04109,34.714104,-47.423958,37.364372,-60.173103,34.398167,-83.63762,34.32911,-84.96188
Jasikan District,Ghana,7.411,0.468,10.198961,32.884632,6.411049,57.051346,18.383303,69.64075,19.104683,57.081017,15.880532,93.64023,6.735283,-1.8287001
Diu district,India,20.71,70.98,4.910166,58.80707,10.176456,71.33659,25.487976,50.603878,27.052435,95.779015,30.997334,41.376137,23.750648,88.07722
Sekondi Takoradi Metropolitan Assembly,Ghana,4.92,-1.74,10.755811,16.144884,11.306576,20.468647,6.1199684,31.633684,12.481125,44.030827,-10.472628,45.246788,12.876598,-2.3198824
"Screven County, Georgia",United_States,32.75,-81.61,27.990765,-58.709713,38.773483,-66.78712,40.65688,-37.74086,38.286957,-63.670013,33.52491,-78.084885,35.176113,-86.214615
"Seville, Victoria",Australia,-37.777,145.461,-25.472904,113.01727,-12.948776,57.35055,-18.370026,64.913895,-8.368664,52.843464,-46.819855,108.43085,-34.16562,108.90556
Chanchamayo Province,Peru,-11.0544,-75.329,-0.11434555,-39.862534,-0.9217529,-12.976961,4.017317,49.91659,5.0949306,-0.4035797,0.43719864,-35.410343,-2.5696259,-61.04025
Seraikela Kharsawan district,India,22.7,85.25,39.76557,35.740574,22.225876,78.51244,18.383303,69.64075,22.561525,75.72758,28.53167,82.71799,22.31311,81.184906
Sepang District,Malaysia,2.75,101.667,2.3728504,124.309296,14.099373,69.58254,20.930113,93.981544,-3.9747791,138.79077,12.092863,110.335434,3.0987244,98.06557
Seocheon County,South_Korea,36.0802,126.691,37.464108,89.32103,35.00414,48.71759,39.149796,-9.706065,31.252533,33.63457,35.336647,120.954315,35.0616,113.48123
Severo-Kurilsky District,Russia,50.6833,156.117,29.495317,65.36511,23.859097,53.4149,18.383303,69.64075,19.104683,57.081017,52.338234,57.51316,59.881226,93.25783
Ranga Reddy district,India,17.3,78.1,16.617666,82.716995,3.8501987,84.416405,33.00928,80.43958,6.2858124,122.85446,16.606041,70.0099,15.929184,75.46187
Ranau District,Malaysia,5.96667,116.683,-2.897997,176.81114,8.156628,105.77297,16.907043,61.776585,9.9812565,99.555664,3.282219,77.92258,8.857401,114.54757
Raoping County,China,23.664,117.004,30.539291,90.35071,30.40771,55.101673,39.149796,-9.706065,37.986946,39.29706,22.464062,67.754875,32.54848,106.15899
Ramgarh district,India,23.62,85.52,30.952097,125.01515,22.24118,62.72193,18.881775,63.361954,29.219824,68.688034,25.944412,86.85402,23.689117,83.59118
Ramban district,India,33.24,75.24,40.741974,35.26436,24.677603,57.509727,10.949877,77.663895,24.014687,74.82907,29.122686,61.69367,31.18354,85.90025
Redcliffe Peninsula,Australia,-27.2271,153.088,-24.827309,131.30476,14.025164,86.87479,8.702066,56.94732,0.27511024,133.5751,-15.894739,105.40018,-28.684017,158.03682
Raška District,Serbia,43.7333,20.6667,25.004295,73.20294,23.431625,78.251114,24.53083,65.32055,15.121103,62.18836,46.302113,13.949406,41.752743,25.666182
Raymond Terrace,Australia,-32.7615,151.744,-21.28273,117.74521,21.384354,1.5401791,19.36472,9.610972,25.589266,-13.042835,17.233294,-9.782011,-29.221672,147.78416
"Rawson, Victoria",Australia,-37.95,146.4,-17.081974,83.46529,-31.107136,94.23597,-15.349716,74.65644,-39.391747,94.2873,-31.63922,132.14684,-44.90345,147.73395
"Wombat, New South Wales",Australia,-34.425,148.242,-25.221756,122.443405,-24.54979,121.91991,-15.922005,107.28314,-20.429024,117.44259,-36.912987,159.61986,-29.111866,133.3231
"Woodgate, Queensland",Australia,-25.0833,152.517,-15.95319,117.931244,-26.991589,142.44974,-10.035648,106.53892,-21.93349,112.36321,-22.194529,144.20847,-23.040146,146.49857
Wujin District,People's_Republic_of_China,31.6175,119.937,38.922485,72.36958,31.534071,72.712364,30.279099,47.17369,28.922771,80.116394,26.993586,114.00659,30.921556,117.28317
"Woomera, South Australia",Australia,-31.2,136.817,-36.30935,213.68544,-45.121796,173.56833,-42.501972,169.18446,-49.603394,176.49063,-28.745565,124.22713,-32.236954,131.20201
"Woodside, Victoria",Australia,-38.5333,146.883,-21.022007,119.01541,-17.290108,73.06406,-24.68306,86.69196,-20.17836,73.85309,-42.727943,142.28445,-38.780075,143.1652
Shahekou District,China,38.9046,121.595,29.870663,134.77917,33.66259,114.34772,18.383303,69.64075,19.104683,57.081017,31.269112,107.33084,29.262012,124.438065
Shanhua District,Taiwan,23.1333,120.3,27.39288,131.22559,32.10296,97.77596,26.506752,31.614573,22.21805,70.01014,24.234552,115.32541,21.6612,131.20801
Shen County,People's_Republic_of_China,36.234,115.671,22.943333,96.78343,43.14197,25.081614,45.335426,36.09983,50.477478,2.9655132,35.681133,126.38643,33.13969,113.56791
Shemiranat County,Iran,35.9333,51.5833,36.983894,38.55474,38.521084,-11.851144,42.20634,-6.045867,37.30371,-0.313488,35.63259,35.10531,32.80845,56.93121
Shimen District,Taiwan,25.2686,121.571,22.877178,98.573654,27.809942,89.27787,31.576714,71.90919,33.787262,70.040825,27.359224,112.86873,30.916029,114.026054
"Sharq, Kuwait",Kuwait,29.3833,47.9833,28.334946,17.106794,32.36853,73.09914,49.77269,26.09712,33.688065,49.116173,31.462772,25.018976,24.55864,56.49733
Niassa Province,Mozambique,-13.25,36.5,-12.971966,11.506601,-1.0322342,-18.826433,0.584877,29.387064,-0.8078213,27.693115,5.662182,19.293919,-8.828941,32.284016
Nyanza Province,Kenya,-0.5,34.6667,2.2270317,50.445934,-2.115181,63.158047,-9.894836,73.006256,-3.9672604,49.59659,-0.11447334,10.779528,-9.146732,55.08836
New Finland,Canada,50.4261,-102.213,54.537514,-12.43759,26.27193,28.698467,32.53798,21.114565,26.596905,29.338434,48.918938,31.301376,56.475143,14.481538
"Newhaven, Victoria",Australia,-38.5125,145.358,-19.054325,110.58989,-17.763794,112.74249,-17.196392,124.69928,-22.424324,78.40812,-41.708534,154.238,-40.282005,146.3317
Nyah,Australia,-35.1667,143.383,-31.14489,85.50998,5.501772,93.60845,26.822609,77.654785,-35.48647,174.65182,4.263298,66.06203,19.358047,53.076466
Ngora District,Uganda,1.5,33.8,4.064417,57.615627,9.574575,33.78641,18.383303,69.64075,18.78004,46.014328,7.857485,63.112312,2.143118,40.691986
Neamț County,Kingdom_of_Romania,46.97,26.4,80.7287,0.7760439,47.317287,-13.343928,39.149796,-9.706065,39.297424,-23.597908,47.946667,29.21106,47.901875,23.370584
Nayagarh district,India,20.116,85.01,21.934114,70.23686,23.650158,73.106,26.372066,53.570904,22.436274,75.49228,25.358187,77.59747,20.440563,85.07589
Naxos (regional unit),Greece,37.0,25.5,33.556953,32.528946,30.985304,29.09353,30.001963,5.9193153,41.438194,19.727669,35.041016,21.700924,34.541733,18.075777
Nawzad District,Afghanistan,32.2205,64.5768,31.80223,48.547447,32.87653,48.308006,21.134563,59.10899,27.980757,46.827896,32.449528,73.63193,28.3326,69.74937
Neihuang County,China,35.972,114.901,23.675606,93.52455,34.42701,35.39197,39.149796,-9.706065,39.297424,-23.597908,36.521828,118.23726,35.58251,117.539665
Neemuch district,India,24.47,74.87,19.85339,77.88045,15.3949175,66.69825,15.069658,84.919876,28.825792,63.191315,28.261545,66.09094,24.768229,82.35489
"Nelson, Victoria",Australia,-38.05,141.017,-23.097092,64.92781,-24.496685,64.28055,-33.93439,88.02213,-30.389523,37.826244,-41.331055,138.87936,-24.4705,99.42066
"New Harbour, Newfoundland and Labrador",Canada,47.5861,-53.5406,39.348206,-32.282867,28.782888,-11.082558,19.985222,-5.678177,21.185984,4.3107567,42.39512,-56.99133,55.083527,-71.57844
"Oombulgurri Community, Western Australia",Australia,-15.1833,127.85,-21.845371,101.77734,-15.368198,94.687256,-12.33247,84.78431,-9.085907,76.979935,-26.734587,130.13522,-19.281746,109.06516
"Carson County, Texas",United_States,35.41,-101.35,26.78928,-127.93773,32.319862,-85.42836,30.421827,-79.26097,37.328377,-105.070305,31.781412,-96.3517,32.23919,-97.05207
Rajanpur District,Pakistan,29.1047,70.3257,28.767033,67.84627,23.648132,75.22588,24.878963,53.237694,21.638449,69.90088,27.94191,78.30333,30.229008,67.05025
Rahim Yar Khan District,Pakistan,28.42,70.3,43.301254,57.54433,35.52237,41.050396,15.927286,75.09897,45.69174,39.257046,26.51001,63.184856,31.909306,62.073296
Rajgarh district,India,24.2603,74.945,5.9882336,90.463745,23.301731,68.36239,23.570974,73.072586,26.327642,66.69524,24.252981,81.198,23.555605,78.63344
"Cass County, Michigan",United_States,41.91,-85.99,48.894875,-158.00084,43.395477,-78.60099,45.66739,-75.1012,39.13699,-42.760223,43.26242,-87.595474,42.11768,-86.0705
Ordu Province,Turkey,40.8114,37.5406,26.155321,18.815956,40.85929,24.453318,17.998928,55.372093,23.731052,49.788464,32.28797,45.298573,38.040173,33.090614
Ofoten,Norway,68.3083,16.0186,53.237617,50.026257,59.67414,56.591465,12.539495,99.01621,49.53134,34.356197,38.579937,48.8006,70.486404,25.709213
Okara District,Pakistan,30.8014,73.4483,31.25257,42.511173,11.297783,52.806274,13.465578,58.047688,9.16403,64.20569,22.64202,110.49193,31.995377,74.156685
Olenyoksky District,Russia,68.5042,112.447,34.061974,39.55173,26.051565,60.603466,18.383303,69.64075,19.104683,57.081017,52.581123,64.18153,62.062366,68.34478
Nyora,Australia,-38.3333,145.667,-20.27742,142.89478,-28.345142,171.19629,13.772329,27.702875,-14.062134,136.58597,22.166372,80.409134,-31.886505,135.68552
Onsong County,North_Korea,42.9556,129.992,41.39862,112.47655,42.4302,41.04268,39.149796,-9.706065,40.09578,17.0018,32.818886,122.40767,41.310585,104.804955
"Ongjin County, South Hwanghae",North_Korea,37.9306,125.357,31.144802,131.17789,15.154959,116.25468,9.0210705,81.59782,13.02893,96.70647,32.12099,141.70609,36.11626,127.18138
"Washtenaw County, Michigan",United_States,42.25,-83.84,37.47812,-28.17228,48.248104,-73.62425,46.035263,-78.88536,53.750023,-53.377945,45.66523,-79.02452,40.320217,-82.39157
"Washington County, Texas",United_States,30.21,-96.41,11.991142,-93.15794,36.63863,-97.14384,37.6275,-101.128914,33.5224,-94.63411,32.572205,-106.54674,29.98645,-96.647644
"Watauga County, North Carolina",United_States,36.23,-81.7,43.56639,-151.00252,32.90289,-73.72279,33.528934,-53.835476,30.690231,-64.98031,36.698524,-74.56772,35.043484,-81.90491
Shire of Southern Grampians,Australia,-37.5167,142.033,-30.48521,130.41142,-17.341099,103.765015,-12.722988,75.85644,-10.589237,103.81123,-19.34992,97.60834,-41.892677,160.5684
Shire of Towong,Australia,-36.3167,147.483,-34.25066,159.25409,-19.680069,125.09566,-13.034683,104.12558,-6.4307423,103.77178,-16.080976,107.87706,-43.87458,169.62218
Tibesti Region,Chad,21.3544,17.0011,11.511899,6.5689697,6.3562813,30.478792,23.909294,10.247349,6.7128696,13.221967,8.797192,43.323425,18.458824,20.984838
Shire of Livingstone,Australia,-23.129,150.745,-30.889904,141.95784,-8.920078,82.18973,-7.5916862,94.33084,-7.8870163,75.98581,-23.370592,108.211426,-42.139877,166.51411
"Gulf County, Florida",United_States,29.9,-85.24,22.48171,-113.17641,32.9941,-49.3065,33.61881,-72.47498,31.13461,-62.074257,29.6511,-84.72986,29.283985,-76.53077
"Shelby County, Texas",United_States,31.79,-94.14,54.255394,-98.747055,40.53968,-94.79321,35.755188,-73.71341,39.591286,-90.96656,32.419006,-99.052155,31.927443,-93.91212
"Sheridan County, Nebraska",United_States,42.5,-102.43,43.00101,-112.40329,44.335815,-84.67653,34.311478,-54.53041,47.599586,-93.345276,42.217262,-94.23369,41.576214,-101.88971
"Santa Fe County, New Mexico",United_States,35.51,-105.98,19.26414,-112.9265,17.624702,-48.22368,16.765385,-61.31926,17.936092,-42.20723,34.216167,-123.75267,35.952045,-109.171135
"San Miguel County, Colorado",United_States,38.01,-108.43,41.022903,-100.08125,30.16719,-87.38415,27.512835,-95.12061,24.411129,-68.51209,36.485317,-96.88112,37.826958,-102.264114
"San Juan County, Colorado",United_States,37.77,-107.67,37.408306,-119.014145,28.195568,-90.69592,22.643978,-94.90088,26.410282,-81.16672,36.211685,-96.48169,37.852192,-104.5881
"Sampson County, North Carolina",United_States,34.99,-78.37,27.901405,-87.37544,24.47096,-38.20312,30.491684,-41.41306,19.798597,-40.12858,36.814644,-80.55913,36.163788,-84.9402
"Saint Patrick Parish, Grenada",Grenada,12.2031,-61.6406,15.687213,-14.002489,36.65871,-33.669216,34.90679,-41.473,38.921097,-57.368927,12.378696,-22.831394,14.743334,-9.314944
"Saint Mark Parish, Grenada",Grenada,12.1833,-61.7,25.59427,-45.552803,38.786522,-22.78787,31.595583,-33.297417,43.946396,-51.454063,10.156448,-26.408764,8.082514,-28.161205
"Sherman County, Nebraska",United_States,41.22,-98.97,39.66587,-89.25052,43.386444,-79.84359,34.23998,-68.19417,42.213753,-97.06377,43.60408,-97.74477,42.96118,-102.50746
Viseu District,Portugal,40.6569,-7.91389,30.827814,-1.9850707,26.528301,20.821693,19.222233,45.006886,21.478874,33.637604,18.970013,-8.108404,31.852665,5.165269
"Vale, Guernsey",Guernsey,49.4928,-2.52278,50.673218,3.623579,23.186049,24.743309,19.583176,-1.0824304,16.951363,8.603935,38.564095,-2.826004,51.56481,-3.83566
Uppland,Sweden,60.0,18.0,76.563995,8.463415,83.19217,-32.620243,65.5228,-35.683098,65.283455,76.9854,68.88592,27.267052,63.749046,0.80408764
"Ward County, Texas",United_States,31.51,-103.1,43.227554,-76.432236,33.70537,-53.26018,34.085495,-52.03017,32.112854,-44.74315,29.27716,-90.86781,30.979362,-95.472336
"Union County, New Mexico",United_States,36.48,-103.47,37.333504,-121.17108,19.502401,-19.628397,15.974335,-23.29897,22.437643,-30.902302,33.53877,-105.80994,35.80677,-99.92017
"Union County, Florida",United_States,30.04,-82.37,21.896397,-89.37071,29.168129,-56.053986,29.488901,-51.261932,34.425377,-58.2511,30.229435,-82.096725,30.061628,-80.416885
"Tuscarawas County, Ohio",United_States,40.45,-81.47,37.46644,-104.07901,51.757397,-115.68848,45.648758,-84.274345,43.430107,-81.10735,39.1581,-77.22116,38.629223,-83.88263
"Somerset County, Maryland",United_States,38.08,-75.86,38.91822,-50.379364,39.750908,-41.71452,40.504562,-38.076447,40.24544,-41.556274,45.13202,-79.377914,36.820145,-64.764824
Shire of Buloke,Australia,-36.0,142.988,-44.192486,151.50285,-24.152863,134.04547,-19.199532,124.53032,-9.718269,108.81938,-13.312281,89.020355,-35.891335,134.27994
"Rio Blanco County, Colorado",United_States,39.98,-108.2,25.797035,-116.38234,16.453716,-84.05643,10.036037,-82.21213,12.644059,-79.14693,34.68681,-102.43248,38.874428,-102.758575
Riga District,Latvia,56.9489,24.1064,40.48667,13.167103,46.402843,29.36207,37.65573,45.606323,43.060562,-14.441853,45.395096,43.569855,48.825798,31.85411
"Tulsa County, Oklahoma",United_States,36.12,-95.94,46.313896,-116.39749,48.79296,-127.36861,40.37204,-80.955574,47.2678,-111.01443,39.972584,-94.30904,38.538746,-99.24522
Town of Alice Springs,Australia,-23.7019,133.882,-18.267906,97.78114,18.20581,10.760105,17.286922,20.537472,18.178852,3.8794422,-45.380257,149.00793,-38.785904,166.32936
Shire of Yarriambiack,Australia,-36.25,142.417,-28.889885,131.5213,-20.828663,122.53362,-13.034683,104.12558,-5.719427,99.87741,1.7465153,50.0673,-40.01394,141.18971
Mwenezi District,Zimbabwe,-21.5,31.0,-12.562218,10.723631,1.9711227,33.978134,15.39168,68.500565,6.0498524,57.7249,-17.3468,12.617737,-17.22298,18.63816
Scenic Rim Region,Australia,-27.9875,152.995,-33.742706,152.63713,14.909844,25.100563,13.780975,25.932331,13.594864,31.677513,8.498341,-19.542404,-27.666702,151.51321
"Gilchrist County, Florida",United_States,29.73,-82.8,31.61742,-149.97763,26.495073,-63.331177,24.581726,-27.656311,33.60663,-63.316704,28.605124,-83.07901,31.927446,-83.44432
"Ghaziabad district, Uttar Pradesh",India,28.6667,77.4333,16.041489,102.05049,18.105694,85.68187,28.1787,82.63727,27.429897,65.25267,28.413496,78.84549,21.82357,70.02531
"Fisher County, Texas",United_States,32.74,-100.4,34.24272,-116.47957,32.98427,-70.69243,34.0626,-69.05699,31.965767,-76.68417,30.567972,-103.441574,32.98562,-98.318344
Yangpu District,China,31.2598,121.526,49.20321,120.28722,29.677044,89.18418,10.994898,103.99387,18.648767,119.49542,31.023651,117.44763,27.44932,128.59071
Yangmei District,Taiwan,24.9333,121.283,28.101841,107.10448,24.022568,106.09243,23.424473,88.74514,22.190256,96.1274,28.085089,132.35756,23.148159,129.8254
"Yanggu County, Gangwon",South_Korea,38.108,127.99,23.230633,25.869385,27.96981,79.327446,33.674908,28.666706,33.90063,74.319336,25.123611,140.98418,35.57573,133.58157
Yangcheon District,South_Korea,37.5169,126.866,8.663275,164.26587,27.825155,105.27006,18.383303,69.64075,24.725595,78.003,18.414267,115.058716,35.96071,131.84811
Yatenga Province,Burkina_Faso,13.5833,-2.41667,13.275767,65.39249,-6.1244545,39.65845,4.017317,49.91659,9.331329,35.401863,13.62182,87.118576,6.2611065,16.919064
Yantian District,China,22.5637,114.24,37.58918,98.11981,25.349094,95.2481,12.3959675,94.76588,19.222387,103.52232,26.70725,118.73833,18.526783,115.81539
Yanco,Australia,-34.6,146.4,-45.154575,100.87717,-40.991783,131.3722,9.377394,63.55484,-22.464993,152.52966,17.179222,53.863033,0.3944702,94.74394
"Yamba, New South Wales",Australia,-29.4333,153.35,-39.60345,111.49707,-34.888885,117.19943,-18.342281,99.912704,-33.050007,138.24503,-34.459946,150.59578,-32.64155,151.49136
Xizhi District,Taiwan,25.0667,121.667,40.901825,81.53636,28.84213,101.68805,33.807083,92.270615,27.764257,94.63832,34.774277,105.392365,29.66346,128.82866
Xianyou County,People's_Republic_of_China,25.362,118.692,21.494432,143.82736,39.589832,48.53003,39.149796,-9.706065,38.036102,36.097046,32.832905,115.92828,31.895624,113.86778
Wyre Forest District,United_Kingdom,52.389,-2.255,41.138313,26.84031,40.209328,-8.5210705,34.292522,32.17667,41.48298,5.714422,42.341694,6.5546284,46.559906,-0.78478813
"Wyndham, Western Australia",Australia,-15.4825,128.123,-20.251652,157.66829,-23.50399,129.72385,-10.904995,87.449715,-20.34523,114.33271,-26.678846,119.196,-25.84964,114.89635
Xianghe County,People's_Republic_of_China,39.761,117.006,36.054398,114.69336,35.193455,55.142292,48.822945,-2.3050692,37.135628,32.897472,32.00232,103.201096,36.039143,115.10266
Xanthi (regional unit),Greece,41.1667,24.9167,25.685858,43.734444,22.284851,22.455858,34.4085,7.812091,42.88691,34.350746,35.97715,22.770222,37.89013,14.982607
Xixia County,China,33.307,111.474,26.208717,80.82794,38.008404,78.04397,34.645874,50.315098,42.351303,43.397575,34.107666,112.11273,37.44138,114.788
Xiuning County,China,29.784,118.194,40.11767,63.41065,39.342976,31.851362,42.20681,-5.032254,39.297424,-23.597908,32.63634,115.04442,36.824993,108.00294
Xindian District,Taiwan,24.95,121.533,40.904007,70.40248,21.14664,108.03611,10.5811,73.4481,24.317225,92.809715,20.751526,124.70615,22.796246,123.628845
Xichuan County,China,33.138,111.491,29.752481,78.57599,34.565784,28.825954,25.271875,27.498865,37.330685,9.1891575,32.34429,105.44278,34.683784,116.72426
Xiao County,China,34.2231,116.792,26.866936,93.559296,35.890533,35.685127,32.782227,34.78596,37.790646,18.15963,29.695683,124.24417,35.274418,115.24319
Yongsan District,South_Korea,37.5383,126.966,25.19135,142.03513,30.748508,88.396095,24.999441,76.38035,26.234688,95.456924,30.766691,125.40645,35.443295,136.08691
"Madison County, Nebraska",United_States,41.92,-97.6,41.143333,-111.09987,45.01595,-86.951965,36.739155,-79.49963,36.26688,-88.52413,41.081203,-93.80794,41.48281,-99.27602
"Medina County, Texas",United_States,29.35,-99.11,21.608656,-107.415985,26.178883,-53.175472,28.988285,-58.604317,29.449852,-86.874886,31.994038,-101.42561,28.368225,-95.125656
"Saint John Parish, Antigua and Barbuda",Antigua_and_Barbuda,17.1167,-61.8333,11.365907,-5.0302258,30.17533,-31.84526,29.914314,-46.46113,31.953098,-47.31881,14.06368,-24.996384,14.407763,-37.75099
"Saint Andrew Parish, Jamaica",Jamaica,18.0167,-76.9,19.518658,-18.656166,37.191257,-24.956518,33.763668,-40.859097,37.147507,-52.035393,12.085098,-36.87522,21.651648,-56.214764
"Saint Andrew Parish, Grenada",Grenada,12.1192,-61.6264,24.38514,-30.25429,37.2247,-23.633335,33.75102,-36.4561,38.380066,-47.757904,11.548872,-20.433174,8.553537,-29.46481
Sabha District,Libya,27.0333,14.4333,29.233704,56.414555,23.601595,79.5074,27.483875,92.03387,35.385292,46.535366,20.606215,65.70892,22.305748,63.143875
"Rush County, Indiana",United_States,39.62,-85.47,41.193783,-66.17024,33.93137,-62.987064,30.357368,-63.571846,32.17587,-88.721245,38.18589,-83.70479,39.736,-89.5524
"Runnels County, Texas",United_States,31.83,-99.97,46.763023,-122.651764,36.615753,-75.80821,32.21216,-67.86132,36.193546,-94.93436,32.694065,-105.33835,33.512398,-95.800224
"Rowan County, North Carolina",United_States,35.64,-80.52,40.197205,-101.198456,26.097967,-43.79939,32.55488,-49.145523,22.147158,-33.201878,37.855522,-80.131134,37.400513,-85.50352
"Ross County, Ohio",United_States,39.33,-83.06,52.44496,-95.19798,35.736626,-64.85464,39.39114,-76.929924,26.431501,-45.05419,45.28845,-89.21695,39.961098,-86.65183
"Roscommon County, Michigan",United_States,44.33,-84.61,37.542095,-126.91965,45.276184,-58.287212,37.28338,-48.17239,46.75789,-34.514923,44.700897,-89.28322,41.430584,-82.2061
"Roosevelt County, New Mexico",United_States,34.02,-103.48,17.742512,-117.282776,22.475159,-33.972324,14.729528,-31.879023,23.2095,-47.395126,32.240585,-115.12988,35.853886,-98.569405
"McCulloch County, Texas",United_States,31.2,-99.35,31.299198,-92.22966,32.03451,-70.39291,38.921215,-58.64589,27.619122,-72.33015,31.31724,-102.807205,32.968456,-98.34203
"McClain County, Oklahoma",United_States,35.0,-97.44,27.70149,-81.886566,45.19448,-81.39016,41.95515,-61.399376,43.219326,-65.535095,37.62721,-97.89111,37.179657,-101.45041
"Mason County, Michigan",United_States,44.02,-86.5,51.090126,-114.007904,40.394012,-66.52056,39.467175,-72.18451,38.50098,-54.573105,43.326263,-88.15938,43.077816,-84.75388
"Martin County, North Carolina",United_States,35.84,-77.1,27.262196,-59.603848,27.489822,-42.63029,33.676907,-56.163723,24.710052,-46.078163,37.78814,-84.668884,35.441223,-80.43269
"Yass, New South Wales",Australia,-34.8167,148.9,-30.48819,173.97726,-25.96494,125.377014,-21.68071,132.24188,-21.589558,125.56413,-31.536871,151.20464,-31.58635,144.85648
"Yarraman, Queensland",Australia,-26.8411,151.984,-18.673458,143.99661,-39.20996,188.60297,-21.24858,120.84582,-40.27401,174.0058,-25.951422,156.90768,-23.780766,146.39803
Yirrkala,Australia,-12.2528,136.892,-16.77097,120.753586,-13.199188,120.52662,20.095556,63.419983,-30.617409,143.00436,4.4028625,67.999176,-14.4293785,147.34415
Yeppoon,Australia,-23.1288,150.744,-36.421253,181.14026,-42.24456,180.82837,10.997934,14.289701,-29.95087,159.52383,-3.4679794,124.81032,-25.028782,152.45512
Yongjia County,China,28.1539,120.691,28.050697,110.486694,38.720478,59.04488,44.760788,-1.5649546,38.221443,40.824062,32.710304,114.81064,32.29613,123.635124
Yonghe District,Taiwan,25.0075,121.516,35.08932,96.54367,28.323877,96.74185,18.156307,85.84006,23.342388,99.15409,33.380424,107.97952,29.157114,119.17831
Yeonje District,South_Korea,35.1756,129.079,28.978645,92.28813,18.10907,102.39293,18.383303,69.64075,19.104683,57.081017,26.358236,103.750916,36.730442,135.68683
Yeongdong County,South_Korea,36.175,127.776,23.022257,83.4353,31.648869,71.39573,30.518974,24.231691,35.40046,53.8903,34.64967,136.88284,39.901104,133.51692
Yeongdeungpo District,South_Korea,37.5264,126.896,22.09148,141.40549,21.886438,87.275345,18.383303,69.64075,20.104286,92.078606,35.66429,116.02112,35.91585,122.68757
Yogyakarta,Indonesia,-7.80139,110.364,-3.2769928,113.51305,-1.8910503,139.06604,-6.4728737,156.24257,-4.6448936,130.97995,3.1032524,91.81616,-11.829815,136.72142
"Yizhou District, Hechi",People's_Republic_of_China,24.4667,108.583,27.341646,97.22745,14.525051,114.82457,13.272369,105.9775,29.019207,84.85106,30.32623,106.62094,30.044998,102.75811
Yingge District,Taiwan,24.9614,121.343,23.52395,80.82774,33.347805,89.029175,21.75573,96.443756,26.435167,69.993286,29.06648,112.53604,25.327112,127.73012
Yiling District,People's_Republic_of_China,30.77,111.326,35.442997,56.68133,25.256126,92.20239,21.454845,85.03732,20.438545,100.154434,34.140594,100.651855,27.46229,112.91592
"Yilan County, Heilongjiang",People's_Republic_of_China,46.317,129.562,39.072815,138.62029,40.41621,105.48564,36.436604,65.27136,33.38246,75.85509,33.28475,121.740005,42.91687,104.25652
"Port MacDonnell, South Australia",Australia,-38.05,140.683,-43.441517,117.56694,-28.404015,112.935646,-30.631824,138.12198,-29.080906,114.107635,-37.289856,143.17848,-34.8519,135.7867
"Port Germein, South Australia",Australia,-33.0167,138.0,-20.816338,106.38388,-29.46362,124.165565,-41.682995,145.53162,-28.427135,107.06247,-33.25325,135.55524,-33.123413,133.03593
"Port Hedland, Western Australia",Australia,-20.31,118.601,-36.226795,144.18826,-27.245731,123.672066,-27.7971,126.24466,-31.182407,124.05049,-23.893415,116.235,-24.20745,110.556885
"Poochera, South Australia",Australia,-32.7215,134.838,-10.067846,68.745224,-42.197853,152.83667,-52.5911,178.47906,-47.171585,166.06512,-35.089706,138.55638,-32.63938,133.03706
Pomoravlje District,Serbia,43.9667,21.25,32.308956,58.427776,30.886097,68.101746,19.234898,46.342976,30.528131,42.729946,36.75833,12.206974,47.298717,19.856169
Porbandar district,India,21.63,69.6,-0.96404266,98.52052,20.238262,84.44783,29.5356,79.41594,17.98381,77.832344,20.312931,73.105194,23.840008,82.991875
Songdo International Business District,South_Korea,37.385,126.645,17.968365,71.80705,19.915712,55.9997,13.882631,72.59598,18.52427,61.299664,26.626596,113.28911,36.681637,96.366875
Somali Region,Ethiopia,7.43873,44.2969,14.67716,9.442102,24.880823,4.1538105,13.840454,32.868214,17.269321,33.052246,24.312561,29.64399,4.644972,63.23419
"Port Victoria, South Australia",Australia,-34.4967,137.483,-12.289906,80.94539,-40.841232,141.58784,-45.36598,151.99986,-43.162155,138.78055,-31.992773,133.79376,-39.516235,140.78406
Solan district,India,30.9059,77.0925,31.181395,95.55533,39.251858,43.37082,22.016794,56.975765,32.005127,49.7949,20.554937,25.988981,31.97873,78.41493
Sogn,Norway,61.1833,6.8,57.293823,35.561275,59.949364,38.559532,44.14714,59.538662,61.228786,16.0108,39.046417,23.470238,40.843723,6.4397793
"Porter County, Indiana",United_States,41.85,-87.1167,29.944181,-137.31766,40.09781,-74.28132,35.608204,-67.221375,36.932976,-71.7336,38.022934,-83.98833,38.2026,-84.0473
"Pine Creek, Northern Territory",Australia,-13.8235,131.826,-19.618538,108.92044,15.151826,10.365663,13.623951,-2.076599,3.506319,22.919853,-23.406115,124.09169,-26.504398,140.498
"Pimba, South Australia",Australia,-31.2551,136.8,-13.5584755,110.489365,-40.830154,127.05628,-52.5911,178.47906,-32.977478,125.75544,-37.36699,130.28392,-34.947754,139.54114
"Planaltina, Federal District",Brazil,-15.6192,-47.6525,-17.21445,9.836712,-0.14951324,23.456701,17.931217,5.5221634,7.630192,23.164661,-3.8677921,-41.10353,3.013895,-37.13947
"Plateaux Region, Togo",Togo,7.5,1.1,15.20976,28.499016,15.170271,19.770092,11.700409,30.189213,7.922703,22.669922,12.674041,-8.415031,7.384449,4.4260325
"Point Turton, South Australia",Australia,-34.9469,137.353,-6.5586967,61.522243,-16.228436,97.52776,-7.9736176,81.50007,-11.268833,76.063225,-34.360542,137.34904,-36.153717,143.53502
"Point Lookout, Queensland",Australia,-27.4297,153.54,-10.246498,145.17325,-8.421974,71.187706,-1.0124817,53.744892,-16.27422,57.586376,-24.409151,145.44473,-27.512432,164.87282
Point Lonsdale,Australia,-38.2833,144.6,-18.085678,114.761,19.214226,32.73012,34.13806,1.85869,22.888554,25.500946,27.73922,-1.2828331,-34.88999,145.4292
Pittwater Council,Australia,-33.6776,151.304,-18.380898,119.24913,-27.347672,136.04968,-1.3998604,64.53934,-14.046318,117.15772,-18.4579,76.07411,-38.957405,153.97592
"St. Clair County, Michigan",United_States,42.93,-82.67,46.988365,-121.43265,40.49458,-48.865673,40.180443,-52.151066,46.337482,-40.188828,41.455833,-79.31154,43.02588,-81.928925
Sri Jayawardenepura Kotte,Sri_Lanka,6.91667,79.9167,-27.94952,139.78728,-15.739067,146.46512,0.032699585,139.49538,9.886236,150.9453,1.1662045,78.604034,6.2878227,82.76195
Sri Ganganagar district,India,29.9178,73.8817,35.564774,51.85093,12.61517,98.597176,-0.9979973,118.30163,14.539032,107.25154,21.121328,74.82756,22.545872,77.59945
"Citrus County, Florida",United_States,28.85,-82.52,36.64308,-67.607796,24.108154,-60.337368,26.180428,-73.342735,27.086658,-53.568855,28.690903,-82.18225,30.290205,-86.33556
City of Palmerston,Australia,-12.4939,130.982,-29.896591,134.42798,9.599581,46.433395,7.422056,57.864883,-4.7281895,78.87236,3.6428833,49.60955,-3.657116,70.99211
City of Frankston,Australia,-38.1333,145.167,-27.731026,199.02383,-1.1489143,83.46111,0.27905655,69.56158,4.657217,73.50674,-39.832214,194.88376,-35.647972,150.77896
City of Moonee Valley,Australia,-37.7667,144.917,-38.90674,128.62411,5.602911,39.73776,18.483238,4.2204742,5.405775,30.172394,-40.982048,188.13579,-37.11493,157.3761
City of Monash,Australia,-37.8833,145.167,-34.827408,189.33258,-4.327915,98.58325,-2.9649239,83.5625,-15.068348,116.482346,-33.80455,147.4181,-32.916588,142.2027
City of Mitcham,Australia,-35.0167,138.633,-28.573536,142.46115,17.796879,43.188698,20.607557,38.5153,13.3042145,65.403656,7.4159985,91.762405,-32.577698,144.63097
City of Manningham,Australia,-37.7667,145.2,-25.634659,126.1467,15.706653,46.53814,17.158699,25.501776,12.50051,61.69998,10.884308,42.377506,-36.878822,154.35007
Soum Province,Burkina_Faso,14.1,-1.63333,9.101149,37.005623,18.405472,12.601135,20.704956,29.646189,5.4566,46.111755,28.924036,59.594128,25.431494,51.83208
Sonipat district,India,29.0,77.0,34.71038,91.052414,37.3237,76.03762,23.543163,82.55836,22.949339,78.549644,22.694498,78.81166,27.683023,80.35507
Soroti District,Uganda,1.71667,33.6,4.0614986,38.447906,7.941622,38.97073,19.067064,68.57831,13.516278,48.924957,16.045115,9.573454,2.0043068,28.025211
South Hamgyong Province,North_Korea,40.24,127.531,44.21261,53.597443,0.70633125,92.87475,-7.656494,58.74606,-3.2657623,96.6872,37.393974,115.518265,38.662857,122.4143
South Dublin,Republic_of_Ireland,53.3078,-6.41306,46.03459,32.45459,3.7996883,73.179276,-1.0034523,65.85008,0.47576523,59.334953,48.186516,-6.8183537,45.88334,6.170193
South Chungcheong Province,South_Korea,36.5,126.75,20.049688,127.63176,-4.1211967,104.627846,-10.596893,74.11752,-4.426798,102.19025,20.156654,128.21645,34.153244,118.61775
South Banat District,Serbia,44.8667,20.6333,43.32334,47.102375,4.284565,78.6806,7.8993187,70.128334,4.7383423,68.142845,44.58014,19.831331,43.122486,31.957973
Songwe Region,Tanzania,-9.1,32.9,-5.5334587,64.608215,-8.055672,45.652016,22.31712,19.982777,-0.7932224,43.330715,-5.6207943,48.403748,-5.7588882,23.83271
"Southern Province, Zambia",Zambia,-16.5,27.0,-3.1498222,-5.0637913,-2.2354698,25.73997,-6.096077,57.95614,-5.562845,29.770771,-4.863268,20.941637,-6.7608795,24.208267
"Southern Province, Sierra Leone",Sierra_Leone,8.0,-12.25,2.1986141,8.247616,0.8622837,-2.3090174,1.8988342,9.284247,7.6587677,-0.42927742,15.33741,-16.732227,7.749712,8.690334
Southeastern Statistical Region,North_Macedonia,41.43,22.66,11.583009,56.032604,17.99511,17.123579,13.742443,-3.467796,21.565453,2.7449265,6.500841,32.428085,13.641064,33.052536
South Canberra,Australia,-35.3155,149.151,-25.789722,130.80891,-36.32775,148.0052,-29.576237,154.9239,-39.43415,162.1178,-18.835974,125.69548,-27.56321,128.26503
Dorogomilovo District,Russia,55.7406,37.5403,43.37699,67.164764,38.37106,50.652954,18.383303,69.64075,19.104683,57.081017,45.579582,65.19575,49.13288,55.34876
Aveiro District,Portugal,40.6411,-8.65389,61.11797,-67.56003,29.017702,23.573938,11.541548,68.74702,26.329638,34.835197,29.23306,-12.578945,32.845844,-4.1427755
"Manildra, New South Wales",Australia,-33.1833,148.683,-21.212437,103.00604,-22.151672,122.28813,-22.67606,119.11796,-16.499046,114.39426,-34.929085,147.57126,-31.505493,149.5518
"Manilla, New South Wales",Australia,-30.75,150.717,-34.43203,161.72955,-20.554508,115.96395,-16.691502,106.490906,-22.95845,125.89292,-32.524742,140.3469,-31.691063,150.20766
Manjung District,Malaysia,4.33333,100.667,5.7439013,133.5739,-1.1981487,133.92456,8.403513,93.65488,12.560474,92.02874,10.785692,124.01561,5.081911,93.203094
Manica Province,Mozambique,-19.5,33.25,-12.570457,56.717274,9.338221,24.621122,-2.3474236,43.95291,-0.29322052,48.63601,16.464386,29.887995,-11.283646,24.79491
"Dirranbandi, Queensland",Australia,-28.5833,148.228,-32.772858,150.89084,-42.136475,180.45103,-60.692867,227.53912,-33.6356,193.14539,-24.207674,147.01617,-23.941566,146.12625
Dongjak District,South_Korea,37.5124,126.939,29.496338,73.27736,20.027098,101.58501,18.383303,69.64075,19.104683,57.081017,33.588474,133.20229,36.22095,123.55894
Donga Department,Benin,9.7,1.66667,2.7551804,8.839642,-17.398365,20.32452,5.229374,7.671425,-13.587719,51.741627,-8.428907,23.372654,-0.29214096,61.148983
Pirot District,Serbia,43.1667,22.6,43.810295,15.437716,42.971443,30.767935,20.389984,35.275013,41.755722,44.36444,28.509497,37.80555,43.749744,25.642609
Pirkanmaa,Finland,61.7,23.7167,32.02315,16.232788,35.682133,24.951546,30.802185,61.732513,42.30336,44.28348,58.606255,27.275017,61.037926,25.992825
"Pickens County, Georgia",United_States,34.46,-84.46,39.350754,-70.399155,31.220589,-59.543888,42.445007,-54.658157,43.173126,-97.72284,33.73586,-85.45839,33.945705,-85.38576
Pichincha Province,Ecuador,-0.25,-78.5833,7.683717,-72.2953,-2.7416725,-34.133263,16.373087,22.761179,4.297209,-0.34859657,-9.671984,-81.36696,-4.0093956,-82.01407
"Mansa District, Zambia",Zambia,-11.5,29.0,4.137972,41.123478,5.415268,-6.5088296,0.4269104,77.80256,-6.2725086,29.275208,-1.6946526,26.647377,8.866386,17.112127
Mannum,Australia,-34.9151,139.304,-32.977,151.189,-25.335762,105.30821,-5.65921,54.218613,-38.27518,131.32495,30.02174,42.571808,-28.894108,131.75267
"Burleson County, Texas",United_States,30.49,-96.62,36.651237,-99.5594,37.09011,-93.04005,38.55315,-78.33722,33.75506,-88.87158,33.57835,-96.415955,31.626593,-97.81074
Bugesera District,Rwanda,-2.205,30.145,11.748838,24.556679,8.754358,60.46044,13.306471,79.86988,10.326924,47.041607,17.48787,25.960737,-3.8993797,19.918804
"Boone County, Nebraska",United_States,41.7,-98.06,39.01991,-133.38567,41.214096,-87.912285,31.873062,-65.8249,44.620445,-109.125175,39.11432,-95.15529,42.92322,-98.49919
"Boone County, Indiana",United_States,40.05,-86.47,30.139969,-66.25369,38.97947,-80.59282,34.197033,-70.5476,39.984764,-91.50445,37.096764,-83.753265,40.1773,-80.77564
Marrickville Council,Australia,-33.9,151.15,-32.820942,172.51733,-27.219112,136.7802,7.5103073,114.8901,-12.459686,120.38969,-38.42559,175.66629,-33.339264,145.76695
"Marla, South Australia",Australia,-27.2997,133.622,-14.661255,89.60399,-23.781666,103.494316,-23.180504,129.07986,-25.473713,110.31729,-30.345419,129.92668,-31.327492,124.96377
"Marlo, Victoria",Australia,-37.7833,148.517,-17.542294,91.39171,-18.89962,63.21828,-4.2924957,71.08631,-20.886684,42.53265,-33.257515,111.48447,-34.288612,123.80555
Kutná Hora District,Czech_Republic,49.9483,15.2681,46.200256,22.793375,21.401566,21.460577,21.199268,39.70305,17.745457,29.700565,41.621708,17.94001,49.37205,7.779468
Kutch district,India,23.915,70.367,19.768936,62.58537,34.727657,53.85448,31.667435,67.598145,32.0484,74.30023,32.472755,79.81023,20.958195,71.69292
"Kurrajong, New South Wales",Australia,-33.55,150.667,-29.091671,157.10654,-27.644493,130.8079,-18.05724,102.324425,-25.326603,130.93817,-34.930573,163.76912,-29.15036,144.1732
Kwimba District,Tanzania,-2.96667,33.3333,-0.18524551,33.80344,12.8316765,55.50769,18.383303,69.64075,19.104683,57.081017,-9.35124,29.523746,-11.948627,33.410236
"Mercer County, Pennsylvania",United_States,41.31,-80.25,65.61305,-90.701294,42.17681,-67.86642,53.947037,-89.92315,49.218334,-70.145515,40.857292,-81.089966,41.232944,-78.13406
"Meriwether County, Georgia",United_States,33.04,-84.69,45.658386,-51.610744,35.535763,-70.12203,42.945934,-56.985264,45.392227,-74.70478,30.136621,-86.96031,33.93788,-86.63006
Kyogle,Australia,-28.6167,153.0,-18.4189,148.79854,-35.21379,126.57908,-8.208847,79.59494,-25.546978,134.88336,22.935394,34.39662,-26.91613,163.51587
Kyenjojo District,Uganda,0.616667,30.6167,7.5631075,38.686245,11.250872,40.156055,23.214487,50.92663,17.635054,52.615067,-0.4532299,57.881813,2.2532558,25.255096
Kyabram,Australia,-36.3167,145.05,-43.571163,128.05959,-17.188457,119.77001,12.981163,48.12392,-22.956055,173.95856,-30.80504,163.8477,-29.610592,136.68356
"Krambach, New South Wales",Australia,-32.05,152.267,-15.3738785,76.06685,-18.835495,106.97803,-22.67606,119.11796,-18.98077,117.51336,-30.51262,147.0265,-29.854214,146.35492
"Kumbia, Queensland",Australia,-26.6902,151.655,-17.09045,124.56531,-24.378506,41.853024,-28.553425,79.43083,-38.92241,101.96863,-23.295248,145.53061,-24.476276,150.85397
Kudat District,Malaysia,6.88333,116.833,10.437226,112.14688,10.527662,95.352005,21.789864,77.95526,13.351761,87.198975,29.647789,75.744354,5.530308,109.667206
Kumasi Metropolitan Assembly,Ghana,6.68333,-1.61667,8.696384,38.650425,1.010294,58.103172,0.8354454,27.916384,7.3792458,70.372406,-6.6194057,51.467747,12.0380745,11.94408
Kunene Region,Namibia,-18.0556,13.8406,-10.038984,25.860752,-18.74981,25.965248,3.012579,25.858727,-22.656807,58.69242,-5.66107,36.23369,-17.001999,18.652246
"Millicent, South Australia",Australia,-37.5967,140.352,-41.19936,119.49553,-32.61522,108.61203,-26.916985,121.41534,-42.95147,135.45035,-30.333403,127.59468,-36.521698,137.18784
"Mimili, South Australia",Australia,-26.9994,132.708,-19.063461,128.43372,-45.300674,165.66095,-52.5911,178.47906,-38.59795,155.34915,-32.650948,132.37537,-33.546814,138.11601
"Miller County, Georgia",United_States,31.16,-84.73,32.74428,-67.96065,34.348644,-43.338974,43.661106,-52.62637,41.618645,-59.70153,34.945538,-85.41676,34.890816,-86.288994
"Nar Nar Goon, Victoria",Australia,-38.0819,145.575,-28.367676,120.85849,6.395403,95.369194,9.378351,62.22964,11.160554,88.62752,-37.61051,172.2217,-33.801704,134.68925
"Narangba, Queensland",Australia,-27.2022,152.959,-30.567078,157.74477,-46.804504,197.29439,-60.692867,227.53912,-33.92427,194.15686,-26.02291,155.55406,-24.234268,139.2477
Narrandera Shire,Australia,-34.75,146.55,-32.748672,126.821335,-51.211296,164.57224,-31.70782,138.01071,-29.891315,142.80212,-36.928482,174.72554,-34.68728,154.00124
Nanhai District,China,23.0961,113.143,13.515639,116.913345,21.799206,106.347885,29.491043,86.66178,27.706583,96.30751,30.197792,100.36897,21.491947,127.69687
Nankai District,People's_Republic_of_China,39.1383,117.15,18.633692,152.72821,35.001175,91.82709,29.945812,86.83748,17.79445,117.67847,30.550438,125.584915,29.083578,131.57465
Narowal District,Pakistan,32.2167,74.95,47.070457,61.67493,29.621292,80.386284,34.197838,41.0704,20.390886,64.56465,16.35752,91.23134,34.83736,63.51195
Narok County,Kenya,-1.25,35.6167,4.200323,17.482628,20.565125,-0.85061836,28.496552,25.168434,21.453184,12.659347,24.06988,46.4984,2.6337013,33.90025
Naro-Fominsky District,Russia,55.3833,36.7333,41.21961,81.089005,23.859097,53.4149,18.383303,69.64075,19.104683,57.081017,52.04647,66.50158,56.75904,61.955795
Nantun District,Taiwan,24.1416,120.638,29.867064,104.83592,23.712715,100.13222,18.383303,69.64075,19.104683,57.081017,4.4904785,82.58223,24.632086,125.00178
"Middleton, Queensland",Australia,-22.3499,141.544,-15.7461815,124.3945,-7.603325,111.41871,0.80648804,115.60933,-4.809101,101.320335,-24.004309,145.06348,-24.079124,148.39722
Mid-Western Regional Council,Australia,-32.5833,149.683,-16.033623,121.80118,3.6562538,54.49669,5.7426777,60.727253,5.0154133,26.990082,-17.87691,72.813126,-33.167328,152.33257
"Middlemount, Queensland",Australia,-22.8111,148.701,-22.069511,125.52432,-35.461777,177.0366,-60.692867,227.53912,-24.69746,140.57411,-29.808508,156.5549,-23.156898,147.61641
"Iluka, New South Wales",Australia,-29.4333,153.35,-39.088135,147.41023,-31.63071,128.29857,-15.703457,99.112206,-29.00885,141.40857,-34.462044,148.48079,-31.584358,147.26126
Illawarra,Australia,-34.5,150.9,-60.255367,204.98158,-21.804813,168.53847,-7.8198433,129.11931,-37.66984,182.45203,-31.116865,142.92445,-16.831627,146.53593
Innsbruck-Land District,Austria,47.2,11.4,51.470016,26.77272,23.859097,53.4149,18.383303,69.64075,19.104683,57.081017,37.90983,20.976913,46.472824,19.631037
Innere Stadt,Austria,48.2097,16.37,67.41512,-1.2075858,39.185757,7.4767575,34.68843,-2.7602315,41.669304,-3.7838402,39.87708,32.202927,45.466396,31.186707
Inhambane Province,Mozambique,-23.0,34.5,-24.285194,64.141815,-3.5705833,5.7982154,-3.3285713,52.462807,-11.302551,48.073887,-17.265799,-12.316662,-10.156158,26.305077
Kisarawe District,Tanzania,-7.16667,38.8333,8.403514,31.503014,21.141167,46.59876,18.383303,69.64075,19.104683,57.081017,-4.4810925,28.928549,-7.5497437,36.262695
"Kingston On Murray, South Australia",Australia,-34.223,140.344,-21.504208,88.393936,-6.65176,69.227776,-7.0530663,66.52881,-7.344219,70.209,-39.01966,146.02402,-36.216316,131.44366
"Kingston, Tasmania",Australia,-42.9769,147.308,-37.80914,108.94296,-23.982002,90.20742,-13.05584,75.73219,-21.882866,89.67928,-41.63182,139.08029,-40.26548,145.71913
Kisii County,Kenya,-0.666667,34.75,-0.8951454,44.01423,19.937193,3.6330466,21.177383,-10.513774,16.080582,6.042881,13.370731,35.500683,-1.2104645,36.216908
Kinta District,Malaysia,4.58333,101.083,6.0794363,96.453705,15.886874,65.891785,15.541695,87.31809,7.6744537,73.35789,18.032791,67.72545,0.38536453,95.74489
"Kinney County, Texas",United_States,29.35,-100.42,17.224943,-127.31287,41.884766,-85.53856,43.71944,-70.36163,37.670288,-81.200005,30.159618,-90.440155,32.710854,-98.486336
"Greer County, Texas",United_States,34.7,-99.7,26.167778,-60.294167,33.67652,-77.02513,36.5575,-84.486404,29.102068,-92.13664,33.66395,-101.73265,34.059223,-98.51578
"Clark County, Indiana",United_States,38.48,-85.72,55.919727,-134.03009,35.99231,-59.296623,32.584557,-70.07842,35.889565,-65.15227,37.204556,-80.82495,40.575184,-81.054985
"Clare County, Michigan",United_States,43.99,-84.84,41.23285,-97.74831,39.604908,-47.608604,38.736813,-52.10887,37.781555,-23.0205,43.3285,-90.425476,41.61872,-84.03921
City of Whitehorse,Australia,-37.8333,145.15,-25.017254,96.862915,20.28699,7.7522125,21.406605,22.385607,15.626342,21.167442,23.090668,-30.745083,28.872086,-50.29969
City of Warrnambool,Australia,-38.4667,142.467,-30.240131,124.712234,-3.46727,72.503,0.72628784,60.818638,-4.7536697,70.48727,-36.10405,140.84482,-43.181763,157.0742
Ikaria (regional unit),Greece,37.6667,26.3333,28.827095,40.29971,30.383951,37.76583,20.965117,29.848558,37.724068,14.569402,31.61322,45.41693,38.21274,9.383749
Igunga District,Tanzania,-4.33333,33.75,7.614354,46.584843,16.109684,44.484413,18.383303,69.64075,19.104683,57.081017,-4.7649403,26.546001,-8.794033,43.26213
Háaleiti og Bústaðir,Iceland,64.1292,-21.8797,48.104034,10.8492985,43.610344,2.4924498,43.687046,9.272674,41.270393,15.313764,63.829994,-28.419666,65.15251,-39.32384
Koura District,Lebanon,34.2992,35.814,18.86803,27.801773,7.491558,78.61188,30.541811,53.633236,14.07608,69.707855,12.175692,82.66443,25.36998,42.975357
Kouilou Department,Republic_of_the_Congo,-0.866667,14.8167,-0.3668995,33.303753,-3.434082,-28.589174,7.1349545,-46.6601,3.5221329,-26.369102,15.803405,-31.925308,13.600039,10.618034
Kouffo Department,Benin,6.96194,1.80167,8.982413,-17.024143,-1.8094635,-30.214725,7.1349545,-46.6601,2.7480202,-33.46745,9.6358795,-17.739738,3.8785267,4.507136
Kota district,India,25.18,73.83,9.29316,84.65233,7.960964,83.80922,12.671705,125.58821,7.862501,122.31424,10.109194,108.45474,22.80458,83.478264
Kota Setar District,Malaysia,6.08333,100.333,12.090929,123.83449,17.124813,78.931206,10.513386,114.74918,12.767227,90.7778,1.8436127,98.5831,7.843767,97.07831
Kota Kinabalu District,Malaysia,5.97028,116.071,5.17972,121.808136,1.0241833,102.9898,7.0865765,142.0659,-3.9993458,130.01495,2.1147213,121.012726,6.7494335,99.661194
Kota Belud District,Malaysia,6.35,116.433,1.0938148,139.7389,3.2807407,109.8309,12.671705,125.58821,5.8433895,113.41436,5.8692646,91.37727,7.797365,103.221344
Kota Marudu,Malaysia,6.48972,116.736,-4.3229218,84.532455,-9.619156,124.12685,20.78628,105.67199,4.834772,136.46948,-8.082842,111.790344,4.074188,114.810905
Kohlu District,Pakistan,29.8997,69.2507,24.574894,38.477455,30.098665,57.603935,25.225397,46.280014,22.076618,65.17236,24.55991,63.74699,37.762196,57.686756
Koderma district,India,24.47,85.59,26.512035,62.28059,22.816946,91.129,17.28141,82.620766,24.52433,88.435394,17.672787,95.54593,23.582048,83.32258
Kolda Region,Senegal,13.0833,-14.8167,10.00602,-3.2735925,9.280912,-4.4305234,-0.44713974,44.40544,13.236626,12.432652,11.488369,29.884203,18.366247,16.105928
Kolasib district,India,24.23,92.68,13.295701,84.08197,15.585754,75.93812,18.383303,69.64075,19.190264,81.53275,24.473413,91.17348,24.83887,102.46834
Kolubara District,Serbia,44.2667,19.8833,39.25067,67.32938,33.155186,43.570152,14.41717,101.24095,30.975674,34.700718,40.657497,62.1807,32.113697,43.792267
Kolhapur district,India,16.6979,74.2254,17.169504,52.763783,16.650028,75.587906,11.007799,89.69972,32.427425,52.465393,22.70124,84.43602,22.258213,75.292465
Klaipėda County,Lithuania,55.6983,21.1469,51.51441,5.090597,20.88336,5.7772913,24.019333,4.304283,28.041002,-8.623447,56.66129,23.844017,53.167656,18.505173
Kondoa Mjini,Tanzania,-4.90458,35.7823,0.867857,32.352932,-2.30476,68.854485,38.318718,12.311859,-0.52205276,69.05109,0.3907032,11.253268,-7.086376,34.198536
Koraput district,India,18.8083,82.7083,8.050483,80.618576,17.280025,86.168396,11.128218,69.46969,18.414268,79.90848,6.2460766,96.82927,18.955727,86.35803
Kongwa District,Tanzania,-6.19278,36.4072,-13.29945,56.5089,7.815529,51.54606,28.452747,57.919212,9.600004,53.939827,-4.3192005,49.03247,-4.986553,46.990826
Korogwe District,Tanzania,-5.0214,38.3681,-5.286289,40.53027,7.0165234,69.21544,18.383303,69.64075,12.731518,60.252247,0.48402023,14.524582,-3.9881668,40.25268
North Central Victoria,Australia,-36.75,144.267,-54.64931,157.76224,-15.173443,96.09785,-10.974155,79.52716,-18.110504,96.451416,-28.449556,149.11128,-37.578125,151.34135
Vaslui County,Kingdom_of_Romania,46.59,27.77,35.32738,23.987255,43.14526,-22.570059,48.76121,-8.131537,48.72861,-110.0713,48.02883,38.779167,44.82646,28.766804
Vavuniya District,Sri_Lanka,8.83333,80.5,11.6745,104.020096,14.550988,89.369286,16.08849,112.37242,12.971727,118.17703,15.282612,60.030922,11.87632,77.73515
Vayots Dzor Province,Armenia,39.75,45.5,39.6027,-4.474089,28.083488,24.047201,19.864452,51.89048,28.160671,40.998703,43.967346,39.504593,38.2154,42.83137
Vellore district,India,12.9111,79.1361,7.566862,108.432434,21.454346,58.70522,18.711788,90.24125,20.899231,73.78424,14.754273,70.19948,15.178492,85.4956
Vehari District,Pakistan,29.6,71.7333,34.14669,40.108345,26.470423,54.09859,14.119398,74.19315,23.67177,66.283844,20.39825,49.199272,32.61388,64.4067
Varaždin County,Croatia,46.321,16.231,42.715027,-21.228874,48.32499,-10.695561,45.677197,19.661713,48.687492,0.36304474,48.635536,13.852108,47.671795,8.630736
Varna Province,Bulgaria,43.2167,27.4667,44.278877,-2.319406,30.61958,33.381454,21.487684,32.870518,32.116634,27.181915,39.72708,15.380454,42.355118,20.118828
Vasileostrovsky District,Russia,59.9439,30.2417,40.687138,29.877914,33.847775,56.43199,18.383303,69.64075,19.104683,57.081017,55.542362,65.879486,53.084908,56.49195
"Venango County, Pennsylvania",United_States,41.4,-79.76,57.140373,-93.29013,56.400513,-108.033936,50.73045,-78.83499,55.24419,-84.884605,40.920628,-88.35109,39.62143,-79.61353
Valga County,Estonia,57.8667,26.1667,73.82914,-47.79422,65.29553,-52.589813,53.790337,9.852384,44.746002,-7.3153076,61.022667,21.288671,55.004692,29.735111
Uíge Province,Angola,-7.61667,15.05,12.399675,23.56486,29.368103,8.618774,25.879198,21.211893,34.945694,27.768415,1.3271713,1.7477188,2.778057,1.6825342
Uttarkashi district,India,30.73,78.45,42.93828,33.098457,24.956463,67.68551,12.35951,53.84742,16.784752,82.33856,30.768116,77.675476,26.341805,84.47488
Uusimaa,Finland,60.25,24.5,50.357903,10.190453,55.788155,56.56921,57.69986,-20.47487,71.59616,36.73145,61.17128,43.0379,59.1823,32.06384
Vallée du Bandama District,Ivory_Coast,8.13333,-5.1,8.087272,59.50529,23.784748,13.376671,22.833735,4.225685,26.879683,3.3349953,11.842686,16.831276,5.0208855,-17.520344
Villa El Salvador,Peru,-12.05,-77.0,5.944688,-49.559174,10.499861,-55.024937,10.242247,-48.061714,2.9726772,-40.735588,2.7468948,-74.6293,-11.444347,-97.30584
Vilnius County,Lithuania,54.6803,25.2839,43.637287,36.361588,56.07946,-15.542706,48.251667,7.4116383,52.808155,-18.855625,54.009056,32.230797,51.388565,20.360678
Viluppuram district,India,11.9547,79.5277,19.423445,62.659084,14.8774395,75.546005,27.034645,77.948074,21.114187,83.74125,18.07074,76.32648,15.645313,79.52708
"Vinton County, Ohio",United_States,39.25,-82.49,38.87388,-84.0522,50.06977,-93.59198,55.664337,-79.79978,41.730217,-80.81331,40.43158,-86.66516,39.966217,-86.555275
"Victoria, Buenos Aires",Argentina,-34.45,-58.5667,-9.718567,-51.616234,-36.772057,16.29855,-42.296017,29.816246,-34.51263,33.350483,-40.571777,-50.500988,-31.531746,-48.796227
Umguza District,Zimbabwe,-20.0667,28.5833,-3.1464329,38.875935,9.48378,35.900017,18.383303,69.64075,19.104683,57.081017,-20.517992,18.641117,-23.803032,40.16638
Rivière Noire District,Mauritius,-20.3333,57.4167,-8.216404,19.652302,39.857136,-0.31167436,20.961021,24.44845,23.880661,3.9941978,12.90251,-28.82893,-0.691864,-33.239014
Udham Singh Nagar district,India,28.98,79.4,22.221478,65.25052,28.701155,67.326035,18.126457,102.13709,27.684116,76.12875,29.177832,79.07924,24.335438,80.303276
Udalguri district,India,26.7452,92.0962,29.059397,78.80971,33.200203,76.48394,18.383303,69.64075,25.234892,85.94312,20.059633,81.431335,25.342674,91.85423
Uherské Hradiště District,Czech_Republic,49.0683,17.4606,36.60061,50.22955,31.60501,18.705173,33.17519,30.188606,30.75565,-3.5442123,44.29194,12.601762,50.72955,14.675423
Uiju County,North_Korea,40.1969,124.532,50.8794,97.78294,39.45154,52.045273,39.149796,-9.706065,39.551464,36.442974,36.723198,119.42529,39.408028,121.71374
Uiseong County,South_Korea,36.35,128.683,40.840496,103.82208,35.79665,59.99343,39.149796,-9.706065,35.56409,39.314785,40.230137,124.338486,38.698936,122.746254
Ujjain district,India,23.4167,75.5,48.70676,19.598646,25.664738,80.309006,19.017826,88.813446,32.662777,84.04374,23.603714,76.764366,20.557781,82.916756
Rize Province,Turkey,40.9317,40.8478,50.29937,12.443354,31.845049,-10.276462,19.301147,36.05523,22.154982,10.244812,27.620584,30.865015,33.513527,28.83744
"Custer County, Oklahoma",United_States,35.64,-99.01,38.953423,-92.49246,45.5651,-108.38531,40.18172,-64.120735,44.480232,-96.5899,36.101036,-88.74544,37.692303,-94.42117
Uasin Gishu County,Kenya,0.516667,35.2833,-1.310585,36.430584,25.632486,-7.3622766,55.636833,-21.96189,24.163235,24.039072,2.00675,0.6755657,1.4059296,35.63854
Ubinas District,Peru,-16.3867,-70.8559,8.757655,-14.575498,13.0108795,3.9448361,17.327377,41.64527,12.889029,9.883242,19.848976,37.10765,-0.6554718,-92.81198
"Ulong, New South Wales",Australia,-30.2333,152.9,-24.257336,153.87141,-19.813274,126.76354,-10.6706505,92.93139,-14.818661,105.39695,-26.066114,138.0333,-28.795803,148.28572
Ust-Yansky District,Russia,69.3108,139.981,37.382484,17.900522,23.859097,53.4149,18.383303,69.64075,19.104683,57.081017,53.297424,64.22348,56.522644,79.69007
Uranquinty,Australia,-35.1922,147.246,-18.33749,152.8488,-36.718513,211.3204,17.487467,34.09101,-22.153446,162.54938,20.435768,37.929718,-42.13099,161.51384
Usi County,North_Korea,40.679,125.669,30.093536,68.8822,43.188225,6.585817,42.968937,-7.288212,32.47343,16.22644,18.44778,112.548935,18.33923,30.006592
Uppsala County,Sweden,59.8583,17.65,54.581654,32.57334,42.908703,-4.0563107,44.9681,-7.4939013,33.25932,-5.057255,55.041172,9.980935,65.95071,17.742016
"Upson County, Georgia",United_States,32.88,-84.3,37.660675,-64.84135,35.723003,-51.092297,38.48687,-22.762346,41.65381,-51.82646,32.924904,-89.3698,33.72004,-81.151024
Cooch Behar district,India,26.3242,89.451,38.105515,25.61604,20.192488,43.6616,20.139221,34.496754,23.669432,35.331253,26.592167,76.9798,26.199642,85.87349
"Cook County, Georgia",United_States,31.1667,-83.4333,39.386963,-63.66401,25.560677,-21.977411,32.968964,-42.09323,29.259481,-35.15799,31.084106,-77.476166,33.967632,-74.58079
"Cook County, Minnesota",United_States,47.9167,-90.55,37.881985,-95.00026,37.54423,-59.205933,37.39409,-68.32552,38.13569,-58.123405,43.55648,-80.532166,48.94886,-91.70101
Rzeszów County,Poland,50.0336,22.0047,31.962841,75.66965,42.486404,-11.492326,43.86563,-6.0528984,41.274292,-4.8601227,51.90838,21.618008,51.261005,17.456736
"Rutherford County, North Carolina",United_States,35.4,-81.92,49.898834,-93.323975,27.555908,-45.382954,32.969173,-63.274956,26.075264,-37.719437,36.39299,-73.739914,36.831356,-81.87933
Colón Province,Panama,9.16667,-80.1667,1.4073429,-83.80954,25.519823,-16.791763,25.16894,-34.53029,16.930954,-6.2727547,-11.973242,-63.941776,-5.5442924,-71.21388
"Comas District, Lima",Peru,-11.9333,-77.0667,-2.2534924,-69.32676,14.499866,-16.095201,20.072067,3.927881,7.2917595,-29.231335,-8.107531,-49.386097,-9.824165,-82.5657
Commewijne District,Suriname,5.86667,-55.0667,1.2541618,16.947681,9.892929,23.808989,18.383303,69.64075,12.773989,34.651646,14.47534,23.42339,12.467125,-34.195705
"Concepción Province, Chile",Chile,-36.9667,-72.9333,-36.06079,-13.318293,0.5085201,-22.72222,-0.012889862,-15.922522,-1.3097382,-29.737492,-24.354666,-76.263824,-23.09982,-51.47075
"Concordia Parish, Louisiana",United_States,31.44,-91.64,27.490532,-66.47926,44.165874,-85.64754,48.648376,-105.99926,33.582657,-84.74647,32.019695,-94.05693,31.689243,-91.55719
"Coomera, Queensland",Australia,-27.8722,153.315,-15.801067,141.98062,-37.691193,190.93538,-31.298595,148.3222,-41.94587,178.47778,-27.78227,156.19414,-25.006165,146.7108
"Collinsville, Queensland",Australia,-20.5526,147.845,-25.328316,131.84317,-25.168766,126.24663,-13.217472,117.84232,-24.950298,108.0435,-26.397856,161.78752,-26.46748,158.87325
Sagaing Region,Myanmar,21.5,95.6167,34.667366,109.16168,27.138542,87.50248,28.908548,19.12884,28.578352,61.517273,13.04004,104.69403,19.492054,94.906334
"Saguache County, Colorado",United_States,38.08,-106.3,20.319496,-114.8208,41.251606,-113.43373,33.696037,-70.44003,43.39068,-94.03335,37.221375,-105.49173,39.11614,-102.66658
Saharsa district,India,25.8833,86.6,37.6073,68.246796,37.472195,64.74132,31.867283,70.710686,28.900223,83.66762,24.703655,90.13432,21.603844,83.549835
Sahebganj district,India,25.25,87.65,12.460037,99.55228,27.502287,70.47582,18.383303,69.64075,23.952742,74.58661,34.30075,76.31743,23.730148,87.95175
Sahel Region,Burkina_Faso,14.25,-0.75,8.248237,25.320217,3.729311,24.031263,5.957922,-4.4113293,3.01927,44.430298,15.484906,7.966693,16.335241,13.963916
Sagar district,India,23.8,78.6667,34.92701,60.03845,15.072726,75.38127,18.573694,69.40068,17.019196,100.74235,27.249561,84.4059,14.716074,75.30241
Derna District,Libya,32.5,22.6667,30.995577,58.235706,13.651911,78.44754,22.958385,57.959023,31.483593,17.491436,32.67683,23.983818,35.01968,30.793911
"Duval County, Texas",United_States,27.68,-98.52,15.735125,-80.82898,26.915686,-81.340515,36.833122,-67.75484,26.83094,-77.69268,31.493027,-91.37013,30.865112,-94.2127
Vrancea County,Romania,45.79,26.97,35.988724,28.500874,48.655117,-4.595627,50.010574,-65.94626,43.630802,17.06607,48.26832,29.487179,45.592514,26.299517
"Dawson County, Nebraska",United_States,40.87,-99.81,45.13524,-122.645096,37.630417,-72.16241,26.24078,-43.638256,33.57026,-87.06548,41.02729,-89.034515,39.5213,-103.7789
"DeWitt County, Texas",United_States,29.08,-97.36,6.1049795,-52.493587,37.186523,-95.26121,40.56804,-85.79143,27.713331,-74.27427,31.89768,-95.68552,31.18407,-91.24896
"Dearborn County, Indiana",United_States,39.15,-84.98,37.394024,-101.52884,44.01757,-77.71944,40.22375,-76.10396,37.776978,-67.81501,36.735195,-88.858826,39.06149,-89.24954
Vojvodina,Serbia,45.416,20.198,61.82908,22.945782,65.41977,0.08906001,50.468704,32.354477,61.324715,-15.524384,45.09575,18.882114,41.771217,44.408512
Colombo District,Sri_Lanka,6.86667,80.0167,-26.4408,159.51291,2.248516,79.23827,3.989521,100.43154,3.2907028,84.74902,1.4321575,71.9875,5.933111,81.257835
Nyaruguru District,Rwanda,-2.7,29.5167,9.319838,40.818176,13.97706,59.454426,18.383303,69.64075,19.104683,57.081017,-11.326925,48.13126,-1.7042961,27.693026
Colón Department (Honduras),Honduras,15.9167,-86.0,1.2139206,-71.51076,18.047272,-55.239132,14.370138,-65.00602,10.747965,-47.491386,5.17688,-71.93027,16.646399,-33.892982
Southeastern Anatolia Region,Turkey,37.0,40.0,37.377636,14.105272,19.786987,38.868324,22.97845,21.163586,26.34857,28.355942,33.979393,43.92166,36.658634,26.72099
"Levy County, Florida",United_States,29.28,-82.79,16.19594,-93.26637,26.189817,-74.86705,21.983263,-46.474804,24.287159,-68.51035,30.00906,-77.13928,31.208466,-82.55917
Liesing,Austria,48.1378,16.2844,34.13536,42.547302,49.42926,19.184721,33.010326,36.28229,48.304623,16.581303,39.02159,-2.2448654,48.40061,18.506378
"Lincoln County, North Carolina",United_States,35.48,-81.22,39.562798,-104.182724,27.770569,-47.066536,30.851854,-55.419632,24.568144,-44.248657,34.909016,-78.32614,37.6303,-82.44072
"Lincoln County, Oklahoma",United_States,35.7,-96.88,56.656994,-97.167984,42.894447,-92.49297,35.901493,-73.77179,39.988483,-81.10897,36.967445,-93.8329,36.932953,-94.95911
Huamanga Province,Peru,-13.17,-74.22,1.05303,-31.471554,-0.16762352,-26.363422,6.057825,29.363474,1.1244087,2.2570896,-17.903662,-25.71223,-2.1693954,-55.938892
Hulu Langat District,Malaysia,3.08333,101.833,2.2440586,103.065674,17.66037,60.954906,13.770927,100.55515,12.117294,30.627813,1.064909,122.14786,4.9952297,83.81325
"Huron County, Ontario",Canada,43.6667,-81.4,47.36956,-16.96349,45.39964,-78.538704,42.098225,-53.913532,42.32009,-81.425735,44.845997,-69.6608,44.963562,-81.590065
"Hyams Beach, New South Wales",Australia,-35.1003,150.692,-21.66537,123.074646,-4.551876,62.18384,0.6609993,69.78746,-5.6340714,75.27499,-35.68627,156.75954,-32.049133,151.50566
Hwacheon County,South_Korea,38.1075,127.714,36.860146,35.517555,37.477116,40.42031,39.777206,26.912952,42.197456,31.185175,35.674408,128.76482,39.37495,124.655235
Hwasun County,South_Korea,34.9775,126.932,14.189203,127.24042,29.214796,59.612736,39.149796,-9.706065,31.815178,54.76992,32.111877,123.31557,38.044132,125.81925
"Hyderabad district, India",India,17.366,78.476,-10.503075,91.6349,12.181475,78.64708,10.64884,112.77596,13.912005,97.48411,24.34898,70.05612,23.454721,58.561256
Huangdao District,China,35.8727,120.046,27.64404,87.489105,20.305138,98.44408,19.236723,49.55908,20.46188,82.360794,32.09691,108.10028,25.66056,128.77216
Denigomodu District,Nauru,-0.523611,166.914,-7.518425,94.4765,4.9552135,75.047554,18.383303,69.64075,19.104683,57.081017,13.549588,38.80199,-6.439186,61.29169
Dera Ghazi Khan District,Pakistan,29.8333,70.5,30.285782,46.475746,30.973969,67.88471,16.240524,81.531296,35.821007,70.06734,30.575525,65.036285,31.322693,62.172436
Dera Bugti District,Pakistan,28.8333,69.0,22.188313,63.06673,26.03164,83.23235,8.873289,87.913956,19.487827,69.531715,26.3526,64.96497,30.505468,67.727936
"Day Dawn, Western Australia",Australia,-27.4667,117.867,-12.614235,59.07471,-4.638504,86.985825,1.0773315,74.86934,-1.5841637,72.31896,-28.525553,120.523926,-27.676468,110.2408
Daykundi Province,Afghanistan,33.75,66.25,12.339613,106.90729,18.235231,48.202396,19.877375,33.714954,13.501628,54.406013,12.92894,51.284546,28.370975,56.607414
Dayuan District,Taiwan,25.05,121.183,30.214619,106.426056,33.814842,84.06381,42.73111,35.008247,23.798435,89.64348,24.712471,99.82024,22.481787,123.47562
Holosiivskyi District,Ukraine,50.4028,30.5153,42.16931,45.983772,34.339584,43.08641,18.383303,69.64075,19.104683,57.081017,59.80847,42.34929,43.61016,31.51358
Hongcheon County,South_Korea,37.6925,127.88,39.19573,-12.691732,36.637733,45.42154,32.74286,5.925022,39.668293,30.113007,35.681423,118.959335,38.77405,125.74316
Hoshangabad district,India,22.6667,77.5,15.782619,51.76755,22.180302,69.18296,31.651657,81.433205,24.079388,67.511345,28.326777,86.370285,20.740517,80.546234
"Holbrook, New South Wales",Australia,-35.7182,147.318,-29.342754,105.26672,-10.502373,85.59627,-2.3874626,70.60806,-9.638092,95.48114,-32.316734,153.87599,-39.41877,161.69633
"Alger County, Michigan",United_States,47.16,-86.48,46.533806,-104.83617,44.29444,-79.584175,40.778233,-64.62654,46.648613,-78.992134,42.6233,-87.91145,44.023235,-92.27212
"Alleghany County, North Carolina",United_States,36.49,-81.13,46.74595,-78.92929,34.684303,-67.96669,30.36812,-38.62844,27.142296,-54.853752,36.7102,-76.654175,36.37732,-83.73045
"Archer County, Texas",United_States,33.61,-98.69,25.769361,-56.7155,35.547474,-50.304756,33.878555,-41.697273,33.077312,-50.213425,32.331364,-97.53613,33.251606,-96.00843
"Arenac County, Michigan",United_States,44.05,-83.75,35.12233,-116.480255,44.751842,-72.43714,48.582405,-61.207085,47.82186,-58.22438,42.742302,-84.18614,41.354702,-82.64147
"Hoboken, Antwerp",Belgium,51.1667,4.36667,20.74647,68.72157,44.373768,-19.354813,56.60546,-28.744675,53.34482,-44.357353,48.731316,-16.93967,42.30879,-10.505847
"Devon Meadows, Victoria",Australia,-38.162,145.303,-19.980396,97.47159,15.441354,37.051582,20.039852,20.198517,17.299877,23.050026,-37.93164,118.28427,-41.438972,150.57486
Petén Department,Guatemala,16.9,-89.9,19.580698,-121.45538,21.982792,-49.96329,18.128883,-35.36786,23.800447,-39.976395,15.220721,-88.906204,13.38484,-91.10868
"Pentland, Queensland",Australia,-20.5227,145.399,-17.919285,107.96057,-15.685379,110.606804,-15.229626,110.39948,-15.736729,102.78908,-22.517935,145.50847,-21.835594,136.41762
"Perth County, Ontario",Canada,43.5,-81.0833,18.348381,9.464779,23.554977,-4.026663,22.28741,7.827753,21.062832,19.918188,43.54003,-79.313644,44.21246,-87.48293
"Perry County, Indiana",United_States,38.08,-86.64,20.7642,-72.008026,32.749344,-59.484627,33.82072,-61.903664,30.515453,-55.834305,38.593575,-84.43437,38.650917,-85.799
"Penola, South Australia",Australia,-37.3786,140.836,-33.590546,134.35477,-44.287987,140.48003,-39.899326,160.4728,-43.206207,149.18942,-36.347023,131.65881,-38.146507,145.16571
Petaling District,Malaysia,3.08333,101.583,2.6931858,107.04593,10.388777,91.96313,9.618441,125.74017,8.276773,89.09503,-7.9056683,123.49257,3.1451778,99.10301
Petorca Province,Chile,-32.3667,-71.1,-12.120274,-14.310099,-11.535034,-5.7163696,4.017317,49.91659,5.255184,15.9623375,24.729969,-17.38404,-20.37204,-77.85174
"Penguin, Tasmania",Australia,-41.1167,146.071,-43.3635,51.858795,-31.626019,106.11142,-11.461098,105.99035,-32.46992,133.53616,-26.363363,126.90083,-40.165718,140.44002
Rewari district,India,27.95,76.28,24.575142,120.53258,22.25335,93.22292,22.474394,105.80584,34.071793,73.8282,23.911678,76.71138,24.576477,78.19792
Rethymno (regional unit),Greece,35.25,24.5833,11.428164,136.81029,34.090744,38.069942,29.674389,19.392178,43.397835,11.794895,37.32774,8.547015,35.084473,18.07553
Ringerike (traditional district),Norway,60.2917,10.0488,63.057983,24.69785,44.211605,13.524593,21.037224,24.27009,46.04197,28.377287,46.364536,24.845682,46.014076,13.8076935
Riddells Creek,Australia,-37.4667,144.683,-36.14028,137.228,3.1926022,47.116848,19.557987,-56.09029,3.6845684,-14.675716,-17.327295,102.44266,-46.727623,160.9559
"Richmond, Queensland",Australia,-20.7305,143.143,-14.853241,86.26926,-20.749317,108.5847,-16.610916,111.06983,-16.949486,100.07261,-26.916166,153.51613,-23.032482,150.28871
"Richmond, New South Wales",Australia,-33.6,150.75,-38.911182,137.64967,-13.291527,88.65737,-10.139301,87.98852,-9.151913,84.05106,-33.94748,146.8213,-36.032867,158.99547
Rennell and Bellona Province,Solomon_Islands,-11.6667,160.167,-12.088306,122.65373,17.745476,36.606514,31.652512,27.78462,22.79036,53.903183,-4.9211826,26.243132,-6.796295,86.6951
Region Zealand,Denmark,55.1667,11.8333,10.406231,101.714554,-14.72739,90.070755,-17.044903,97.690735,-11.490192,77.758194,-10.081415,100.76398,46.343304,48.61016
Jowzjan Province,Afghanistan,36.75,66.0,35.16164,50.05272,26.238184,38.584095,18.14159,48.888035,20.157082,30.96128,37.196648,54.666348,33.92756,57.48286
"Paynesville, Victoria",Australia,-37.9167,147.717,-30.566383,133.9609,-37.456055,107.80974,-14.29261,110.5427,-29.881145,93.549736,-18.990892,82.67525,-39.485474,151.83449
"Peachester, Queensland",Australia,-26.843,152.885,-21.698502,144.43721,-33.269444,160.10085,-60.692867,227.53912,-29.891693,155.89627,-26.192446,149.3076,-23.10851,150.6313
Pemagatshel District,Bhutan,27.0,91.25,20.450161,99.95189,22.878933,88.84549,18.383303,69.64075,19.104683,57.081017,34.47976,76.77696,27.323269,99.12084
Penampang,Malaysia,5.91667,116.117,16.5118,122.26161,2.0014706,150.47815,43.99097,59.573685,3.5276203,98.30675,-8.989977,131.95924,1.7899036,138.05257
"Julatten, Queensland",Australia,-16.6069,145.343,-20.026344,112.85434,-32.39577,167.54208,-60.692867,227.53912,-54.23362,216.48117,-22.224531,144.26137,-22.903126,148.64114
"Paulding County, Georgia",United_States,33.92,-84.87,55.949806,-126.15553,37.08737,-67.505646,42.587635,-56.544098,41.561325,-72.514305,35.944695,-85.93007,33.140507,-86.14108
Gapyeong County,South_Korea,37.8316,127.51,30.677345,39.437263,34.80049,23.775541,29.56622,9.458925,38.57881,28.576052,35.52433,116.18147,38.12647,117.970566
"Gaston County, North Carolina",United_States,35.3,-81.18,30.597782,-85.86398,25.433468,-48.715218,27.213715,-49.694286,27.547373,-63.0112,37.65473,-80.803375,37.54509,-86.46941
"Gates County, North Carolina",United_States,36.44,-76.7,30.123257,-68.28993,28.300173,-29.75321,30.542398,-34.80763,19.81018,-16.510029,35.270077,-81.83205,36.61814,-80.21951
Geumcheon District,South_Korea,37.4519,126.902,13.320693,131.7585,25.479603,111.964066,18.383303,69.64075,19.104683,57.081017,32.13095,110.148865,36.6302,128.49382
Geumjeong District,South_Korea,35.2417,129.092,18.598763,151.99968,19.356125,116.422615,22.496723,50.187458,21.922112,83.244156,34.689194,118.22316,35.295006,132.00536
Geumsan County,South_Korea,36.1031,127.489,44.067005,90.162415,42.39672,47.30143,39.149796,-9.706065,33.73528,44.789196,36.90541,108.02869,39.742542,121.70098
Ghor Province,Afghanistan,34.0,65.0,41.956715,73.98369,22.858469,42.404278,12.434408,59.705578,10.663104,49.168777,29.726213,60.781223,30.43121,55.095673
Ghorband District,Afghanistan,35.0,68.85,15.9150305,100.5957,27.506826,65.32177,22.167053,59.773388,24.677256,44.508694,28.26316,69.97706,34.556305,67.660706
"Franklin County, Kentucky",United_States,38.24,-84.88,44.065666,-126.171875,34.914604,-66.21125,39.923298,-84.91952,33.956467,-66.49128,39.75051,-85.4146,37.364376,-85.71481
"Fresno County, California",United_States,36.75,-119.65,39.154922,-116.98248,34.229767,-103.476234,37.132206,-97.087135,38.211853,-98.80053,37.13137,-126.67177,39.652107,-120.34646
"Gangwon Province, South Korea",South_Korea,37.5,128.25,28.870226,126.19627,3.893467,117.78344,-2.443657,108.852936,1.922657,123.03112,31.397478,99.93672,23.817745,64.94741
Gansu,China,38.0,102.0,35.231693,116.41312,40.913475,119.52786,34.763805,81.26597,60.382668,21.98621,33.42653,89.92813,34.24535,114.97218
"Gaines County, Texas",United_States,32.74,-102.64,37.991592,-94.75798,36.51136,-87.622086,43.356728,-98.880646,28.655472,-88.59413,31.04757,-93.00389,32.45572,-93.7652
Gambela Region,Ethiopia,7.61844,34.6893,3.6076775,-15.628147,11.109268,20.731009,10.054092,22.527119,0.82526207,54.89412,-5.568842,31.345928,9.215752,44.571636
Gampaha District,Sri_Lanka,7.13333,80.0,-14.131344,155.78514,0.5868168,120.43915,10.945482,80.959625,7.0097713,103.30245,10.199406,86.84018,5.2185783,79.249275
"Bradford County, Florida",United_States,29.95,-82.17,11.326272,-94.50758,39.18538,-66.15067,33.696457,-52.54595,42.10287,-54.367355,29.844511,-86.34213,30.364992,-86.58677
Grand'Anse (department),Haiti,18.6667,-74.1167,20.346918,-8.906887,7.4225483,-50.68666,7.1349545,-46.6601,35.318916,-39.91552,21.102827,-48.44486,19.002756,-3.7505026
Grand Port District,Mauritius,-20.4,57.64,-10.482811,66.4814,20.94149,39.854168,10.544123,68.05042,11.528182,35.793327,34.465176,-50.91331,-2.5124779,36.181667
Mirninsky District,Russia,62.5333,113.95,27.239147,42.970387,26.542927,55.02713,18.383303,69.64075,19.104683,57.081017,52.58481,65.520905,58.229385,72.7542
Misiones Province,Argentina,-26.92,-54.52,-18.282421,-47.949257,2.6094227,-49.6673,8.601179,-13.381952,-5.2488766,-41.71855,-10.877813,-64.211334,-19.189137,-61.66448
Gombak District,Malaysia,3.27425,101.571,10.962139,90.67676,20.273788,78.82962,25.02251,39.40057,10.120332,93.1419,20.668236,113.33795,-2.9539185,105.56699
Gonda district,India,27.25,82.0,22.17243,25.81974,25.972551,58.779083,26.649118,41.45297,36.896873,34.423244,28.06315,65.69212,25.604998,78.22235
Gondia district,India,21.4614,80.1914,14.16456,101.90938,17.804827,66.21114,6.769285,97.62273,23.204798,74.251274,21.910305,78.52678,21.538002,71.73263
"Giles County, Tennessee",United_States,35.2,-87.04,35.10617,-65.55554,41.404278,-44.362858,32.60265,-42.206234,33.156174,-39.425217,33.274437,-87.35394,34.29827,-88.052826
"Goseong County, South Gyeongsang",South_Korea,34.9754,128.32,25.590647,72.407,11.6615715,95.21254,3.653532,65.80581,10.745932,100.691635,40.033894,86.3867,33.083973,118.04951
Gorgol Region,Mauritania,16.05,-12.8167,9.331159,26.186714,-0.85860634,43.808773,6.9325066,37.641087,8.324814,21.86342,27.412933,50.502354,25.91626,32.332344
Gornji Grad–Medveščak,Croatia,45.8282,15.9794,43.742367,13.056934,49.113777,2.1260138,41.666924,-0.30697167,52.64996,-7.5734673,49.366234,20.763437,39.497128,12.559729
"Goombungee, Queensland",Australia,-27.3047,151.852,-19.228962,103.265305,-33.32126,164.62003,-60.692867,227.53912,-40.81656,149.39737,-24.915674,149.50807,-23.049099,147.69232
"Gordonvale, Queensland",Australia,-17.0936,145.787,-22.244698,137.30742,-41.87301,167.33871,-22.691391,125.65841,-34.325104,158.5321,-24.75979,149.35092,-28.009426,156.13113
"Minlaton, South Australia",Australia,-34.7714,137.596,-25.917728,94.14931,-43.26178,158.02747,-52.5911,178.47906,-39.1381,153.88953,-32.451668,137.12457,-33.668404,133.82133
Misungwi District,Tanzania,-2.85,33.0833,4.1513233,24.180855,12.309263,60.009197,18.383303,69.64075,19.104683,57.081017,-11.957174,20.917809,-4.139721,36.971718
"Mitchell, Queensland",Australia,-26.4861,147.975,-35.454487,129.81883,-23.161709,115.24209,-23.338173,123.02484,-22.788998,114.08705,-26.60378,154.73343,-27.429321,153.48947
"Greater Springfield, Queensland",Australia,-27.6855,152.904,-22.110638,161.6139,-5.59737,61.703064,3.5052814,60.57258,3.3364353,81.38202,-23.161077,144.49669,-25.807766,148.61984
Greater Hume Shire,Australia,-35.7042,147.154,-27.349354,125.98869,-8.583427,69.8943,-6.1939316,75.97859,-2.5961952,83.03639,-38.339996,143.4338,-37.736626,137.24971
"Gracemere, Queensland",Australia,-23.4391,150.456,-33.21141,135.63629,-38.437057,177.98506,-60.692867,227.53912,-36.483448,178.25366,-24.142717,154.13837,-24.809547,143.01341
Greater Lowell,United_States,42.6667,-71.3333,32.151794,-12.494616,33.209805,-53.02553,36.37868,-36.745552,36.418633,-20.304054,35.43048,-48.833652,33.249138,-16.180225
"Grantville, Victoria",Australia,-38.4,145.533,-27.63686,106.53551,-38.822685,102.59789,-20.882763,82.88444,-16.227455,67.87694,-12.297926,96.78084,-39.650467,154.22934
"Gravesend, New South Wales",Australia,-29.5833,150.317,-18.42995,92.54675,-5.170864,97.70688,-6.0771866,85.551895,-1.8618126,82.40218,-36.243362,154.16734,-36.490425,160.83153
"Glenmaggie, Victoria",Australia,-37.9,146.75,-12.275131,108.93138,-40.251587,145.11296,-56.414913,171.40451,-28.170254,121.97748,-33.940056,147.70937,-41.451492,151.88188
"Giru, Queensland",Australia,-19.5125,147.107,-19.844337,143.13841,-43.572853,233.90376,-60.692867,227.53912,-28.368622,198.72101,-24.952227,155.41823,-21.074009,136.63129
"Glenbrook, New South Wales",Australia,-33.7667,150.619,-28.238148,150.82683,-10.194958,93.17663,-9.998596,92.277855,-13.337822,104.189575,-35.32244,156.10085,-39.70063,169.59917
Giles Weather Station,Australia,-25.0333,128.3,-14.971111,83.908005,41.847534,17.632996,35.94337,15.046307,30.814205,2.95652,25.122948,-41.63221,18.774677,-43.416145
"Gapuwiyak, Northern Territory",Australia,-12.5032,135.806,-8.045744,122.109146,-4.958687,85.085594,0.95768356,58.78577,-4.56382,70.70402,-23.506418,136.56903,-29.585659,156.87897
Saint-Louis Region,Senegal,16.2167,-14.8,8.314848,0.8096981,4.460657,48.68104,11.767721,3.0340831,15.955729,-9.342102,21.990267,-11.726925,27.43354,-30.876831
"Saint George Parish, Saint Vincent and the Grenadines",Saint_Vincent_and_the_Grenadines,13.1597,-61.2253,1.8880825,-7.30494,33.29233,-11.6494665,33.175083,-27.975485,35.032185,-16.019665,9.248936,-61.895565,10.714674,-39.054344
"Saint James Parish, Jamaica",Jamaica,18.3833,-77.8833,17.837448,-26.526545,34.407967,-30.707804,33.451622,-42.585682,35.758232,-53.410423,13.168918,-54.388172,17.181326,-70.82002
"Rushworth, Victoria",Australia,-36.5833,145.017,-30.567638,140.07451,-24.481308,140.54675,-2.44355,53.132683,-27.60447,140.9909,-40.320305,153.41826,-39.777832,152.09337
"Cracow, Queensland",Australia,-25.2967,150.305,-23.469177,111.08371,-12.197437,141.78447,-2.170967,130.45065,-4.9900017,130.34006,-14.953627,139.49199,-25.122875,160.04248
"Creswick, Victoria",Australia,-37.425,143.892,-39.77188,164.42674,-38.6304,150.47916,-27.17205,126.44137,-35.863636,144.14694,-39.149193,149.02974,-39.60668,150.4203
"Crows Nest, Queensland",Australia,-27.2658,152.058,-17.266735,161.63106,-15.260662,112.87132,-6.8216476,80.523186,-10.967876,59.00096,-26.18371,154.05426,-20.562595,146.41618
"Croydon, Queensland",Australia,-18.2,142.233,6.052758,129.10777,-21.923187,149.3768,-12.68494,136.1469,-24.353584,138.17805,-24.48522,152.35454,-26.116306,151.56924
"Melton, Victoria",Australia,-37.6833,144.583,-24.400032,136.44336,-21.520313,127.682816,-9.883739,86.48667,-25.718388,130.58493,-37.51847,143.3704,-36.12406,148.09125
"Medowie, New South Wales",Australia,-32.7417,151.863,-18.604946,93.51056,-21.77414,118.16534,-22.67606,119.11796,-19.297966,123.47208,-31.758741,145.31767,-32.24913,142.67928
City of Mount Gambier,Australia,-37.8292,140.78,-15.426315,104.319016,1.8988209,59.30694,4.623884,68.01757,-0.3756218,49.480003,-41.074654,183.29533,-41.36055,153.56601
City of Newcastle,Australia,-32.9283,151.782,-27.745533,147.63773,16.76966,50.463493,14.02495,58.55728,13.465988,43.205322,-14.038046,125.887146,-7.821064,113.78373
City of Onkaparinga,Australia,-34.9167,138.633,-28.556335,112.700745,-1.113493,78.69743,6.161976,63.97764,-11.748722,78.97353,-38.485504,97.23175,-45.89386,152.4698
City of Glen Eira,Australia,-37.7333,145.05,-7.903492,160.41805,10.193195,36.969242,14.741692,20.304348,14.60923,19.748505,-22.449545,120.84857,-28.79089,135.68216
City of Glenorchy,Australia,-42.839,147.22,-45.557835,131.0969,3.0514507,64.75016,10.957308,54.64735,-5.4809093,58.866,-50.361237,145.14119,-42.60824,156.57126
City of Hawkesbury,Australia,-33.4167,150.783,-51.20155,125.44008,6.5319023,53.720695,11.132629,59.64583,0.37592888,45.516663,-9.40608,88.48389,-31.103027,140.35689
City of Hobart,Australia,-42.8978,147.288,-28.769596,129.93219,2.6888866,58.28216,-1.1219254,80.453476,-2.7743587,61.088562,-37.841988,160.21193,-38.2302,135.12996
City of Launceston,Australia,-41.3605,147.304,-28.707993,139.51701,6.269518,61.882862,9.040531,54.870453,0.25278664,76.42602,-43.681793,176.52724,-31.419159,135.14783
"Cobargo, New South Wales",Australia,-36.3667,149.9,-28.085148,168.01234,-23.03067,131.09146,-22.67606,119.11796,-18.172508,115.70423,-31.389635,146.48515,-33.771355,150.3755
Cobram,Australia,-35.9667,145.65,-32.088257,150.43271,-29.346504,135.46959,-7.468601,67.617805,-39.13566,154.5224,29.861406,56.558895,-23.093304,108.98047
City of Sydney,Australia,-33.8667,151.2,-28.32302,196.34201,-1.4409618,83.584656,-4.031616,98.67345,-7.196472,85.78485,-39.576805,186.70544,-31.80429,154.56004
City of Willoughby,Australia,-33.8,151.183,-24.684753,182.19214,17.32444,35.88723,18.533958,27.438583,14.849712,46.019356,8.369608,41.376366,6.8583317,46.04133
"Clare, South Australia",Australia,-33.8333,138.6,-23.431953,141.74469,-24.491753,117.73162,-24.743301,122.66556,-24.197128,128.71051,-33.472755,128.95601,-37.399582,143.17729
Clayton Bay,Australia,-35.4955,138.911,-31.48114,90.167435,14.935293,9.980534,30.625101,-48.67312,13.238483,-19.524826,18.915829,-30.645489,-16.095654,66.830536
City of Adelaide,Australia,-34.9333,138.6,-38.24777,177.90547,-1.2004967,72.08428,-3.4486122,93.28133,-6.3483257,79.43673,-42.92572,155.21996,-40.344803,156.2825
City of Auburn,Australia,-33.85,151.033,-44.71905,168.86073,16.228344,24.286919,21.065525,12.96513,20.898903,15.495505,4.6676254,18.770197,11.091396,8.226994
City of Brisbane,Australia,-27.47,153.12,-36.84168,177.07591,-2.800579,87.926926,-8.25209,101.07878,-5.2421303,86.57292,-32.69837,163.15852,-25.731274,137.66579
City of Caloundra,Australia,-26.8043,153.124,-8.279158,130.23016,0.07547951,83.935524,11.030148,58.13623,-0.16561127,74.403046,-37.76744,179.15997,-38.041153,163.69023
City of Cessnock,Australia,-32.8333,151.35,-20.171291,143.3215,2.2240982,83.21512,10.210354,49.40426,-0.5227089,63.799374,-46.067513,187.90471,-36.770035,170.43738
"Eldorado, Victoria",Australia,-36.3,146.517,-20.661587,58.425335,-20.187542,65.58659,-18.11153,43.354115,-13.8209,-7.763626,-40.337425,117.90764,-41.053146,121.05132
"Coldstream, Victoria",Australia,-37.734,145.383,-14.479076,104.013306,-13.064331,87.17744,-13.1324005,59.90953,-6.403946,80.97867,-31.316435,129.03659,-39.343536,147.37411
"Clarence, New South Wales",Australia,-33.4736,150.226,-31.472256,164.87595,-13.156425,82.9816,-12.314777,87.24024,-17.542961,90.990036,-30.527384,146.281,-35.277252,158.95233
Lower Galilee Regional Council,Israel,32.7,35.4,35.90269,15.979603,14.1247635,38.79321,20.549366,41.633488,18.674473,27.805933,5.134836,67.46306,32.97466,21.571741
Ottakring,Austria,48.2125,16.3106,55.12561,13.239071,52.735302,34.51144,49.369064,28.054045,57.316803,19.763622,62.394875,27.294048,44.65027,0.6357689
Ciamis,Indonesia,-7.32806,108.334,9.798594,85.576294,-10.137032,145.25345,19.313936,72.25918,3.4577732,116.254524,14.300792,36.51333,10.269079,71.5773
"Cianjur, Cianjur Regency",Indonesia,-6.82,107.141,-9.7879505,150.27917,-2.406456,133.08125,15.118704,86.91221,-0.0076465607,87.34317,-10.617521,114.17235,14.186785,55.516747
"Chemung County, New York",United_States,42.14,-76.76,42.162453,-43.043407,35.53382,-35.77292,26.426626,-24.401093,32.694885,-42.52453,42.262325,-73.47174,40.314682,-78.188705
"Cherokee County, Oklahoma",United_States,35.91,-95.0,38.74946,-127.95616,41.00034,-111.48072,36.197475,-73.473145,40.052998,-96.765686,38.217102,-94.20973,37.362743,-94.12987
"Cherokee County, Texas",United_States,31.84,-95.17,26.42276,-116.37764,34.911453,-99.073326,35.695316,-85.50714,32.578663,-101.04751,35.433487,-96.10239,31.688969,-92.979935
"Cheyenne County, Nebraska",United_States,41.22,-102.99,35.426697,-108.26579,43.485107,-103.13591,32.282112,-62.02207,42.654358,-92.36808,41.12179,-91.38956,42.32647,-103.71748
"Childress County, Texas",United_States,34.54,-100.2,46.15945,-120.68416,34.60211,-93.1557,48.98057,-86.77155,34.780823,-91.233574,30.179497,-93.0461,33.82999,-98.225
"Oldham County, Texas",United_States,35.4,-102.6,32.68516,-151.98616,41.706863,-67.12405,44.677773,-65.43095,43.130844,-76.94323,32.21974,-102.77194,32.74629,-93.349106
"Osage County, Oklahoma",United_States,36.63,-96.4,29.342016,-102.91304,41.16029,-104.351494,38.135593,-79.68442,48.879124,-92.22049,40.147125,-96.01796,40.874584,-100.65627
"Nemaha County, Nebraska",United_States,40.39,-95.85,38.886116,-114.237946,44.865505,-118.26264,35.42715,-55.939785,38.2474,-92.98467,39.701637,-91.185455,41.166878,-103.554924
"Newaygo County, Michigan",United_States,43.55,-85.8,53.64196,-168.17677,49.572998,-96.11065,41.768333,-43.745396,46.85729,-64.76036,45.047844,-75.821075,42.167007,-84.60644
"Ochiltree County, Texas",United_States,36.28,-100.81,45.737766,-132.14557,37.134052,-81.58843,34.994114,-57.634907,37.448925,-70.211,32.111618,-98.95096,33.721542,-96.35982
Embu County,Kenya,-0.533333,37.45,0.29247665,65.57649,9.661152,20.962648,28.110954,7.0646534,12.085597,15.03996,-3.0357494,77.824326,-1.2216454,35.235703
Elis,Greece,37.6667,21.5,50.124954,-5.8404946,33.14034,-38.409824,38.700203,31.69615,10.252994,-7.9415016,27.11593,6.4610777,40.3224,-10.03284
"Elk County, Pennsylvania",United_States,41.42,-78.65,26.350044,-72.82683,50.482674,-100.09063,51.400486,-94.067314,53.541866,-106.66964,40.36639,-80.32385,41.51829,-83.334854
Ellembelle District,Ghana,4.96389,-2.32222,17.959955,24.902233,19.68492,50.533504,18.383303,69.64075,19.104683,57.081017,-4.3392773,9.14963,7.812599,-2.6764708
"Ellis County, Texas",United_States,32.35,-96.79,22.077072,-62.283325,34.308243,-66.61842,26.393656,-53.637493,26.157202,-64.171875,32.830746,-104.59178,29.944735,-97.87896
Elqui Province,Chile,-29.6667,-70.55,-23.724232,-7.9461174,-10.125484,-1.9835339,1.6362553,19.874977,-4.8466873,2.8403072,-0.24959183,-56.01147,-17.102177,-78.1901
"Clayton County, Georgia",United_States,33.54,-84.36,35.736523,-37.64885,28.922604,-27.835129,40.56493,-61.039185,29.088064,-55.316887,33.309994,-87.14194,34.8291,-86.648964
"Cleveland County, North Carolina",United_States,35.34,-81.56,35.250942,-69.73512,27.067108,-53.14117,33.342506,-66.03792,23.298447,-47.290184,37.11796,-67.7849,37.901802,-88.70791
"Clinch County, Georgia",United_States,30.92,-82.7,23.252502,-113.55223,35.16351,-49.19875,36.582428,-38.227142,47.82069,-75.24232,33.199326,-84.5573,34.0236,-81.393394
Coast Province,Kenya,-3.0,39.5,-11.275558,59.410816,12.184641,16.058283,6.350708,19.02277,6.779827,10.570236,-1.9035511,44.25271,-12.950325,80.75817
Coastal Andhra,India,15.8,80.9,9.267042,134.49335,9.14315,59.884212,13.79397,68.04396,14.604291,63.155766,24.127323,69.15549,10.686525,73.220665
Cilicia,Turkey,36.985,35.12,47.393723,10.268723,44.94261,-26.198921,21.91148,30.298182,38.91059,-5.7722664,40.55899,37.010746,30.52178,38.926334
"Claiborne County, Tennessee",United_States,36.48,-83.66,36.96833,-120.75299,39.87811,-95.19119,36.656147,-68.40965,31.530392,-58.09491,35.296654,-86.69925,35.25136,-87.12525
"Claiborne Parish, Louisiana",United_States,32.82,-92.99,51.64302,-120.66341,40.660084,-96.70221,39.67627,-92.92893,32.41277,-79.504906,34.731636,-96.89172,34.116646,-103.40532
"Cobb County, Georgia",United_States,33.94,-84.58,19.472275,-51.87351,35.980247,-46.054504,41.37185,-37.381187,32.131065,-42.065933,33.511692,-87.65692,32.52646,-83.80945
Eixample,Spain,41.3908,2.16306,30.403347,63.812748,22.720778,22.800522,30.569864,19.7392,35.72231,9.963087,34.638577,-13.397491,45.530582,4.167609
Coclé Province,Panama,8.5,-80.5,20.60556,-84.12306,31.665133,-25.497583,4.017317,49.91659,5.6995316,41.518112,-6.54228,-33.609646,6.324726,-70.98728
Coimbatore district,India,11.0125,76.9714,24.235634,120.99719,11.972897,91.513954,17.879581,108.63313,14.936975,83.40341,18.828022,76.075424,15.140207,78.9407
"Alfalfa County, Oklahoma",United_States,36.73,-98.32,35.389652,-97.889114,41.99163,-99.67174,37.64623,-74.58828,44.298435,-84.459656,36.05375,-96.81813,39.45376,-105.81909
"Carrick, Tasmania",Australia,-41.5333,147.0,-34.754467,62.652958,-14.520561,98.586395,-8.704315,92.26749,-11.563278,99.29855,-33.705925,127.692535,-39.919777,146.02423
"Beckham County, Oklahoma",United_States,35.26,-99.69,46.72563,-138.56946,32.235306,-74.06201,30.233376,-40.43889,25.252432,-51.44542,35.82983,-98.80029,38.271267,-103.36341
"Bell County, Texas",United_States,31.04,-97.48,22.359669,-54.923565,43.21755,-79.92289,42.10309,-88.70983,31.1391,-94.18893,33.35879,-98.16962,28.18271,-94.8181
"Primorsky District, Saint Petersburg",Russia,60.0333,30.1,44.368553,37.928883,41.386562,39.561356,32.19624,27.05915,50.188313,1.7152672,58.765495,27.348497,50.363922,62.689938
"Prince George's County, Maryland",United_States,38.83,-76.85,35.21418,-99.10303,35.92968,-34.527485,31.380013,-28.278296,34.48583,5.573187,42.005325,-85.07196,41.06103,-77.84701
"Primorsky District, Arkhangelsk Oblast",Russia,64.9667,37.6833,67.472046,57.701557,50.859108,67.69942,29.02511,79.98791,48.998806,37.453835,52.047607,37.079468,59.759445,50.210514
"Proserpine, Queensland",Australia,-20.4016,148.581,-20.110405,116.87387,-40.425484,178.4599,-29.93311,136.57048,-47.529068,192.75906,-21.095839,141.80446,-26.34454,146.49054
Province of Alessandria,Italy,44.9133,8.62,35.744385,16.879164,24.6013,20.450998,26.237995,18.261297,26.73305,24.195206,44.82746,21.533485,42.94889,7.5188036
Province of Asti,Italy,44.8989,8.20778,19.318655,-23.679785,17.42741,33.69532,14.804655,48.90504,26.409832,11.585627,46.531536,32.090614,44.85267,7.656218
Province of Belluno,Italy,46.1408,12.2156,40.540947,-54.460667,32.09503,3.809372,15.234154,45.277767,28.0578,30.092419,52.790115,14.836912,45.182213,7.944472
Province of Agrigento,Italy,37.3167,13.5833,28.104967,-32.83326,21.339558,31.736132,15.531527,54.407185,16.989357,35.355637,33.65,2.5939922,42.043995,7.623174
Preveza (regional unit),Greece,39.1667,20.75,30.054836,49.37697,35.003014,34.494377,28.985819,24.69132,47.628746,18.567675,44.458687,11.617052,37.376324,16.809525
"Powelltown, Victoria",Australia,-37.865,145.753,-29.168297,89.28543,-45.000587,132.0252,-56.414913,171.40451,-38.133068,142.70085,-35.92997,129.65622,-41.2536,149.51602
"Canyon County, Idaho",United_States,43.63,-116.71,58.251305,-104.20099,45.388866,-101.13383,35.9679,-78.72522,43.599445,-95.25248,39.354897,-111.79425,41.52107,-110.631195
"Cameron County, Pennsylvania",United_States,41.44,-78.2,40.425083,-86.57292,34.938778,-54.636227,40.518005,-68.0023,43.439507,-53.670387,40.11773,-85.43739,42.809006,-75.948814
"Callahan County, Texas",United_States,32.29,-99.37,19.762192,-61.40328,36.109116,-80.162796,39.985996,-77.22625,36.78877,-103.611046,32.82896,-95.752075,31.12494,-95.628365
"Calvert County, Maryland",United_States,38.53,-76.53,32.632797,-100.10216,38.62069,-55.72157,39.992588,-63.168056,47.18798,-43.658226,39.778187,-74.367966,38.059803,-68.74292
Callao District,Peru,-12.0523,-77.1391,-4.291687,-40.118504,-0.44888306,3.6239777,9.197451,43.727005,0.10537529,1.9390755,-2.6574688,-8.896074,-7.835739,-65.86707
Calabria,Italy,38.9167,16.6,23.185532,11.731874,38.802143,10.627193,24.570766,113.34658,25.027939,46.815384,32.080032,8.46823,33.98804,10.580432
North Caribbean Coast Autonomous Region,Nicaragua,14.0281,-83.3808,15.777307,-59.31193,15.450981,4.247523,5.425539,22.90978,7.4109783,10.022688,8.865423,-20.61776,18.604504,-81.575005
Cabo Delgado Province,Mozambique,-12.75,39.5,-1.4811192,40.412785,6.4108486,-65.83218,-4.9301796,-8.851769,3.7384853,-68.34925,-9.941851,-61.376835,2.2872124,23.766222
"Caddo Parish, Louisiana",United_States,32.58,-93.88,37.362236,-68.91455,44.125076,-105.39538,44.38379,-111.49851,44.243065,-127.57424,36.315823,-96.89731,34.709385,-100.5805
Caloundra,Australia,-26.8,153.133,-27.066833,159.98178,-34.172455,175.7677,2.3611736,83.47534,-31.074188,161.43954,-21.76491,126.86586,-23.123238,138.18971
Capital Region (Iceland),Iceland,64.1846,-21.6131,37.866283,25.18164,14.779997,40.886982,13.898993,45.331783,27.334694,-11.629784,33.492954,-1.3412514,28.845285,15.578602
"Carlsruhe, Victoria",Australia,-37.2833,144.5,-17.2033,114.63576,-28.185078,146.71759,0.89730453,102.60654,-20.454922,115.53667,-21.51248,114.80647,-36.93978,126.86794
"Cardinia, Victoria",Australia,-38.147,145.423,-19.81961,102.35718,-54.131485,204.30441,-33.470318,161.01228,-49.666245,173.0845,-34.670372,128.62335,-38.229385,149.52702
Cape Jervis,Australia,-35.6,138.1,-15.334209,64.21886,-16.620483,27.818832,-18.194511,36.3548,-13.460297,28.450033,28.246292,-16.483719,-39.860733,141.85774
"Cannons Creek, Victoria",Australia,-38.213,145.315,-20.441986,102.25954,-6.9015083,71.5178,0.626297,40.35922,-10.473991,53.670532,-38.946655,147.19724,-45.27867,154.2335
Camden Haven,Australia,-31.647,152.809,-24.55289,95.03319,23.620605,-18.231441,32.586014,-73.62269,35.971172,-42.868225,38.318226,-18.453651,-22.57491,142.18524
Quepos,Costa_Rica,9.45707,-84.1387,5.238764,-67.297264,-14.172382,-50.07593,-1.0267448,20.315859,-10.827431,-43.84082,-6.753443,-67.77869,9.567806,-88.383064
"Quesada, San Carlos",Costa_Rica,10.3441,-84.4199,17.874926,-84.65622,9.293646,-52.935173,1.97822,-52.96825,9.688088,-72.779144,-11.5195675,-61.07487,5.9913063,-46.085247
"Queenstown, Tasmania",Australia,-42.0806,145.556,-36.599255,123.41049,-48.749817,139.46109,-24.26854,116.682945,-43.87391,142.77504,-36.440125,130.11755,-38.12126,140.17621
"Robeson County, North Carolina",United_States,34.64,-79.11,26.095514,-99.05092,29.603214,-59.39956,35.751984,-59.620827,28.729864,-64.21974,35.128292,-84.13368,36.56826,-85.687996
"Rockland County, New York",United_States,41.15,-74.03,39.13804,-40.351086,33.879745,-41.307713,34.32705,-45.38948,36.770313,-34.835526,42.710365,-69.66019,42.802994,-77.19273
"Rogers County, Oklahoma",United_States,36.3107,-95.6171,34.498867,-120.31349,42.49701,-91.28825,37.30627,-64.44286,43.918148,-81.15208,36.96181,-103.53198,37.322365,-98.19031
"Rochester, Victoria",Australia,-36.3667,144.7,-24.916,119.92766,-9.04155,56.524952,-0.55511475,49.33711,1.8634758,47.935333,-30.226156,121.800095,-38.350105,153.40245
Puducherry district,India,11.9167,79.8167,12.854032,69.37894,11.293285,57.976498,10.938316,91.14162,7.022232,82.68257,16.459911,84.88068,21.76473,79.36477
Province of Teramo,Italy,42.6586,13.7025,42.573677,-6.2651105,18.10759,18.452572,14.237402,42.75197,26.061197,32.867702,44.5849,8.4952755,43.77885,6.4683585
Province of Trieste,Italy,45.6361,13.8042,30.37162,15.687494,28.217167,19.65652,27.15525,33.807873,20.290459,37.31179,45.26616,11.865669,40.19285,19.056526
Province of Udine,Italy,46.0667,13.2333,55.185616,-28.235216,31.938631,15.212094,15.920034,28.817188,25.621788,30.091621,44.408165,22.52977,43.61136,15.56443
Province of Venice,Italy,45.45,12.4,16.876835,30.588448,27.723072,10.018958,31.640326,24.932768,24.534279,34.668926,52.090157,17.55804,41.72297,20.73626
Pulandian District,People's_Republic_of_China,39.409,121.967,34.76094,88.349335,30.368118,77.34387,18.383303,69.64075,19.104683,57.081017,11.741821,89.84372,19.81084,108.74131
"Pulaski County, Georgia",United_States,32.24,-83.47,39.223564,-101.19209,38.279465,-48.562916,43.188713,-42.062817,47.273506,-62.531128,34.13581,-84.58113,33.517017,-84.69316
Province of Cagliari,Italy,39.2192,9.11722,36.563705,-2.181037,25.481985,17.655378,25.262781,18.990015,23.474321,27.336712,42.610535,25.157713,34.221123,17.571106
Province of Caltanissetta,Italy,37.49,14.05,33.36261,-33.60587,21.542362,35.060116,24.354908,48.882526,25.084509,36.692627,42.185616,20.539968,39.33812,9.401976
Province of Crotone,Italy,39.0833,17.1167,18.969112,16.832767,22.758284,4.92998,21.959583,37.492348,18.295021,41.97676,47.134476,29.18224,40.062607,13.446913
Province of Gorizia,Italy,45.9398,13.6234,18.01737,16.351255,30.42139,34.291973,23.299805,45.1194,26.977676,16.41993,48.605515,13.246287,45.581543,18.437073
Province of Piacenza,Italy,45.05,9.7,72.676834,-96.2493,29.588902,14.780244,34.686768,18.896193,27.44666,31.639126,45.297615,17.028137,40.670673,5.2488604
Province of Ravenna,Italy,44.4178,12.1994,35.61315,54.157658,22.664186,18.350628,23.447979,27.755615,26.008692,9.586727,48.337646,21.440647,43.353054,15.611676
Province of Nuoro,Italy,40.3167,9.33333,50.479538,-32.859253,25.089516,20.23379,15.453659,17.792204,16.997791,52.40618,35.245617,30.98703,34.20861,26.560547
Putrajaya,Malaysia,2.93,101.69,-8.0266075,135.58257,-17.622532,144.47139,13.188477,126.35136,-3.770321,169.81631,-12.815512,130.78009,-0.39811325,105.256294
"Putuo District, Zhoushan",China,29.9,122.383,30.905186,76.286285,36.43367,98.011086,18.770477,88.36241,27.569834,107.80335,29.212196,129.21776,29.8027,123.67222
Besut District,Malaysia,5.58333,102.5,10.836536,93.02095,14.515868,99.19822,19.527908,72.51301,15.085625,78.41072,30.656809,52.974167,2.4908543,103.8865
Bezirk Karl-Marx-Stadt,German_Democratic_Republic,50.75,12.75,21.228474,76.611465,50.35916,55.338642,44.646088,37.880386,51.216743,58.084736,37.72603,44.4705,45.887077,5.7399054
Berea District,Lesotho,-29.1667,27.9167,5.538208,44.875477,13.786585,0.6367413,28.410213,29.691422,12.008645,-0.018571854,37.2256,-0.42162514,6.1333427,14.215521
"Berrien County, Georgia",United_States,31.27,-83.23,23.888605,-58.701492,34.956554,-60.40485,40.674747,-49.893745,41.998306,-74.71592,34.62072,-80.84032,32.312733,-76.95371
Berry Islands,Bahamas,25.7167,-77.8333,28.400576,-38.121544,20.64156,12.788323,12.653114,-0.8220244,7.7498016,19.43919,11.662323,50.765778,19.403824,-73.39671
"Belmont County, Ohio",United_States,40.02,-80.99,51.21324,-87.42677,38.43209,-73.25437,46.095936,-87.22215,33.617363,-69.12904,38.478542,-76.72896,38.868073,-89.38928
"Benambra, Victoria",Australia,-36.95,147.717,-22.808243,107.07663,-54.051125,157.73668,-21.263687,93.65033,-48.458206,156.0563,-45.279144,138.02014,-34.47616,130.34296
"Bellenden Ker, Queensland",Australia,-17.2611,145.925,-6.2073708,86.065,-18.67435,123.73356,-16.780659,115.76239,-14.008724,109.871086,-26.970549,154.73862,-26.308754,140.25899
Benešov District,Czech_Republic,49.7817,14.6867,42.45085,47.379715,26.041983,22.630243,18.010757,46.87944,22.111048,30.596327,47.374435,20.902962,50.345245,16.379095
Biharamulo District,Tanzania,-2.63333,31.3167,-1.5867653,33.599125,1.1938038,62.46952,18.383303,69.64075,12.477555,49.6008,-6.7638187,41.869213,-1.2760162,31.476376
Bhavnagar district,India,21.7703,72.1431,32.259872,49.34524,23.65569,60.23173,20.655354,85.79909,26.295328,63.57024,25.934011,76.86673,21.15151,75.852776
Bhilwara district,India,25.35,74.6333,38.143345,67.84036,27.985939,55.68222,18.747547,82.06129,20.594994,77.491394,22.849083,73.75755,25.557365,78.72142
Binga District,Zimbabwe,-17.7722,27.5583,-5.1869907,11.570469,-2.234604,74.972984,24.161045,54.501507,-14.742039,84.33545,1.2093086,82.784195,-19.644814,30.82188
Binjiang District,China,30.225,120.197,28.071827,101.75166,27.951921,90.072334,18.383303,69.64075,23.802586,75.28517,37.35385,109.25639,27.370094,126.88003
"Bexhill, New South Wales",Australia,-28.75,153.35,-26.908115,162.7948,-9.91296,105.217445,-7.349102,88.85875,-1.463028,82.42176,-34.6697,157.29482,-38.946014,162.73611
"Bermagui, New South Wales",Australia,-36.4167,150.067,-49.917698,148.0085,-29.464012,131.6783,-15.923088,99.9989,-21.01064,115.23192,-35.480026,148.91258,-30.303883,144.01375
"Bethanga, Victoria",Australia,-36.1167,147.1,-26.63662,124.219574,-44.725075,162.30986,-56.414913,171.40451,-37.91822,141.04118,-46.539886,157.88666,-40.458878,146.34985
"Berrigan, New South Wales",Australia,-35.6333,145.8,-38.79122,126.24176,-21.82172,113.76015,-14.926525,122.44619,-25.22129,123.49943,-29.565165,141.29457,-33.72245,150.75513
Bas-Sassandra District,Ivory_Coast,5.5,-6.66667,4.3598557,58.44009,23.859097,53.4149,18.383303,69.64075,19.104683,57.081017,19.141453,24.800623,1.2977562,10.631857
Bastar district,India,19.0667,82.0331,4.8367424,80.01309,14.471816,54.527367,14.310396,54.288002,19.07676,65.74959,27.123558,83.7101,21.417137,82.56076
"Bastrop County, Texas",United_States,30.1,-97.31,9.148755,-75.40309,37.395496,-105.80961,38.064713,-89.374626,33.54944,-94.831024,31.889032,-94.28934,31.73297,-96.110954
Batroun District,Lebanon,34.25,35.65,24.313349,16.885426,15.077299,64.58069,40.30105,38.293232,15.511345,62.253113,39.4905,17.271458,32.929314,34.17664
"Batlow, New South Wales",Australia,-35.5167,148.15,-28.044395,97.337234,-24.581024,127.056946,-22.67606,119.11796,-20.265713,123.171486,-32.029022,149.94318,-32.85296,146.69778
"Barunga, Northern Territory",Australia,-14.5208,132.865,-12.069168,110.73187,-9.793621,97.98309,0.95768356,58.78577,-15.747452,96.28202,-27.93847,144.69101,-28.262558,149.00531
Barwon South West,Australia,-38.3833,142.483,-39.41216,134.79121,-28.57161,113.21018,-26.5251,96.77017,-34.868275,112.94838,-48.21051,175.23355,-35.996925,153.34068
Bega Valley Shire,Australia,-36.6667,149.833,-34.57883,133.66841,-12.86042,108.10682,-5.0358505,67.694084,-11.0275955,111.90621,-42.68418,166.14677,-28.908813,134.76839
"Beachmere, Queensland",Australia,-27.1294,153.054,-15.077763,98.729904,-37.0224,170.928,-60.692867,227.53912,-21.96737,145.66727,-28.02154,153.71696,-27.056839,155.04709
"Bedford County, Tennessee",United_States,35.51,-86.46,38.273876,-118.48891,37.909393,-61.169132,38.09828,-51.92395,35.317566,-74.00277,35.81272,-86.83981,32.951477,-84.513664
"Bradford County, Pennsylvania",United_States,41.79,-76.52,42.33718,-86.66864,46.092403,-63.874626,45.973408,-54.24287,52.541832,-51.324654,40.84477,-84.35666,41.46318,-80.69459
"Bradley County, Tennessee",United_States,35.15,-84.86,27.79264,-92.02971,39.97212,-74.15001,32.299706,-63.417057,38.11186,-53.663086,33.1986,-84.01584,35.47445,-90.00372
"Boomi, New South Wales",Australia,-28.7333,149.583,-23.64481,93.0838,-24.108181,124.51532,-22.67606,119.11796,-18.155502,118.48525,-32.774338,153.6792,-30.677864,143.83264
Breña,Peru,-12.0703,-77.0625,-6.3479156,-51.38193,37.317173,10.255214,35.52835,-15.676359,43.94297,-40.398163,25.989466,-25.53135,32.007595,0.25184536
"Bridgeport, California",United_States,38.2558,-119.231,62.733765,-115.024536,54.07364,-156.93248,50.681908,-162.56116,45.6958,-132.90274,37.455738,-120.21715,36.278595,-119.412056
Braunau am Inn District,Austria,48.131,13.109,42.45197,27.240028,50.02764,-3.2092028,35.467945,7.8389473,42.34575,-1.9572697,45.973595,22.881376,44.992683,20.730633
Breiðholt,Iceland,64.1078,-21.8322,52.455605,-3.1567063,41.827595,-38.814327,42.4758,-41.336136,59.523552,-46.731407,65.66434,-29.454899,67.748474,-9.034299
"Bramston Beach, Queensland",Australia,-17.3538,146.025,-12.466221,94.91028,-22.334446,112.478905,-3.2551003,83.54607,-16.356853,102.855,-24.007734,141.1974,-23.269966,145.19354
Blekinge,Sweden,56.3333,15.3333,55.265575,61.145985,47.092377,11.888458,28.374352,56.09282,55.292633,59.61271,60.98944,13.793003,47.816086,16.866602
Blekinge County,Sweden,56.2433,14.3811,35.331516,52.31234,43.74953,-2.8479557,33.76208,23.193394,47.29503,18.007414,53.853386,14.755637,57.102257,23.573624
"Bidyadanga Community, Western Australia",Australia,-18.6844,121.777,-16.541729,81.695526,-14.229771,97.46463,-12.33247,84.78431,-7.972561,77.48779,-28.795385,129.20525,-23.004845,112.28439
Birim South District,Ghana,5.89444,-1.01534,11.629336,21.268438,-6.174034,78.60752,-14.430664,101.410484,-5.9507027,86.101135,19.289433,30.24879,20.39109,31.565899
Bong County,Liberia,7.0,-9.66667,-11.906712,12.744474,22.95805,59.01881,34.880135,21.868046,18.352089,20.88493,31.662899,124.76982,13.256355,-13.015616
Borgou Department,Benin,9.35,2.61667,1.7986431,-21.454193,-1.5906925,-19.082067,20.74512,-30.62274,4.1585426,-8.033722,11.52697,-14.29446,10.699865,-2.5757637
Boe District,Nauru,-0.541667,166.914,-9.380674,103.151886,24.31665,30.343975,28.317682,40.965836,27.058245,36.689655,13.38355,65.27851,30.325045,25.917074
Boeotia,Greece,38.44,22.88,50.243073,37.080357,46.281567,18.841541,18.802494,37.74299,29.437336,66.224335,38.140472,21.973928,38.476643,33.53525
"Blumenort, Manitoba",Canada,49.6044,-96.6889,53.293144,-92.117676,58.441017,-97.73989,36.078125,-85.87105,43.900608,-102.00886,47.72472,-71.688095,50.322773,-96.85017
San Isidro de El General,Costa_Rica,9.34035,-83.7338,9.830479,-83.390976,16.224224,-62.3826,15.55089,-79.413055,10.202753,-32.607635,1.6362267,-50.497112,14.346785,-90.87572
Samburu County,Kenya,1.16667,36.6667,10.2371435,22.924223,24.768425,-10.415777,16.697847,35.945732,20.599133,-12.228786,0.43405914,22.923447,1.4033546,28.783176
Samba district,India,32.55,75.1167,36.099503,3.3102703,17.461227,6.997173,-3.6456757,38.637905,12.161871,23.287443,21.613218,56.81261,-10.781605,30.828312
San Borja District,Peru,-12.1,-77.0167,9.082479,-62.526978,20.53511,-21.907204,17.792473,-14.323106,16.877615,-12.396175,10.697769,-39.61032,-8.634823,-84.40038
San Miguelito District,Panama,9.03333,-79.5,16.503113,-112.65532,21.830223,-44.354973,26.561787,-16.358429,14.671596,-25.779438,9.321875,-55.346394,9.824678,-64.72411
"San Miguel, Manila",Philippines,14.6,121.0,20.122408,37.66266,14.075718,-17.59533,9.025604,-25.320608,9.408116,0.8920746,16.328827,90.72473,10.634228,106.25923
"San Marcos, Costa Rica",Costa_Rica,9.67031,-84.0092,11.200538,-38.176006,4.3422966,-65.149574,7.57407,-56.41471,-2.0982418,-32.20078,10.826471,-91.535965,0.8570366,-95.6562
San Martín de Porres District,Peru,-11.9939,-77.0958,-10.140144,-36.234543,18.638962,-31.09833,21.718502,-26.075546,21.880089,-43.14949,-2.0692863,-62.711514,-12.036137,-82.20844
Rukiga District,Uganda,-1.18333,30.1,5.523039,29.335873,16.294071,53.68407,18.383303,69.64075,19.104683,57.081017,2.2675285,25.626732,-3.45092,31.200714
"Scamander, Tasmania",Australia,-41.45,148.267,-22.014683,114.2455,-37.340057,137.85364,-18.415638,80.13148,-31.793995,125.88423,-36.24906,133.24753,-39.91767,145.27592
"Scottsdale, Tasmania",Australia,-41.1667,147.517,-21.443325,114.74675,-28.728748,79.39406,-10.590157,71.35109,-31.961758,85.408035,-37.44474,133.51544,-40.946465,155.02429
"Schuylkill County, Pennsylvania",United_States,40.7,-76.21,58.893913,-71.98269,52.145634,-100.715805,52.036232,-85.56282,45.885254,-64.566696,42.9754,-73.27644,40.520645,-82.607025
Savanne District,Mauritius,-20.4667,57.5,-8.456356,63.551037,12.421221,5.1739073,15.792906,39.52906,10.0699215,27.623783,15.469288,29.273647,-1.5764008,-5.87646
Meidling,Austria,48.1617,16.3217,34.460815,54.89142,50.063934,47.6573,49.248062,-2.2832413,58.59486,38.627853,50.095943,18.36611,43.11533,22.55397
Shire of Mornington Peninsula,Australia,-38.4333,145.0,-38.93176,142.17294,-5.162075,114.2821,-6.925682,95.149025,-0.94210434,104.03874,-28.17893,149.93532,-36.55745,153.9669
"Roger Mills County, Oklahoma",United_States,35.69,-99.7,46.02521,-101.33118,42.36005,-69.14239,39.75331,-58.539062,42.29143,-72.0441,34.125595,-91.89586,37.07875,-104.599495
"Barnawartha, Victoria",Australia,-36.1,146.667,-26.921886,130.95126,-43.99723,167.74199,-56.414913,171.40451,-37.258186,145.10043,-44.633926,172.02919,-36.288345,144.3489
Bareilly district,India,28.4167,79.3833,17.137949,78.22708,25.809715,63.568027,42.506584,55.354042,29.390034,75.134094,37.37675,65.71535,25.409256,79.0314
Barkhan District,Pakistan,29.54,69.31,22.903652,20.496672,33.505104,49.896145,18.123798,57.47096,23.931828,66.09213,39.69932,71.51462,29.806326,70.28975
"Barrow County, Georgia",United_States,33.99,-83.71,45.27364,-16.884514,37.4229,-34.88884,43.141968,-35.946312,42.69822,-63.693657,31.963957,-83.79889,32.90644,-85.74642
"Miami County, Indiana",United_States,40.77,-86.05,26.259624,-148.4623,34.414806,-97.82218,25.906122,-99.02887,29.236963,-105.176674,40.930912,-80.80365,38.71485,-83.87677
"Mineral County, Colorado",United_States,37.69,-106.93,31.113148,-122.311844,33.594833,-62.92766,25.132774,-46.495567,31.70216,-78.68206,33.67422,-91.66765,37.680256,-101.52827
"Mitchell County, Texas",United_States,32.3,-100.92,35.698833,-112.56424,27.558466,-57.793274,29.926003,-57.13086,24.372952,-58.015663,30.981337,-94.72844,32.26695,-97.07295
"Monroe County, Indiana",United_States,39.0749,-86.4296,34.494755,-56.529034,39.403065,-84.53323,37.40185,-82.83594,36.615807,-68.540634,39.762196,-83.586914,39.973988,-85.145195
"Montague County, Texas",United_States,33.67,-97.73,43.957882,-66.088486,34.760582,-64.30257,34.883926,-56.77189,32.041325,-69.3948,32.44932,-95.38747,32.854877,-96.78594
"Morgan County, Indiana",United_States,39.48,-86.45,39.389336,-49.51596,35.83735,-67.45157,24.819529,-46.39159,30.048231,-58.067772,39.67678,-81.69498,40.11751,-87.72385
"Morrill County, Nebraska",United_States,41.69,-103.01,45.782104,-117.2473,40.978485,-70.51548,29.989342,-51.237045,43.73755,-95.51975,42.207508,-95.125305,41.672707,-100.93944
Muhanga District,Rwanda,-2.08333,29.75,0.53201866,40.47623,7.300684,57.2383,18.383303,69.64075,10.33357,59.056343,-10.972071,33.75722,-1.7408867,28.63467
"Muskingum County, Ohio",United_States,39.97,-81.95,36.394585,-60.961353,49.12284,-107.00985,49.984478,-77.96139,43.491165,-78.093475,39.30823,-74.83139,39.153557,-88.571495
Santa Fe Province,Argentina,-33.7227,-62.246,-31.656475,-95.03441,15.03666,-49.877663,15.93148,-47.799103,14.473018,-21.242355,-7.5462246,-57.522305,-33.574074,-62.580494
"Santa Rosa Department, Guatemala",Guatemala,14.2783,-90.3,20.242832,-58.612976,10.214737,-74.68939,12.940643,-66.48807,9.529112,-66.43816,11.786476,-73.161545,10.377266,-52.840702
Sangli district,India,16.86,74.57,2.0804691,81.404175,21.754887,70.89997,12.333979,81.35708,22.070337,60.370934,30.571098,84.68759,18.158043,67.7466
"Santa Bárbara Department, Honduras",Honduras,14.9167,-88.2333,1.2919388,-47.90689,15.288547,-59.236958,10.041243,-45.560818,17.290184,-57.030716,11.805084,-80.711655,8.808186,-48.23034
"Sandy Point, Victoria",Australia,-38.8167,146.1,-37.142567,110.14467,-8.837372,66.22954,-1.2006874,36.789494,-7.610916,7.3947067,-33.962883,123.040985,-45.49855,153.3175
Sangin District,Afghanistan,32.0733,64.8378,35.71821,54.56052,40.955223,92.6697,27.59983,57.27576,37.239662,41.71227,34.481865,55.431465,31.554445,72.33514
Santiago de Surco,Peru,-12.15,-77.0167,-8.66687,-55.29876,-5.289776,-54.884617,-3.9393616,-31.414652,-2.731924,-48.964752,14.494478,-42.102547,-16.788422,-76.949615
Satara district,India,17.7,74.0,6.379897,92.35394,7.027521,55.370464,7.792099,93.06216,11.462927,88.74786,21.949568,93.143036,18.031479,76.97264
Sargodha District,Pakistan,32.1667,72.5,21.325048,94.33693,23.478039,89.04752,30.1015,60.744026,25.488653,43.73425,33.522373,66.753456,33.256985,69.11894
Savadkuh County,Iran,36.0667,52.9333,44.166317,42.514256,50.06262,5.656177,39.702347,2.041928,37.229317,8.038721,47.028854,56.324368,34.945206,56.20146
"Savanes Region, Togo",Togo,10.5,0.5,11.094001,27.776855,2.951912,24.017744,7.4019566,25.51018,11.5421505,25.55063,15.174102,-6.604553,6.8900642,7.137842
Sar-e Pol Province,Afghanistan,35.6,66.3,32.107162,44.823513,29.499624,24.321434,12.523998,8.505485,24.700056,16.562695,40.776947,64.3613,34.30829,53.93876
Saran district,India,25.9167,84.75,35.362663,40.071125,29.778994,50.3668,23.261086,56.948814,38.04601,51.91089,34.188435,83.52695,18.056286,82.85776
Santa Mesa,Philippines,14.6,121.017,9.548163,11.9712715,22.684809,-82.23293,26.713493,-102.09524,29.307806,-99.96725,20.874632,-100.198654,18.385391,41.685863
Wardha district,India,20.8333,78.6,16.244114,68.20993,27.74181,57.540424,21.075092,81.1091,23.211777,55.411438,16.009342,85.129074,19.64854,82.159515
Warmia,Poland,53.8,20.5,44.300957,-5.3978987,49.59971,21.263435,62.5306,-35.733963,49.488052,16.763176,30.267857,23.789568,58.0754,40.447086
"Warra, Queensland",Australia,-26.93,150.92,-14.203785,113.58826,-46.30593,211.73164,-60.692867,227.53912,-42.040382,186.95847,-31.220064,159.68501,-25.5961,147.76067
Warringah Council,Australia,-33.75,151.283,-20.090195,175.63057,-12.847706,133.1914,4.161213,112.2891,-13.664223,127.15513,-31.738977,160.17871,-34.41864,152.8808
"Warburton, Victoria",Australia,-37.755,145.697,-35.453995,123.57208,-23.515888,100.66218,-10.131714,130.0437,-27.430626,121.28598,-36.57263,151.63776,-35.19287,148.71413
"Washington County, Pennsylvania",United_States,40.19,-80.25,56.116264,-70.33957,41.85239,-91.36463,46.190365,-97.48225,44.302444,-81.989746,39.87223,-73.39531,41.86526,-76.04435
"Washington County, New York",United_States,43.32,-73.43,63.84888,-62.994385,31.45078,-47.251263,29.109623,-50.41939,29.929607,-38.08046,43.10438,-82.88922,43.837803,-73.35185
"Wallabadah, New South Wales",Australia,-31.5406,150.83,-24.201431,120.692856,-21.41912,122.529854,-22.67606,119.11796,-14.661087,103.632065,-31.936918,150.2204,-31.887741,152.5665
Wanju County,South_Korea,35.8913,127.254,33.53308,46.86615,23.632563,67.87857,39.149796,-9.706065,39.297424,-23.597908,39.15223,127.01878,34.725037,123.37199
"Waitpinga, South Australia",Australia,-35.6,138.533,-26.390343,70.88916,-41.37278,141.2349,-52.5911,178.47906,-33.3244,132.43616,-32.528397,129.39427,-34.70276,136.85667
"Wanaaring, New South Wales",Australia,-29.705,144.09,-21.55629,87.19841,-25.53408,127.66972,-22.67606,119.11796,-18.98077,117.51336,-33.385704,144.21011,-26.598827,140.90857
"Wandin North, Victoria",Australia,-37.769,145.411,-13.765484,95.256546,-28.871605,117.43068,-3.864357,65.94589,-27.461632,120.45633,-36.88851,148.20789,-31.323235,132.3516
Wandong,Australia,-37.35,145.017,-24.34047,118.69946,-13.569214,120.3706,3.8531914,104.24546,-16.071568,129.64755,32.37661,119.02348,-28.169804,147.2421
Wenchuan County,People's_Republic_of_China,31.477,103.59,31.519506,66.38127,36.597576,43.465454,38.830986,24.942656,42.691296,34.155907,28.922277,105.15552,35.7165,107.60371
"Wayne County, North Carolina",United_States,35.36,-78.0,12.90489,-48.271667,23.778847,-48.074078,27.581942,-54.133236,23.653955,-29.600994,35.637276,-79.086044,35.5784,-84.98833
"Weakley County, Tennessee",United_States,36.29,-88.72,28.372862,-91.81134,38.54222,-86.4561,42.885582,-60.113754,40.40159,-79.36176,31.972519,-82.43652,34.86731,-79.572685
"Tyrrell County, North Carolina",United_States,35.87,-76.17,35.796364,-76.213425,27.9508,-42.258274,39.033,-37.764942,21.207544,-31.090729,36.48996,-75.57248,36.881973,-79.12441
"Tyalgum, New South Wales",Australia,-28.3667,153.217,-9.547865,152.23436,-20.586369,123.88749,-22.67606,119.11796,-14.7660675,109.052216,-29.249945,143.85057,-31.605202,151.14064
"Tuncurry, New South Wales",Australia,-32.175,152.499,-35.60168,117.6308,-27.168568,129.84616,-22.67606,119.11796,-19.618435,115.402275,-30.880789,142.58636,-32.352768,149.33844
"Tullah, Tasmania",Australia,-41.7389,145.615,-32.144817,128.22827,-45.02796,138.28593,-49.003376,154.80153,-33.70773,138.31905,-34.218483,130.41125,-39.66458,147.90315
"Tura Beach, New South Wales",Australia,-36.85,149.925,-22.408638,118.710815,-7.655697,97.138855,-8.476704,80.900856,-4.109564,86.96031,-35.5764,152.30605,-32.069077,149.92758
Wando County,South_Korea,34.3167,126.75,9.878264,124.02872,15.054121,-1.9958462,28.015776,51.148735,19.416693,2.266199,29.501022,-19.27998,15.736338,48.07228
Wakhan District,Afghanistan,37.1292,73.6187,36.19247,34.763767,36.311863,39.747208,31.01038,40.99323,36.909267,39.102345,36.21616,82.21695,42.733913,76.68731
Vsevolozhsky District,Russia,60.015,30.6511,52.2992,32.780304,37.100563,54.76467,25.956238,39.980255,35.521187,41.641056,54.25828,79.54088,60.582954,72.939705
"Wadena County, Minnesota",United_States,46.58,-94.96,48.893536,-97.81023,51.33732,-105.68244,43.683083,-63.64495,51.105293,-89.030685,46.509937,-92.3273,44.623985,-87.9402
Västerbotten,Sweden,65.0,17.5,62.307873,35.23309,31.9061,18.552526,24.339108,77.66503,26.842827,36.811745,62.24485,16.853266,61.98764,-0.074193
Västerbotten County,Sweden,64.85,17.9,56.07605,4.194166,36.15639,0.48407066,31.744457,33.979507,33.07013,6.6069145,60.690895,7.703513,62.72626,18.608624
Lapland (Sweden),Sweden,65.095,17.1156,62.027103,0.29938602,53.10533,6.586316,44.51525,3.0960028,53.80932,-10.133232,41.03754,5.622402,33.63099,30.054703
"Livingston County, New York",United_States,42.73,-77.77,39.976215,-114.7861,33.04638,-36.076862,31.456015,-36.83492,33.0379,-34.630627,42.496128,-76.1953,41.18151,-68.02509
"Lake County, Michigan",United_States,43.99,-85.81,28.354607,-104.15379,40.35683,-63.2827,38.151035,-63.000633,40.54296,-48.047127,41.090607,-85.394745,43.599964,-84.02204
"Glasscock County, Texas",United_States,31.87,-101.53,36.05828,-117.2081,37.74766,-84.5526,40.845932,-76.869255,35.120174,-88.2953,33.892403,-103.39169,32.655025,-93.57093
"Haskell County, Oklahoma",United_States,35.23,-95.11,48.06627,-118.7632,38.30079,-89.66632,30.690575,-56.41054,40.836025,-98.89907,39.344234,-93.84697,38.451107,-95.701706
2nd district of Budapest,Hungary,47.5222,19.0236,44.3127,11.879339,33.04482,31.075148,35.44797,35.960945,31.088211,38.712414,48.917492,34.050335,42.995804,22.62754
"Whitfield County, Georgia",United_States,34.8,-84.97,36.50831,-38.71202,35.417408,-36.32656,36.858807,-29.736338,38.790367,-41.93225,32.93749,-88.467606,33.414925,-88.79158
"White Patch, Queensland",Australia,-27.03,153.124,-17.890427,103.2379,3.0596466,55.502377,-2.771675,71.006546,-0.9381199,60.65468,-25.190702,152.5464,-22.936157,137.11494
"Whitfield, Victoria",Australia,-36.7667,146.417,-28.019241,89.92091,-11.657703,74.82022,-12.730637,91.417564,-10.655418,88.361855,-40.1519,149.5314,-26.253292,130.17274
"Wilkes County, Georgia",United_States,33.79,-82.74,30.370876,-109.89148,33.489063,-49.370472,40.01272,-47.679195,38.034893,-47.190086,35.62587,-82.72127,32.64295,-87.834435
Wilanów,Poland,52.1667,21.0833,46.314514,-15.088488,51.06739,-55.391396,48.581436,-2.3997393,43.251152,13.877645,53.931263,26.14877,50.26478,5.609694
"Westchase, Houston",United_States,29.729,-95.564,31.543709,-72.73085,29.134308,-100.21363,31.276506,-62.481735,38.394466,-93.76213,29.691422,-112.3434,31.032658,-96.91702
Western Province (Kenya),Kenya,0.5,34.5833,-6.9901276,47.68807,-1.1906452,45.61076,-4.8712006,65.501564,3.9085827,47.01123,-2.6464462,33.011166,-1.1793289,30.76741
Wenshan District,Republic_of_China,24.9897,121.572,31.4034,104.13931,33.127964,90.63389,14.625486,104.50463,29.06053,86.48668,28.090622,107.91565,24.309883,122.93671
West Garo Hills district,India,25.5167,90.2167,28.374414,34.354195,16.318272,51.989822,12.752457,46.210434,25.630123,30.712309,-2.049757,95.86488,19.494324,91.45653
Werris Creek,Australia,-31.3333,150.65,-21.35912,138.57866,-2.2847252,87.25294,22.24339,-5.6713943,-1.4658489,-0.5447426,2.3114681,13.382486,-39.46662,175.79994
"Williamstown, South Australia",Australia,-34.6721,138.888,-23.048843,109.06767,-38.054077,144.0211,-30.353989,122.276764,-38.10171,149.28603,-35.930443,143.62929,-36.47004,141.15572
"Garfield County, Oklahoma",United_States,36.38,-97.78,35.253075,-78.02174,38.797035,-84.18943,31.656298,-71.36801,35.951447,-83.415306,36.21094,-98.80623,37.154842,-94.35932
Gisagara District,Rwanda,-2.61667,29.85,12.617834,46.488537,13.262268,64.86659,18.383303,69.64075,19.104683,57.081017,-2.8368073,30.282797,-1.8055077,27.494274
"Glades County, Florida",United_States,26.95,-81.19,15.567732,-87.33287,29.489025,-64.59526,24.34538,-54.08229,33.220142,-73.897865,30.571764,-86.65671,31.454626,-85.34768
"Wingen, New South Wales",Australia,-31.8833,150.867,-8.932724,131.78934,-14.372471,115.67181,-22.67606,119.11796,-10.028973,105.12291,-35.32061,157.36287,-29.36404,151.14339
"Wilson County, Tennessee",United_States,36.16,-86.3,21.8039,-48.45723,36.487053,-65.70762,31.905766,-70.92423,25.312195,-68.13266,33.963917,-83.07616,34.30182,-88.43862
"Dubois County, Indiana",United_States,38.36,-86.88,32.31174,-110.75896,39.792274,-86.17121,30.59972,-72.42677,33.216393,-87.12972,39.01853,-89.21831,40.440952,-90.509636
District Council of Coober Pedy,Australia,-29.0167,134.75,-17.90062,101.30208,-9.143986,98.010506,6.5689144,74.8136,-3.143978,75.35664,-25.981573,123.518265,-22.762215,122.57574
"Wirrabara, South Australia",Australia,-33.0359,138.269,-21.089539,106.59131,-40.692467,143.2869,-52.5911,178.47906,-32.722454,137.96475,-34.480072,141.97069,-32.59725,127.88033
"Wilmington, South Australia",Australia,-32.6524,138.099,-20.334358,104.682495,-20.126877,70.22662,-14.505257,78.390144,-12.972515,58.908375,-33.872856,134.84497,-37.67427,141.36906
Butambala District,Uganda,0.2,32.1,-0.23112297,46.373505,8.991411,63.5929,18.383303,69.64075,16.119722,52.06727,-0.009346008,36.344723,1.3598843,34.58093
Buvuma District,Uganda,0.233333,33.2667,6.773383,28.86921,7.8175907,57.767143,18.383303,69.64075,19.104683,57.081017,-20.267256,5.4920206,3.4393406,34.81277
Bytów County,Poland,54.1333,17.5,65.3336,28.223175,39.468704,-4.495008,43.907387,-13.576325,41.618774,-4.1217117,53.59793,18.87892,48.89171,29.94484
"Butler County, Kentucky",United_States,37.21,-86.68,36.729332,-65.576,37.935356,-58.421146,35.348064,-66.037605,34.153442,-46.614372,40.10666,-88.93709,36.526737,-82.92069
"Central District, Taichung",Taiwan,24.1415,120.68,24.918741,62.853077,18.99963,79.23488,16.624197,75.59276,12.079173,84.755554,24.309872,92.99585,21.413746,112.50453
Central Ontario,Canada,44.0,-79.0,64.638214,-53.961643,30.883787,-23.42187,26.332466,-23.03288,22.802038,-11.348194,49.160446,-69.97302,41.27407,-86.80943
Central Province (Kenya),Kenya,-0.75,37.0,5.194044,69.743286,6.6656704,31.31074,-5.672283,61.981007,1.4418964,40.475685,-1.3545818,34.400723,2.3514614,26.040876
Central Seberang Perai District,Malaysia,5.35,100.467,5.8980618,96.68257,6.1077957,91.712265,10.496101,63.489044,-0.08275223,114.78641,-2.872715,112.428345,4.148741,95.07806
Central Delhi,India,28.645,77.245,17.90536,91.287094,13.299654,87.76478,10.471186,84.78716,7.1554394,79.75331,31.333944,78.58295,18.184525,93.39549
Central Switzerland,Switzerland,47.0,8.5,56.359608,29.044079,26.732056,38.811245,30.766651,20.576485,23.264996,21.85584,49.672817,7.359499,44.28533,1.1960449
Centro Sur,Equatorial_Guinea,1.55,10.29,-0.0064888,-7.480071,12.595804,-31.919697,31.555344,-43.90772,6.2522545,-50.606483,-1.5171375,-35.343414,2.8806553,-18.152279
"Catoosa County, Georgia",United_States,34.9,-85.14,43.076584,-58.484924,31.5855,-59.155514,29.473145,-18.515882,40.64442,-84.407074,35.104168,-79.04332,33.4315,-88.46488
Cañete Province,Peru,-13.0785,-76.3839,-21.538757,-25.448288,33.2446,-18.959173,20.472992,-8.641617,22.32829,17.490664,2.0544872,-44.544617,8.715004,-44.91385
"Ceduna, South Australia",Australia,-32.1167,133.667,-30.63636,144.33592,-51.203957,164.71251,-38.07136,157.0575,-42.68251,140.34615,-32.30932,136.23593,-33.470093,134.1647
"Cavendish, Victoria",Australia,-37.5167,142.033,-28.02393,90.702286,-14.190422,96.95068,-4.4789963,83.923965,0.10650444,73.72331,-31.4611,133.07487,-16.524727,83.793945
"Brown County, Ohio",United_States,38.93,-83.87,45.700134,-114.634125,38.436905,-72.25117,45.755745,-94.70208,32.43258,-62.43502,40.12569,-86.876465,39.30498,-86.84671
Brunei-Muara District,Brunei,4.9,114.9,3.587019,113.47406,23.859097,53.4149,23.510933,57.43423,17.36721,79.84555,7.473694,91.03577,1.6075821,110.37653
"Brim, Victoria",Australia,-36.0667,142.417,-21.500954,94.044174,-16.748901,75.54483,-9.062504,77.23528,-25.836468,84.19504,-37.69227,144.30421,-31.935394,145.94446
Baranya County,Hungary,46.0683,18.2053,68.67112,15.014866,54.25614,-20.873251,60.389347,-16.202284,51.42629,5.0366974,45.6186,16.290516,52.322693,16.456509
Brod-Posavina County,Croatia,45.1575,18.0203,34.79902,12.223053,40.40669,-17.584373,39.34366,3.6716006,42.80252,2.1973438,46.667465,22.508572,48.89704,12.01871
Buhweju District,Uganda,-0.3,30.3333,12.853308,33.661808,14.544494,65.9027,18.383303,69.64075,19.104683,57.081017,4.719015,32.316414,2.5299225,32.955
Bungoma County,Kenya,0.583333,34.5833,1.5624619,44.494713,23.392729,-5.1864476,24.01513,19.028835,22.267897,14.372812,-2.6377144,35.1269,0.3094406,33.05082
Bukoba Rural District,Tanzania,-1.48333,31.5333,4.736231,22.838652,10.233648,66.89124,18.51017,39.845676,4.3749714,36.980804,10.82049,35.55136,-0.710762,28.934216
Bulgan (city),Mongolia,48.8119,103.534,34.656662,103.83212,23.651299,47.529114,24.167213,32.8049,32.494366,65.325424,42.029877,61.82473,39.7321,91.76525
Bumthang District,Bhutan,27.75,90.6667,32.507687,86.28639,43.864017,51.688347,20.44227,56.556007,35.005177,56.00258,32.227295,83.92641,24.976192,96.09342
Bukomansimbi District,Uganda,-0.166667,31.65,2.6721878,49.1858,9.227854,69.4118,18.383303,69.64075,19.104683,57.081017,-6.655962,19.862808,-1.2054634,30.486446
Bukombe District,Tanzania,-3.46667,31.9,5.079708,43.68637,13.607897,63.962376,18.383303,69.64075,19.104683,57.081017,-4.3138065,4.419739,-5.818508,44.93354
Bulambuli District,Uganda,1.36667,34.15,7.7446556,30.983036,14.248994,61.962116,18.383303,69.64075,20.12335,55.627014,-5.3485126,39.72189,2.0469627,36.34034
Bungendore,Australia,-35.25,149.45,-29.728443,165.14417,-27.857323,193.47769,1.6623116,101.90479,-28.750519,149.47537,6.3017807,88.458145,-29.84225,150.70805
"Trafalgar, Victoria",Australia,-38.2,146.15,-27.269314,134.51888,-22.381962,84.112465,-21.179844,91.71578,-35.12413,77.624054,-43.72863,155.95015,-22.377754,69.27837
"Trentham, Victoria",Australia,-37.3833,144.317,-20.140083,115.16341,-20.23085,140.78024,-12.462711,155.35254,-36.142166,162.14188,-39.996758,152.61847,-38.901985,147.1279
"Tri-Cities, Illinois",United_States_of_America,41.8333,-88.3,26.56385,-37.263657,42.71433,-145.49432,29.632769,-74.100525,48.850212,-88.792145,39.81132,-99.395996,39.447903,-107.60177
"Toorbul, Queensland",Australia,-27.0363,153.1,-12.328857,99.80585,-37.544495,184.26698,-60.692867,227.53912,-23.881523,151.36438,-22.016104,156.20741,-21.471043,147.63976
Toowoomba Region,Australia,-27.5752,151.947,-32.032314,181.78322,-11.291534,94.23938,-7.2496033,101.0543,-17.408451,112.67122,-32.29036,149.29259,-10.100666,116.621796
"Trancoso, Bahia",Brazil,-16.5906,-39.0958,-2.068821,-26.944778,-6.515793,-54.66662,18.49622,-29.643713,-6.666992,-47.471542,-17.07755,-50.28687,-18.16204,-54.927265
Trans-Nzoia County,Kenya,1.1,34.95,8.333278,25.257423,40.40669,-17.584373,39.149796,-9.706065,39.297424,-23.597908,6.8794975,16.514465,2.1856956,33.98496
Tuaran,Malaysia,6.18333,116.233,0.5344963,143.47917,-20.480335,181.50697,14.673603,60.110992,-1.3665466,158.40646,-10.019186,95.22772,-16.548119,169.07596
Tungurahua Province,Ecuador,-1.23333,-78.6167,1.5975838,-52.40254,-0.8055172,-21.438915,24.22852,30.368229,0.6636143,-0.2401352,-14.181597,-42.300514,-1.6477623,-61.22478
Turukhansky District,Russia,64.0,88.0,40.90941,3.8345451,32.456882,62.18392,18.383303,69.64075,19.104683,57.081017,55.532593,59.609436,58.87426,77.97704
Tulcea County,Romania,44.98,28.77,23.191698,69.81802,47.06639,-10.964224,45.00895,13.889398,46.87791,-6.73761,42.54931,31.003014,47.6775,33.486164
Tulu Nadu,India,13.0,75.4,32.254044,53.4179,10.220924,118.71813,13.068611,108.660416,19.596394,92.3044,16.066729,88.82855,15.95924,78.75374
Trongsa District,Bhutan,27.3333,90.4167,26.208347,96.02579,32.2096,43.508392,11.981426,94.817856,21.78789,76.39978,21.005274,95.849045,30.308077,88.72371
Tieri,Australia,-23.035,148.348,-17.895618,103.787155,-10.518921,86.25709,8.064903,61.918858,8.273296,57.765945,31.474712,26.15901,11.621302,66.393585
Toba Tek Singh District,Pakistan,30.9667,72.4833,34.63655,82.192184,23.05358,52.725292,42.023148,63.71968,26.761475,37.18608,35.45383,60.952137,31.3093,76.48525
"Tolga, Queensland",Australia,-17.223,145.479,-15.239075,157.37024,-23.771313,178.26192,-4.953224,96.629776,-14.476288,168.32825,-21.243887,152.27979,-22.963093,146.0603
"Adams County, Colorado",United_States,39.87,-104.35,25.444542,-97.62642,39.38647,-86.47646,34.841805,-84.550026,39.422493,-81.540276,39.747948,-99.41275,39.189636,-92.4876
Est Region (Burkina Faso),Burkina_Faso,12.0,-1.0,10.147255,19.206697,3.6834984,5.699293,22.72226,-29.247551,6.898428,6.8316307,10.779089,8.890083,15.951742,-0.6430435
"Estill County, Kentucky",United_States,37.69,-83.96,43.49131,-99.49724,47.231255,-68.606,38.12966,-49.71329,40.559914,-76.79719,39.18046,-94.03911,36.889294,-85.42164
Etawah district,India,26.79,79.02,14.50086,48.948097,15.958654,37.072906,17.936436,60.233147,23.772951,70.55556,30.585108,57.632267,28.120173,76.561905
Errachidia Province,Morocco,31.9304,-4.42309,26.164108,14.14072,17.208294,16.216892,4.017317,49.91659,11.603364,39.035202,20.436893,-0.8091831,25.706509,15.869877
Ernakulam district,India,10.0,76.33,20.949133,56.954906,21.090698,43.865314,16.749165,103.23408,22.088108,80.63081,15.676303,96.02597,17.187847,73.80303
Erongo Region,Namibia,-22.0,15.59,-12.574833,53.341984,-2.7578163,37.08535,16.14509,15.785273,-3.9240437,55.397377,-34.38788,80.75709,-13.5572815,22.287361
Estrie,Canada,45.4816,-71.6679,51.83751,-79.94008,43.857117,-59.585327,29.517778,3.753073,52.56775,-53.091248,35.716114,-57.149006,50.518177,-68.51589
"Erie County, Ohio",United_States,41.51,-82.61,56.17801,-104.31554,51.157356,-109.507126,56.836285,-107.33219,46.492317,-80.149475,39.217537,-83.855576,36.75195,-80.96695
"Fannin County, Georgia",United_States,34.86,-84.32,28.465967,-80.74243,24.593086,-49.678783,32.234238,-38.467983,30.970695,-64.74666,34.299114,-80.879654,33.214684,-83.58047
Evros (regional unit),Greece,41.1667,26.0833,49.26532,62.50336,26.105091,37.47288,23.133446,12.329463,41.15741,28.337307,42.416588,42.912132,36.23175,16.145771
"Fairfield County, Connecticut",United_States,41.23,-73.37,59.536022,-118.130005,36.547195,-58.46562,56.734276,-99.50033,36.491253,-58.801765,40.031513,-81.18198,42.393696,-81.744484
Faizabad district,India,26.7833,82.1333,23.832275,29.621758,26.080019,76.92423,16.35426,95.36133,30.69117,56.21551,32.825623,82.01953,26.648853,85.50468
Fahs-Anjra Province,Morocco,35.7333,-5.66667,22.868544,26.472275,12.525761,14.014753,4.017317,49.91659,5.6995316,41.518112,24.77805,44.533424,29.160728,24.95313
Eunpyeong District,South_Korea,37.6027,126.929,11.281454,152.7119,21.532263,95.89368,18.383303,69.64075,19.104683,57.081017,30.260975,122.99823,36.486115,120.28711
"Evandale, Tasmania",Australia,-41.5702,147.247,-25.415241,113.583786,-42.183517,136.57596,-16.696468,94.28418,-42.96769,138.57028,-37.39225,134.93132,-38.62287,145.4427
"Erie County, New York",United_States,42.75,-78.78,22.800701,-65.08009,37.62639,-54.09483,37.728107,-53.67459,37.855785,-38.170807,42.565582,-73.68492,44.05209,-73.23614
Drenthe,Netherlands,52.9167,6.58333,49.08017,-19.447968,61.40374,-26.59989,43.824608,3.1290424,40.911507,3.1265793,50.353737,-2.5998974,59.3406,-16.388905
Drâa-Tafilalet,Morocco,31.32,-5.33,26.469545,23.76829,23.746374,-14.339727,-1.9817734,95.31143,-6.1407185,127.13411,38.1014,28.309238,35.728344,-7.612252
Downtown Missoula,United_States,46.8722,-113.994,36.193806,-88.87395,39.225243,-89.941025,37.585403,-65.13205,53.858055,-78.4356,38.188843,-100.25597,37.791016,-96.44436
Dauan Island,Australia,-9.414,142.539,-25.448917,158.62506,-10.978821,86.94573,5.345522,42.11553,12.50296,33.641598,10.924438,94.147415,-2.5079765,160.9446
Eastern Slovenia,Slovenia,46.0833,15.45,32.81723,17.545156,27.899038,49.021584,26.746815,36.096107,32.115604,18.95026,49.908066,18.8644,41.756386,36.308422
Eastern Switzerland,Switzerland,47.3,9.3,48.834213,-4.230299,24.409391,42.557438,35.550125,15.972748,37.608124,15.404921,52.466217,-5.1761303,47.29266,3.0713453
"Eastern Province, Rwanda",Rwanda,-1.75,30.5,6.506571,24.065903,4.459589,38.331676,9.902611,23.059673,12.147068,23.102587,0.7036114,21.585447,-3.7296104,29.199856
"Eaton County, Michigan",United_States,42.59,-84.85,39.4869,-109.88135,46.107956,-62.755142,46.47116,-77.71088,50.303772,-64.016014,43.478157,-86.57811,42.34954,-84.796555
Eastern Cape,South_Africa,-32.0,27.0,-26.008686,47.868607,-6.4597054,34.056194,-6.220051,29.411102,2.31641,24.2797,-39.44348,44.66909,-36.32836,35.3836
"Dunalley, Tasmania",Australia,-42.8833,147.8,-12.677063,105.85011,-37.685287,156.74693,-49.003376,154.80153,-34.24835,137.6596,-34.81231,135.59909,-42.591133,152.85359
East Khasi Hills district,India,25.5667,91.8833,4.1760387,73.42619,13.522774,73.92165,19.866632,45.015285,20.331955,51.070816,24.687548,97.84259,22.957386,91.403206
"East Region, Singapore",Singapore,1.34959,103.957,-2.1312141,139.2506,2.5904808,90.874435,5.099554,88.82473,6.7181225,79.189735,-3.211937,106.8714,1.565155,90.98522
East Siang district,India,28.07,95.33,22.074965,123.68982,14.106992,93.340675,14.887377,81.752045,16.641514,107.432045,26.268059,120.17142,26.990328,97.01057
East Singhbhum district,India,22.8,86.1834,27.250668,67.58032,16.673157,64.16529,17.08749,49.654797,19.319168,72.507576,28.418869,82.44618,22.026016,83.406876
Dún Laoghaire–Rathdown,Republic_of_Ireland,53.3,-6.14,35.79923,46.468803,28.71247,23.09035,28.669708,33.292995,37.999977,-19.684212,31.084967,-2.2465992,51.001717,-14.725308
Děčín District,Czech_Republic,50.7817,14.2147,35.29871,28.026436,28.889816,9.238057,29.116842,7.486148,32.587635,-17.407204,47.840363,18.957193,50.60727,17.300453
"Fayette County, Tennessee",United_States,35.19,-89.41,21.41116,-91.351364,42.17791,-97.13492,33.433437,-91.054214,37.34357,-69.42326,34.618572,-85.140884,35.030556,-82.176765
Nizamabad district,India,18.6833,78.1,17.094711,69.597946,20.927725,53.86048,28.819033,42.49519,21.206223,77.0437,20.248434,82.44608,17.957928,77.60245
Niujie,People's_Republic_of_China,39.8864,116.363,53.61708,86.521194,44.268707,86.62315,35.997547,42.03564,41.893074,91.35074,39.38803,97.36296,37.36409,118.63572
Nippes,Haiti,18.45,-73.1,21.246078,-27.570538,24.55247,-38.5337,20.02419,-22.979166,24.224222,8.138565,25.19369,50.483994,27.683668,-37.792297
Nicoya,Costa_Rica,10.1062,-85.4862,9.571374,-96.42149,28.594194,-89.98537,27.880308,-21.110867,7.1584034,-43.83921,15.039068,-85.45816,10.73576,-80.37888
"Noosa Heads, Queensland",Australia,-26.387,153.091,-20.25206,139.69574,-38.46421,148.69543,-29.381119,114.30513,-46.123238,149.19601,-22.42372,135.4176,-25.747658,144.97308
North Karelia,Finland,63.0,30.0,50.444828,47.549744,42.266647,29.466778,34.161884,3.0101326,34.653778,51.32472,59.169518,42.424873,63.380028,37.837894
North Athens (regional unit),Greece,38.05,23.8,26.606483,31.94923,20.907047,29.604269,20.83026,28.631443,30.020397,17.589615,38.592297,30.15707,36.171604,9.134741
Nord-Est (department),Haiti,19.6678,-71.8397,28.937325,-49.03111,7.4225483,-50.68666,7.1291046,-19.167439,27.018866,-25.654877,39.58146,-4.395117,30.49423,-9.836766
"Feng County, Jiangsu",People's_Republic_of_China,34.674,116.618,37.650864,88.348145,36.924908,89.39653,33.393433,71.95168,36.66902,59.03977,27.698019,130.30002,33.336185,106.667694
"Fentress County, Tennessee",United_States,36.3805,-84.9325,33.16812,-108.028275,44.293816,-85.68579,39.729324,-50.511868,38.805622,-64.93894,31.720045,-80.50641,35.29135,-87.76602
"Fingal, Victoria",Australia,-38.4211,144.861,-24.00521,108.991974,-19.330967,127.39422,-14.039818,123.706375,-24.168732,122.47544,-36.685272,156.66216,-47.186256,160.84009
Far West (New South Wales),Australia,-31.9567,141.468,-44.198017,137.77473,-6.1384277,87.83231,-3.3618355,81.62597,-2.2969398,91.67219,-35.840004,144.22066,-32.203735,134.79384
"Forsyth County, Georgia",United_States,34.22,-84.13,27.813543,-114.264084,34.72364,-40.101654,39.011795,-44.77762,36.46435,-57.521217,33.82817,-87.27731,34.041046,-83.11426
"Forster, New South Wales",Australia,-32.1806,152.512,-20.703423,97.37674,-14.109489,97.91217,-5.932152,86.15533,-12.699341,95.730316,-29.875483,141.57074,-32.40895,153.11174
"Foxground, New South Wales",Australia,-34.7174,150.771,-30.77546,112.1075,-17.514614,111.274666,-22.67606,119.11796,-18.98077,117.51336,-34.724915,147.7636,-38.121056,164.18779
"Angelina County, Texas",United_States,31.26,-94.61,45.68572,-110.670456,32.592155,-61.591553,32.594685,-71.41534,29.250378,-58.06254,31.74741,-91.04706,31.865078,-98.89128
"Barnstable County, Massachusetts",United_States,41.72,-70.25,31.15273,-66.64338,44.20153,-82.97193,40.8983,-45.36291,45.543076,-41.750458,39.169197,-77.87587,38.035767,-70.04061
"Fish Creek, Victoria",Australia,-38.6833,146.083,-20.827087,104.13574,-7.0764313,39.508152,-5.456291,23.171112,-9.306343,8.596598,-35.033295,139.17612,-44.269073,158.88925
Flying Fish Cove,Australia,-10.4261,105.673,-3.6616192,123.07106,26.58986,-18.12811,26.528828,-35.322876,32.47135,-55.087708,21.180258,-11.265303,-27.905983,117.45869
"Flagler County, Florida",United_States,29.47,-81.3,27.501686,-97.77927,32.167088,-103.20061,28.518648,-91.160126,37.830997,-93.66385,29.183428,-87.16388,28.544882,-88.24316
Flekkerøy,Norway,58.069,7.9895,47.351974,-11.807995,16.620152,-43.38708,9.488857,-100.06506,17.006208,-49.51391,61.71486,18.248102,61.71897,23.954792
Darrang district,India,26.75,92.5,25.19303,103.12155,28.337397,75.43292,24.38235,67.62551,30.584688,77.754196,16.84216,100.62401,32.12624,79.20264
Agago District,Uganda,2.83333,33.3333,14.317058,28.926304,11.11834,68.777885,20.876284,41.535385,19.104683,57.081017,0.8246994,15.706299,-0.7018204,42.398045
Agra district,India,27.0833,77.9667,20.116524,69.98309,27.866993,44.68766,15.398296,45.639107,28.16529,75.79883,28.616203,83.44585,22.366333,83.18212
"Agnes Water, Queensland",Australia,-24.2125,151.903,-12.77499,102.24687,-3.424057,91.66313,5.458708,88.86979,3.9218616,80.47909,-26.411901,145.90686,-25.011932,139.24797
Adansi North District,Ghana,6.28333,-1.51667,11.708001,13.982862,10.217146,45.859825,17.163311,50.215767,9.999007,56.87584,-9.616758,64.307816,6.23526,-2.1133442
Addis Ketema,Ethiopia,9.03395,38.7322,16.538506,46.99845,19.128468,0.92972744,26.687948,-6.273572,12.924753,34.50944,11.146221,-2.3400612,7.52536,49.42254
Admiralteysky District,Russia,59.9167,30.3,40.63488,25.14143,33.932125,44.353252,18.383303,69.64075,19.104683,57.081017,54.57255,77.70273,52.652016,54.2225
Afar Region,Ethiopia,11.8167,41.4167,5.5386887,20.878868,14.795083,36.58876,19.615685,15.37196,16.825668,22.862164,8.04907,47.45537,8.645441,42.48692
Adelaide Plains Council,Australia,-34.4379,138.512,-3.3130112,102.22093,-12.562012,85.406296,-3.9128342,88.02511,-15.646469,72.02081,-54.10019,178.14122,-35.386063,155.07103
"Adventure Bay, Tasmania",Australia,-43.3667,147.333,-31.718437,77.74533,-7.596672,55.888145,0.10087967,30.727152,-5.336952,54.192757,-34.277786,126.818726,-36.96505,141.65958
Afadzato South District,Ghana,6.99226,0.425589,13.116966,12.66024,-0.82842445,70.86806,-9.780891,99.92343,-9.70417,94.05289,1.9296951,44.70443,1.0867252,15.554413
Aksaray Province,Turkey,38.4308,33.8622,38.227516,30.477348,32.80794,24.091694,28.441206,8.497195,26.875292,41.040306,44.684677,38.431557,39.92596,30.238148
Dai County,People's_Republic_of_China,39.0636,112.943,62.172897,96.34271,36.080055,61.528408,39.36153,50.616947,35.69369,51.7754,35.353035,122.78557,29.934563,79.23758
Dajia District,Taiwan,24.3471,120.623,21.134632,121.70671,32.277016,106.89968,13.617897,63.51835,23.835148,74.49417,28.347715,111.79927,27.050512,117.47486
Dakshin Dinajpur district,India,25.22,88.76,27.868923,41.794704,18.725193,84.878296,21.524418,79.78758,18.844166,104.22485,27.50819,85.937744,27.95722,91.332306
Cunnamulla,Australia,-28.0702,145.682,-32.653202,138.71637,-29.80706,152.32196,11.857311,63.165375,-24.826569,167.59717,-17.625387,132.25743,-19.47913,130.45084
"Cummins, South Australia",Australia,-34.25,135.733,-28.243279,123.509415,-28.041462,121.108536,-15.130531,93.29151,-30.32668,135.81015,-33.871643,137.4697,-33.01101,130.29494
"Currency Creek, South Australia",Australia,-35.4539,138.758,-32.210114,95.68489,-17.036118,77.751724,-16.079636,83.10726,-17.887108,66.46633,-35.20057,134.74129,-35.52455,137.04578
"Cygnet, Tasmania",Australia,-43.15,147.067,-34.49646,112.114456,-30.153568,108.38813,-18.32286,105.9274,-22.526886,121.33241,-33.907562,137.08815,-42.062897,161.96635
"Dargo, Victoria",Australia,-37.4833,147.267,-28.66129,103.3078,-46.147873,134.2071,-12.905445,113.15537,-34.937824,110.960205,-35.55729,135.20389,-32.497787,147.01508
"Daly Waters, Northern Territory",Australia,-16.2621,133.379,-32.062065,131.99852,10.483332,38.47361,19.22858,30.142948,12.574404,23.084639,-28.642588,143.1225,-27.878258,146.75258
Daliao District,Taiwan,22.5963,120.414,17.0371,103.59338,15.835306,85.818214,24.088114,59.315094,19.104683,57.081017,15.223572,111.459946,29.843828,122.500946
Darkhan (city),Mongolia,49.4689,105.957,48.22158,38.864693,34.719162,48.167416,18.37822,58.823204,32.011223,66.46593,30.546816,37.84018,38.28163,66.85345
Dao County,People's_Republic_of_China,25.527,111.601,29.297054,108.44641,34.065178,35.210495,28.87579,19.470432,33.69793,18.688715,26.03546,128.57591,32.91504,110.65069
Daniel Campos Province,Bolivia,-20.1167,-67.8,-7.5838337,-46.690266,12.314781,-23.011278,9.076323,-24.0158,10.053715,-27.837147,-9.420656,-47.51179,9.1446,-33.04374
Amethi district,India,26.1689,81.7994,28.984789,118.90732,24.3087,80.27598,24.13013,72.37857,21.399334,76.17407,31.047592,73.84359,22.28452,81.78639
Amhara Region,Ethiopia,11.6608,37.9578,23.934805,25.146042,3.36512,45.986458,14.6737995,18.926033,3.3580685,67.26152,6.182741,39.142937,13.0150795,43.109364
Alytus County,Lithuania,54.3869,24.0433,58.091583,14.668793,58.671898,-15.019271,45.98118,-14.825775,48.672604,-20.49791,52.417213,24.692842,51.514523,27.904896
"Amiens, Queensland",Australia,-28.5986,151.816,0.0806694,121.85014,-19.680298,138.37294,-11.898956,112.41204,-10.712055,114.877045,-23.11194,154.38031,-21.879429,143.08296
Alo (Wallis and Futuna),France,-14.3094,-178.124,-4.492712,70.80669,10.850327,17.248987,23.582455,-3.6824656,-2.8794975,39.69276,2.2690773,35.265724,-9.565144,44.88884
Al Wahat District,Libya,30.0,22.0,26.019932,43.48065,30.169952,24.878597,31.219873,46.36649,28.19459,13.407897,15.0256,73.34587,24.490269,37.69085
Cuando Cubango Province,Angola,-16.0833,19.5,4.3440933,-38.763958,-5.39925,-10.703049,11.914206,-9.090376,-15.036243,5.387686,-5.8516407,-37.98129,5.972452,25.17731
Cuanza Norte Province,Angola,-9.01667,15.0667,5.3510094,-53.38027,-5.7155495,-19.884077,4.423826,-2.629785,-1.3939266,-19.239143,-10.77001,-10.504236,3.236349,5.416221
Cuanza Sul Province,Angola,-10.6333,14.5,-1.0245628,-3.2839098,-7.3314285,-2.233208,4.029667,7.410658,-7.9545364,19.219698,-12.833174,0.7975235,2.186386,11.2259655
"Cumberland County, Kentucky",United_States,36.78,-85.39,47.465916,-83.090485,38.636864,-55.192387,41.6481,-68.51185,41.25601,-50.932236,39.962593,-83.83351,36.1557,-79.800255
Anadyrsky District,Russia,65.28,172.649,43.980988,-9.737214,29.28524,41.998493,22.711617,70.18461,27.740795,45.30423,49.25624,58.885033,64.43317,75.65438
"Amphitheatre, Victoria",Australia,-37.1667,143.417,-17.199741,105.53496,-15.222683,51.52463,-18.110142,67.86046,-23.308743,47.12426,-30.39792,106.75374,-57.92301,166.9931
Amuria District,Uganda,2.03333,33.65,9.5963955,35.43406,16.036575,53.313892,28.669085,47.89197,18.626997,60.178066,8.285215,47.629574,0.82788086,39.7743
"Leyburn, Queensland",Australia,-28.0122,151.584,-17.580254,147.37772,-20.172314,148.06984,-16.524147,133.22087,-16.40995,128.8244,-21.418024,155.34901,-23.74717,144.7958
"Lightning Ridge, New South Wales",Australia,-29.4333,147.967,-24.455154,112.28702,0.56868553,73.389915,1.7105465,57.673763,2.2535706,74.63454,-34.486275,146.89676,-31.904892,152.24614
"Linton, Victoria",Australia,-37.6833,143.567,-29.51862,84.73752,-13.41087,90.77861,-2.13842,72.63547,-21.04277,101.17226,-38.785255,149.66249,-41.68123,147.28178
"Loch, Victoria",Australia,-38.3689,145.706,-23.963837,125.16257,-3.5150223,90.63873,-7.6243896,106.39115,-2.8743477,102.347885,-32.484634,137.23212,-26.187065,140.17287
"Loch Sport, Victoria",Australia,-38.0578,147.569,-19.20045,110.43964,5.8198185,65.088326,-2.646244,84.01648,2.1706047,77.79097,-19.01507,110.94725,-36.477364,143.50156
Anping District,Taiwan,22.9935,120.165,12.209881,119.350174,23.730635,112.58378,18.887936,43.570415,24.712593,100.10706,20.228394,122.84212,28.283016,106.253746
"Lewiston, South Australia",Australia,-34.6044,138.591,-13.815491,92.51485,-17.469105,80.307884,-19.496723,95.85978,-13.9545555,71.72551,-33.49411,139.7727,-40.596863,149.77684
"Longford, Victoria",Australia,-38.1642,147.087,-8.956959,93.13406,-25.751556,113.910965,-14.670109,125.87651,-29.789703,134.43689,-40.449432,151.92418,-43.29454,154.62871
"Lee County, Kentucky",United_States,37.59,-83.72,40.6542,-91.792816,38.925926,-46.81444,39.83101,-23.507044,38.131306,-24.93187,39.25817,-82.526825,36.672382,-83.5985
"Arapahoe County, Colorado",United_States,39.64,-104.33,18.442299,-71.52896,42.538345,-118.28937,27.403389,-87.01837,45.742012,-111.41645,38.831253,-93.64372,35.500748,-94.291824
"Bent County, Colorado",United_States,37.95,-103.08,40.018105,-119.93756,42.548622,-76.4084,42.39077,-61.292583,43.660202,-93.57889,37.390186,-100.51582,36.929462,-100.20045
"Lewis County, New York",United_States,43.79,-75.45,48.70256,-143.29373,31.26567,-34.19456,33.09791,-38.90057,32.583523,-28.138332,43.098145,-78.294266,43.936855,-78.06307
"Leon County, Florida",United_States,30.46,-84.28,24.20449,-66.553314,28.612936,-65.78834,24.943413,-88.61853,26.444712,-65.27429,27.788826,-78.776566,28.066902,-79.84556
Lesser Antilles,Caribbean,14.2333,-61.35,41.345695,-137.93102,35.707,-85.27129,31.626883,-21.585629,21.078705,-44.347237,12.407547,-30.87233,11.802027,-83.86293
Apulia,Italy,41.0,16.0,46.045616,9.364664,48.829826,-10.834438,42.72737,62.958702,30.156155,66.04636,42.67217,15.712938,37.048534,32.418915
Aragatsotn Province,Armenia,40.4167,44.1667,32.781475,41.097466,19.806257,14.130527,17.201584,34.721123,25.592243,34.76311,46.645546,40.763783,41.175644,45.71914
"Longgang District, Shenzhen",People's_Republic_of_China,22.7209,114.247,28.323788,93.87372,26.106466,119.53307,14.054514,114.27749,18.14087,116.62755,22.725199,124.30786,26.318342,112.39522
Longido District,Tanzania,-2.6174,36.4364,7.593199,36.45392,16.450863,55.559734,18.383303,69.64075,12.031667,57.559082,-0.24936485,12.579209,-2.2002068,29.15926
Lofa County,Liberia,7.91667,-10.0,4.748991,38.059902,20.680527,-4.737303,24.179611,30.56661,13.917774,4.907583,32.012314,-25.942596,9.13442,0.13277721
Lovozersky District,Russia,67.0,38.0,56.552197,31.087887,34.33408,64.4534,18.383303,69.64075,19.104683,57.081017,56.241516,72.49156,62.3488,74.47017
Lower Dir District,Pakistan,34.85,71.85,16.877762,142.15517,39.40698,3.1057725,37.432747,13.348258,33.923676,15.40352,18.898857,75.273834,31.978361,67.825195
Lower Dibang Valley district,India,28.1445,95.8417,24.7989,75.952805,27.237617,16.37333,25.590006,1.6633377,23.85598,25.376144,20.302872,90.43007,23.734642,92.95205
Los Ríos Province,Ecuador,-1.76667,-79.45,2.552576,-75.82413,20.367947,-35.977985,24.25528,-26.98466,15.694409,-27.90944,-15.0663395,-67.35954,-31.354225,-82.10767
Limón Province,Costa_Rica,10.03,-83.22,6.4322968,-88.88394,20.312862,37.420185,9.285316,49.366028,11.2726555,44.274548,-5.1524143,-59.337208,9.33901,-62.621212
"Liberty County, Texas",United_States,30.15,-94.81,52.30993,-118.563034,39.09398,-78.47882,36.23234,-76.81428,32.64263,-89.532646,31.717169,-88.53668,29.580877,-94.99155
Llanquihue Province,Chile,-41.3333,-72.8333,-39.991215,-43.70323,-14.049648,-14.005533,7.014738,2.2777526,-6.7012177,10.037228,-10.240099,-75.151596,-16.991116,-53.661633
Lintao County,China,35.3794,103.856,30.200304,110.67636,35.20214,44.77311,36.270382,28.877216,37.012585,34.73374,34.232788,113.79396,33.952065,109.29528
Malkangiri district,India,18.25,82.13,8.854343,97.72452,10.462702,81.45852,6.6145554,74.772194,18.195158,81.50198,25.066122,83.08989,16.810215,84.07608
Malvinas Argentinas Partido,Argentina,-34.45,-58.63,-32.198666,-6.083997,-14.741104,-88.42205,-5.9602394,-64.80683,-22.012703,-93.22855,-29.59484,-66.4272,-47.380287,-74.68134
Makamba Province,Burundi,-4.26417,29.8167,2.1136513,27.809902,-2.2119255,0.5820211,4.261896,40.051857,-3.4274616,55.222122,0.22464561,46.848328,-9.173344,34.728836
Malda district,India,25.0,88.15,24.587797,124.559296,22.472189,50.69483,21.434895,95.0315,18.769592,97.495445,27.578926,83.14018,27.51241,80.10912
"Manatee County, Florida",United_States,27.48,-82.36,22.95123,-42.18801,26.276184,-101.4672,28.536148,-67.60515,30.677357,-73.96973,29.478016,-88.421875,31.465527,-80.20071
"Caldwell County, North Carolina",United_States,35.95,-81.55,16.948109,-66.28288,26.62753,-48.011173,31.278057,-53.767418,26.03697,-49.85672,37.815403,-82.01767,38.054737,-82.838394
Manabí Province,Ecuador,-1.05222,-80.4506,-13.910015,-52.47523,23.0208,37.90048,4.017317,49.91659,5.44816,74.21893,-4.241373,-80.79585,0.43700027,-67.91533
Mancherial district,India,18.8715,79.4444,17.44436,29.057426,22.826868,68.42808,18.383303,69.64075,17.769234,85.82724,23.646036,47.544415,19.91056,78.10663
Mandera County,Kenya,3.41667,40.6667,10.196207,38.538033,19.489834,5.4923086,30.037424,5.5789566,27.685686,6.4451427,13.944295,28.935484,2.0227833,35.736347
Mandya district,India,12.52,76.9,27.035305,69.15164,17.898537,75.094124,22.172373,39.57782,19.05282,90.91826,14.419679,87.833984,15.059385,81.565475
"Madison County, Idaho",United_States,43.79,-111.66,36.781548,-139.42647,47.57422,-88.13289,45.259514,-79.94001,42.090347,-79.31656,41.350235,-115.114685,43.89207,-113.469635
Madou District,Taiwan,23.1833,120.25,23.908718,109.52794,16.024569,82.77273,21.465265,60.515312,30.06523,47.951675,23.784218,90.58696,25.973375,107.70363
"Macomb County, Michigan",United_States,42.67,-82.91,43.27545,-66.59989,52.020557,-96.959885,53.676186,-99.422806,53.15852,-59.715134,42.683502,-92.48724,42.087852,-86.32613
Mahabubabad district,India,17.6,80.0,30.285666,47.791218,23.673855,78.39055,18.383303,69.64075,26.197727,69.57866,24.082739,84.103485,17.896534,78.46696
Mahajanga Province,Madagascar,-16.75,46.25,0.8742027,64.950485,-0.2665882,7.2944303,3.1767063,51.4749,-1.9519882,48.343716,-5.143461,24.963152,4.696377,29.518082
Mahoba district,India,25.29,79.87,19.348011,67.366135,15.728102,81.72816,21.151392,43.628063,22.457012,89.86732,22.814545,84.195465,24.8051,74.83388
"Mahoning County, Ohio",United_States,41.02,-80.77,37.569794,-69.709984,52.464165,-94.96228,50.53971,-71.44882,38.101948,-78.580795,38.93539,-80.89972,39.3362,-90.31819
"Magoffin County, Kentucky",United_States,37.7,-83.06,48.69848,-97.022675,33.96352,-71.63403,37.923058,-76.345894,40.70971,-57.4944,41.023888,-86.31143,37.71009,-83.80843
Shirak Province,Armenia,40.8333,43.9167,30.624317,58.179928,27.65348,21.885445,27.352476,8.914794,25.41791,43.235443,40.46586,42.737362,41.61477,51.550537
Sinoe County,Liberia,5.33333,-8.66667,9.145837,-71.34081,20.823475,-31.485088,30.59771,2.1428015,19.900372,3.369936,26.502945,80.99573,10.172241,-5.2062597
Sirdaryo Region,Uzbekistan,40.4167,68.6667,21.207506,74.66521,14.119796,71.58799,6.9325066,37.641087,15.7244215,50.043846,27.569376,71.48343,34.80342,60.25932
Sik District,Malaysia,5.83333,100.75,9.630366,113.27905,31.39808,85.609726,12.159561,69.060585,28.289791,78.76817,24.152016,95.134125,28.434204,93.08316
Sikar district,India,27.21,74.44,32.82756,44.599182,18.565926,77.92628,16.877642,92.0076,25.348028,69.58532,31.062387,84.54692,26.621284,79.18056
Silistra Province,Bulgaria,43.9167,27.1667,26.562689,68.15408,25.165987,40.29484,13.24411,54.44846,18.647041,53.73567,31.55955,15.995942,40.482574,36.435448
Sirmaur district,India,30.64,77.44,28.31526,32.64324,25.20848,49.44536,19.665707,49.698223,23.71146,72.933174,30.144585,87.410934,28.735292,88.34545
Sirsa district,India,29.54,75.03,4.4311047,123.31706,24.053009,83.43441,27.067888,65.75725,35.411594,63.391777,34.697624,84.0571,26.881376,77.768036
Sitapur district,India,27.5,80.9167,20.541508,131.4052,28.610243,70.490166,14.708221,98.64027,24.81293,64.180435,28.970901,88.3969,24.760334,83.891525
Sivaganga district,India,9.71667,78.8167,21.151516,83.270584,23.088596,73.34905,20.980392,79.83496,19.311394,84.806366,17.954401,87.18141,15.483166,81.16806
Sivasagar district,India,26.9844,94.6314,36.690414,155.15126,33.521664,53.597153,25.832342,29.861834,31.117153,71.04019,26.658892,82.7543,24.60355,84.457085
Slavonia,Croatia,45.45,17.9167,48.33203,-27.110783,44.174194,-3.1985693,40.965115,-15.715824,53.284363,37.08809,52.570442,37.110004,49.238472,19.528387
Skåne County,Sweden,55.9953,13.4418,53.207367,-16.777088,40.620308,17.393423,44.157055,35.191475,48.343033,0.7061634,54.638054,21.121193,59.471497,19.720499
Shughnon District,Tajikistan,37.5833,71.75,32.45893,37.84998,24.7271,55.05071,18.383303,69.64075,19.104683,57.081017,19.018959,37.874382,37.77336,82.1972
Shuyang County,People's_Republic_of_China,34.1144,118.769,42.123184,131.18839,30.497904,59.250195,30.15427,39.241604,34.415897,60.531994,33.35629,114.19238,35.009365,116.54246
Shivpuri district,India,24.8686,77.1894,31.073605,57.77071,29.899765,50.083565,11.917547,79.07579,22.76341,83.59019,23.036137,79.002975,24.274902,83.635185
Siddharthnagar district,India,27.0,82.75,25.16684,101.1637,29.15917,57.830345,18.383303,69.64075,25.03582,71.972694,25.881254,77.72185,22.28575,81.76197
Sidi Bernoussi,Morocco,33.6072,-7.50528,14.573658,31.122204,15.6667,53.342495,14.22043,48.14011,42.642776,-1.5595951,30.991653,8.183505,38.670097,-4.4545755
"Lumpkin County, Georgia",United_States,34.57,-84.0,32.02874,-50.276764,33.86219,-65.0742,32.01129,-56.424274,38.22937,-70.502266,33.35628,-78.621765,33.451557,-88.459404
Lujiang County,China,31.2556,117.288,15.980811,120.27974,31.59344,60.385887,36.953987,9.502791,30.86141,45.52313,29.714685,94.60144,33.712933,118.371254
Luanda Province,Angola,-8.983,13.283,5.7726793,3.2031155,5.3912487,-12.032334,-8.402817,23.650904,-5.0721035,13.512486,-8.085455,-6.9553185,-2.3468475,7.336875
Lubok Antu District,Malaysia,1.05,111.833,2.4601612,106.17308,26.751019,88.528275,40.501846,49.32555,23.833942,78.6781,7.7499256,80.14075,7.9444447,111.459785
Lüshunkou District,China,38.8534,121.25,34.112827,130.12271,32.47146,28.459492,38.109524,17.047955,31.862194,17.191938,34.806595,106.642365,30.51443,129.72368
"Lackawanna County, Pennsylvania",United_States,41.44,-75.61,51.947044,-32.973503,43.176643,-90.7604,54.406456,-79.296074,53.504356,-77.99145,40.684895,-73.50667,39.50765,-81.69137
Thiruvananthapuram district,India,8.48,76.94,16.844046,15.539417,11.557737,71.636826,19.147024,90.57894,13.792741,69.56644,18.551203,83.026535,18.190462,74.39239
"Erath County, Texas",United_States,32.23,-98.22,29.58954,-82.550995,34.74809,-97.80244,40.64468,-71.45103,30.785267,-83.297485,32.120335,-93.00874,31.304209,-98.5147
Thoothukudi district,India,8.803,78.1445,3.618702,100.03969,17.516838,68.58883,16.094944,81.25617,19.044489,83.83521,22.142477,64.80661,12.764545,79.562004
Androy,Madagascar,-21.5036,45.2094,-6.3017616,41.60768,-7.362465,35.347355,41.65792,19.282251,6.1543045,33.94393,37.797882,-4.48864,1.7107964,18.587894
"Nam District, Busan",South_Korea,35.14,129.08,18.16426,104.410446,16.119503,110.066925,15.13945,114.96879,20.102745,107.334885,28.054373,148.90733,38.72255,125.18136
Namakkal district,India,11.219,78.167,4.689356,79.14334,26.874868,66.020836,16.160133,76.14511,16.768461,73.44351,23.719955,76.09042,15.648451,82.816414
Namangan Region,Uzbekistan,41.0,71.1667,12.496926,95.65611,20.730976,47.369465,10.025921,41.27713,23.48952,50.206314,0.106630325,69.1395,38.01339,67.14254
"Moyhu, Victoria",Australia,-36.5667,146.367,-21.873878,110.64313,-43.006683,147.26201,-56.414913,171.40451,-33.626884,120.72578,-38.504562,167.3918,-40.273277,132.46523
"Moyston, Victoria",Australia,-37.3,142.767,-26.860332,58.8924,-40.775063,111.72833,-56.414913,171.40451,-33.1676,137.71255,-36.55066,148.31139,-35.505394,141.79494
Mubende District,Uganda,0.6,31.4,-1.442276,54.372192,7.0630493,32.41445,10.05793,55.526688,7.003872,59.26695,-5.3906612,45.55358,2.0390797,20.0951
"Mount Wilson, New South Wales",Australia,-33.5,150.383,-19.59121,151.44633,-8.177216,82.24275,-9.213791,74.582726,-8.459305,68.89981,-30.661268,139.30856,-37.74827,154.45232
"Mount Larcom, Queensland",Australia,-23.8102,150.979,-22.64154,107.49661,-11.873695,116.31202,-7.348324,98.56735,-6.236946,97.91548,-23.880037,140.09242,-27.471409,149.77449
"Mount Macedon, Victoria",Australia,-37.4,144.583,-33.076805,175.19592,-22.652596,127.82291,-14.297585,128.72641,-20.082066,134.23996,-36.898483,147.083,-39.92457,145.5333
"Mount Pleasant, South Australia",Australia,-34.773,139.051,-25.1114,140.02855,-15.424217,93.07566,-18.16798,101.817406,-14.311642,84.619095,-34.19993,133.3982,-41.444824,146.77487
"Mount Surprise, Queensland",Australia,-18.1455,144.318,-6.161274,74.563,-7.5917206,90.74068,-8.510872,97.779625,-4.896677,84.82524,-24.284903,146.76591,-28.70654,159.67093
"Mount Mulligan, Queensland",Australia,-16.8558,144.874,-9.994589,140.57439,-8.951904,90.065,-8.678452,87.14024,-3.7229729,81.05895,-22.643553,149.39258,-24.08551,146.17729
"Murchison, Victoria",Australia,-36.6167,145.217,-36.275093,164.26324,-44.584045,107.16994,-26.835857,121.85782,-46.12738,121.40776,-43.45475,157.1545,-45.94873,149.70479
Mundubbera,Australia,-25.5881,151.299,-36.46373,166.2024,-29.1871,130.36298,20.748077,60.02165,-22.221077,157.1026,-29.06595,119.095505,-24.774448,150.56677
"Mount Cottrell, Victoria",Australia,-37.7739,144.631,-29.774181,132.0944,-7.8199577,78.35625,-3.6500664,77.67578,-7.030712,70.95389,-40.206566,148.81169,-38.170708,138.88156
"Monbulk, Victoria",Australia,-37.878,145.411,-29.429321,119.88356,-44.11844,163.68082,-56.414913,171.40451,-42.56553,155.58392,-28.271448,146.51361,-36.69586,142.12003
Molonglo Valley,Australia,-35.3192,149.042,-28.972408,124.05522,-4.3041,79.04599,5.3002796,3.2877738,-12.091293,63.22299,4.465929,45.586136,-29.352798,140.07745
"Moe, Victoria",Australia,-38.1722,146.268,-45.109722,161.16788,-18.71061,117.11147,-11.622616,75.42371,-12.27322,106.0907,-36.14138,135.0351,-15.302921,72.62008
Morogoro Urban District,Tanzania,-6.82222,37.6653,7.1688395,14.599367,5.200241,48.52806,15.823357,36.42036,6.6758747,37.34543,-6.2428646,30.500996,-2.275505,25.245846
Mosman Council,Australia,-33.8333,151.25,-11.409634,195.61818,-16.270988,110.72208,12.887005,89.69047,-4.0014477,91.119644,-30.059095,150.05238,-34.86461,141.66115
"Mount Beauty, Victoria",Australia,-36.7333,147.167,-4.136238,128.5041,-10.720806,82.90623,-18.555542,96.12281,-10.053295,97.174225,-40.654366,148.33565,-37.78936,153.07858
Moreton Bay Region,Australia,-27.2933,152.93,-36.953365,164.1709,3.344574,66.538475,11.385763,17.98483,4.897011,60.936687,-28.883677,130.63208,-20.507164,141.75456
Mooroopna,Australia,-36.3833,145.35,-46.189877,134.63663,-34.92074,111.7666,5.9778557,49.849747,-17.0904,122.137245,-22.0507,140.58263,-43.20199,158.09872
Mongar District,Bhutan,27.1667,91.1667,20.638197,84.741776,28.07255,72.405174,19.276327,65.68257,32.977722,23.762793,29.16446,67.610016,29.95539,104.617
"Monroe County, Ohio",United_States,39.73,-81.08,39.35135,-61.923336,42.136105,-92.89661,47.874832,-95.58659,36.15712,-64.41924,39.885357,-84.493454,39.342804,-83.7084
"Monroe County, Pennsylvania",United_States,41.06,-75.34,52.894356,-79.1815,41.06532,-83.87881,48.720192,-90.07691,44.535492,-66.37996,40.55914,-73.13374,42.048004,-79.427956
Montagnes District,Ivory_Coast,7.4,-7.55,7.1703806,54.943874,27.693073,3.503192,19.04862,37.171337,16.04132,14.446141,27.004944,-2.255827,26.251965,3.2540045
Momsky District,Russia,66.45,143.217,34.48207,38.228745,27.737728,65.35731,18.383303,69.64075,19.104683,57.081017,31.133343,42.125263,52.920624,68.346985
"Montgomery County, Ohio",United_States,39.75,-84.29,48.412155,-91.80733,43.590942,-81.998665,44.90621,-91.776505,39.574734,-60.751556,40.580746,-90.74071,37.26664,-75.34963
"Montgomery County, Georgia",United_States,32.17,-82.53,39.253006,-84.13585,36.324577,-47.565834,38.47583,-60.159058,40.82646,-56.30719,34.372047,-86.597015,31.848303,-75.66869
Montserrado County,Liberia,6.5,-10.5,2.6350937,-14.869789,25.724512,-22.855173,30.70314,20.522985,23.592316,-2.7239037,18.451656,-15.813007,10.69199,0.8150501
Moravian-Silesian Region,Czech_Republic,49.78,18.03,45.118355,13.412575,4.460657,48.68104,20.23698,30.083307,24.984068,33.659977,42.768,34.583084,52.63642,22.094074
Morazán Department,El_Salvador,13.775,-88.098,12.747138,-83.532,27.055243,-50.049896,29.381792,-42.166832,19.026545,-23.837421,7.252672,-72.787735,10.809454,-82.06763
Morena district,India,26.5,78.0,28.482155,10.998707,13.120846,19.932322,18.462261,62.769684,28.680233,-11.621902,11.274643,-37.801296,16.776688,-4.1816015
"Morgan County, Georgia",United_States,33.59,-83.49,52.97989,-104.378815,31.304045,-41.382164,28.862114,-27.524742,30.841274,-49.501945,35.473152,-82.30026,33.883854,-85.93028
"Morgan County, Kentucky",United_States,37.92,-83.26,39.81672,-87.8589,36.532116,-62.47469,30.853409,-51.10803,32.696144,-46.87825,40.51854,-85.16495,38.655342,-88.22364
Mkushi District,Zambia,-14.0,29.5,4.261982,27.470829,5.085518,48.323647,18.383303,69.64075,4.6051826,41.12734,3.6943111,52.001434,-7.988453,11.469654
Muzaffarabad District,Pakistan,34.3167,73.65,32.592667,55.217873,22.380156,69.22514,11.368509,96.43431,20.92331,66.009796,29.115555,59.572388,32.42951,73.80719
Multan District,Pakistan,29.9333,71.3667,5.727437,60.305584,28.567144,72.94772,10.799316,74.926025,19.573238,85.502106,36.291046,69.53145,33.925453,63.028416
Mêdog County,People's_Republic_of_China,29.325,95.333,22.005762,121.472275,37.683853,-27.420902,40.965218,-21.410765,43.334465,-12.557804,36.519943,91.29146,35.15193,113.73472
Mpumalanga,South_Africa,-26.0,30.0,-10.73069,27.644623,-34.689117,32.721325,-17.77702,37.483486,-30.38239,-3.5777283,-27.649149,8.652417,-31.75077,31.089893
"Nairne, South Australia",Australia,-35.0333,138.917,-9.7433815,80.320465,-22.257816,127.740036,-18.441212,106.12607,-28.587532,108.21878,-34.163574,136.50192,-33.837013,135.18243
Namayingo District,Uganda,0.283333,33.85,3.9408398,39.116272,12.572735,54.758286,18.383303,69.64075,19.104683,57.081017,3.198431,64.53288,-0.57414246,35.786648
Nanango,Australia,-26.6708,152.0,-6.731386,179.62016,-6.6474304,139.49573,10.426767,26.393087,-27.680557,180.03763,5.5610485,16.142044,-26.791653,141.4462
"Nabiac, New South Wales",Australia,-32.1,152.383,-21.142555,117.67514,-27.786373,126.53984,-22.67606,119.11796,-15.532398,111.87213,-31.969786,143.6116,-31.79226,152.83775
Muswellbrook Shire,Australia,-32.2667,150.9,-14.918812,124.276794,-34.105515,165.41727,-18.93393,103.29968,-17.029995,141.47583,-30.027086,139.66731,-29.601608,146.56929
"Myponga, South Australia",Australia,-35.4055,138.47,-28.82188,92.900085,-46.949577,154.21748,-52.5911,178.47906,-41.182533,149.47632,-35.27511,139.47473,-32.79342,130.69298
Shire of Central Goldfields,Australia,-37.05,143.733,-28.768822,136.5177,-11.244953,96.22844,-13.173801,83.85176,-8.94054,90.5353,-41.240112,156.73315,-42.214195,157.92168
"Mylor, South Australia",Australia,-35.05,138.75,-12.117802,96.2343,-27.920208,139.25032,-21.913982,131.05058,-22.813053,120.74588,-32.732323,139.53938,-33.483734,134.71278
Avellaneda Partido,Argentina,-34.6667,-58.35,0.7536068,-68.110916,-17.45644,-73.70639,3.4080143,-55.180443,-12.644108,-62.59188,-17.323935,-78.784744,-41.084488,-63.749905
Ayano-Maysky District,Russia,57.5,136.0,32.366318,35.10757,23.859097,53.4149,18.383303,69.64075,19.104683,57.081017,50.682007,70.91689,57.63794,71.41702
Murzuq District,Libya,25.9,13.9,22.065031,52.195396,29.239067,42.81439,23.452293,22.644358,23.240267,42.637924,27.159739,42.586784,27.609241,33.62445
Auraiya district,India,26.4667,79.5167,0.8125019,89.00925,14.143334,78.649414,13.265541,66.6875,22.064682,69.832016,23.485672,73.00769,22.983665,75.77283
Azamgarh district,India,26.6,83.19,10.371029,86.45299,24.690918,68.195625,34.49639,57.5198,29.05392,88.772385,27.27155,77.448456,25.320976,83.72377
Baalbek District,Lebanon,34.0069,36.2039,45.548294,4.436697,28.56576,21.846712,22.275154,71.60721,16.718056,50.92639,31.669525,18.55018,33.901672,18.425905
"Pawnee County, Oklahoma",United_States,36.31,-96.7,43.072517,-102.463776,40.868607,-118.18969,29.626312,-63.437626,44.85714,-110.228874,37.36778,-93.56598,36.930164,-95.958496
"Philadelphia County, Pennsylvania",United_States,40.01,-75.13,62.425095,-107.826996,47.12582,-98.085106,54.07672,-108.83711,49.151627,-92.535286,43.442604,-70.11243,40.477,-85.50184
"Pike County, Indiana",United_States,38.4,-87.23,43.157845,-87.01921,41.631786,-72.239365,30.982994,-58.662674,39.44303,-69.83924,39.175835,-84.35718,39.374138,-85.75568
"Pike County, Ohio",United_States,39.08,-83.07,29.940273,-122.11087,44.364834,-80.60274,41.455975,-71.413216,38.98433,-65.717865,39.956627,-82.2686,39.937023,-84.4823
"Pittsburg County, Oklahoma",United_States,34.93,-95.75,52.864098,-103.1875,38.324356,-108.42129,37.05552,-58.550697,44.216835,-88.6432,36.21356,-94.89172,36.094284,-99.14797
"Keya Paha County, Nebraska",United_States,42.88,-99.72,33.94708,-72.859604,43.09819,-53.537144,22.043186,-18.90515,32.75362,-41.34066,36.706142,-89.46788,39.623154,-102.865616
Kufra District,Libya,24.0,23.0,21.895414,24.510204,12.094078,37.763496,31.25092,46.823338,27.311646,35.59465,23.08227,11.285675,31.273247,31.515457
"Polk County, Florida",United_States,27.96,-81.7,20.578232,-79.2397,38.950382,-95.94607,31.44983,-94.74748,29.999489,-80.20732,30.101349,-79.97812,31.458023,-79.891045
"Polk County, Texas",United_States,30.8,-94.83,35.989346,-78.26573,40.64367,-99.44926,35.163914,-100.09104,29.658394,-89.80897,31.874659,-89.74696,31.78571,-93.72708
"Stonewall County, Texas",United_States,33.18,-100.25,41.43365,-106.357925,40.847214,-90.16101,33.54875,-67.463776,38.830647,-106.622444,31.837234,-96.90013,32.832233,-99.27185
"Sumter County, Florida",United_States,28.71,-82.08,33.98586,-99.20621,30.20695,-93.151375,34.528473,-95.86947,31.94158,-85.8679,30.249878,-80.98558,31.176525,-84.80022
"Switzerland County, Indiana",United_States,38.82,-85.03,31.798246,-72.87254,40.062645,-48.656216,40.493034,-50.824562,39.54377,-56.025284,44.2038,-93.800354,39.516575,-85.47816
"Polk County, North Carolina",United_States,35.28,-82.17,32.35019,-97.88254,30.649141,-61.58925,30.675276,-66.133675,22.426336,-47.5624,37.631447,-73.39833,38.453148,-79.09016
"St. Lucie County, Florida",United_States,27.38,-80.44,36.320206,-89.01898,33.322014,-49.738647,32.195732,-30.89881,35.273018,-37.560425,28.721277,-81.60147,30.115967,-83.563705
"Pontotoc County, Oklahoma",United_States,34.72,-96.69,25.501612,-59.945995,43.902985,-99.570625,41.991657,-57.406166,46.480675,-83.20015,36.332302,-101.1346,38.548866,-93.89473
Portalegre District,Portugal,39.2911,-7.43194,25.684454,17.089458,18.195683,29.18945,12.846863,34.452778,24.210337,4.128437,10.583788,-15.5867,13.102158,-26.19048
"Stanly County, North Carolina",United_States,35.31,-80.25,40.76883,-90.21777,25.032345,-49.016933,31.170677,-40.27383,25.331802,-36.5757,36.39515,-79.65672,36.54081,-87.870346
Banaskantha district,India,24.1731,72.4314,24.831152,110.29025,17.739683,86.25926,13.742842,62.01998,24.923735,71.305405,27.202738,84.33287,22.194214,81.54249
Shire of Barcoo,Australia,-25.2878,141.972,-24.135265,123.53133,-17.454021,122.7939,-11.155434,87.30064,-18.59497,128.78317,-37.993225,150.8768,-25.097504,145.21748
Aïn Chock,Morocco,33.5406,-7.5875,24.295353,12.722614,40.17894,-21.063362,26.915764,-13.7114315,34.32813,-19.156132,26.154797,18.37632,27.237368,-6.438321
"Baiyun District, Guangzhou",China,23.1574,113.273,21.512577,115.997635,22.4334,122.902084,20.708527,105.144104,13.469256,108.14865,17.615177,124.4341,27.635956,113.612686
"Hopkins County, Texas",United_States,33.15,-95.56,28.469938,-61.480038,36.409714,-80.84297,35.97455,-80.259995,29.797398,-68.09294,30.492395,-94.73288,32.05553,-98.083176
"Hamilton County, Indiana",United_States,40.07,-86.05,36.728592,-78.7014,39.04269,-78.66359,38.563248,-67.5927,35.058624,-77.905396,37.189552,-88.2964,39.63804,-76.70625
"Fulton County, Pennsylvania",United_States,39.92,-78.11,56.69323,-50.454502,38.811897,-65.27631,41.452885,-70.26315,45.757957,-60.037003,38.15805,-77.61371,42.144432,-73.97088
"Harper County, Oklahoma",United_States,36.78,-99.65,36.992706,-146.48718,43.272816,-85.86196,36.69095,-62.127792,40.70719,-70.94424,39.778896,-94.52516,37.861126,-98.85745
"Hendricks County, Indiana",United_States,39.77,-86.51,29.385433,-78.41727,43.789722,-86.742195,37.840397,-78.355194,33.10963,-86.971954,39.221817,-84.053604,37.81954,-80.23269
"Hamilton County, New York",United_States,43.66,-74.5,55.787277,-76.84361,30.590185,-37.23473,31.878052,-33.43296,28.936504,-33.39671,41.02653,-76.91585,44.269005,-78.10855
Frýdek-Místek District,Czech_Republic,49.6856,18.3506,36.293236,39.515015,39.74562,4.8413,36.304768,7.1045237,28.632034,12.18099,51.6902,15.085409,51.569748,12.885512
Žďár nad Sázavou District,Czech_Republic,49.5628,15.9397,41.660744,51.72068,38.73588,22.23507,35.227802,37.611446,30.465466,28.961039,42.648792,17.228762,50.98841,12.950181
ǁKaras Region,Namibia,-26.5667,18.1333,-12.5151825,25.949303,12.864891,44.92332,19.767097,25.338198,17.402897,38.976334,4.2266865,-21.613247,-22.739544,23.328678
"Emmet County, Michigan",United_States,45.58,-84.98,54.658558,-122.05478,42.257362,-77.47805,40.047794,-71.75925,47.58312,-67.523705,45.6035,-87.96098,42.587307,-87.20005
"Fayette County, Pennsylvania",United_States,39.92,-79.65,50.817066,-134.99342,42.23467,-92.05398,42.322998,-99.144615,46.703068,-78.25537,41.535736,-80.208405,41.72997,-77.11848
"Franklin County, Indiana",United_States,39.42,-85.06,29.441793,-95.00046,34.219837,-71.18809,33.889412,-80.20322,31.30856,-77.680756,39.080814,-86.021255,39.80096,-84.43664
"Franklin County, Texas",United_States,33.18,-95.22,36.449684,-77.28601,30.668316,-76.31292,36.644894,-91.09073,28.44819,-88.16451,31.60815,-93.91994,31.524052,-97.585365
"Fayette County, Texas",United_States,29.86,-96.93,36.66597,-144.30519,37.020897,-97.833206,33.760155,-102.7912,35.92302,-90.89987,33.043987,-92.18442,31.185186,-94.54873
"Ballan, Victoria",Australia,-37.6,144.25,-36.549706,144.00607,-28.294594,143.34554,-7.4306755,140.95312,-34.157925,175.07135,-30.95238,131.85526,-38.71109,149.2135
"Balmoral, Victoria",Australia,-37.25,141.85,-29.182945,139.76404,-30.190376,113.322014,-20.130829,102.70452,-29.521748,124.414444,-32.91012,117.78261,-47.149643,161.62665
Bandar Abbas County,Iran,27.55,56.3667,28.959023,90.53667,26.849087,54.023815,30.438812,72.229126,21.958996,70.503784,29.062677,50.73285,32.013107,48.093903
Bangkok,Thailand,13.7525,100.494,11.454842,77.12082,11.112017,103.71342,-7.7451286,109.5421,6.4778137,124.86349,15.984366,88.54668,19.381502,122.898895
Bannu District,Pakistan,33.0605,70.5522,40.267395,53.841843,32.886417,45.8956,17.199915,89.40382,34.61824,59.38828,29.077698,55.124886,30.158886,73.06205
"Ayr, Queensland",Australia,-19.5744,147.407,-23.737633,188.2221,-3.1011124,116.75969,-16.546913,112.75889,-6.7133236,79.478455,-23.720854,155.95929,-26.859253,148.78647
"Tagab District, Kapisa",Afghanistan,34.7972,69.6792,34.335556,50.528454,34.999268,56.09663,25.354029,41.691315,40.081017,21.76662,20.267033,65.72035,32.850372,57.414257
Murqub District,Libya,32.65,14.2667,27.797974,49.722897,23.706984,66.11928,18.383303,69.64075,19.104683,57.081017,23.536861,45.400017,26.05935,45.87575
Bago District,Myanmar,17.7333,96.6,24.343037,81.51204,12.389654,90.88822,20.404346,53.99869,17.689919,64.77102,-2.8697453,59.512913,7.8796864,108.06364
Maku County,Iran,39.45,44.6167,43.59883,17.338192,15.919862,31.5631,41.448593,-7.3816214,11.615606,37.843452,22.813122,111.88144,3.9269905,36.693577
"Maldon, New South Wales",Australia,-34.2034,150.63,-20.449131,100.35748,-14.575027,121.97586,-10.690117,107.73814,-11.826534,126.78177,-34.610435,149.3863,-33.232727,153.81325
"Maldon, Victoria",Australia,-36.9917,144.067,-33.539555,129.56764,-25.073452,149.39116,-15.573635,122.50157,-26.31118,164.25797,-42.79573,162.62164,-39.816895,148.11046
Maffra,Australia,-37.95,146.983,-31.967285,126.274765,-39.118584,135.4466,25.42265,120.47976,-25.385159,139.80371,4.0198326,75.10409,-33.14392,138.96994
Cairns Region,Australia,-16.9233,145.774,-30.728977,147.88048,-3.686798,73.04218,-4.3216095,73.08634,-9.800041,80.9798,-35.018402,139.83669,-28.43452,148.40797
MacDonnell Region,Australia,-26.5931,118.491,-23.72739,99.17148,-4.0947227,54.32336,4.7270756,76.76725,-1.1727638,60.00931,4.7949944,35.072037,-19.256706,109.30946
Luuka District,Uganda,0.7,33.3,7.509554,32.9564,10.687939,74.76381,18.383303,69.64075,13.828181,60.207283,-3.1994228,53.06414,-1.755825,48.953842
Lyantonde District,Uganda,-0.416667,31.1667,3.114544,44.817127,4.6226425,63.164776,18.383303,69.64075,17.080044,49.130466,9.5770035,52.070568,5.0597324,27.730568
Lower Subansiri district,India,27.8,93.6,16.96706,108.344086,24.684385,50.470367,23.753214,49.780582,27.5627,41.143402,23.11877,95.30443,25.838053,92.73434
"Lucknow, New South Wales",Australia,-33.3464,149.162,-14.662476,81.169754,-16.481579,124.85271,-13.50827,111.016975,-7.346115,110.21133,-32.261856,161.93602,-31.06329,149.4775
Shire of Torres,Australia,-10.5833,142.2,-41.540672,149.84357,-9.46125,80.33155,-11.775608,71.52495,-4.73662,54.898388,-18.116919,61.67066,-11.158962,100.470436
"Silverdale, New South Wales",Australia,-33.9422,150.58,-15.505123,99.11464,-8.010475,97.48444,-6.738991,91.4213,-2.2365055,74.86476,-33.822876,150.3206,-34.59594,153.34775
"Silverton, New South Wales",Australia,-31.8667,141.233,-23.059631,130.27597,-12.12933,79.68944,-11.220409,77.810295,-9.451294,69.217636,-34.603218,151.39781,-33.847557,152.9532
Simanjiro District,Tanzania,-4.41,37.18,6.137065,32.915993,13.013418,52.748463,18.383303,69.64075,19.104683,57.081017,14.839032,92.11592,-7.876976,61.563313
Sipitang,Malaysia,5.08333,115.55,5.8694468,77.165436,-22.06461,141.71855,26.405094,60.83706,5.1924095,102.714775,12.6582575,57.80981,4.4953194,148.15501
"Sisters Beach, Tasmania",Australia,-40.9167,145.55,-27.277828,102.03786,-5.1980095,51.84448,2.4317513,32.407032,-6.2913074,53.691948,-33.51435,117.77124,-37.14361,147.38254
Sila Region,Chad,12.2236,21.4144,14.633076,11.538683,7.491171,22.181917,8.5127735,-0.8106303,3.6533432,65.85441,18.806736,53.797974,10.665831,32.776745
"Shoreham, Victoria",Australia,-38.427,145.05,-11.967171,100.51999,-10.5425,105.57434,-8.120209,86.062836,1.9289875,73.1359,-33.618813,136.42471,-37.006653,150.42212
"Smoky Bay, South Australia",Australia,-32.3765,133.937,-10.844021,79.40619,-14.051155,80.773254,-13.372231,72.540955,-9.504795,74.18564,-32.241714,134.2812,-35.85949,135.71716
Zhengyang County,China,32.6061,114.393,31.923262,72.98079,44.315895,44.51805,39.149796,-9.706065,38.60244,37.57779,36.46982,107.92206,35.49803,117.39603
Sukma district,India,18.4,81.6667,11.320263,85.4117,0.6775837,110.450966,26.257374,59.010303,8.422161,126.10912,22.316261,79.3517,25.873165,81.366425
"Śródmieście, Warsaw",Poland,52.2333,21.0167,45.245632,37.692535,41.70439,-18.157894,45.834328,-0.041632533,53.483345,-6.3878136,52.88012,21.463732,50.27437,28.625446
"St Leonards, Victoria",Australia,-38.1667,144.717,-19.957512,82.88815,1.8931293,111.49794,6.9310036,76.57027,5.5264854,72.24677,-42.13996,147.67133,-40.116623,160.59729
"Stanley, Victoria",Australia,-36.4,146.767,-17.457794,123.45111,-16.031868,83.04276,-14.9531975,79.17046,-24.051422,77.75274,-34.55732,143.588,-34.78888,143.36827
"Stansbury, South Australia",Australia,-34.9167,137.783,-17.443394,73.92331,-31.222313,106.86171,-26.010605,121.14835,-28.465466,108.177864,-29.414492,123.29306,-35.237144,139.01634
Ölgii (city),Mongolia,48.9683,89.9686,25.24549,88.36247,14.47053,40.44659,9.424589,57.823517,25.673557,32.638786,46.79065,42.7351,39.13428,85.34078
Zombo District,Uganda,2.5,30.9,11.885572,31.074661,17.567251,22.6607,22.547102,38.111214,15.567385,15.269952,-2.490158,20.773817,-1.1075172,39.070686
Zunheboto district,India,26.0167,94.5167,18.892178,78.43707,22.423,75.458755,18.383303,69.64075,17.221504,86.48038,16.918324,78.91884,26.032782,99.96159
Łomża County,Poland,53.1667,22.0833,64.06677,17.348421,40.771168,4.519684,41.749756,10.767542,38.136364,-2.7669945,58.263893,15.462073,52.18112,28.131763
Ústí nad Orlicí District,Czech_Republic,49.9667,16.4,49.61669,9.168285,44.293316,30.002647,33.032093,43.773224,35.82813,26.279825,42.76391,21.249878,51.932697,12.436534
Yuendumu,Australia,-22.255,131.795,-9.347073,107.45532,-4.2204056,118.73491,18.156761,33.161316,-25.842503,96.00341,0.85554504,78.78677,-18.14626,108.746
"Strathalbyn, South Australia",Australia,-35.2667,138.9,-26.322319,124.742874,-47.899773,172.63216,-36.100483,153.02112,-43.86116,156.31851,-25.166697,121.97287,-35.30597,141.75888
"Strathbogie, Victoria",Australia,-36.85,145.733,-17.60173,103.20166,-46.280235,157.87813,-35.500248,122.83885,-30.962074,131.83327,-36.450706,141.87865,-37.697266,145.15506
"Stuart Town, New South Wales",Australia,-32.8,149.083,-24.896194,143.4641,-6.5262527,87.3622,-8.931911,90.378494,-4.9484425,87.67361,-28.50781,148.85808,-38.499565,162.29048
"Stony Creek, Victoria",Australia,-38.5833,146.15,-19.078259,100.479385,-8.485573,61.434326,-4.1431503,31.074503,-15.597023,25.696234,-30.840204,122.46109,-34.23127,125.06982
Sudhanoti District,Pakistan,33.715,73.6858,20.58683,101.40013,24.177668,73.19182,18.383303,69.64075,19.104683,57.081017,18.272022,65.090454,26.402765,70.326546
"Delta County, Michigan",United_States,45.78,-86.87,47.863842,-84.32004,39.27772,-56.04263,42.299328,-80.4696,40.177505,-60.86425,43.21402,-82.25957,43.454914,-85.996414
"Delta County, Texas",United_States,33.39,-95.67,24.737865,-60.996185,32.27742,-63.41499,39.13378,-87.98238,31.134285,-81.75663,31.273354,-92.63768,31.338232,-94.86823
Subarnapur district,India,20.85,83.9,41.875763,84.10129,26.711493,70.91605,12.093561,58.106632,21.43761,82.533295,26.359882,78.22658,24.799522,82.09379
Starorussky District,Russia,58.2667,34.1167,75.33984,-6.002769,41.328743,42.841297,18.383303,69.64075,27.0624,38.600193,54.81197,72.4434,52.17128,70.73017
Zhenning Buyei and Miao Autonomous County,China,26.0581,105.77,27.47238,76.39032,31.146326,62.799076,21.433723,65.31584,27.939054,59.590187,36.92423,109.73366,31.893702,101.87126
"Zhenyuan County, Guizhou",China,27.0491,108.43,32.253937,52.987625,38.83393,93.46625,35.56589,40.262173,37.61587,66.177605,29.900726,109.02257,29.056244,107.951225
Zhongmu County,China,34.7333,114.0,20.134466,72.54848,38.9664,29.780722,39.149796,-9.706065,39.297424,-23.597908,31.296227,111.56474,35.355236,120.47628
"Zhongshan District, Taipei",Taiwan,25.0689,121.533,27.566128,97.85185,16.720234,121.40988,13.822592,133.72087,15.71797,118.74527,22.732498,118.27577,28.690258,110.6587
"Zhongzheng District, Keelung",Taiwan,25.1478,121.772,23.683735,101.83841,26.533596,113.17294,21.998127,105.12967,13.735475,122.72848,25.988203,120.33,26.733185,125.29541
Zhongzheng District,Republic_of_China,25.0317,121.516,33.6611,96.4393,28.64689,117.15151,18.654184,110.339745,19.784899,103.96709,27.683363,106.55887,23.718414,124.90426
Zell am See District,Austria,47.35,12.7,29.244875,39.791122,36.271282,6.0598793,32.863934,6.950224,45.36434,13.131103,39.40557,9.133896,43.43519,25.30658
Zadar County,Croatia,44.018,15.895,40.403816,20.01123,46.46299,-6.0593104,47.882812,6.75183,39.964237,50.09928,43.41294,15.992247,45.94388,12.3578
Yuseong District,South_Korea,36.362,127.356,19.484453,68.69275,11.456516,100.24159,18.383303,69.64075,19.104683,57.081017,31.206095,119.50975,34.640656,126.094406
Zaire Province,Angola,-6.26667,14.2333,-5.199341,-28.807362,4.1574345,-14.83483,6.683359,16.6735,5.085808,-18.618965,15.273213,20.093914,0.41783524,27.516602
Zapolyarny District,Russia,67.6667,53.1333,36.49948,33.457554,32.480515,71.777275,18.383303,69.64075,34.184605,43.148182,49.003277,58.26584,60.875977,74.77853
"Lenwood, California",United_States,34.8833,-117.1,38.710125,-118.50299,42.424988,-152.0534,31.63489,-156.80975,32.15535,-102.575264,37.041714,-121.25011,38.083866,-116.52526
"Leon, Iowa",United_States,40.74,-93.7464,49.827576,-105.91182,31.784748,-91.22952,27.993328,-118.99112,29.836912,-81.93551,40.92844,-91.93744,41.461323,-88.88356
Leonessa,Italy,42.5667,12.9667,42.48378,27.407616,48.149796,50.00319,36.157803,66.08472,33.546143,46.003742,30.642117,28.663652,27.68277,-3.9027195
Lenk im Simmental,Switzerland,46.45,7.43333,37.79293,27.833797,40.497917,30.737827,30.306107,33.852215,54.812855,-14.207478,52.943512,-3.670744,47.637665,2.7373972
Les Anglais,Haiti,18.3,-74.2167,24.208496,-21.445465,34.721695,-3.6100426,33.820976,-79.19702,11.07505,-24.517773,26.781815,-4.521452,33.383114,-14.008241
Lepoglava,Croatia,46.2074,16.0437,50.070877,-4.084258,54.20278,-9.035084,41.635887,-15.886227,54.87124,6.533518,43.05887,3.4129877,51.53116,11.143705
Leova,Moldova,46.4833,28.25,45.580112,-5.7495837,43.51158,-10.174388,50.40525,25.054852,42.75482,35.467957,28.796602,11.697691,41.817154,36.0949
"Leland, Mississippi",United_States,33.405,-90.8972,38.75862,-106.813965,56.47685,-112.09584,44.497234,-139.99786,47.032654,-108.830666,35.84749,-87.184265,33.390755,-86.31278
"Leisure City, Florida",United_States,25.4942,-80.4361,20.541174,-67.35364,25.100044,-39.117207,24.480125,-32.643143,22.660927,-40.324356,27.108301,-75.633575,28.670868,-87.16723
"Leisuretowne, New Jersey",United_States,39.8934,-74.7082,29.167374,-38.76796,30.029135,-45.853848,28.349155,-52.41872,21.59857,-29.685051,38.602646,-66.429245,39.54416,-77.28909
Lendava,Slovenia,46.5631,16.4519,42.8142,6.017638,64.80604,-64.166916,26.735332,-15.264352,66.46738,-54.015205,39.870827,36.201736,51.22987,16.439182
"Lenah Valley, Tasmania",Australia,-42.8656,147.282,-30.466694,100.382904,-23.21526,99.170166,-3.400322,36.221367,-13.669563,72.699524,-35.09501,130.05652,-38.265167,144.8736
"Lengnau, Aargau",Switzerland,47.5167,8.33333,42.873367,-60.336094,54.011345,3.3581944,40.13473,49.440353,53.24041,-5.4520073,42.790127,11.9092,41.03635,4.97214
Lengyel,Hungary,46.37,18.367,46.783424,20.3574,45.282475,-52.721695,43.610905,-24.540483,60.55219,-49.25126,58.566044,14.742245,39.174595,34.52972
Lemington,England,54.972,-1.723,47.871468,43.42797,69.7684,-68.95193,25.716133,36.59211,59.44772,-11.606457,57.78267,-19.49046,52.274925,0.35824585
"Lele, Nepal",Nepal,27.57,85.34,29.742397,43.73816,22.143574,31.118385,10.248604,89.45343,2.1328335,74.574524,22.982485,71.40903,18.260849,63.38084
Les Breuleux,Switzerland,47.2,7.0,48.525085,-40.352722,36.259525,-10.360552,31.198732,-57.001194,2.6585312,-9.190495,30.874105,-7.925068,45.624825,-14.017123
Leszno,Poland,51.8458,16.5806,37.570274,54.776016,29.45873,29.340958,53.180748,-7.7304983,66.80559,-12.955742,49.001442,29.788137,53.03889,7.8664393
Lesser Poland Voivodeship,Poland,50.0614,19.9383,58.359413,-1.4567103,48.522552,15.054303,46.177208,44.64689,40.794174,26.239388,41.401066,14.348195,52.05371,18.46974
Levice,Slovakia,48.2164,18.6081,34.603806,-15.468925,52.282524,48.80504,23.30971,51.904274,55.484497,1.5277729,62.531372,-1.2367496,31.201448,9.462871
"Levelland, Texas",United_States,33.5872,-102.378,33.877678,-103.30362,26.312656,-147.23447,23.504745,-60.678577,37.936928,-138.66974,33.26948,-100.41843,33.72356,-98.91052
Letcombe Regis,United_Kingdom,51.576,-1.453,59.689877,-43.646366,47.38433,-35.200558,38.955112,-24.933939,53.489876,-44.35498,44.296776,4.4729767,52.099083,-7.9978495
Les Moulins Regional County Municipality,Canada,45.75,-73.6,37.824215,-36.165646,23.131227,0.6908177,20.39193,-6.5725765,17.066473,-6.2812386,28.238958,-43.422817,44.850815,-69.37519
Les Pays-d'en-Haut Regional County Municipality,Canada,45.95,-74.1333,57.081932,-75.20729,22.691185,0.3874814,21.608202,-4.6796637,11.862792,1.2698154,34.282784,-54.876255,46.745182,-69.510796
Les Collines-de-l'Outaouais Regional County Municipality,Canada,45.55,-75.8667,30.548489,-49.43064,22.691185,0.3874814,21.608202,-4.6796637,11.862792,1.2698154,38.41442,-73.112686,44.5955,-76.537575
"Les Îles-de-la-Madeleine, Quebec",Canada,47.3833,-61.8667,27.622572,-47.10507,38.316948,-37.557236,39.72939,-84.42328,25.933258,-52.428825,41.14608,-67.749084,51.018654,-69.26705
"Arad, Israel",Israel,31.25,35.2167,25.56004,-7.3298674,27.0802,24.385721,36.401787,41.895954,17.26818,17.52095,28.11136,28.720905,36.351192,34.802383
Aragua,Venezuela,10.25,-67.6,-15.685249,-32.968346,-11.858673,-21.018658,17.586994,-49.44877,-5.7008324,-69.80175,13.33442,-62.31593,1.9963055,-88.32373
"Aramo, Syria",Syria,35.6265,36.1316,40.062683,-0.9793768,32.548546,20.120163,41.383766,43.054523,31.709839,29.540329,37.841217,23.011972,33.974804,39.048855
"Arandas, Jalisco",Mexico,20.7042,-102.346,19.39519,-57.68393,17.889992,-89.76636,23.265923,-82.6828,14.89129,-87.67251,28.39894,-84.82625,24.314857,-94.96007
Arambagh (community development block),India,22.88,87.78,23.872272,88.52542,21.410961,51.12226,29.210285,33.24858,24.885712,63.16278,23.137135,79.56926,23.336868,82.39057
Aprica,Italy,46.15,10.1333,42.307037,-7.2492614,43.63646,-19.412779,36.198208,27.030602,35.068096,11.751253,29.179594,15.279449,37.044235,32.087006
Appleton Thorn,United_Kingdom,53.3508,-2.5441,44.6855,12.935293,34.731304,3.0633144,25.248663,-22.054533,46.09317,-9.307541,26.277073,27.509056,53.43503,-2.361517
"Appledore, Torridge",United_Kingdom,51.0525,-4.1945,43.122696,-1.3328218,44.259033,-16.098484,25.328362,58.139103,56.04246,27.824463,42.740627,4.9835644,50.26707,12.814402
Apperley,United_Kingdom,51.95,-2.2,46.281128,29.857033,60.72944,-3.0792918,49.629543,12.869874,41.668415,29.404934,53.74037,3.005681,57.139122,-30.109596
Appiano Gentile,Italy,45.7333,8.96667,52.48669,-23.074478,48.189743,15.577992,47.888306,-35.272675,59.638123,-56.510574,47.087326,16.213696,41.99437,10.8791
"Appleton, Wisconsin",United_States,44.2667,-88.4,53.12314,-114.389404,48.513653,-99.1684,42.010002,-94.112854,52.88375,-92.26041,39.507645,-81.26558,42.766975,-89.58739
"Aquilonia, Campania",Italy,40.9878,15.4753,21.5229,2.6076622,15.374219,53.899822,12.703325,29.910316,19.688568,38.230915,34.982975,25.441076,38.718094,13.726526
Leconfield,United_Kingdom,53.879,-0.456815,77.22122,-8.000351,58.502434,30.143604,56.70292,-8.389551,51.940792,6.559973,53.62882,-28.830471,5.218647,79.01678
"Leipsic, Delaware",United_States,39.2408,-75.5169,40.339035,-58.75919,47.799484,-108.095055,50.077972,-76.27459,60.319817,-129.01443,44.8779,-80.692856,38.225273,-79.8376
"Leigh, Greater Manchester",United_Kingdom,53.4975,-2.515,47.28849,37.530777,34.506786,-0.45127034,32.35488,43.571987,26.540958,27.61818,48.404205,2.6645632,53.434498,-2.0732145
Leinster,Republic_of_Ireland,53.3478,-6.25972,51.125774,41.758076,31.045986,68.1525,20.942467,110.91749,47.983322,-7.351486,41.642193,14.467244,53.676956,1.2915487
"Leigh, Kent",United_Kingdom,51.196,0.22,52.86257,-20.71544,42.38426,25.758759,41.795185,23.409653,30.711065,39.0811,44.187283,-1.2574348,55.16958,-4.941743
"Leesburg, New Jersey",United_States,39.2567,-74.9875,25.808556,-43.19807,32.907978,-58.931244,36.393993,-62.343445,33.496216,-46.41356,41.12624,-74.34364,41.351295,-71.91742
Legnago,Italy,45.1944,11.3125,41.159332,29.198898,46.739815,3.7395587,36.46114,-11.240642,47.813095,25.079578,45.363167,9.02583,43.761627,10.272753
Legnica,Poland,51.2083,16.1603,34.631298,40.269547,62.451122,14.306106,60.79361,49.259315,50.465237,81.24875,57.563004,19.939688,50.666,1.2953253
"Lehi, Utah",United_States,40.3878,-111.849,25.320889,-80.619934,41.99703,-104.44345,23.989204,-52.153614,40.527687,-107.17341,37.112217,-103.769775,33.776974,-108.15754
"Arauca, Arauca",Colombia,7.09056,-70.7617,17.032864,-91.17485,-2.876217,-93.42332,14.400995,-108.80946,5.6734715,-120.35999,7.601612,-94.39926,11.359196,-69.46316
Araucária,Brazil,-25.4167,-49.25,-0.7975731,-15.091558,18.190586,38.36143,32.7758,5.7408752,5.457449,85.72095,-3.9825287,-40.42977,-30.168907,-29.166862
"Arcadia, Pretoria",South_Africa,-25.746,28.221,-10.577934,-13.124883,-3.9343529,24.60644,-2.1593971,51.380367,1.4361095,-12.039078,-30.396624,34.92846,-31.763893,31.854809
"Arcadia, Wisconsin",United_States,44.2519,-91.495,11.544628,-72.39049,39.579353,-92.10165,43.58445,-83.937164,41.82843,-89.96349,42.788696,-89.66078,43.982807,-87.98927
"Lipscomb, Texas",United_States,36.2322,-100.272,27.44118,-80.02707,36.895515,-118.31165,37.664352,-130.26007,44.068546,-130.21521,32.295555,-104.30188,33.523167,-107.55106
Littlehampton,United_Kingdom,50.8094,-0.54089,51.451336,-28.043245,29.150663,6.9528522,45.87141,-27.308764,33.522278,16.680035,56.273724,-8.275187,54.984375,-9.250482
"Lismore, New South Wales",Australia,-28.8167,153.283,-41.813927,182.52798,-20.408092,123.70834,-12.691341,105.97458,-19.694435,123.46954,-37.187195,152.99985,-32.844116,150.72298
Lishui,China,28.468,119.923,36.640816,116.72304,31.856852,125.9491,49.548393,144.04886,38.288162,142.35776,24.67673,147.23492,31.115753,118.75231
"Linton, Cambridgeshire",United_Kingdom,52.0991,0.277,66.28671,-2.032661,47.30211,9.844542,65.05925,-14.788524,42.173737,13.692528,49.846012,6.4877014,50.392574,-2.1477156
Linxia Hui Autonomous Prefecture,China,35.6018,103.21,39.92917,79.71083,22.899965,112.375656,28.59346,130.1585,30.461042,90.21443,35.71243,109.59537,30.54206,101.07447
Llanfair Talhaiarn,United_Kingdom,53.216,-3.607,38.411354,19.336685,36.143547,20.517523,31.337551,58.67263,46.81829,60.46071,58.50515,-0.5088959,53.94412,-8.914079
"Llandilo, New South Wales",Australia,-33.7061,150.745,-16.489594,86.90636,-18.169838,118.86657,-22.67606,119.11796,-11.651218,110.48624,-33.775764,148.76257,-31.503868,150.76202
"Llandrillo, Denbighshire",United_Kingdom,52.922,-3.436,50.802773,13.080776,61.98112,42.99126,55.553333,-6.8183174,52.24447,3.310463,48.394836,2.680932,54.91062,-5.1393194
"Livermore, New Hampshire",United_States,44.0744,-71.3772,39.14264,-67.27173,31.104015,-32.97357,40.728386,-48.36531,33.902283,-53.511215,46.920357,-82.05327,43.645878,-89.34545
"Livingston, California",United_States,37.3869,-120.724,36.402,-129.96646,41.25169,-115.67235,39.070732,-107.97761,39.357826,-105.74328,38.370106,-122.53859,36.410027,-116.93134
"Llandough, Penarth",United_Kingdom,51.4492,-3.19667,30.851297,15.8354435,42.0208,33.72328,14.597822,67.52558,30.231731,55.044018,46.744556,-12.37767,47.338673,-8.1480875
Ljungby,Sweden,56.8333,13.9333,44.073,-11.931675,57.98252,-0.7731606,49.569435,-12.803102,62.65314,-30.155983,58.39592,9.764285,53.430706,-0.9305334
Liyang,People's_Republic_of_China,31.418,119.378,28.606731,98.56543,22.965199,141.53516,55.882576,28.188547,32.189774,129.53526,31.781092,137.66301,29.393587,98.70209
Liberty Village,Canada,43.637,-79.422,53.032433,-53.903625,45.275124,-4.786781,46.188328,-8.108603,27.096786,-26.571392,31.089386,-50.701176,53.327324,-99.96224
Lida,Belarus,53.8833,25.3,73.64003,0.1582489,44.4206,24.366945,33.30687,12.777606,51.129807,-10.70853,28.28508,34.52955,22.692493,38.449562
Licheń Stary,Poland,52.3233,18.36,47.181496,-3.403479,30.179676,22.37193,45.51087,45.227848,26.2485,143.92137,55.36007,5.558715,44.971916,14.81815
"Liberty, Illinois",United_States,39.88,-91.1081,40.535484,-47.641678,44.941185,-101.65124,40.52551,-98.7026,38.725304,-104.73942,40.691643,-87.641785,39.212208,-86.54175
"Lighthouse Point, Florida",United_States_of_America,26.2747,-80.0894,26.22099,-110.830414,25.76555,-58.409973,29.472233,-79.88283,21.182262,-62.365547,23.797285,-78.76906,28.634535,-86.85368
Lignano Sabbiadoro,Italy,45.6833,13.1167,56.037334,45.12991,57.590004,11.223868,52.35563,43.110237,48.1522,-3.5549622,51.058342,1.574131,45.163296,6.8964553
"Ligonier, Indiana",United_States,41.4642,-85.5914,53.072067,-104.8609,41.088528,-125.37545,38.481033,-93.17666,51.290764,-130.1828,39.34708,-79.25688,39.4174,-84.87181
"Leyland, Lancashire",Lancashire,53.692,-2.697,37.462433,35.488327,58.014336,17.657299,52.474148,10.45415,62.688496,-6.821594,49.916084,4.3726006,54.48726,-13.281751
"Leven, East Riding of Yorkshire",United_Kingdom,53.8912,-0.318574,63.94135,-8.070519,40.57241,7.1279616,40.022346,6.685567,37.71733,15.365037,53.096565,-0.70658875,54.18007,-2.4556427
Levenshulme,United_Kingdom,53.447,-2.187,44.638573,-28.113428,41.36279,18.647543,28.474888,113.91676,49.468086,33.616,51.386467,-1.1621284,52.97912,-11.292922
"Levski, Pleven Province",Bulgaria,43.3667,25.1333,26.910484,56.302387,37.23034,-2.6180024,31.763075,20.788439,46.373657,0.56004906,48.231903,13.006092,40.29464,14.356359
"Lewes, Delaware",United_States,38.7744,-75.1394,42.94024,-156.65572,46.54499,-94.19101,48.90191,-55.089817,64.690865,-105.964424,42.589676,-79.68202,35.74996,-93.68938
Lewisham,United_Kingdom,51.461,-0.005,55.705246,25.3961,25.125383,67.00222,38.97067,58.390804,24.778269,40.386917,55.33523,-14.489956,53.975163,10.259569
Lewes,United_Kingdom,50.8747,0.0116667,31.758799,-11.119252,47.107716,-45.98268,45.35953,20.26438,69.65838,-39.63469,52.31446,-12.711817,51.287556,-25.742031
Liaoyang,People's_Republic_of_China,41.279,123.176,32.20993,114.302444,48.423332,165.15298,65.90694,38.659016,64.580444,80.29059,43.43035,117.22804,42.462177,136.60872
"León, Guanajuato",Mexico,21.1167,-101.683,5.4684486,-45.44696,30.817041,-56.78649,34.19778,-64.418175,22.887735,-60.004646,17.124878,-81.95941,23.355015,-95.37596
Lhokseumawe,Indonesia,5.18806,97.1403,14.95599,73.005356,-0.3548069,90.30062,-5.3828506,68.57468,8.576904,100.85372,34.78535,31.141289,1.9703674,122.33052
"Lincoln Park, New Jersey",United_States,40.9238,-74.3042,32.976055,-41.954754,27.59944,-38.026703,25.283545,-38.612907,23.57435,-24.342407,39.999184,-78.43216,40.16742,-77.62061
"Linden, California",United_States,38.02,-121.091,18.426682,-42.471355,35.08454,-97.65421,37.20404,-108.25627,40.0074,-111.622765,38.378864,-114.84413,34.719696,-117.89835
Lincoln–Lemington–Belmar (Pittsburgh),United_States,40.469,-79.896,41.21589,-70.029785,48.153282,-98.36777,38.346226,-56.38339,47.72603,-74.8304,42.57625,-65.580124,35.5292,-82.45353
"Lincroft, New Jersey",United_States,40.3353,-74.1328,50.342888,-43.537674,37.659565,-41.790768,33.556816,-29.044456,32.1574,-37.02883,38.58431,-70.66585,40.210484,-70.15644
"Lincoln Heights, Ohio",United_States,39.2447,-84.4556,19.775045,-71.27528,36.719303,-79.41027,35.315083,-84.81409,28.656,-74.98826,40.003017,-109.46269,43.009148,-85.55315
Linch,United_Kingdom,51.0406,-0.77201,42.13851,-9.143729,39.05815,-43.856808,29.669844,18.967758,44.392273,-43.695427,42.094296,-7.0909405,29.29831,33.35983
Linguère,Senegal,15.3944,-15.1167,13.455207,-7.745571,30.53211,28.622957,40.422676,8.003106,41.655144,-31.10017,34.947666,-20.633812,40.206554,5.029793
Lingwood and Burlingham,United_Kingdom,52.625,1.491,44.019344,25.313618,39.566452,-4.2943206,19.626158,42.765865,42.350044,18.081146,46.302383,0.8940048,51.711647,-7.6866274
Linköping,Sweden,58.4158,15.6253,33.70538,86.73706,29.96711,52.243164,16.502245,45.02964,26.875488,48.79982,56.51715,13.781063,51.884026,31.762932
"Linden, New South Wales",Australia,-33.7156,150.496,-26.088943,124.12024,-9.175549,82.65664,-6.3137436,74.41281,-1.7765064,64.104546,-33.93856,154.14091,-33.90036,152.13531
"Lindenwold, New Jersey",United_States,39.8188,-74.99,44.9368,-34.222645,42.0757,-54.960415,35.712715,-41.068504,34.960014,-45.247345,42.06271,-73.83937,40.708294,-77.19532
"Lindfield, West Sussex",West_Sussex,51.0135,-0.0833,26.561836,69.29787,17.841618,65.68224,37.497425,22.722193,17.190125,54.530556,50.804108,-1.9681168,46.441017,-0.016672134
"Lilli Pilli, New South Wales",Australia,-34.0683,151.116,-27.467968,120.90199,-17.090126,117.47553,-3.4725037,87.487625,-6.328266,110.18435,-36.287956,165.5276,-31.623062,147.99518
"Lily Lake, Illinois",United_States,41.9425,-88.4708,46.593674,-73.22038,30.11631,-55.533947,32.781956,-46.91018,28.561584,-33.054535,41.756348,-83.743744,41.767258,-91.297195
"Likely, California",United_States,41.2306,-120.504,45.0907,-121.64209,35.501686,-93.37166,30.479136,-75.25353,42.89949,-89.90071,40.91639,-127.18587,29.881744,-130.5462
"Likely, British Columbia",Canada,52.6167,-121.564,46.122646,-65.74007,30.589857,-42.262302,28.833153,-48.21882,45.16819,-74.26771,48.562378,-102.07738,40.034924,-94.23852
Limbdi,India,22.5685,71.7949,25.091442,43.364067,24.960218,46.1487,21.36608,10.597247,15.374635,71.93234,18.55297,29.78766,23.902115,80.09995
"Limbé, Nord",Haiti,19.7056,-72.4147,21.558992,-58.570797,44.372513,-13.215105,33.033726,45.464993,46.230957,-5.431576,30.944237,0.23198509,25.531342,-15.12198
Limpio,Paraguay,-25.1683,-57.4942,-2.334568,-40.898838,1.7391567,-77.002914,48.97691,-11.239333,10.706183,-59.158875,24.033546,-33.48833,9.6914425,-45.361156
Limi,Nepal,30.29,81.65,32.702763,42.092747,33.00919,-27.0044,27.40403,25.600554,39.135807,36.318733,22.686468,22.704412,22.735165,14.275469
Nagpur,India,21.1498,79.0806,1.2845097,100.801346,4.530384,103.392334,-9.216797,126.849266,5.433483,103.3332,14.293026,77.84238,17.012783,65.48198
Nagpur division,India,21.16,79.08,18.037241,77.82536,15.850376,67.095024,12.943108,68.11792,23.728956,63.497818,18.743464,99.80702,17.245684,87.431625
Nagyatád,Hungary,46.2226,17.3643,42.975113,12.3836975,36.944984,13.675521,40.14479,-7.558303,39.025074,-58.23179,46.21174,31.33715,47.455696,22.78106
Nagaur,India,27.2,73.73,20.364012,63.84035,28.734306,55.05582,39.760597,67.24252,39.085625,51.689003,6.6436253,99.79982,21.870178,78.427605
Nahan,India,30.55,77.3,20.610092,106.84039,28.642815,57.968277,27.817986,-26.77441,-13.01001,174.05197,24.79042,63.044487,29.794907,42.823227
Nahariya,Israel,33.0058,35.0989,22.895638,37.498695,27.615007,6.318927,41.781,15.065626,37.50487,15.538823,26.366274,52.57361,30.38162,31.500015
Nagykálló,Hungary,47.8833,21.85,75.20309,4.0887575,40.423534,16.732847,32.565662,14.134912,29.94751,-18.68309,47.677452,29.038776,49.12726,17.37756
Nagyrév,Hungary,46.9419,20.1492,41.57522,12.864693,28.89736,26.143332,24.339108,77.66503,0.260046,100.882126,56.596565,20.868952,41.05322,31.487572
Nabi Rubin,Mandatory_Palestine,31.9294,34.7339,16.379889,65.243164,43.98881,45.301704,29.253948,31.22352,35.75632,44.730244,34.55689,34.530144,37.692642,15.124282
Nabi Musa,State_of_Palestine,31.7833,35.4333,17.201283,73.00798,17.22325,100.42425,28.089035,44.757538,16.922216,86.8586,25.983482,70.03019,28.002918,20.93209
Nabire,Indonesia,-3.36818,135.496,-2.8465538,103.91536,-11.800495,104.861916,5.229191,126.9417,4.7167664,111.79285,11.726923,57.694927,-2.8992577,133.61186
Nabeul,Tunisia,36.4542,10.7347,15.089531,67.460754,26.090254,39.82984,33.012417,25.92252,15.181115,67.63576,16.095932,42.098457,31.43725,19.115536
Nabinagar Upazila,Bangladesh,23.0,90.0,26.070456,46.437138,27.619947,105.61493,21.264744,80.37732,19.210176,82.56848,18.913677,96.46652,24.206272,85.70743
"Nacimiento, Chile",Chile,-37.5,-72.6667,-24.216415,-15.932851,-27.113205,-51.966022,-12.634289,-34.50767,-19.569363,-101.406334,-24.47067,-59.165417,-28.0056,-52.25645
Namkhana (community development block),India,21.7699,88.2315,28.115757,72.966644,20.273457,47.30314,24.229246,40.716446,25.300528,60.609066,25.171955,84.868286,21.774532,87.1512
Namrup,India,27.11,95.21,34.56827,98.25188,42.028572,91.22871,51.40094,5.462391,22.361217,100.503494,25.100708,86.15848,24.836914,104.95196
"Nakanojō, Gunma",Japan,36.5898,138.841,32.795746,99.67868,49.002876,136.72012,49.611008,116.23356,38.418,88.68204,35.501873,138.60442,37.2023,149.06453
Naina Devi,India,31.306,76.5364,24.624775,66.79375,25.71193,71.77024,35.67463,56.844162,25.153694,52.48479,30.549631,88.62253,28.343191,86.238525
Nalitabari Upazila,Bangladesh,25.0,90.0,15.722044,83.00015,17.66884,102.1512,21.264744,80.37732,22.604053,73.27338,22.653423,86.264786,23.848736,86.67298
"Nakijin, Okinawa",Japan,26.6825,127.973,38.482742,97.05487,43.424545,137.69026,34.6305,126.81162,41.52172,119.58432,30.060623,128.29893,34.266373,138.08778
Nakhon Ratchasima,Thailand,14.9806,102.1,10.759312,101.06642,32.86955,93.71016,38.85068,77.44784,25.062447,106.841125,16.797737,98.91113,19.016512,98.080025
Myrhorod,Ukraine,49.9667,33.6,69.81206,15.259565,75.3656,14.82452,40.098427,23.278103,55.17643,44.26173,47.58313,58.305874,54.240364,21.339092
Máriapócs,Hungary,47.8833,22.0333,49.45836,35.597343,35.07781,0.63277125,41.14975,-3.015464,58.476845,-27.205696,58.243225,-3.157854,37.217598,31.724876
Mátészalka,Hungary,47.95,22.3167,53.586346,33.158325,35.617287,-0.997473,44.617264,-2.3593125,42.57026,-46.295486,58.039066,13.042418,47.320267,22.542942
Muyinga,Burundi,-2.85,30.3333,1.6064739,28.193634,-6.9753265,31.848028,12.826996,4.6561317,10.876843,28.310226,-12.872526,28.3065,-3.4053612,18.408464
"Muttom, Thodupuzha",India,9.83778,76.7126,4.30509,45.25207,12.593075,125.20893,25.015799,63.32292,4.8834667,81.08177,25.607807,61.858475,10.508034,76.5195
"Myersville, Maryland",United_States_of_America,39.5067,-77.5664,36.864605,-31.67882,46.000134,-108.41284,36.621525,-105.51863,45.30536,-92.78605,43.408253,-80.94815,39.66326,-74.03776
Myjava,Slovakia,48.7492,17.5644,36.40934,-0.55693436,39.602337,26.663507,27.859528,-9.040381,43.81353,33.06921,36.93383,10.594853,33.41046,40.586643
Mykolaiv,Ukraine,46.975,31.995,42.589928,39.537575,46.097794,67.583466,53.240364,52.078094,36.185013,92.71584,52.29135,44.212654,47.094055,51.337936
Mwinilunga,Zambia,-11.7172,24.4289,-2.2364292,0.87944794,-15.930088,12.31877,4.985939,48.857246,5.8492737,45.54529,-22.556273,41.112286,-3.1721306,23.527916
Mġarr,Malta,35.9197,14.3664,38.18389,85.82164,39.345043,-12.5226755,39.471264,-14.062889,45.28685,-6.5825806,21.85303,-0.45869637,24.81261,21.223465
Mỹ Tho,Vietnam,10.35,106.35,13.770315,103.3867,27.589542,41.556396,29.736,41.787663,37.181286,23.145355,17.1623,80.28236,13.550257,89.480515
"Annawan, Illinois",United_States,41.3972,-89.9089,36.231747,-57.367687,36.309654,-97.289894,42.133984,-90.55049,39.30336,-100.42161,36.698875,-80.81926,40.40966,-87.35507
"Ann Arbor, Michigan",United_States,42.2714,-83.7483,48.245872,-97.00409,42.834915,-76.50678,46.084946,-91.02354,39.89298,-49.64598,38.411327,-77.21942,43.228584,-87.19481
"Annaghmore, County Armagh",United_Kingdom,54.45,-6.6,61.49609,17.27955,47.014206,2.801066,40.17368,-8.125685,38.15664,20.151419,52.057137,-4.8035297,52.80144,-12.070653
"Anna, Illinois",United_States_of_America,37.4611,-89.2389,34.461395,-46.82215,43.531677,-50.978203,33.382904,-34.303734,43.389854,-41.781433,38.995674,-92.635086,38.858856,-80.9402
"Anna Maria, Florida",United_States,27.5303,-82.7344,35.209106,-98.619644,31.275162,-31.379963,17.76001,-21.017027,34.237785,-26.087505,25.81275,-82.66699,31.434952,-84.12223
Anna Paulowna,Netherlands,52.87,4.87,32.756107,22.836359,37.960438,68.60323,18.650356,88.25796,42.7938,43.05792,35.851227,14.097162,27.969088,-5.10155
"Anning, Yunnan",China,24.919,102.478,27.22116,94.557846,27.100931,121.334366,25.676569,48.452988,31.046543,106.305176,26.163296,121.85533,33.21192,103.95073
Annur,India,11.23,77.1,19.882004,64.96939,14.63655,102.67557,24.738327,113.073265,24.166775,86.14453,27.319344,42.38774,28.781109,48.183357
"Anoka, Minnesota",United_States,45.1978,-93.3872,37.54574,-87.92085,63.698544,-144.315,51.89719,-95.78305,63.93087,-133.57285,45.501987,-103.7417,42.450005,-94.38822
Anoia,Spain,41.6131,1.60583,40.600506,-22.294807,43.619637,59.649864,38.35646,-9.439961,28.730347,26.48468,21.368849,29.289717,24.978905,26.163614
Anguo,China,38.418,115.327,29.475739,62.913517,6.0649166,130.79579,20.079735,50.58035,31.131205,104.01692,20.915586,87.3658,33.305702,109.60458
"Angwin, California",United_States,38.5744,-122.448,-0.11504364,-40.471127,18.647137,-91.1991,26.880093,-89.70592,12.233501,-57.64019,36.279617,-114.43498,37.610634,-114.86653
Anglezarke,United_Kingdom,53.649,-2.574,47.52527,30.481247,61.15908,-20.251019,48.359177,-37.348907,57.938103,-35.319458,47.50608,-22.63485,57.06073,-16.90076
Anguillara Veneta,Italy,45.15,11.8833,36.28793,38.731197,50.69407,-19.693745,54.051567,-10.867104,53.904648,-38.803596,37.102478,6.3353786,45.189983,7.640296
"Anka, Nigeria",Nigeria,11.9833,6.03333,7.8971577,37.86078,13.295197,11.225061,4.0175495,44.607548,11.127534,61.25826,9.828108,16.807308,8.545258,21.921005
Antártica (commune),Chile,-75.0,-71.5,-16.651077,-59.735622,-0.14710236,7.1300397,3.830021,51.33902,27.497044,-24.378166,-2.742918,-62.746708,16.664137,-33.683132
Anuradhapura District,Sri_Lanka,8.33333,80.5,8.866265,106.80266,6.858803,120.988014,25.837385,103.29334,21.51835,90.72145,2.3089142,86.01619,9.691959,80.682495
Anykščiai,Lithuania,55.5333,25.1,62.267075,-7.248277,29.46096,32.66608,52.982887,13.4642315,44.340096,105.68491,43.608868,50.949673,58.621464,20.604532
"Antrim, County Antrim",United_Kingdom,54.7173,-6.2055,87.16432,-46.81233,52.85994,-1.8980253,36.502625,53.883633,57.714645,-23.6349,59.898384,4.032093,53.857277,1.7372332
Apam,Ghana,5.27889,-0.739722,12.322842,7.733508,4.572563,30.642958,30.133614,2.8555543,0.5234604,57.599182,30.779346,-4.601141,24.546644,4.532706
Apac,Uganda,1.985,32.535,5.84379,15.319845,-13.750393,69.25901,19.089237,38.707573,-12.557274,37.611397,14.921214,14.645646,9.208286,10.822835
"Apache Junction, Arizona",United_States,33.415,-111.546,27.00935,-53.23102,33.427006,-82.21304,33.43347,-59.312874,22.436516,-77.7518,34.64247,-112.10759,31.800116,-109.714615
Anse-à-Veau,Haiti,18.5167,-73.35,18.212376,-20.061665,30.772833,-75.62515,14.580471,-5.751951,22.810728,-46.82998,30.187609,-19.228397,15.817799,-63.093273
Ansan,South_Korea,37.3167,126.833,29.288025,107.985855,24.02712,124.98464,30.393017,126.531944,38.871193,106.11518,18.01524,94.78087,36.927433,95.25332
Anston,United_Kingdom,53.3542,-1.2182,57.657978,17.602873,63.80757,-3.8987603,29.458687,31.653177,44.737114,30.972689,58.397655,-16.851845,59.24514,10.846054
Anticoli Corrado,Italy,42.0167,12.9833,37.25683,2.8416214,51.911915,1.7168263,35.700092,12.304198,68.49243,-65.794,41.544273,-23.354267,39.6407,9.078981
"Antelope Wells, New Mexico",United_States,31.349,-108.509,39.46022,-95.26756,25.941364,-46.807713,17.111893,-40.716583,21.808306,-78.42208,40.094315,-129.9271,38.40271,-113.71314
Antoine-Labelle Regional County Municipality,Canada,46.8833,-75.3333,41.609108,-40.02951,21.906422,-4.5075464,18.411358,12.760832,14.930888,4.7565804,41.05985,-78.66876,48.806644,-74.63165
"Antonito, Colorado",United_States,37.0766,-106.01,21.794235,-110.06134,43.391556,-154.93547,37.63645,-114.12487,42.460983,-157.49014,38.557102,-107.860306,37.48463,-105.81817
Thiruvaiyaru,India,10.88,79.1,15.590394,82.16057,5.9403305,103.2444,44.9097,-25.669289,21.176182,61.847214,12.92825,38.930916,6.3224506,77.797806
Thiès,Senegal,14.7833,-16.9167,21.425955,-19.571186,28.497683,34.538105,31.242285,25.625687,36.394653,-0.77145576,22.963375,10.6788,10.634834,-17.517147
"Thirroul, New South Wales",Australia,-34.3165,150.919,-21.128666,110.65332,-21.831692,123.50918,-7.3182907,94.405655,-17.712978,123.651764,-30.194937,149.54489,-30.500416,143.06155
Thorner,United_Kingdom,53.8603,-1.42402,48.474426,17.098755,60.603832,-46.809044,25.934088,57.768047,58.214626,-24.996674,53.753418,-0.73553085,46.27349,-8.195926
"Thorney, Cambridgeshire",United_Kingdom,52.6218,-0.10595,48.99964,-34.179276,59.46229,16.011059,60.3853,14.718594,55.23755,49.5922,49.429855,4.430091,49.182373,-0.68883896
"Thorne, South Yorkshire",United_Kingdom,53.6083,-0.9583,35.722847,49.273823,25.558544,30.024082,12.733137,54.754433,17.299473,39.58609,49.684032,6.864233,54.456635,-1.8128386
Thoothukudi,India,8.7642,78.1348,10.555571,116.649826,11.174574,83.76278,13.806578,92.87141,14.946069,92.78975,8.250633,80.38301,8.102833,83.875984
"Thornham, Norfolk",Norfolk,52.96,0.57864,61.316956,-4.5142927,57.59151,-10.316672,62.725754,-13.3071,62.117607,0.31435204,53.800373,4.4032383,54.270626,7.939703
"Thompson, Norfolk",Norfolk,52.5332,0.83521,57.57445,-24.680878,37.139374,-33.269783,38.774456,-41.526245,45.900707,-48.83233,43.4643,-20.526814,54.43727,10.8441515
"Thompsonville, Connecticut",United_States,41.9969,-72.5989,45.64214,-19.209576,52.389038,-119.59516,50.998264,-103.3731,57.14196,-109.4576,41.98291,-75.95381,38.617794,-68.07794
"Thompson, Connecticut",United_States,41.9844,-71.8778,46.904655,-131.41435,42.69861,-99.41928,47.93183,-123.91965,41.75589,-104.670494,39.908237,-72.46748,40.588623,-71.98112
"Thomaston, Connecticut",United_States,41.6708,-73.0825,54.30505,-44.15372,49.009727,-98.40795,57.98936,-119.73054,53.831394,-87.36669,40.89539,-73.886215,41.205956,-74.81787
The Roads,United_States,25.756,-80.205,16.56548,-69.29135,19.472075,36.535778,18.048603,17.435993,16.274414,14.768604,12.373413,75.06438,17.72205,74.05033
Theni,India,10.009,77.47,-8.486059,78.386536,2.7943401,80.877754,23.815212,87.692894,11.156702,91.14589,19.68332,91.40622,14.862612,79.77904
Theale,United_Kingdom,51.437,-1.077,56.926594,-1.8669348,50.244118,-10.923485,66.96116,-23.571379,62.30443,-28.941746,52.23475,7.2659063,45.18861,-23.550545
Theewaterskloof Local Municipality,South_Africa,-34.1667,19.5,-12.822994,15.713823,2.1916885,12.020293,10.205364,29.12691,1.805376,25.73145,-32.7528,11.044731,-27.587246,25.969786
Thembelihle Local Municipality,South_Africa,-29.75,23.75,-8.906656,41.921635,-0.8929043,20.578526,10.205364,29.12691,0.8662052,22.524088,-33.40165,7.5247517,-25.463589,27.363014
The Reeds,South_Africa,-25.902,28.134,16.203812,30.601528,29.716198,3.9578142,40.00087,-24.61215,31.670925,-38.305916,43.418762,-11.902374,13.944538,5.886551
"Corryville, Cincinnati",United_States,39.1325,-84.5028,31.897648,-76.03885,45.752052,-108.52084,50.87651,-124.25288,26.329966,-70.43431,44.283844,-86.4288,38.781418,-75.65627
The Park Estate,United_Kingdom,52.951,-1.165,43.40455,-0.27066565,29.619576,10.021577,26.779745,11.102908,26.460405,24.774206,38.058792,10.44126,43.067406,13.935646
Crow Indian Reservation,Crow_Nation,45.3856,-107.747,18.428286,-44.180325,29.403873,-45.45041,8.226664,-5.6163836,35.17882,-86.36678,45.397312,-94.22092,40.725246,-97.2313
"The Pinery, Colorado",United_States,39.4462,-104.759,37.180573,-60.42816,27.715645,-59.18133,31.45861,-67.73759,27.431543,-60.306007,37.25394,-113.47191,37.149956,-110.909225
Theydon Bois,Essex,51.6713,0.1034,49.334343,3.6368685,53.752525,-49.195087,35.21374,-40.92586,47.080666,-47.298286,42.212265,3.5001945,52.839607,0.82552814
"Andover, Hampshire",United_Kingdom,51.208,-1.48,63.217415,41.57671,49.682327,-42.882942,64.88856,-67.83564,54.34603,-73.46538,50.950172,-8.07922,53.609543,-2.0277433
"Andreas, Isle of Man",United_Kingdom,54.367,-4.444,45.872055,5.2197943,39.015682,-8.80109,50.953903,-23.249493,37.216732,19.0562,47.347458,1.2366638,50.120926,17.261736
Andong,South_Korea,36.5592,128.729,26.437916,113.50343,19.20467,171.0748,-1.8480911,77.188995,26.369488,129.93297,30.984165,136.37746,29.751455,149.33916
Angamaly,India,10.196,76.386,21.632801,54.630947,6.2780266,89.63654,49.952854,53.747467,19.318247,78.93466,8.757969,97.00255,7.9226303,84.21486
Ang Mo Kio,Singapore,1.37,103.846,5.431883,128.41437,17.379223,78.82006,55.416687,-40.241264,16.613714,99.78778,16.003681,107.12857,-1.0104103,103.801445
Thorpe Hesley,United_Kingdom,53.45,-1.44,41.021626,-16.11689,45.52114,-1.0058616,34.42872,35.840267,35.57377,15.893478,54.95321,-8.181459,60.570858,-12.662122
"Thorpe, Surrey",United_Kingdom,51.4069,-0.5354,49.69038,-90.37906,45.21853,-14.30815,42.872295,23.752815,40.24246,-8.961323,55.147717,-1.053997,51.13463,0.54613876
Thornton Heath,United_Kingdom,51.4002,-0.1086,40.068817,-1.03968,41.409935,-17.300966,53.729042,-67.32134,37.75151,-42.538864,57.378136,-9.489775,46.62088,-15.760154
Roche Caiman,Seychelles,-4.65,55.4667,8.165669,31.065002,14.288235,-68.90011,28.753998,-7.2599716,9.229705,-24.665913,-0.19148445,-18.635834,13.768793,-24.028622
"Maldonado, Uruguay",Uruguay,-34.9,-54.95,-25.812176,-113.25592,-10.769032,-101.38025,-12.329285,-73.15391,-10.366905,-103.85348,-22.997553,-47.76018,-29.307209,-61.80147
"Malambo, Atlántico",Colombia,10.85,-74.75,6.0035915,-46.383522,11.280302,-74.07328,37.423508,-52.16527,23.317451,-104.712746,-8.643526,-59.30833,0.70570755,-76.917984
Malanje,Angola,-9.53333,16.35,4.696743,1.3239155,-11.344292,-5.1046844,19.011116,47.809536,-3.8831215,17.471794,-8.351286,20.194069,-14.586193,21.395596
"Malak, Northern Territory",Australia,-12.393,130.904,-12.977188,114.1031,4.4260025,71.28303,2.2258358,74.561615,-1.6379261,96.94175,-21.102636,132.77397,-29.516666,148.94406
"Malaba, Kenya",Kenya,0.635278,34.2753,1.6995869,29.432144,-10.593235,36.976772,-18.94889,96.88545,-11.695576,45.234123,0.5550575,22.401833,-1.2353935,31.634098
"Malabar, New South Wales",Australia,-33.9656,151.249,-36.972572,153.64612,-18.212513,109.87298,-12.940132,103.10066,-18.749058,124.97015,-35.32596,155.93199,-31.9133,151.48956
"Malcom, Iowa",United_States,41.7075,-92.5553,25.832878,-51.89549,27.99748,-100.3488,40.647316,-98.05731,33.708107,-86.697266,44.316666,-94.92578,42.095173,-94.08941
"Malartic, Quebec",Canada,48.1333,-78.1333,13.417173,-23.052555,22.296227,-61.765625,39.6691,-62.648457,39.3742,-89.29407,50.04268,-85.53021,46.295326,-80.12386
Malatia-Sebastia District,Armenia,40.1739,44.4458,32.45633,16.664286,23.859097,53.4149,18.383303,69.64075,28.726862,60.156963,12.030472,45.242905,40.226288,51.97832
"Malton, North Yorkshire",North_Yorkshire,54.139,-0.792,70.13328,33.199314,52.62581,-8.228235,54.12687,12.879482,50.759064,6.047621,63.32554,-8.628874,53.991203,-5.045356
Managua,Nicaragua,12.1364,-86.2514,26.706692,-108.10777,5.108486,-89.70737,7.2234764,-47.741394,8.500418,-97.447716,8.548779,-66.81084,10.367893,-64.3965
Mamelodi,South_Africa,-25.7022,28.3275,-14.55904,29.737785,-19.157185,-46.26237,9.056168,-34.17539,-33.40136,65.53909,-22.452631,28.474838,-11.225601,32.48832
"Mametz, Somme",France,49.9978,2.7369,22.941198,59.5892,31.277779,2.2002888,27.502405,24.867311,43.395298,14.665277,31.618763,28.586048,40.817696,20.446098
Malout,India,30.19,74.499,15.56176,83.4052,24.484592,95.77494,36.991795,70.48779,17.011986,87.65289,35.017605,18.335707,23.9384,43.431866
Maidstone,United_Kingdom,51.272,0.529,43.53138,2.422121,45.410515,-3.1385674,46.23642,16.787254,39.268597,-28.977264,47.68973,16.407784,47.62526,1.2068453
"Maidstone, Victoria",Australia,-37.783,144.878,-26.146378,126.33208,-8.494293,85.71791,-5.0892677,94.095894,-11.494976,72.47589,-37.193596,151.37009,-39.53601,154.77304
"Maida, Calabria",Italy,38.85,16.3667,32.65129,22.265259,35.704395,12.462155,24.594332,57.046,22.700275,38.664833,41.481018,17.703829,37.91976,14.296413
Maiden Bradley,United_Kingdom,51.149,-2.285,55.606335,-24.872778,35.036793,11.662762,31.138561,11.401415,32.438652,29.77665,46.670437,-19.400013,56.023518,1.6394587
"Mahina, French Polynesia",France,-17.5094,-149.456,-21.049019,50.522896,-2.0038338,15.638762,12.30406,30.063253,-1.412777,31.009367,-13.11545,24.698761,5.803095,3.0867643
Mahoba,India,25.28,79.8729,22.011719,85.43837,7.597105,110.04137,23.919487,17.61543,21.771114,104.85391,22.533598,81.43231,26.902073,74.613304
Makhado Local Municipality,South_Africa,-23.0,29.75,-8.213686,49.778255,-1.6327095,25.388447,6.3033524,44.430622,-2.3305397,28.672134,-24.448736,17.443022,-25.888706,23.884956
"Makhmur, Iraq",Iraq,35.7756,43.5794,45.914253,18.813698,43.467964,34.62294,35.690025,46.909126,43.65319,16.445652,36.24146,23.638557,31.558252,34.30157
Makoko,Nigeria,6.49556,3.39417,10.657797,26.307755,-8.154442,50.805534,28.531563,32.464592,8.171272,4.9866695,0.58761024,3.111476,15.343222,-1.828268
Makana Local Municipality,South_Africa,-33.2833,26.5167,-0.16504097,50.9242,7.7067432,11.710501,8.378588,42.629677,-8.158264,25.98292,-24.457563,39.197845,-28.754208,25.268856
Maków Mazowiecki,Poland,52.8667,21.1,61.33986,-18.881649,50.64116,40.586834,46.59311,31.816862,43.25177,65.73074,52.870415,23.30447,50.082897,21.636585
Malacatán,Guatemala,14.9,-92.0497,21.89181,-114.24866,25.865381,-39.376244,28.822422,-39.624035,31.160604,-69.33105,0.19879532,-118.61171,9.848364,-7.7272253
"Maipú, Mendoza",Argentina,-32.9667,-68.75,-18.906334,-11.6246605,6.1553555,16.012167,-3.113449,-41.461304,-4.940687,-46.60901,-32.754463,-57.270527,-33.86644,-52.915127
Maisí,Cuba,20.2431,-74.1561,19.650574,-51.018044,18.695324,-50.4684,28.918587,-39.352676,10.166029,-34.39027,0.9631634,15.185848,22.853119,-17.316196
Shulan,People's_Republic_of_China,44.4059,126.965,40.611877,106.659256,39.288338,151.24649,10.014616,94.67951,45.877632,82.17511,28.954947,73.69215,38.00382,66.456345
Shrivenham,Oxfordshire,51.598,-1.659,91.45088,-4.0393085,85.114655,-81.31378,57.082775,33.65759,60.425117,28.82829,56.285263,-0.89675903,51.142124,10.109005
"Shu, Jambyl",Kazakhstan,43.5983,73.7614,26.12416,70.7392,20.649597,90.585266,32.07302,59.729805,35.974316,70.15151,15.527998,60.458847,33.1334,101.60033
Shuangyashan,People's_Republic_of_China,46.6762,131.142,35.82902,94.66788,29.941437,120.18997,29.447742,65.02475,36.156788,68.783485,37.02867,111.467804,46.590305,118.319374
"Shoreham, Kent",United_Kingdom,51.3324,0.17329,43.72886,34.24045,44.545456,24.884472,46.659843,-10.794039,57.910233,-5.7308273,52.09014,17.969816,50.095,0.9049063
"Shoshone, California",United_States,35.9731,-116.271,31.972122,-87.12846,42.145824,-155.27792,35.603832,-85.86858,43.191605,-118.36201,40.79192,-133.48326,39.3292,-122.29179
"Shotton, Flintshire",United_Kingdom,53.209,-3.042,73.938644,0.12630177,65.40136,41.27597,47.312595,44.623013,61.43923,2.8137798,63.57274,-19.21722,56.657265,2.5154247
"Shush, Iran",Iran,32.1942,48.2436,41.369637,-1.2234263,51.14252,8.165781,49.79265,42.12312,36.29385,51.44356,34.463333,42.95557,34.016163,33.986713
"Shuzenji, Shizuoka",Japan,34.9717,138.93,27.000916,93.5981,28.513254,138.93135,29.023932,136.47862,25.910433,104.6435,30.745218,167.25845,33.94093,116.021805
Sidi Okba,Algeria,34.75,5.9,15.519858,45.25309,11.747446,68.71922,14.22043,48.14011,36.574768,-1.2733383,15.62225,-9.629757,26.203506,10.381945
Sieradz,Poland,51.6,18.75,33.444496,91.25342,37.005928,61.751358,28.654589,62.12949,44.185974,52.843193,55.771557,16.193525,54.056892,2.1145182
Siem Reap,Cambodia,13.3622,103.86,15.563946,119.74565,27.86682,39.741882,9.009047,20.351688,52.768856,-37.410347,22.454742,100.14653,11.003557,115.55217
Siemianowice Śląskie,Poland,50.2758,18.9858,69.94272,-87.31268,43.480217,-8.48962,46.749763,-16.674524,41.373993,-10.55431,50.497925,11.906698,54.01861,14.916538
"Shorewood, Wisconsin",United_States,43.0919,-87.8864,65.7245,-85.985016,66.27069,-111.07063,46.566513,-78.40153,36.108704,-67.59735,40.995926,-74.6868,41.313255,-86.24378
Sibiu,Romania,45.7928,24.1519,51.979317,-4.1821756,60.71939,-29.257818,49.765266,9.974035,53.142803,-1.9893684,47.295372,35.365337,39.328728,26.684288
Sidbury,Devon,50.7198,-3.2207,24.520777,17.839937,53.043694,-14.730532,60.079807,-19.795853,32.641525,5.8000374,52.283573,-11.115089,47.220337,0.5810709
Sidcup,United_Kingdom,51.4263,0.1024,33.11813,-4.45247,41.745766,39.252224,46.613224,9.302388,41.679398,71.04767,51.159325,7.2178946,54.907997,11.343952
Siddipet,India,18.1018,78.852,22.790295,65.512344,21.655542,54.33221,28.740444,32.081375,21.788353,62.738396,5.3009434,102.45506,16.959398,74.59835
Sidhi,India,24.42,81.88,36.28151,58.611713,7.9361553,117.558914,25.933792,15.850683,34.638676,61.368492,23.028013,97.25597,26.776672,77.96424
Sidi Bouzid,Tunisia,35.0381,9.48583,29.276691,2.2276754,23.066479,39.766525,22.421005,8.991725,42.453606,-14.199039,30.4393,3.556693,33.58518,1.1448612
Manfield,United_Kingdom,54.5159,-1.66073,51.328533,8.567949,46.542652,-38.41637,54.903954,2.176552,27.725492,31.675152,49.09118,-22.297955,42.141857,16.159601
Manggarai Regency,Indonesia,-8.6127,120.463,-0.60352516,78.620895,-3.391861,123.44116,-3.3060265,142.22438,-1.2541771,97.22455,-10.728769,113.139496,-7.835739,120.84668
Mandi Bahauddin,Pakistan,32.5797,73.4814,31.795742,105.07912,22.864931,114.52313,26.705666,70.01981,37.50281,48.03241,40.537025,71.50789,34.844185,68.56363
Mandla,India,22.6,80.38,23.916357,75.08505,-25.577328,128.172,8.8646145,88.90362,-49.658768,110.243034,4.6168137,29.022907,0.45313644,48.761333
Manhuaçu,Brazil,20.0,15.0,-16.766842,-20.864075,39.433678,53.327183,20.322294,76.50206,31.978628,61.749084,-21.368189,-51.21458,-29.846325,-73.02484
Maniago,Italy,46.1667,12.7167,46.759037,-55.48771,62.78699,-16.373747,27.0145,18.154373,45.30047,-36.102562,29.986115,7.9059305,31.713127,15.997459
Manbazar I,India,23.0615,86.6642,25.764194,83.472885,29.283726,58.935993,39.80715,14.86821,30.29992,62.20761,23.59037,106.24307,29.409082,76.0678
Mamuju (city),Indonesia,-2.66861,118.862,-19.922226,106.37404,-4.0892143,86.81954,12.494875,75.772736,12.879873,77.55395,16.54639,38.516617,6.80031,72.883354
"Manali, Himachal Pradesh",India,32.2432,77.1892,30.539497,82.747604,22.155653,93.98234,12.517321,72.715,21.384344,62.648037,20.243301,59.400166,25.658792,83.77407
Manbazar,India,23.0615,86.6642,27.024603,63.9922,14.540676,89.03244,46.258404,5.8784122,19.947144,100.94573,19.66998,106.40044,26.840979,96.084206
Shizuoka Prefecture,Japan,34.9167,138.317,5.450119,193.99648,18.421772,171.91704,30.03812,167.40822,21.968105,133.53468,34.29419,116.34935,34.970055,142.34277
"Shishi, Fujian",People's_Republic_of_China,24.7167,118.7,19.34164,107.764114,20.819351,155.56987,48.427567,54.961227,26.419054,118.592735,36.623127,121.67877,34.83396,112.21546
Shiselweni Region,Eswatini,-27.0,31.6667,1.7945194,27.899857,-10.833233,56.11776,6.9325066,37.641087,-3.446642,62.86247,-11.8851185,38.48693,-21.788803,50.60017
Shiplake,Oxfordshire,51.503,-0.899,57.84225,17.620192,51.51245,0.7372631,40.622288,4.9132643,66.69585,0.2183094,41.674538,42.650925,50.45249,-2.6321917
Shipton Bellinger,United_Kingdom,51.207,-1.669,45.758003,4.8797894,32.768024,12.836522,29.35341,-12.141128,16.621159,64.223526,47.919666,3.4357815,50.06303,4.729287
"Shirley, London",United_Kingdom,51.3813,-0.0543,5.2005196,-50.214935,35.15477,-24.39892,35.819862,-7.6606236,34.823177,-19.540516,54.503525,1.5795727,51.717754,11.059666
Shirali,India,14.0167,74.5167,51.21177,11.816353,48.232964,16.828302,38.825058,-17.866558,35.719826,37.470592,33.75758,48.135757,25.86118,58.17466
"Shiroda, Goa",India,15.3292,74.0271,21.639046,46.5964,5.450094,71.78292,-3.2441254,60.834343,13.758908,64.55738,21.953556,68.04118,18.846928,71.303764
Loughgall,United_Kingdom,54.4167,-6.6,48.622234,-19.14079,64.398544,-55.406918,53.31794,4.3371468,43.820847,-57.62062,58.27862,-2.6396637,51.213795,-11.865884
Loudoun,United_Kingdom,55.608,-4.329,64.651924,-65.19266,66.06957,-81.60566,58.848396,-39.47791,47.29132,-39.48188,52.05477,-28.579006,30.397942,3.4579687
Loughton,Essex,51.6494,0.0735,50.076103,11.670256,52.272697,8.375433,68.56403,2.6984022,61.197014,42.41417,68.36896,-9.316303,53.064476,14.370583
Low Fell,United_Kingdom,54.93,-1.6,32.071945,6.7503386,32.170376,8.702516,39.37758,-26.157835,57.383766,-40.06919,48.629425,17.230103,51.764137,0.21307373
Lovćenac,Serbia,45.6833,19.6833,25.14568,28.10094,53.356464,-43.933044,43.01606,37.436806,52.528786,-40.876137,41.0619,4.588008,44.217896,9.284666
Lower East Side,United_States,40.715,-73.985,50.239464,-61.43443,24.49786,29.691761,20.39727,38.495693,36.948586,13.716181,32.8365,-34.445076,37.461506,-62.249813
"Lower Lake, California",United_States_of_America,38.9106,-122.61,50.52079,-116.8329,35.169292,-71.72317,31.302805,-59.841965,33.01528,-50.96524,34.81307,-123.524796,36.709885,-131.34908
"Loveland, Colorado",United_States,40.4047,-105.086,71.52009,-159.47533,47.04283,-154.26714,47.89063,-156.74316,34.450325,-103.89677,40.944256,-113.12837,39.770267,-113.3612
Los Algodones,Mexico,32.7153,-114.729,27.510683,-139.40024,10.233177,-112.390236,18.648918,-72.143074,2.5372925,-92.60611,23.475462,-127.61253,28.783348,-103.189156
"Los Lagos, Chile",Chile,-39.85,-72.8333,-8.027517,-39.377884,-23.778297,-64.934364,-14.542126,-74.57158,-29.931152,-50.105705,-27.931639,-64.36766,-27.299973,-61.102345
"Lorraine, Quebec",Canada,45.6833,-73.7833,43.728256,-74.60828,48.95887,-58.63522,43.885876,-50.12246,46.555717,-55.357063,48.40574,-84.178314,46.97814,-75.59633
Los Polvorines,Argentina,-34.5,-58.7,-12.368706,-47.431286,-1.1042595,-74.98281,17.899288,-132.42735,-0.18665695,-92.40239,-9.663012,-35.07609,-21.568916,-77.939995
"Ludford, Lincolnshire",United_Kingdom,53.39,-0.2,62.05026,3.5148811,69.639694,-7.1406503,64.0846,-5.3374796,72.40471,-0.64738655,55.997955,-7.5065594,51.72217,-0.9653759
Lucayan Archipelago,Caribbean,23.74,-75.37,35.87748,-78.82625,22.048439,-16.059206,10.998674,66.01982,19.465458,-18.435158,7.1038322,48.854595,18.58144,-58.328007
"Lucas, Victoria",Australia,-37.553,143.771,-11.845062,97.182205,-22.039516,55.587025,-26.363693,82.873985,-32.92715,83.91084,-30.624529,118.69858,-20.217789,110.90028
"Lucas, Ohio",United_States,40.7039,-82.42,18.120903,-78.63736,33.440483,-116.580086,31.725842,-95.72127,14.387488,-62.216965,46.81752,-95.26474,40.714775,-81.162766
Lucknow,India,26.85,80.95,-3.85186,126.17503,4.626055,135.71518,13.995127,86.71406,27.557856,88.30537,33.591232,79.636,29.676477,53.925667
"Lucknow, Ontario",Canada,43.961,-81.513,51.277725,16.435104,26.174505,13.767022,29.555426,2.1310236,36.109478,4.0551147,46.08555,-65.63612,41.410088,-64.32609
"Loxahatchee Groves, Florida",United_States,26.6837,-80.2798,11.197182,-56.707367,20.569925,-76.02699,21.726246,-86.435555,20.379997,-57.109505,24.725786,-77.00421,30.394966,-86.757904
"Lower Township, New Jersey",United_States,38.9838,-74.9113,27.857845,-99.194534,32.398453,-31.750774,28.177334,-22.992073,27.098417,-20.580421,38.82998,-74.36464,38.91841,-79.31634
"Loyalist, Ontario",Canada,44.2436,-76.7692,66.46866,-61.30382,43.08873,-91.72093,37.097336,-40.25341,55.694946,-120.768745,43.04322,-83.11859,45.106388,-77.11692
Luang Prabang,Laos,19.8833,102.133,51.79389,41.569088,35.07954,49.010345,16.578041,71.31049,44.125725,49.816444,18.978004,103.082016,7.3911533,108.282875
Lubartów,Poland,51.4667,22.6,35.82565,57.097813,50.614105,4.9923096,48.581436,-2.3997393,46.795704,27.37934,55.37879,24.869743,54.391533,15.994051
Loharu,India,28.4032,75.9856,7.0430136,127.4615,11.938557,163.11827,28.306961,82.25822,47.52382,35.190163,20.701296,43.36399,17.820747,42.36215
"Loha, Nanded district",India,18.9623,77.1309,21.930212,48.45449,26.314909,78.166954,23.847176,61.74414,36.857452,73.04821,18.031195,68.26308,22.77127,73.69598
Lohara Tahsil,India,17.9833,76.35,26.91934,49.040047,37.38501,96.1233,27.432297,39.41958,36.29274,87.116974,32.888733,79.84746,26.803045,77.36719
"Loja, Ecuador",Ecuador,-3.98333,-79.2,11.863753,-56.68453,-2.4808693,-73.86144,2.2257175,-51.18264,15.981009,-90.983315,-0.44700432,-66.4088,2.2477875,-89.85398
"Loganlea, Queensland",Australia,-27.6752,153.134,-19.2519,129.41936,-37.206856,169.40102,-60.692867,227.53912,-30.348892,164.34335,-26.12457,152.81638,-24.990108,147.56035
"Loghill Village, Colorado",United_States,38.1992,-107.775,42.853516,-74.79651,41.99984,-61.83366,50.427845,-91.18673,32.668285,-69.89673,39.379726,-105.23352,42.587376,-107.52843
Logroño,Spain,42.465,-2.44556,63.859688,-112.2395,17.902111,-3.408564,7.1012955,9.092785,22.386703,-27.797325,26.3537,-20.367535,33.390892,-23.001648
Lobos,Argentina,-35.1833,-59.0833,-9.465431,-56.615673,-10.3643,-100.897514,-13.776142,-76.29427,-1.3509407,-198.45798,12.474597,-61.99181,26.546288,-62.147022
Llay,United_Kingdom,53.098,-2.995,51.096565,-20.197657,19.156586,-17.658607,36.28782,1.3252187,45.352974,-6.2342606,29.216705,16.741173,53.591476,-0.30039597
Lloydminster,Canada,53.2783,-110.005,61.026447,-128.73256,60.685787,-141.16966,29.171333,-23.92309,62.96908,-100.5006,64.966415,-112.01576,55.416603,-104.9947
"Ludmilla, Northern Territory",Australia,-12.4297,130.852,-17.234634,95.99051,12.659401,51.8089,13.370039,56.720634,-0.24559784,68.57633,-22.045595,134.722,-22.719452,117.13706
Longowal,India,30.2167,75.6833,42.722088,22.092155,50.96797,8.519769,47.38496,-47.150204,30.818066,67.20993,16.944971,94.9978,36.882034,60.027504
"Longnor, Shropshire",United_Kingdom,52.601,-2.756,47.349762,52.316776,66.53138,25.282108,52.80473,9.813487,47.50821,71.37454,52.23273,6.2869177,56.307465,-5.178075
Longridge,United_Kingdom,53.831,-2.597,47.300873,10.547075,55.00991,-36.143024,55.11969,-32.301414,69.90245,-61.86093,53.56244,-2.0235462,51.04138,-2.239337
"Longwood, Bronx",United_States,40.816,-73.899,10.962883,-99.424286,22.895878,-37.606113,28.546335,-27.772673,24.083578,-60.203445,38.689735,-55.294308,43.465504,-75.36629
Longueuil,Canada,45.5333,-73.5167,54.31917,-138.14613,55.1857,-109.73849,33.045574,-40.26017,90.18975,-143.32816,43.136486,-92.716934,47.084152,-71.18765
"Loose, Kent",Kent,51.2408,0.5164,32.643433,8.700365,38.541317,-2.4910686,47.150658,-8.879546,48.611904,-9.333588,47.65188,-4.399828,52.22238,-3.5639286
Longyearbyen,Norway,78.2167,15.65,57.243515,54.912865,60.58091,-8.728725,38.51063,37.30515,58.194332,-47.0596,40.385963,14.461756,50.439785,-24.113033
Londesborough,United_Kingdom,53.8985,-0.679446,49.03714,29.848663,75.785965,-12.859843,46.80449,-17.119707,56.27556,-3.7873688,51.772854,-21.359802,53.79986,-9.957658
"Londres, Catamarca",Argentina,-27.7167,-67.1167,3.9409275,-23.985973,-7.206276,-61.24749,15.313238,-39.661892,-0.67892075,-51.681435,-11.947195,-71.71536,-26.695797,-62.603603
Long Compton,United_Kingdom,51.9902,-1.582,53.61536,7.551942,40.669956,-21.266022,41.065483,-32.70873,41.291153,-37.77838,38.698814,-7.344301,53.701424,-15.119407
"Long Beach Township, New Jersey",United_States,39.6016,-74.2264,28.867361,-38.337852,27.473797,-26.06637,27.471329,-20.498611,22.850021,-15.106796,35.83241,-64.770706,40.72901,-81.12671
"Lombard, Illinois",United_States,41.8761,-88.015,42.755447,-81.43999,44.83305,-79.78045,55.67749,-102.954346,50.243332,-69.85826,43.831013,-92.66962,41.34264,-81.77666
London,United_Kingdom,51.5072,-0.1275,54.767727,-25.129309,46.150852,-4.4356704,41.989838,15.493389,43.983616,5.8663826,38.792473,21.07183,51.91906,-14.472238
Long Melford,United_Kingdom,52.077,0.718,87.326126,-8.057685,49.460205,-38.083218,52.9634,-33.62974,45.117344,15.038269,51.534,-4.2310104,51.23777,-2.4905634
"Long Valley, New Jersey",United_States,40.7822,-74.7769,25.194088,-44.790947,27.376976,-28.68542,29.970694,-40.24695,24.96914,-21.106873,40.682915,-79.12753,41.572746,-74.48549
"Long Sutton, Lincolnshire",United_Kingdom,52.7856,0.12001,32.259804,5.3928623,56.08848,7.329464,58.56349,-19.991714,59.317146,-27.026901,58.841354,-3.880312,48.31605,-2.7847996
Long Whatton,United_Kingdom,52.8057,-1.2875,43.0319,-24.022831,52.36082,-35.20948,44.462433,-39.686142,48.25176,2.824068,50.85209,0.784008,50.380013,2.2964315
Longbenton,United_Kingdom,55.0,-1.57,48.46189,9.651218,61.9606,2.4511876,50.80797,-3.8036933,47.341034,3.9371033,38.05633,43.51442,52.22546,-1.2670174
Longbridge Deverill,United_Kingdom,51.165,-2.187,70.149025,-4.7076626,73.90958,-24.664497,48.44024,11.40788,56.39666,59.39351,62.620895,2.2826195,56.744606,-10.110471
"Long Tân, Bà Rịa–Vũng Tàu",Vietnam,10.5167,107.267,-17.363277,153.26775,31.943287,8.417337,35.87127,5.99817,33.771156,-0.14969635,9.805241,92.07555,18.341427,78.71293
Long Eaton,Derbyshire,52.898,-1.271,51.732914,-0.08754349,38.37105,-15.889789,47.093296,-39.97535,47.9598,-32.10447,61.754005,-0.8571129,46.80734,-4.601653
Machakos,Kenya,-1.51667,37.2667,2.2357235,54.911617,-8.788963,50.74116,4.2333508,94.075676,-2.882635,32.662758,4.2694435,16.403835,-6.9434433,39.19098
Machynlleth,United_Kingdom,52.591,-3.849,64.95874,-19.815536,41.37464,49.014378,23.382954,64.7969,43.232452,0.070827484,58.06138,4.5211506,50.641956,-4.7084227
"Madeira, Ohio",United_States,39.1883,-84.3683,25.85772,-49.684925,27.705563,-95.380104,24.332764,-84.0277,17.018032,-77.96458,43.05674,-105.56622,39.735176,-82.126915
"Mackay, Queensland",Australia,-21.1411,149.186,-40.36958,205.27153,-26.640377,153.7757,-24.10508,130.44774,-27.01965,160.7355,-28.673239,155.41333,-29.335907,148.28494
"Macquarie Park, New South Wales",Australia,-33.7772,151.124,-31.415413,230.20494,-22.176506,110.988205,-17.155495,103.3537,-18.370384,110.475334,-34.842247,152.03061,-30.862976,150.7945
"Macklin, Saskatchewan",Canada,52.33,-109.94,48.167915,-83.862976,43.235603,-81.07223,23.00045,-31.50034,33.796677,-63.334305,49.278572,-108.20476,50.568024,-109.76481
Ma'an Governorate,Jordan,30.3833,36.5333,44.07319,-14.159254,64.79501,-12.124439,44.73977,48.41991,23.689589,42.568447,27.317154,31.162405,30.415321,34.50912
Lądek-Zdrój,Poland,50.3436,16.8797,28.346016,20.63953,39.26807,-13.041469,41.523224,4.4185495,51.583626,-13.326408,43.175232,33.98805,58.040245,19.049534
Lạng Sơn,Vietnam,21.8478,106.758,23.416203,103.140656,27.699265,23.784018,35.241814,2.0796695,33.52696,-4.140112,24.133324,103.2858,18.244423,116.00752
Macerata,Italy,43.3003,13.4533,36.878536,-0.6469054,37.045425,43.46054,37.877975,18.97397,60.98399,22.351742,34.055885,-0.49136734,42.00643,20.859604
Macas (city),Ecuador,-2.36667,-78.1333,-10.814518,-13.001419,-1.086443,12.178637,15.118347,34.88736,9.593315,1.6689701,21.803062,-3.2416267,8.182934,-2.1818666
"Macassar, Western Cape",South_Africa,-34.0667,18.7667,-16.028091,108.97136,-15.554756,61.79701,6.343355,30.860262,-14.32991,64.38626,-35.62668,36.057686,-25.348022,23.769318
Maasdam,Netherlands,51.7833,4.55,39.747353,15.943346,48.289024,-37.953053,41.26844,-89.62465,50.20485,-43.886414,39.58766,-17.959267,40.875496,-43.83071
Maar Dibsah,Syria,35.7789,36.7697,41.00798,30.133099,31.95246,25.789412,19.441349,9.033942,30.88313,22.413582,14.753226,66.00412,27.704964,82.54153
Magetan Regency,Indonesia,-7.65,111.367,7.768197,90.43399,8.25762,106.70635,18.129074,97.780815,4.09404,90.27484,12.317613,108.67474,-4.621956,113.45805
Magaluf,Spain,39.511,2.5375,43.92418,-32.185356,44.55561,-11.574659,27.51846,17.949265,30.080513,23.138702,32.674698,4.459858,49.75985,-7.522916
Magburaka,Sierra_Leone,8.71694,-11.9433,5.6504326,15.859125,0.0065994263,0.48794037,6.67647,47.5012,9.56807,49.627686,-13.411943,63.417515,11.289892,-23.805634
Maglaj,Bosnia_&_Herzegovina,44.55,18.1,54.12114,-1.0491638,43.724022,13.182622,36.697197,17.079254,38.951935,70.25366,44.22747,16.676239,42.469383,9.290062
Maglie,Italy,40.1167,18.1333,42.329178,43.506004,34.038292,24.575045,24.558311,63.349693,56.672684,-15.432316,37.74197,-5.439974,46.61903,2.799653
"Magalia, California",United_States,39.8333,-121.583,29.05029,-119.86037,34.357086,-119.26943,31.63489,-156.80975,29.720892,-96.130455,37.968376,-126.17769,36.254158,-117.74012
Maha Sarakham,Thailand,16.1772,103.301,38.474327,46.34334,24.82353,93.63609,12.208155,96.10599,11.939081,110.89431,15.396865,99.76474,15.734537,109.44561
Mahabaleshwar,India,17.925,73.6575,-4.018835,96.91257,-1.0311642,88.60653,18.2334,55.066776,2.952509,60.236183,16.727757,92.390305,20.985935,91.55058
Magilligan,United_Kingdom,55.187,-6.958,75.0692,-11.246027,80.717606,-60.008636,42.33758,57.48337,42.972866,4.485985,33.62918,-16.076923,56.235825,-13.807401
Madha,Oman,25.2844,56.3331,20.94654,72.628174,17.585073,102.68387,27.689629,61.63371,24.644793,110.68447,31.111353,74.75612,19.593756,46.79681
"Madina, Ghana",Ghana,5.68333,-0.166667,17.736368,-5.1815653,10.894817,14.791732,14.4012165,22.025303,10.896837,5.8177166,7.2691975,3.7148304,6.0215416,5.32186
Madinat Zayed,United_Arab_Emirates,23.6522,53.6536,13.565045,34.197495,18.200619,91.09085,34.23682,84.92468,25.026762,52.585655,24.88176,32.77511,18.7416,51.59822
Madhupur Upazila,Bangladesh,24.0,90.0,22.182644,68.77011,25.757246,86.85639,19.524332,81.19252,15.7136345,93.38179,27.834656,88.922806,22.564327,85.38423
Madurai,India,9.9252,78.1198,-4.7580776,101.119,10.698317,125.1525,9.935526,123.56291,-8.8493805,121.02712,18.38197,85.79147,3.6024265,82.47287
Maerdy,United_Kingdom,51.6727,-3.48331,48.28129,-30.848692,53.090103,22.28684,39.714096,11.932189,36.10462,5.3079014,47.21398,20.102161,56.82765,-16.286476
Madley,United_Kingdom,52.044,-2.849,42.868675,1.9205885,53.129932,-49.56665,64.7266,30.69354,15.435594,47.253746,51.470448,-6.8782063,58.352036,-4.5617857
"Madrid, Alabama",United_States,31.035,-85.3972,32.35956,-74.78552,43.48921,-100.98411,35.633842,-98.86049,36.816856,-62.26204,31.72737,-72.19411,32.13148,-93.95093
Llanymynech,United_Kingdom,52.781,-3.089,45.328133,21.238981,56.03453,1.0178705,23.262888,20.97939,26.717867,62.366745,51.064682,2.8117466,54.31715,15.130168
Luoyang,People's_Republic_of_China,34.6197,112.454,26.527468,102.77042,20.546751,124.08954,26.609245,105.72914,48.090286,86.24663,31.646591,132.68059,34.240276,116.90518
"Lund, East Riding of Yorkshire",United_Kingdom,53.9197,-0.523916,67.253044,-3.6910934,44.96922,0.712656,41.968765,16.632893,42.163628,7.899933,53.20993,-0.9277878,52.962402,-0.17845726
Lumezzane,Italy,45.65,10.2667,38.11911,-1.5166559,35.345253,42.999832,35.7147,-12.826495,37.66732,6.933077,28.013372,7.85007,47.79326,13.641923
"Lundu, Sarawak",Malaysia,1.66667,109.833,11.519894,94.43846,-14.80521,70.06422,0.9361,101.49927,-3.0085068,70.6529,7.928629,113.22601,5.378813,97.7602
"Lutcher, Louisiana",United_States,30.0489,-90.6997,26.265186,-127.79213,34.178852,-113.36566,19.20641,-115.372086,33.577225,-114.167366,32.069912,-107.352325,30.737978,-89.828674
"Lutana, Tasmania",Australia,-42.8411,147.309,-24.341648,110.7599,-47.123207,161.31808,-49.003376,154.80153,-31.478642,143.76352,-38.26159,141.67712,-37.766464,143.37085
"Lugarno, New South Wales",Australia,-33.9847,151.044,-29.510536,153.01259,-23.306309,129.111,-22.67606,119.11796,-15.528713,113.59649,-31.040926,146.3721,-35.339752,153.08318
"Luján, Buenos Aires",Argentina,-34.5667,-59.1,-0.842226,-69.01393,5.8844376,-26.718462,-13.883591,-40.526604,-3.3729038,-47.736168,-35.93457,-57.002254,-23.665066,-32.627014
Lábrea,Brazil,-7.25889,-64.7978,-5.757189,-35.542564,40.67946,-51.71997,46.5775,-43.573723,44.703224,-48.953888,-7.396559,-56.284054,-13.271244,-49.879246
Lyss,Switzerland,47.0667,7.3,60.974228,-9.50669,55.561287,5.933004,45.727554,-11.490787,56.68609,1.2008896,41.544796,17.794586,39.83454,-5.6192274
"Lyons, Illinois",United_States,41.8133,-87.8219,36.45693,-83.25737,35.58258,-65.53235,36.01965,-69.08088,35.39183,-57.262787,41.372524,-86.395874,40.99712,-87.15671
Lödöse,Sweden,58.0333,12.1583,59.307846,17.875706,31.006369,22.035326,35.28735,-9.630743,34.929337,-20.991337,53.2118,14.023964,57.38608,14.36434
Lærdalsøyri,Norway,61.1,7.4737,53.742996,4.304599,27.436583,-7.8822885,57.835747,-35.54485,44.619713,-22.697132,64.11706,28.301823,65.02696,14.317325
"Lyndon Station, Wisconsin",United_States,43.7117,-89.8978,40.55616,-58.22479,42.13408,-57.808044,43.598038,-68.779564,24.829014,-20.123188,49.650715,-86.90431,43.128624,-91.31731
Luxor,Egypt,25.6833,32.65,15.102547,-40.867355,24.002213,6.793131,37.941185,12.722259,24.865553,-20.103611,20.869797,-17.492905,34.622967,16.803267
Lučenec,Slovakia,48.3286,19.6692,44.853016,59.053844,32.62257,59.213497,37.940845,107.43745,41.64511,63.478996,41.89258,1.0996933,46.451252,23.77255
"Lutwyche, Queensland",Australia,-27.4219,153.034,-16.416245,129.99304,-41.244293,190.44444,-26.335575,147.39479,-29.81689,163.4433,-25.410837,159.26836,-24.924786,147.13884
Lydford,Devon,50.646,-4.106,58.040436,41.434647,58.13695,9.904193,46.870388,-10.246833,47.971527,26.636536,59.56024,10.126122,48.47659,-4.58628
"Lyndhurst, Hampshire",England,50.87,-1.58,50.92939,23.532568,32.665382,-3.1743646,52.006348,-46.412197,22.123075,-3.419897,50.621864,6.0135794,51.287117,2.1913376
Glyn Ceiriog,United_Kingdom,52.937,-3.183,60.7275,-21.72229,47.763756,-17.838045,26.568747,-39.495007,15.868159,26.859924,44.607864,34.174953,56.287567,-11.539914
Glynneath,United_Kingdom,51.747,-3.617,38.040382,18.723133,25.585901,26.83974,24.329964,56.17305,33.789772,13.107992,39.83285,21.976776,51.27073,-10.300725
Glossop,United_Kingdom,53.443,-1.949,59.417366,-37.862343,38.772858,33.930256,31.876919,70.440216,24.819126,47.22827,55.663193,-2.8642998,47.464256,-14.058633
"Glen Oaks, Queens",United_States,40.75,-73.71,47.314545,-62.51706,27.946331,-26.850262,29.949724,-32.657986,30.835358,-49.14131,35.68638,-65.000336,44.198494,-96.7424
"Glen Park, Toronto",Canada,43.708,-79.448,36.60414,-42.639713,28.445105,-29.79164,25.076242,-32.67515,23.816725,-18.504848,46.933853,-57.542156,50.834038,-74.11108
Glenavy,United_Kingdom,54.592,-6.214,31.61237,22.00886,35.995342,-10.106036,32.705776,36.49433,43.123165,-11.373859,42.883667,23.82415,45.5898,23.131413
"Glencoe, Highland",United_Kingdom,56.6828,-5.10598,53.86229,-45.10387,30.96722,-21.763292,41.161133,-37.817898,32.560303,-59.08242,52.098953,-6.215975,61.94014,5.3838034
"Glina, Croatia",Croatia,45.3333,16.0833,54.40433,-0.23143768,37.375546,26.716726,25.095142,63.74775,32.322056,40.215355,51.926937,10.21237,43.357433,21.4922
"Glendenning, New South Wales",Australia,-33.749,150.851,-29.371464,154.32185,-13.2365,99.36089,-11.107471,90.870384,-9.232639,91.66803,-28.838865,142.49104,-32.13427,151.81174
"Glenfield, Leicestershire",United_Kingdom,52.6491,-1.20622,12.361224,37.56512,27.094147,44.676556,32.42818,29.430912,19.462446,51.865395,50.31014,0.037363052,51.80591,-2.8693714
Gmina Orla,Poland,52.7072,23.33,52.05313,26.138783,37.539196,36.508232,46.68966,21.107328,45.657433,50.000095,49.46994,51.54067,44.70278,-2.1469488
Giovinazzo,Italy,41.1833,16.6667,41.964172,24.035275,35.88911,33.13522,59.631203,6.064129,40.60781,46.226837,42.989918,14.150341,43.996986,14.637369
"Glacier View, Alaska",United_States,61.8186,-147.715,39.066166,-68.16695,35.493366,-56.11437,34.136395,-30.609491,41.339348,-66.6629,52.039417,-132.8159,56.69303,-144.85931
"Gladbrook, Iowa",United_States,42.185,-92.7147,37.683086,-12.605509,38.982864,-77.37118,45.77561,-145.99895,45.826183,-124.98313,42.470238,-92.66724,42.386578,-92.0315
Giugliano in Campania,Italy,40.9333,14.2,38.60841,12.307974,32.385452,20.663334,37.68424,15.445656,22.181267,46.617447,34.974037,19.824213,40.496387,13.391568
Gilan-e Gharb,Iran,34.1422,45.9203,28.374748,33.025906,11.050766,40.838177,35.66403,39.885345,13.253619,42.814533,29.856888,74.1668,31.110804,52.83207
Gliwice,Poland,50.2833,18.6667,60.161167,-5.3591223,61.972115,-6.375779,66.09537,15.668165,60.703495,50.251167,61.290565,32.70436,53.632412,-4.1907396
"Gleneagle, Colorado",United_States,39.0453,-104.829,38.779335,-82.92801,28.836966,-110.524345,40.390762,-128.72388,29.294004,-75.22663,42.911556,-118.10124,41.267048,-113.98183
Glynde,East_Sussex,50.8616,0.06773,23.958027,35.760025,9.138546,41.19543,54.730644,-24.783333,25.347872,37.532726,40.794617,7.13597,42.70851,4.5344925
"Gloucester Township, New Jersey",United_States,39.7922,-75.0361,40.15844,-47.017612,30.705786,-15.690913,27.612858,-13.12275,27.508995,-29.240757,39.534683,-76.60809,38.51569,-73.741745
"Glen Park, San Francisco",United_States,37.7339,-122.433,22.342094,-55.865578,18.287613,-45.41923,16.429554,-51.92437,13.622313,-27.153736,37.94001,-113.2957,35.500534,-129.71724
"Glen Allen, Virginia",United_States,37.66,-77.4856,56.626907,-148.18831,30.62445,-48.070393,31.656765,-59.577713,25.975784,-51.96994,35.40349,-84.966156,37.410892,-73.42734
"Glen Alpine, North Carolina",United_States,35.7278,-81.7822,26.437237,-61.04845,26.977535,-28.83037,33.458412,-44.837418,21.885738,-34.186337,39.77276,-94.74213,35.16726,-82.45833
Gitega,Burundi,-3.42833,29.925,2.2279434,37.578793,-5.0853157,56.041607,25.664604,4.6316967,8.171923,12.491417,21.611595,17.628233,-6.9428253,19.931576
Giridih block,India,24.17,86.31,19.043839,79.25853,27.623058,44.928886,28.704815,69.77561,26.840492,84.145485,30.32884,76.83934,23.194328,58.031532
Glanton,United_Kingdom,55.424,-1.883,34.60769,54.88017,55.74012,-97.23649,28.335634,-39.936058,35.917034,-123.94517,43.30134,-10.259605,52.894695,8.314833
"Glanville, South Australia",Australia,-34.84,138.49,-19.520935,126.21355,-28.95459,125.84178,-24.290379,99.701515,-23.978035,113.20866,-31.791742,130.62209,-36.22329,142.80081
"Girton, Cambridgeshire",Cambridgeshire,52.233,0.083,54.701496,-32.369354,47.002388,25.919659,55.346096,-11.810475,51.73014,13.54862,50.05507,2.411703,52.000496,-2.8758707
"Gore, Ethiopia",Ethiopia,8.15,35.5167,13.177688,47.03151,18.623611,6.3398113,13.796637,17.293047,5.0964127,32.129314,10.904936,20.846912,7.3824673,28.723255
Gouripur Upazila,Bangladesh,24.0,90.0,17.43076,75.3678,25.575142,107.364105,21.264744,80.37732,20.678562,77.75957,22.531391,87.583435,22.824688,94.91297
Gowainghat Upazila,Bangladesh,25.0,91.0,15.468782,67.906296,16.13801,87.1463,21.264744,80.37732,22.604053,73.27338,23.289944,83.85751,22.708347,84.505455
Gorkha Municipality,Nepal,28.0,84.6333,26.819387,73.02948,38.08379,-5.339029,35.269367,29.329817,18.303812,30.942148,18.284155,76.93226,25.605244,82.33898
"Gotemba, Shizuoka",Japan,35.3087,138.935,50.49106,76.31358,27.031174,151.26262,27.727337,89.06891,26.881351,112.07907,32.90537,163.07245,33.595146,105.90242
Gorzów Wielkopolski,Poland,52.7333,15.25,34.838722,93.82869,46.186394,10.154345,32.691395,68.405174,49.1233,13.054801,50.61006,27.417297,50.877182,16.049276
Gosaba (community development block),India,22.1652,88.8079,18.26489,64.22061,19.472286,47.66346,27.054562,26.217426,24.53084,51.83049,21.636108,86.87747,24.380379,79.04516
"Goshen, California",United_States,36.3475,-119.42,33.06221,-106.48381,29.757742,-125.77028,29.580675,-111.12436,30.801392,-141.54779,37.677933,-116.399445,37.774635,-127.025826
"Goshen, Connecticut",United_States,41.8514,-73.2358,24.66699,-44.482544,37.2491,-119.01642,48.958675,-131.06148,42.8287,-143.82162,41.180157,-69.78134,41.953865,-72.1253
Gorton,United_Kingdom,53.458,-2.163,63.1861,-0.40788746,28.918552,35.288574,24.94961,13.765333,35.68576,47.692642,55.461014,-0.5431824,25.455233,26.761248
Gorran Haven,United_Kingdom,50.241,-4.793,53.12949,-26.89038,44.214775,9.998104,39.980698,-79.90144,38.53001,-9.919762,40.34389,31.372967,49.732563,-1.7024851
Gowerton,United_Kingdom,51.648,-4.043,15.846779,14.898703,42.117565,46.563644,32.3788,32.33956,23.823425,56.083664,51.526955,12.775507,44.20627,-1.8158703
Gorontalo (city),Indonesia,0.533333,123.067,-0.6475048,101.96524,10.692902,74.172615,6.0655613,107.037506,12.421412,84.83429,9.761423,70.20251,8.76292,64.05179
Goris,Armenia,39.5078,46.3386,43.750324,-13.228306,19.22696,-2.2440395,10.378311,74.34372,41.349815,-6.731022,36.50817,57.37756,39.604214,56.184578
Gorlice,Poland,49.65,21.1667,54.504692,-47.58174,68.10317,-80.01338,56.312256,19.027058,66.19779,-12.867889,54.491554,1.6238708,41.76424,39.72278
Gobabis,Namibia,-22.4333,18.9667,-20.542274,45.79929,-23.7136,64.954414,27.067997,2.6273987,-23.014874,37.914062,29.798103,26.145205,-20.930767,30.576328
Godagari Upazila,Bangladesh,24.0,88.0,26.086641,69.92027,19.143917,91.95718,21.264744,80.37732,22.604053,73.27338,19.99857,81.6416,21.601044,87.55896
Goghat I,India,22.8752,87.7037,26.292858,95.45363,36.3993,77.076744,33.35588,23.857994,28.470873,61.152943,23.953566,90.86894,20.717556,89.41772
Goa Velha,India,15.444,73.881,-3.90024,90.80917,-3.4400864,28.349197,8.670702,40.376427,4.065054,11.59031,-6.156664,7.2914286,-3.726368,64.50248
"Godmanchester, Quebec",Canada,45.1144,-74.0967,55.24711,-65.92346,51.769157,-32.379555,42.913055,-58.879757,57.966885,-64.42774,47.379585,-79.43324,45.713303,-66.146324
Godshill,United_Kingdom,50.633,-1.256,53.78407,6.4503975,51.62472,15.62127,34.979942,34.229412,50.187992,-12.032791,53.161842,-6.238386,55.567543,-4.8926897
Godalming,United_Kingdom,51.18,-0.61,57.50216,-34.87085,41.118378,2.8511224,34.530167,18.285877,47.15265,-36.340366,49.139114,-8.715313,54.427826,-9.068891
Goghat II,India,22.9052,87.649,29.017641,82.734695,32.96866,87.710106,44.30278,63.616432,27.060349,59.17173,21.575106,95.5388,20.558111,100.4269
Gohad,India,26.43,78.44,39.0194,-14.556998,33.992752,2.9850879,34.99317,-5.5831013,29.210825,51.706253,20.161602,47.42398,23.818481,78.88976
Gopalganj Sadar Upazila,Bangladesh,23.0,89.0,24.32206,60.544735,21.383327,96.737595,17.351444,95.04952,27.347212,86.48576,19.978071,82.7354,22.460587,88.80085
"Gollapudi, Vijayawada",India,16.5333,80.5833,25.44488,28.43639,2.8928108,82.289276,6.867214,76.6559,8.276306,110.715904,14.589624,73.832535,13.28676,70.537346
Goldington,United_Kingdom,52.1469,-0.42756,44.48072,34.42555,37.39564,5.405057,63.82692,41.77876,65.1401,-11.209759,44.003914,8.283271,49.054253,10.047986
Gonaïves,Haiti,19.4456,-72.6883,23.775784,-82.77385,10.571436,67.76319,26.710855,61.30797,0.28546143,113.33595,19.208714,-25.052933,13.52528,-62.808834
Goole,United_Kingdom,53.6992,-0.869171,61.607758,40.110397,82.54001,-14.911984,35.20897,100.268394,54.869957,43.326057,50.690155,-3.6943893,55.958748,-4.41846
Goose Green,United_Kingdom,-51.8272,-58.9731,-7.1668453,-28.326433,40.947563,-29.82221,45.57037,-36.349148,49.375313,-71.36368,34.717983,3.720047,31.416578,5.927817
Goiânia,Brazil,-16.6667,-49.25,0.6579876,-94.88637,27.650097,85.956245,36.444756,66.75256,10.098893,108.08529,-13.576532,-63.534885,-13.51104,-28.525219
Goiás,Brazil,-15.9333,-50.1333,-25.797829,-35.15542,27.530655,88.88949,28.211802,71.07481,30.38361,63.133507,-17.02904,-66.54283,-22.387733,-50.14709
Gorbals,United_Kingdom,55.8486,-4.25222,41.264187,-32.036976,35.96441,51.58626,40.789467,19.408897,42.530724,-5.6532173,57.633713,-5.117176,61.320873,-1.717679
Goražde,Bosnia_&_Herzegovina,43.6667,18.9833,36.89328,52.773445,32.648617,-3.6566396,19.793983,-21.553621,28.909693,-24.921085,42.224255,22.76492,45.19581,11.804176
"Golden Triangle, New Jersey",United_States,39.9329,-75.0397,29.82048,-42.625164,31.048653,-27.316288,27.97092,-29.169054,27.65339,-13.010895,41.581833,-79.29855,42.138298,-82.925354
"Goldsboro, Florida",United_States,28.8007,-81.2798,32.084255,-81.91936,28.86542,-97.73019,28.899399,-141.17618,43.323284,-148.50092,30.369047,-84.74432,28.874235,-81.883896
"Gold Hill, Colorado",United_States,40.0597,-105.419,34.467712,-51.443012,32.19953,-51.210083,32.79678,-46.438103,29.344456,-59.180267,41.39408,-115.3643,39.87163,-111.35583
"Gold River, California",United_States,38.6233,-121.248,36.824493,-79.086395,27.289724,-50.39142,21.083002,-43.88008,19.183668,-49.533768,37.418865,-129.35672,37.872673,-125.093285
"Gombe, Kinshasa",DR_Congo,-4.34803,15.3033,-0.40285492,12.445152,-5.4337654,2.7392921,6.3957863,-2.310153,-16.701221,23.949015,3.0411777,17.34787,-4.5371704,20.448092
Gomel,Belarus,52.4453,30.9842,69.97935,10.696558,57.93183,12.018034,28.611357,26.02269,77.318924,-38.29161,49.29489,71.886734,46.57891,46.15827
"Gallatin, Texas",United_States,31.9033,-95.1506,34.152107,-84.09999,33.75804,-136.42892,28.413586,-114.16443,36.53915,-135.08542,30.98079,-110.97154,31.820662,-98.06049
Gambassi Terme,Italy,43.5333,10.95,33.794353,6.7746925,58.478004,-6.98387,39.228382,16.346743,52.20288,3.2118607,39.3928,18.025747,42.68271,14.990507
Gallo Matese,Italy,41.4667,14.2167,32.80088,19.465229,43.407555,-49.523197,16.022667,-64.91312,18.037237,-64.48927,27.68067,11.231386,34.508797,-11.935384
Galsi I,India,23.4083,87.5428,37.953712,68.87192,48.304306,41.632626,36.653934,33.839264,38.001675,48.981705,28.554747,63.837902,30.02031,68.87031
Galsi II,India,23.3372,87.6925,39.608818,74.76019,44.87367,52.26603,42.127373,53.71846,36.591152,47.000496,27.715153,56.85628,25.017286,67.485016
"Ganda, Angola",Angola,-13.0167,14.6333,2.385521,12.706516,2.3268661,13.064381,9.537092,4.3656225,17.145985,-37.39351,1.91955,-3.188591,-9.268818,12.31814
"García, Nuevo León",Mexico,25.8167,-100.583,12.33572,-43.167362,28.35385,-43.744713,23.894081,-49.967655,24.008469,-56.660683,12.9281,-81.46991,17.436771,-87.499855
"Garden City, Colorado",United_States,40.3947,-104.689,36.69339,-124.75542,33.12856,-43.952824,30.48969,-46.614105,30.31243,-48.27825,39.6434,-111.52472,40.065704,-105.377495
"Garden City, Kansas",United_States,37.9753,-100.864,37.203163,-117.51437,32.021675,-38.415066,30.544243,-20.956976,24.233604,-25.07552,41.22446,-80.16362,38.11752,-95.52171
"Garden City, New York",United_States,40.7269,-73.6497,47.286873,-90.409485,25.07903,-0.30026853,22.555527,-2.9085646,22.66166,-1.4719505,39.486313,-66.38025,38.71449,-64.04307
Gangarampur,India,25.4,88.52,36.707203,75.261536,12.438688,90.5721,30.137823,63.584145,14.301886,78.12767,13.455169,95.04379,24.804111,91.615845
Gangarampur subdivision,India,25.4,88.52,24.68345,63.634098,16.640757,58.423656,29.50105,44.076668,22.442501,48.753464,25.74396,77.17849,26.002413,90.39985
Gampola,Sri_Lanka,7.16472,80.5767,-11.028713,116.193726,-2.8640442,175.24995,8.686901,49.83765,6.42585,162.38162,15.605819,76.323166,-0.55384064,79.48787
Garabito (canton),Costa_Rica,9.70725,-84.6148,9.745804,-27.264599,4.4778214,-30.28451,36.992626,-75.341324,20.516447,-48.447113,17.34578,-66.11284,17.110365,-49.0668
Gao Region,Mali,17.0986,0.351389,10.069882,48.149433,16.715685,58.598633,11.032494,63.886055,13.791416,70.85659,21.857119,111.45262,21.953915,66.65184
Galkayo,Somalia,6.76972,47.4308,18.195618,-6.360561,14.052378,31.55683,-7.47649,80.93063,11.265012,51.158295,4.2026157,61.791847,12.970692,53.242508
Ganjam,India,19.38,85.07,20.942387,107.97847,19.309677,78.32175,14.69923,125.02542,26.52748,95.43301,20.288483,79.727554,19.542011,93.04489
Frosinone,Italy,41.6333,13.35,82.39315,-72.83707,37.97404,6.108726,12.416853,20.0699,52.064785,11.699341,40.186615,6.9360495,38.444195,19.672203
Fria,Guinea,10.45,-13.5333,0.79465866,68.31885,-0.48679543,-23.277521,-0.14633942,-16.083883,5.657612,-46.66066,34.2645,5.470645,36.719105,-27.996555
Frogner,Norway,59.917,10.7059,50.03683,31.888344,75.17442,-30.182636,55.344955,53.40466,80.17788,-20.477745,60.35727,-24.208145,55.9383,-3.8215008
"Fremington, Devon",Devon,51.07,-4.12,48.89613,61.348286,68.203125,-25.880207,50.671097,-10.215519,51.295868,1.3253918,50.29934,-5.597746,51.367355,2.6696348
"Freemans Reach, New South Wales",Australia,-33.5614,150.798,-14.897766,106.15553,-7.8366013,95.07614,-9.775745,78.4785,-6.2710857,64.280975,-28.273481,139.86195,-34.60019,159.59752
"French Lick Township, Orange County, Indiana",United_States,38.5444,-86.6114,45.690025,-84.80675,30.934402,-50.55615,25.603529,-43.199753,28.857248,-48.91696,39.128395,-100.263824,39.15206,-86.30789
"Frankston South, Victoria",Australia,-38.188,145.153,-29.947384,102.284256,-45.37857,159.92905,-41.417423,139.7873,-39.12574,154.56813,-35.17858,137.38351,-37.595665,146.82513
Ga Masemola,South_Africa,-24.552,29.633,0.011602402,51.509594,11.048882,55.878834,53.913555,-51.660217,1.8719635,31.34686,1.5408535,24.833439,-19.6357,25.268126
Fulbourn,Cambridgeshire,52.184,0.227244,34.715893,29.641838,37.063866,18.874447,47.000237,-2.9818358,54.50807,24.524841,44.02934,15.703774,54.38216,4.467026
"Fyfield, Essex",United_Kingdom,51.739,0.272169,51.349396,16.324324,63.823944,-13.650564,68.89026,-27.332767,48.006317,8.279266,53.720047,-9.129293,53.209553,-1.5630817
"Fyfield, Oxfordshire",United_Kingdom,51.686,-1.389,73.74941,-18.61161,72.62268,-6.3842316,64.28719,-13.582679,56.210983,6.814413,49.26914,2.190771,48.123287,6.7294784
Furness Vale,United_Kingdom,53.349,-1.99,46.76371,-19.897617,36.9133,33.14103,27.964855,43.802486,32.653824,55.678627,26.51402,41.383354,50.05326,-2.2969103
"Fulwell, Sunderland",United_Kingdom,54.928,-1.383,39.819267,8.798183,61.228706,-42.314728,48.64582,3.8989851,56.309715,-8.979557,54.481552,-13.818249,55.282814,-13.227283
"Fulwood, Lancashire",United_Kingdom,53.7794,-2.69361,30.076748,2.3375921,49.416245,21.77334,41.69293,62.290924,47.148804,-12.1021805,49.94932,4.42838,52.664825,-5.7236147
"Gadsden, Alabama",United_States,34.01,-86.0103,43.170486,-95.87848,40.36534,-158.61105,37.766632,-129.15314,40.11482,-120.01656,33.768204,-83.721405,33.741528,-100.92374
Fulbaria Upazila,Bangladesh,24.0,90.0,20.230274,89.741684,19.371906,102.63214,21.264744,80.37732,22.604053,73.27338,22.006638,87.2787,22.87422,85.51154
Gaibandha District,Bangladesh,25.25,89.5,23.191193,78.22563,22.044865,79.86713,24.246967,64.25378,17.140146,76.33911,27.989857,74.81271,22.455795,93.17962
"Gainesville, Georgia",United_States,34.3044,-83.8339,39.700165,-33.31873,23.240086,-100.5184,39.402565,-93.450005,35.85469,-108.710045,33.60964,-90.0173,34.22916,-87.85832
"Gagetown, New Brunswick",Canada,45.77,-66.16,32.60825,-8.331733,27.257946,5.8563743,33.315506,-0.5918344,29.958466,-18.689144,42.940655,-74.08832,49.25956,-64.25668
"Gainsborough, Lincolnshire",United_Kingdom,53.4016,-0.7732,68.89837,14.465771,74.68887,-7.937467,73.79576,-15.914492,81.49249,-40.216736,53.895294,-3.8716507,53.44865,-7.1268053
Fălești,Moldova,47.5722,27.7139,46.54696,-40.008583,33.780594,-13.3129635,43.62854,-4.2940483,39.179058,-4.8157883,40.58141,30.31366,47.631886,33.105145
"Fulham Gardens, South Australia",Australia,-34.913,138.514,-13.116547,73.867966,-5.8909187,89.313774,-6.676979,107.52196,3.2833214,68.18881,-35.75167,143.30257,-32.356003,127.6234
"Fullarton, South Australia",Australia,-34.951,138.629,-12.485199,82.378876,-27.636902,129.92828,-21.662464,136.6219,-31.469105,131.04434,-33.44393,134.08293,-36.035164,140.42435
Färjestaden,Sweden,56.65,16.4833,38.179733,20.309973,42.05551,-17.662184,47.670807,-26.891935,47.940266,-32.511486,61.309776,21.965935,58.237526,11.534387
Fuxin,People's_Republic_of_China,42.022,121.67,29.07198,65.89302,43.198555,90.56249,21.324726,57.618446,45.346413,90.688156,26.661638,95.0795,36.572266,101.28176
Førde (town),Norway,61.4522,5.8572,46.72151,-14.532162,29.450768,14.154843,37.27382,8.23982,33.718105,1.9660835,60.196953,-2.87467,52.552685,2.577382
"Fukuchiyama, Kyoto",Japan,35.3,135.133,48.638794,84.782715,28.86257,120.16998,35.148922,93.31856,38.87593,116.44924,39.959442,152.0269,35.52386,134.80367
Fukui Prefecture,Japan,35.9833,136.183,60.81063,79.56581,42.715843,123.66453,34.247265,174.29811,20.84603,134.68372,37.81915,123.82303,37.018185,146.93799
"Fukuroi, Shizuoka",Japan,34.7502,137.925,16.7903,30.251118,24.05638,137.78412,29.023932,136.47862,22.99506,121.47592,32.891144,158.86601,34.376884,108.32396
"Fujimino, Saitama",Japan,35.8795,139.52,15.42911,106.83162,33.399788,130.6403,30.008823,145.34218,34.64212,132.42072,32.51387,128.74373,36.01529,119.04499
"Fujinomiya, Shizuoka",Japan,35.2221,138.622,23.816257,57.55608,19.724094,140.37286,23.368412,119.95115,26.627003,112.154625,29.753231,169.42552,35.13509,108.124016
"Fukagawa, Hokkaido",Japan,43.7178,142.04,45.878014,64.31624,61.508728,100.829895,43.018013,79.92497,37.9725,124.64343,38.47937,124.233,41.13313,123.963776
"Fujimi, Saitama",Japan,35.8566,139.549,22.48457,108.9474,46.78302,124.81851,43.86172,70.03003,41.591423,118.89141,32.024982,145.97745,34.793884,134.58516
"Furnace Creek, California",United_States,36.4581,-116.871,47.41768,-110.065186,36.063324,-66.109535,37.048096,-94.44686,28.141699,-84.26554,34.131058,-119.04758,41.56964,-123.39692
Fully,Switzerland,46.1333,7.11667,30.548752,31.23014,40.431377,53.120716,18.440262,67.64749,12.525628,58.256416,41.646645,11.994619,24.582241,-14.567723
"Fulton, California",United_States,38.4964,-122.77,26.991936,-60.88071,33.49972,-98.88873,27.271765,-94.317894,35.32451,-79.71384,36.82116,-115.65489,38.954784,-115.15322
General Toshevo,Bulgaria,43.7,28.0333,50.987755,33.80715,36.76632,2.9835281,10.265966,-39.185318,22.455431,-0.73254204,39.72046,19.25383,46.27394,11.09993
Geok Tepe,Turkmenistan,38.1578,57.9664,39.124947,68.06181,54.124943,67.766945,35.622475,71.23655,29.659956,95.631454,21.821432,34.457947,34.012325,38.76425
Gemena,Democratic_Republic_of_the_Congo,3.25,19.7667,11.378893,8.117523,0.9245777,27.937386,27.682882,28.852833,14.562011,17.475739,24.960573,28.529812,1.2870407,32.036663
Gela,Italy,37.0667,14.25,66.43652,-59.049984,9.775045,63.570065,26.48328,-7.578164,27.692822,23.756536,26.930304,22.158106,25.79296,43.47992
Geldermalsen,Netherlands,51.8833,5.28333,31.168125,8.710012,27.462242,48.49821,47.372673,56.17691,36.933994,37.41002,38.758003,-4.3614883,49.57727,12.742134
Geldrop,Netherlands,51.4222,5.55778,40.372375,29.879814,47.744858,27.254976,64.59097,2.5991375,42.770042,19.517496,49.052757,7.370515,52.020683,19.034508
Geleen,Netherlands,50.9667,5.83333,50.110832,21.916136,68.60365,-76.15509,43.13426,20.464262,52.333923,16.208689,47.886528,-4.1632366,48.772263,21.905075
"George Town, Penang",Malaysia,5.41444,100.329,6.5483274,131.7878,16.538544,56.382957,9.541195,66.04943,7.748356,56.897514,3.8049068,97.7211,1.3921528,105.45311
"Georgetown, Floyd County, Indiana",United_States,38.3,-85.9708,50.070114,-109.78894,34.68846,-78.88938,34.612637,-79.91982,33.979485,-95.62543,39.18433,-92.259705,39.510174,-87.253296
"Georgetown, Illinois",United_States,39.9786,-87.6361,28.61958,-41.25132,29.300634,-114.139496,34.74652,-118.02407,27.826721,-113.780174,37.488144,-95.45755,40.294937,-91.3941
"Gedney, Lincolnshire",United_Kingdom,52.7978,0.0798,75.57509,-40.387646,82.99083,-14.861131,68.51306,-6.483717,71.688,-58.53994,55.848236,-10.987038,49.23535,6.4835916
Geelong,Australia,-38.15,144.35,-50.968365,160.13527,-37.311455,176.77602,-27.512009,131.60255,-47.64544,175.74063,-39.195915,158.66344,-25.447746,122.8086
Geelong city centre,Australia,-38.1597,144.364,-25.317245,105.577515,1.8507805,87.68121,-0.30768967,96.364395,3.689415,102.34833,-5.861868,99.99193,-32.86148,155.21155
"Geebung, Queensland",Australia,-27.3705,153.048,-28.800838,126.28847,-43.03958,200.0385,-24.176163,122.26648,-37.752815,162.95483,-28.87625,163.15521,-23.852299,143.96309
"Germantown, Washington County, Wisconsin",United_States,43.2639,-88.1425,50.103645,-104.9581,45.22692,-95.230736,42.808064,-86.48674,42.44241,-91.62055,47.358444,-95.58534,39.381355,-83.410255
"Germantown (town), New York",United_States,42.1342,-73.8711,50.13078,-78.26654,25.960007,-21.285206,23.659739,-28.360868,29.27135,-32.165424,40.078976,-77.8504,43.282795,-71.88251
Geoje,South_Korea,34.85,128.583,12.911688,149.44537,27.45594,129.82997,-1.6049919,113.22745,33.75934,131.3168,15.060885,57.17158,33.360485,155.35747
Gemona del Friuli,Italy,46.2833,13.1333,50.240112,56.500553,49.183636,-9.640191,17.2305,-6.700506,36.33262,5.0282383,47.206875,-1.4888783,46.69322,0.58304787
Genzano di Roma,Italy,41.7,12.6833,44.85715,-27.528975,34.745445,24.06578,38.670685,57.212193,31.436272,41.61653,48.208344,-6.0947456,45.124535,9.847708
"Geneseo, Illinois",United_States,41.45,-90.1533,54.365974,-105.899155,39.250137,-94.9832,43.65218,-79.21655,53.706146,-99.25515,38.88502,-87.59845,38.877975,-89.46837
"Geneva, Florida",United_States,28.7372,-81.1178,32.58004,-78.65297,26.315588,-56.666035,30.46346,-79.3103,34.75347,-69.96026,32.95095,-77.02634,29.555649,-84.97886
"Geneva, Illinois",United_States,41.89,-88.31,69.234955,-127.965195,35.35905,-54.64593,41.786495,-75.65985,43.6519,-66.602135,41.235138,-85.653946,40.41396,-87.55691
"Geneva, Wisconsin",United_States,42.6119,-88.4883,32.01475,-90.05145,42.638596,-63.465862,42.53253,-71.97794,47.43289,-71.50519,43.20751,-87.998474,44.176228,-88.35912
Gerrans,United_Kingdom,50.178,-4.981,39.354424,2.814334,19.109137,26.959686,28.828182,72.90465,13.454036,68.932205,0.36860466,47.65695,6.7302074,62.926113
Ghulam Khan,Pakistan,33.1439,70.0239,29.812706,61.626865,35.248837,69.625015,31.600271,77.326,45.136757,58.472687,35.179237,83.06529,33.449013,42.631294
"Gillette, New Jersey",United_States,40.6739,-74.4661,29.583258,-41.877407,30.58365,-52.374023,34.663002,-45.105938,27.199062,-36.06134,42.286476,-80.37396,43.6563,-69.20143
"Gillette, Wyoming",United_States,44.2828,-105.505,30.149128,-69.22371,36.998604,-118.86886,38.921436,-80.13847,46.141426,-94.315674,37.368088,-99.53473,43.973232,-112.98264
"Gillingham, Norfolk",United_Kingdom,52.4729,1.54899,50.001488,0.64296913,51.334465,-20.794655,52.72609,-16.53679,64.817535,-13.9217415,59.350914,-4.4009247,53.149887,-7.627097
"Gilcrest, Colorado",United_States,40.2831,-104.779,46.593826,-118.60602,43.548096,-107.3621,41.414597,-206.69618,36.072884,-108.68137,38.891975,-103.93823,41.349922,-108.67151
"Gilbertville, Iowa",United_States,42.4172,-92.2139,28.882732,-23.405308,33.02378,-100.259865,45.77561,-145.99895,42.947063,-77.79809,42.55222,-95.73842,41.942097,-91.774025
"Gifford, Florida",United_States,27.6719,-80.4164,28.388346,-57.259956,30.974678,-76.58143,33.041367,-57.4299,38.48734,-90.87821,32.232647,-82.80179,27.415346,-81.476746
Gioia del Colle,Italy,40.8,16.9333,55.816402,-5.0084515,37.187862,-20.288055,19.191273,-6.1340084,40.99424,-35.75074,35.672142,19.889662,42.94117,7.9776216
"Gilles Plains, South Australia",Australia,-34.8503,138.659,-25.087402,116.220474,-15.315353,87.32241,-8.982643,73.39813,-19.108852,62.420803,-38.96218,141.12032,-33.743393,130.81235
"Gillingham, Kent",United_Kingdom,51.385,0.55,52.4756,47.83892,55.13127,-5.980997,53.26062,-11.742873,58.40812,4.1733723,50.268795,16.289167,55.93377,-9.599322
Ghoraghat Upazila,Bangladesh,25.0,89.0,30.308386,97.64642,23.061794,102.97897,21.264744,80.37732,22.604053,73.27338,20.651432,94.19676,22.802082,85.80747
Geylang,Singapore,1.32056,103.887,10.765731,165.91779,16.291107,100.61541,44.293045,11.864005,-4.916252,133.17328,2.9911728,80.996155,11.382309,95.61149
"Geyserville, California",United_States,38.7078,-122.902,15.1061535,-79.02101,32.877914,-125.76741,35.879597,-109.76157,31.90221,-118.82044,34.42255,-114.619934,39.36682,-118.54044
Gharbia Governorate,Egypt,30.867,31.028,32.769753,22.246014,40.185204,19.01087,39.34115,35.739853,18.024254,40.971863,31.30124,54.351173,29.461746,46.125202
"Gibson, Tennessee",United_States,35.8753,-88.8469,33.047222,-47.860832,37.59514,-86.13636,29.580551,-89.59336,33.7152,-62.092148,33.51112,-91.66995,37.437466,-82.15209
"Gibbsboro, New Jersey",United_States,39.8331,-74.9657,37.9467,-12.924506,37.660683,-49.493694,36.180492,-43.672817,29.29573,-37.423637,42.56368,-87.45386,40.773132,-74.31118
Gerrards Cross,United_Kingdom,51.587,-0.554,64.50961,21.41953,40.952873,8.755346,39.056805,33.709717,46.418915,16.710146,45.195984,16.897764,51.687935,-3.2176743
Garstang,United_Kingdom,53.903,-2.767,55.986237,-1.7864594,64.07389,-36.571857,48.178734,1.884052,59.74143,-15.04734,27.32897,30.843891,55.018913,-1.4694338
Garhwa,India,24.11,83.81,31.123322,81.43965,12.116863,134.34251,21.66038,69.50901,19.206507,134.30917,30.248133,55.725147,29.013765,75.52605
Garoua,Cameroon,9.3,13.4,6.5710926,-10.861763,-5.7028008,-4.160046,25.035164,31.42489,-10.7402115,25.425333,16.838978,10.401654,2.01692,3.7234745
Garmen,Bulgaria,41.6,23.8167,29.206024,30.14355,29.1347,14.451901,39.539917,-2.620081,35.114445,4.595434,43.829296,14.403372,44.405117,6.731077
"Garzón, Uruguay",Uruguay,-34.5922,-54.545,2.2108364,-60.21891,16.734394,-29.41782,8.529921,-21.841007,23.170795,-40.359413,-24.17866,-48.791897,-34.455017,-63.62897
"Gayton, Merseyside",United_Kingdom,53.319,-3.101,56.1831,1.7944345,70.73009,11.3828335,61.689816,8.545221,55.070015,-24.961079,52.11963,-9.289925,46.924477,6.400774
Gateshead,United_Kingdom,54.95,-1.6,44.657833,16.661652,63.848248,19.503061,46.246464,81.795395,58.485123,0.48732948,59.76457,-20.299595,49.038616,7.18321
Garhbeta I,India,22.86,87.36,20.53917,91.96945,32.49377,94.27248,32.143044,47.265774,25.854652,65.87656,35.315098,64.40767,22.246548,78.61965
Garhbeta III,India,22.7169,87.3395,19.704655,73.33653,32.066635,85.74565,35.837215,46.235966,22.614342,50.58783,35.484356,16.786861,22.92858,104.65382
Gaza Governorate,Palestinian_Territories,31.52,34.45,27.987434,18.797777,38.174038,17.766544,32.922512,55.735626,19.214935,54.33477,28.83648,19.578691,33.163063,32.971123
"Garrison, Iowa",United_States,42.1436,-92.1431,42.707977,-60.432785,39.616314,-80.95771,42.153893,-70.15285,43.781586,-76.50217,43.35817,-91.522354,42.303097,-94.27334
Garsington,United_Kingdom,51.716,-1.161,54.25413,-4.2518826,58.449463,28.66096,56.384857,12.941975,54.839806,-18.2095,55.502846,3.481183,61.266075,11.0198555
Garut Regency,Indonesia,-7.2027,107.886,-0.6343994,107.29443,-4.105873,120.84918,-0.75595856,132.93956,0.8637142,109.54595,-2.9911194,119.14809,-7.2381897,117.2089
"Garnavillo, Iowa",United_States,42.8669,-91.2361,43.05497,-65.93558,44.687664,-108.252785,45.77561,-145.99895,42.437675,-90.14415,37.93104,-93.18199,43.37914,-94.74136
Garni,Armenia,40.1194,44.7231,61.579384,-11.5394745,54.26857,-44.383244,40.202652,-3.7776875,69.05217,-51.138634,36.593464,37.623123,39.784756,48.449127
"Gatesville, North Carolina",United_States,36.4036,-76.7531,43.190655,-68.55029,23.407305,-75.84339,22.776123,-36.462032,16.68298,-72.98269,34.91261,-83.52582,36.04788,-75.05145
"Garden Grove, Iowa",United_States,40.8264,-93.6078,40.048367,-94.36923,39.92335,-51.868576,43.51377,-59.380814,42.135254,-67.13225,41.391003,-95.9494,44.35254,-98.12353
"Gardens, Cape Town",South_Africa,-33.9333,18.4083,-21.379906,58.966785,5.190222,32.91264,-2.4233475,41.43228,3.753643,10.686911,-31.37277,27.14863,-38.720955,21.81004
"Morganton, North Carolina",United_States,35.7425,-81.6922,16.797184,-122.77899,24.997597,-79.400925,28.455118,-51.951935,21.058737,-74.669914,37.915665,-81.92775,35.7082,-83.14662
"Morgantown, West Virginia",United_States,39.6336,-79.9506,34.68314,-69.71706,34.15274,-75.22429,30.49627,-38.24617,36.089283,-65.33323,38.741608,-83.85022,40.823833,-90.85792
"Moriguchi, Osaka",Japan,34.7375,135.564,40.241684,47.46818,33.520195,124.84224,35.07121,94.666954,35.677128,115.9367,33.99696,134.27422,33.457233,130.33217
Morena,India,26.5,78.0,25.900982,98.67386,2.382595,-13.550244,18.54123,55.898582,34.21756,-98.12448,13.392947,-20.163353,29.463335,-19.79665
Moretonhampstead,United_Kingdom,50.6603,-3.7671,49.96419,65.03845,41.322186,37.89998,13.780609,68.74668,56.757427,-20.7261,53.477272,-6.741642,53.8331,-5.39635
"Morgan's Point, Texas",United_States,29.6764,-94.9994,14.486372,-100.27301,25.049917,-75.373276,33.079216,-113.733376,19.27417,-102.40792,29.754894,-88.94028,30.24996,-100.36821
"Moreno, Buenos Aires",Argentina,-34.65,-58.7833,6.628648,-42.24728,-13.446774,-73.38304,-18.478928,-49.940205,-6.9073257,-78.92262,-29.24127,-49.050266,-32.980392,-50.540062
"Moreton, Essex",Essex,51.7428,0.2188,54.77327,1.9752932,26.838503,52.65448,39.763893,8.406182,23.282433,70.8309,56.42226,-4.0891705,56.313995,-3.749446
"Mornington, County Meath",Republic_of_Ireland,53.7214,-6.28389,55.92509,56.784863,25.94789,46.163887,12.588631,49.945854,27.467241,39.714935,62.260773,-7.9878883,50.833824,15.451186
Moroto Town,Uganda,2.53,34.67,1.3382721,26.64544,13.414297,34.905014,17.865124,39.446064,4.6826077,50.683094,4.407795,19.882763,1.600254,38.02566
"Morpeth, Northumberland",England_national_rugby_union_team,55.1675,-1.69083,47.86078,34.050488,54.732113,8.620934,42.283592,15.305552,61.22706,10.156948,47.590385,19.598507,59.84253,-6.800267
Morobe Province,Papua_New_Guinea,-6.83333,146.667,-28.382309,172.77509,-3.0798836,89.901146,11.250317,46.627388,-12.381035,80.01837,3.1427898,16.370537,-12.348755,170.88017
Morondava,Madagascar,-20.2847,44.3175,-16.347496,41.875237,-24.996174,59.971542,4.50906,48.830585,-2.8943253,42.946278,19.396109,17.837038,-18.49472,42.968468
Morowali Regency,Indonesia,-2.81854,121.861,7.21716,115.463806,-3.5321426,116.14168,-1.819355,141.67787,-2.388708,69.31752,-10.142836,118.85445,-2.3070297,110.117714
"Morovis, Puerto Rico",Puerto_Rico,18.3333,-66.4167,19.490213,-94.765335,4.357895,-101.57254,-2.4147835,-71.8145,-0.027872086,-72.14959,20.51005,-72.23695,23.518406,-68.86644
"Morland, Cumbria",England,54.595,-2.62,53.483047,7.0686874,65.442184,-3.1995106,60.277092,-4.290597,75.86287,-2.1168957,58.267906,2.617629,57.873848,-12.454026
Morin Dawa Daur Autonomous Banner,China,48.4667,124.5,32.199245,83.69505,43.01271,29.964043,44.91978,10.810629,44.877655,12.8894005,44.82082,91.240906,45.722946,92.48272
"Morning Sun, Iowa",United_States,41.0953,-91.2536,44.173805,-70.61935,25.044794,-30.212435,34.63018,-37.212914,33.62965,-24.737816,40.757397,-91.46069,45.235603,-87.75506
Morelia,Mexico,19.7683,-101.189,8.554733,-75.5497,-33.930542,-32.217873,10.418083,-113.50591,-19.228596,-5.118126,7.0726585,-73.81633,13.087723,-15.672769
Mopani District Municipality,South_Africa,-23.3167,30.7167,-10.26128,38.002647,6.3296375,36.323387,12.785284,43.063084,-0.08919716,40.022903,-26.196379,30.227682,-34.550865,17.4013
Morchard Bishop,United_Kingdom,50.85,-3.75,28.340761,36.909576,23.520542,20.4527,27.861668,-10.300008,24.381802,45.740467,31.365244,-2.4020004,52.20472,-12.175525
Moravia (canton),Costa_Rica,10.0088,-84.0216,10.636142,-45.890533,29.596258,-30.384216,31.645128,-39.78835,40.071182,-28.116447,37.291916,-4.7775593,36.223938,-20.647438
Moravske Toplice,Slovenia,46.6927,16.2281,31.12877,14.30636,41.0687,-11.606364,33.24868,-4.371107,38.302956,41.248306,55.45595,28.512388,46.742447,27.014664
Morang District,Nepal,26.6667,87.5,26.202993,108.04581,-7.511017,141.47192,1.9746208,121.98626,0.07247543,119.02912,14.721225,111.9259,26.790081,80.28262
Morar,Scotland,56.9695,-5.82157,60.03419,28.672874,20.286251,41.194252,28.991634,-1.8495835,40.179447,31.549036,22.856766,26.113188,38.652,6.6520195
Mossel Bay Local Municipality,South_Africa,-34.0833,22.0,-12.246361,33.305412,3.626934,8.219273,10.907501,30.235424,3.0772114,13.804718,-27.260454,47.721054,-30.853539,25.9502
Mossley Hill,United_Kingdom,53.379,-2.918,33.2603,-15.336199,40.847565,-5.935151,27.274216,55.016697,42.177944,2.3415642,32.180397,33.061714,51.491882,-8.917697
"Moston, Manchester",United_Kingdom,53.5156,-2.18476,35.360676,16.931124,56.256596,7.2793193,44.14816,-8.159528,50.946198,-14.649059,49.45359,-4.3836136,53.519073,-1.7963018
Most na Soči,Slovenia,46.1523,13.7443,55.00997,2.9681673,35.652435,20.740568,30.907032,12.93719,37.517174,0.14860535,40.228577,26.250513,35.290985,3.0338144
Mosta,Malta,35.9097,14.4261,24.801193,43.894638,29.751575,101.88907,35.78361,52.275745,31.63957,45.173424,25.833426,25.525078,38.987335,19.541092
"Motul, Yucatán",Mexico,21.1667,-89.4667,35.163853,-51.579826,31.449244,-53.109222,21.078876,-4.3206787,21.446058,-37.751816,26.360647,-73.61894,18.258934,-92.09149
Mouille Point,South_Africa,-33.9008,18.4056,0.24498749,24.086155,18.044659,12.262442,29.546772,-47.26964,17.542898,-37.162094,15.032717,17.969498,-30.84417,10.21819
Mottisfont,United_Kingdom,51.0396,-1.53711,44.668854,-3.7433977,48.938656,24.963135,39.07102,-13.165744,57.323277,10.58886,58.699467,-34.53273,57.55345,-5.15989
"Morriston, Florida",United_States,29.2814,-82.4381,23.736677,-46.74871,34.414986,-79.55615,14.06016,-50.57183,25.030767,-62.05806,28.519323,-72.152954,30.471443,-85.497314
"Morris Heights, Bronx",United_States,40.85,-73.92,23.549345,-27.18414,32.112267,-39.961483,32.796543,-31.87641,24.138609,-51.140373,41.112625,-68.484314,41.43824,-83.54351
"Morris Township, New Jersey",United_States,40.7961,-74.4946,43.484875,-75.418564,32.223972,-32.22192,30.731688,-29.275543,22.530354,-24.02695,37.072678,-62.739216,39.398636,-70.7933
"Morrisonville, Illinois",United_States,39.4192,-89.4572,52.579536,-105.043655,52.8964,-136.30746,49.25141,-75.29529,49.550064,-131.30182,38.40687,-87.69122,40.572876,-87.44719
"Mortlake, New South Wales",Australia,-33.8437,151.106,-22.466515,140.47183,-15.541512,119.938385,-10.394241,111.06308,-14.181034,108.76481,-32.84304,149.08081,-32.79222,153.40155
Mosfellsbær,Iceland,64.17,-21.72,59.49716,-17.910961,36.1197,-2.2230186,47.603615,8.188238,40.958897,5.082733,67.27769,-8.57061,65.38675,-14.636327
"Moscow, East Ayrshire",Scotland,55.633,-4.404,39.952,-35.836838,43.146618,51.989315,46.467743,5.799246,53.52884,-1.0993729,59.912254,-23.494595,60.383125,-0.6375456
Monte Porzio Catone,Italy,41.8167,12.7167,32.603558,18.915,47.639633,-25.71895,37.221542,-24.14283,41.488976,-46.558456,28.63182,14.0174885,40.601215,14.751891
"Monte Cristi, Dominican Republic",Dominican_Republic,19.85,-71.65,18.984459,-78.63458,21.201939,-29.309486,28.500221,-45.233646,27.53242,-58.157906,21.567223,-55.32236,13.812231,-54.37826
Monte Argentario,Italy,42.4333,11.1167,25.743383,40.629368,34.037376,11.393244,23.146132,27.277306,30.755463,-27.334133,34.55233,-11.366325,37.431385,22.231377
Montella,Italy,40.85,15.0167,40.925037,-9.300876,33.479156,5.058456,35.60615,13.802261,54.03359,-53.347145,34.988697,-3.6423092,43.05672,16.55695
"Montenegro, Rio Grande do Sul",Brazil,-29.6889,-51.4608,-3.5428696,-27.48329,4.0123806,-24.555754,-4.0708466,-43.624065,3.490097,-18.336067,-25.372843,-33.73358,-12.870693,-47.663628
"Montecito, California",United_States,34.4333,-119.633,20.302828,-123.27045,45.36503,-127.667,51.003487,-131.32773,33.55593,-107.65441,34.72479,-107.62717,36.7107,-120.531364
Montecatini Terme,Italy,43.8828,10.7711,50.16726,-7.933583,65.736664,-28.075584,54.218857,16.866802,56.906242,1.5539665,38.559155,6.378606,41.300076,29.152039
Montecchio Maggiore,Italy,45.5,11.4167,33.659645,44.15125,56.473705,19.99996,35.868744,9.889572,55.857285,-7.7934647,44.554314,28.167511,44.95417,18.387236
"Mont Albert North, Victoria",Australia,-37.8081,145.114,-10.310156,86.99971,-1.781807,58.412907,3.2548428,52.058414,-1.2308273,53.745995,-38.455696,132.3049,-34.549675,138.04942
"Monroe, New Hampshire",United_States,44.2603,-72.0547,43.26967,-79.00343,28.36635,-35.699192,36.359627,-47.302254,29.061382,-27.851265,51.03667,-94.36594,43.55729,-75.163864
"Monroe, Wisconsin",United_States,42.6,-89.6333,30.717672,-87.26865,47.357086,-127.23998,47.159058,-120.384575,44.175503,-93.88006,45.854668,-94.98451,42.745728,-86.95773
"Monroe, Iowa",United_States,41.5219,-93.1036,37.749535,-71.405106,40.102764,-121.77933,45.24308,-118.633255,41.31465,-88.15815,44.249016,-88.49965,40.994392,-91.93228
"Montaigu, Vendée",France,46.9736,-1.3086,48.5303,-28.463419,39.327553,-6.919781,33.664295,2.9921057,35.28592,3.5366573,39.4727,-1.6114635,41.855392,-16.703522
Montalto Uffugo,Italy,39.4,16.15,32.004265,-1.1935244,32.43851,40.435154,26.775393,-0.87573373,31.923822,42.006603,32.511967,-1.1529598,40.65546,13.639399
Montagnana,Italy,45.2333,11.4611,59.1422,-29.536987,66.28071,-18.494856,48.71779,-24.507885,69.218796,-24.076962,39.00261,4.6246614,52.92213,4.524368
"Montverde, Florida",United_States_of_America,28.5994,-81.6761,19.001528,-99.52754,27.266151,-136.5078,25.469385,-164.16624,26.917835,-104.32584,26.430828,-86.083466,32.057156,-88.41404
"Mooloolah Valley, Queensland",Australia,-26.7625,152.963,-11.902081,113.88632,-19.088493,100.46853,-7.0430145,47.916924,-19.520874,101.18798,-18.729998,136.21129,-22.473118,139.01874
"Moonachie, New Jersey",United_States,40.8413,-74.0577,30.018894,-67.4433,32.568325,-57.37407,29.065895,-20.518433,28.985527,-36.80004,43.15013,-77.60327,41.158,-76.77223
"Mooroolbark, Victoria",Australia,-37.785,145.315,-18.053673,85.910995,-36.999702,116.35143,-24.824635,107.35979,-44.16649,166.28021,-28.310205,137.23636,-32.88259,138.84856
Monufia Governorate,Egypt,30.52,30.99,23.344658,39.7865,41.9662,2.6076918,51.530613,27.103708,26.854017,33.40851,23.03526,33.69423,25.996773,53.97872
"Monument Park, Pretoria",South_Africa,-25.8,28.2333,-0.112169266,25.017738,9.384726,14.213608,-3.9682426,41.096966,11.9527445,-10.846073,-26.774782,26.944248,-37.811935,37.418823
"Montgomery, Texas",United_States,30.3894,-95.6981,40.787155,-80.9662,35.756207,-109.34789,36.208187,-130.01723,36.11087,-101.23623,28.381052,-104.95274,32.953453,-97.72258
"Montgomery, Vermont",United_States,44.8792,-72.6117,34.150158,-104.96655,45.488205,-85.717255,48.126137,-114.30418,58.646767,-95.770676,47.082825,-91.79068,43.344147,-78.66255
"Montgomery, Powys",United_Kingdom,52.563,-3.148,50.034325,55.193153,42.91371,-13.491646,36.20139,2.8676956,42.588024,-10.187592,59.601284,-17.656681,56.00966,-5.395398
Montes de Oca (canton),Costa_Rica,9.94005,-84.0111,8.229478,-56.976364,3.734665,-37.431644,13.480646,-31.64813,17.274326,-57.27204,12.328145,-69.84929,19.105038,-42.584496
Monterosso al Mare,Italy,44.1458,9.65417,36.964714,14.345587,33.338383,38.71928,36.72769,23.303108,36.776283,19.068619,47.279236,12.143194,41.53228,27.987103
Montevideo Department,Uruguay,-34.9059,-56.1916,-23.374569,-48.675663,-3.7035713,-64.54926,-8.955097,-57.739414,-13.041702,-40.25849,-10.628187,-72.429306,-17.960651,-79.6201
"Monticello, Illinois",United_States,40.0281,-88.5731,21.719036,-47.812443,47.152733,-125.09217,47.2482,-123.52353,53.744595,-123.10778,39.722763,-97.060974,39.859447,-92.11663
"Mundoolun, Queensland",Australia,-27.8941,153.071,-29.818089,137.5335,-33.509823,183.13405,-60.692867,227.53912,-25.44474,155.38641,-23.68971,149.6876,-25.987743,150.81696
Munger,India,25.381,86.465,35.63342,112.89923,46.8181,-16.826393,45.17441,-21.418451,75.488266,-35.555683,46.39035,6.1283417,38.34111,-2.870637
"Munroe Falls, Ohio",United_States,41.1444,-81.4397,41.03369,-68.51898,31.179853,-70.798325,43.71997,-74.0412,22.973671,-53.08777,40.938534,-87.64104,40.730507,-84.91447
Muksudpur Upazila,Bangladesh,23.0,89.0,27.845028,65.397156,24.386906,91.920654,21.264744,80.37732,22.604053,73.27338,26.225637,78.67146,22.754538,87.849365
"Mulgrave, Victoria",Australia,-37.928,145.174,-27.19617,143.50407,-40.4002,154.1331,-35.94849,138.91643,-39.20536,146.18683,-39.608856,148.19072,-38.52427,152.56189
Mullaitivu,Sri_Lanka,9.28333,80.8,-7.0925617,98.42502,-19.664787,134.86012,51.335785,73.36367,13.562315,148.068,18.37548,66.80716,11.119789,76.410385
Mumbai,India,19.0761,72.8775,23.573727,100.11319,6.387432,103.50043,13.084461,118.65105,19.989767,85.26198,22.045612,90.87282,13.586868,62.481796
Mumbai City district,India,18.96,72.82,30.767298,106.754486,14.9056835,65.78731,13.630789,82.03845,18.299438,59.897995,18.434483,81.36464,21.186329,66.6492
Mutsamudu,Comoros,-12.1675,44.3939,-7.737402,30.886654,-5.2232437,43.95891,14.947876,-36.7254,9.77816,38.56819,-8.634497,63.592983,-12.751236,32.041355
Museum Planning Area,Singapore,1.29661,103.849,9.866017,130.04327,17.674374,24.16994,24.85027,21.133978,29.101645,4.2339725,26.774038,-9.061533,26.266088,-29.526867
"Musquodoboit Harbour, Nova Scotia",Canada,44.7872,-63.1486,29.82778,-93.37868,25.276003,-21.702118,18.623123,7.7157106,13.361453,-1.4785767,46.151264,-60.78496,49.71455,-67.53683
"Murrayville, Langley",Canada,49.0833,-122.617,49.59078,-71.069016,21.243156,-3.9434552,50.990936,-21.506634,34.16372,-18.191639,44.276596,-62.009197,36.78348,-70.08704
Murree,Pakistan,33.9042,73.3903,30.265978,97.46207,45.169094,79.78991,14.637341,69.339836,31.200806,87.94876,10.031361,106.52574,41.39638,54.869514
Muridke,Pakistan,31.802,74.255,20.378355,91.24727,28.03983,77.39673,41.8566,13.9042,31.933239,40.14734,26.532127,50.632015,31.75877,75.03836
"Mountain Creek, Queensland",Australia,-26.6986,153.101,-20.960579,102.805466,-1.872551,55.90666,2.0337944,47.970127,-1.8650894,38.21697,-22.197168,143.9965,-23.114677,141.78564
"Mount Stuart, Tasmania",Australia,-42.8731,147.302,-23.708584,104.53316,-13.514011,94.41182,-11.243011,94.89337,-11.101704,100.05353,-36.864334,121.4975,-38.732025,139.85976
"Mount Royal, Calgary",Canada,51.0325,-114.084,20.143646,-31.89096,31.53741,-7.2137513,31.593468,2.7455604,27.093594,11.0149,48.649982,-104.18787,51.310215,-128.90283
"Mount Samson, Queensland",Australia,-27.3005,152.84,-10.737728,101.466995,-8.35429,95.53753,-11.545975,106.71031,-4.1669655,91.63248,-26.28768,153.46916,-24.660522,145.15201
Mount Dennis,Canada,43.692,-79.5062,21.176706,-21.338724,24.554415,11.175193,22.24644,4.046562,15.850174,34.873524,5.5590878,51.77259,46.674347,-77.82197
"Mount Eliza, Victoria",Australia,-38.189,145.092,-57.983776,120.49371,-16.87833,87.7831,-14.36235,84.005905,-19.582966,84.79031,-43.546394,156.10165,-40.190903,147.97365
"Mount Evelyn, Victoria",Australia,-37.783,145.385,-22.071991,110.98158,-11.181164,70.2965,-9.819546,75.361885,-12.933193,80.40698,-39.7061,153.62633,-38.605843,144.62656
Mount Druitt,Australia,-33.7722,150.819,-34.27099,134.03008,-2.2103615,122.01499,-1.8981247,79.53223,-2.8386192,113.568016,23.158096,27.904837,-24.242588,117.03045
Mount Abu,India,24.5925,72.7083,7.622735,89.85405,16.999813,72.03683,13.953745,92.73334,8.530214,90.69791,26.754406,76.674286,32.363636,76.76275
"Mount Clear, Victoria",Australia,-37.602,143.868,-14.799332,91.90765,-5.478245,80.10415,-8.127361,90.37942,-4.472101,68.351974,-32.363235,118.71864,-40.612488,146.89268
"Moulton, Iowa",United_States,40.6853,-92.6778,47.00396,-76.88855,50.766563,-89.78847,44.80592,-85.795715,56.7874,-94.78412,41.659138,-83.94388,42.45169,-90.79895
"Mounds, Illinois",United_States,37.1147,-89.1992,46.101505,-88.684875,38.386242,-88.68686,35.0529,-59.036674,38.627087,-108.257576,39.063133,-91.575424,40.023087,-89.37085
"Mount Washington, Los Angeles",United_States,34.1006,-118.216,43.42508,-103.633286,17.504131,-69.38625,22.11602,-69.425735,19.136833,-50.73211,32.47481,-118.6496,31.724396,-112.2763
"Mount Pleasant, New South Wales",Australia,-34.3957,150.867,-22.324333,123.62717,-6.2148323,79.09791,-7.1035957,81.53307,-3.969162,71.777214,-34.670044,156.48026,-34.103355,157.18846
"Mount Laurel, New Jersey",United_States,39.949,-74.9002,36.79267,-89.42233,23.079962,-15.828853,20.281094,-19.195976,23.550795,-8.579842,37.364483,-66.433914,40.408844,-77.53749
"Mount Olive, Illinois",United_States,39.0717,-89.7267,44.615406,-80.143585,25.034346,-35.132904,26.088753,-38.15874,25.70494,-18.132347,37.801075,-81.30487,38.572723,-97.12181
"Mount Helen, Victoria",Australia,-37.6276,143.871,-18.383636,103.035446,-8.749996,75.972084,-10.104855,93.254814,-9.715725,96.61218,-36.930428,146.53636,-39.06028,153.57526
Mount Kembla,Australia,-34.4286,150.824,-28.340496,185.41704,-11.438244,127.57214,-4.2221146,101.815475,-14.912739,109.09335,-5.3006306,75.08742,-39.685715,153.3624
Mount Lindesay (Queensland),Australia,-28.3305,152.733,-20.710686,83.96063,-26.617855,138.94977,-17.118977,98.47546,-16.92825,133.45251,-21.288626,114.7155,-18.362988,103.37897
"Mount Louisa, Queensland",Australia,-19.278,146.731,-11.253517,83.88194,-13.326668,100.00822,-5.499283,99.0763,-11.39534,113.01535,-24.771875,148.23872,-24.820518,153.27008
"Mount Martha, Victoria",Australia,-38.267,145.018,-41.262306,134.6861,-4.4380913,57.98393,-11.333122,58.335033,-7.8385963,55.23233,-37.101807,135.37488,-41.163475,149.22986
Mudanjiang,China,44.5514,129.633,31.254677,168.57019,39.996006,160.1922,27.731567,67.609955,48.59975,127.983826,43.652058,102.87016,45.196472,138.91653
Mudgal,India,16.02,76.43,21.1857,26.886337,41.325813,24.853798,26.239452,7.2818213,1.9720669,81.724,17.98302,67.16447,16.981184,108.15656
Mudukulathur,India,9.33823,78.5083,9.857309,111.1071,27.77282,86.94114,38.966454,38.202396,20.232958,62.09935,-0.80789757,96.99843,6.8037415,76.95712
Muadamiyat al-Sham,Syria,33.46,36.19,19.86388,77.2843,31.697384,84.55996,55.059082,15.329233,31.551498,52.972687,36.683907,58.021404,34.606873,15.332538
Muizenberg,South_Africa,-34.105,18.4717,-22.969887,35.48134,-24.889908,30.49459,8.278084,27.516073,-20.157578,59.475613,-28.23921,41.444992,-26.00497,22.314621
"Muhlenberg Township, Berks County, Pennsylvania",United_States,40.3925,-75.9281,49.938583,-36.59689,44.915764,-56.346508,43.686565,-50.97768,49.564693,-54.264656,44.322792,-78.03764,38.121056,-73.943756
"Muenster, Saskatchewan",Canada,52.191,-104.995,37.40844,-45.503826,60.184017,-111.58747,30.82889,-23.142778,43.953644,-87.90165,49.334892,-102.4379,51.339005,-116.58997
Mufulira,Zambia,-12.5356,28.2419,15.165434,-35.725075,22.185387,-81.54271,18.022675,2.872433,2.8011208,-2.3660755,13.075129,29.431973,-5.0220757,6.964003
Mrajeeb Al Fhood refugee camp,Jordan,32.0313,36.4495,35.170822,2.7069254,37.849064,12.791725,34.511887,31.244486,47.447983,-19.205364,23.352947,70.19794,30.119045,61.82388
Mszana Dolna,Poland,49.6667,20.0667,53.66999,-32.77455,45.99592,6.1452923,52.76941,35.92415,54.588066,17.853924,48.042747,22.287052,49.862324,13.961377
Mszczonów,Poland,51.9742,20.5267,39.530006,54.11992,44.566128,-5.400293,48.581436,-2.3997393,43.251152,13.877645,51.640106,20.708464,56.373352,31.050522
Muar (town),Malaysia,2.05,102.567,-2.4425678,172.51604,5.383009,125.89171,6.362631,69.615425,9.689063,86.75725,18.71711,86.17009,5.294636,101.07578
Msida,Malta,35.8978,14.4894,24.823603,50.277016,32.917355,42.068817,38.094875,-34.79641,27.210802,11.316328,19.157715,36.364265,30.540956,27.351978
Grassington,North_Yorkshire,54.071,-1.998,50.60718,-14.611113,54.331398,-15.564371,47.012054,17.407778,49.121796,24.63566,50.971283,-8.56605,58.656326,3.5032663
"Graton, California",United_States,38.4375,-122.866,32.748165,-73.85005,46.43338,-151.28143,42.28679,-100.57621,28.582129,-114.79307,39.206493,-123.59247,38.193535,-114.615486
"Graysville, Alabama",United_States,33.6269,-86.9622,39.970425,-75.34793,51.553307,-123.55406,26.419672,-96.85524,42.92192,-79.47457,37.034836,-87.51247,35.427643,-89.96755
"Granton, Tasmania",Australia,-42.7517,147.228,-21.062664,105.55917,-23.120106,109.9925,-7.5087547,90.56809,-15.417187,96.247894,-35.267715,127.45607,-37.222847,140.80316
Grantchester,United_Kingdom,52.179,0.095,41.379967,81.55893,80.2605,-8.70672,39.87588,40.91673,74.010925,-45.86486,50.715614,-1.4465523,56.400238,-15.808143
"Grape Creek, Texas",United_States,31.5817,-100.548,31.502274,-63.780674,25.401054,-88.09107,21.374262,-93.05647,17.62541,-85.384224,30.402374,-100.09062,29.792871,-97.85349
Great Bardfield,United_Kingdom,51.9486,0.4375,56.977222,70.80563,60.045723,-23.511515,42.09838,18.285769,49.981094,10.727444,54.63059,-26.623154,52.426834,11.243942
Great Chishill,Cambridgeshire,52.033,0.067,69.009026,-44.058624,48.83226,15.195182,36.117634,13.200493,48.319653,7.7400455,34.07374,23.035513,52.029686,3.519824
Great Cornard,United_Kingdom,52.0245,0.74966,54.906464,-24.22018,58.291065,-29.509892,45.913864,-20.137083,49.72769,1.3595295,49.51626,12.3785515,53.458466,-8.899442
Great Coxwell,United_Kingdom,51.639,-1.608,69.905464,-30.1091,39.465137,-14.622968,40.13804,-18.624405,47.666977,-27.385727,36.214615,38.274704,43.39227,-20.860928
Great Dunmow,United_Kingdom,51.873,0.3617,35.70463,30.212765,56.19127,11.622979,50.920197,23.683441,61.22688,2.7623005,51.87715,0.54465485,52.731133,-4.8727217
Graveney,United_Kingdom,51.3279,0.9471,47.619263,24.948185,23.960653,43.13046,11.6372795,61.856464,29.200377,73.36439,50.017723,-9.098831,57.413284,-5.5361586
Grayrigg,Cumbria,54.367,-2.65,62.319607,-5.7416105,65.26128,13.997055,43.23939,-6.119993,62.41246,38.332855,58.748245,-5.2115707,51.70168,4.008115
Graz,Austria,47.0708,15.4386,47.034046,22.200905,49.515114,14.967732,51.25734,21.924198,32.789722,42.45806,43.5264,47.66161,40.994385,16.691248
"Grand Haven, Michigan",United_States,43.0631,-86.2283,47.63298,-80.31593,40.591682,-46.580967,35.846626,-63.269035,40.39438,-45.73143,44.293953,-99.144485,43.90033,-92.29937
"Grande-Rivière, Quebec",Canada,48.4,-64.5,33.588566,-77.321655,48.500305,-43.96997,44.341354,-51.921158,45.431564,-63.383675,46.981358,-75.14728,46.288486,-80.712265
"Grand Ridge, Florida",United_States,30.7119,-85.0181,20.324484,-41.804924,32.04797,-50.444607,25.774483,-42.046352,25.82654,-42.457413,27.48642,-82.31833,28.566969,-84.15411
"Grand-Mère, Quebec",Canada,46.6167,-72.7,38.241962,-46.71806,48.500305,-43.96997,44.341354,-51.921158,45.431564,-63.383675,48.6202,-83.78801,42.873352,-77.45777
Granito,Brazil,-7.71583,-39.615,-3.2222767,-17.57703,29.577366,-39.730717,53.38101,-31.67415,25.647127,-75.915596,23.927097,-24.970707,31.012596,53.55601
"Granite Falls, North Carolina",United_States,35.8003,-81.4331,33.20835,-98.88393,15.561112,-28.433834,24.982914,-29.050945,16.273636,-38.362854,40.149284,-88.47026,35.63284,-81.635475
Grange Park (neighbourhood),Canada,43.653,-79.393,41.09935,-53.58564,29.823147,-5.550542,30.130629,17.729145,30.989952,6.274925,34.824707,-6.7569923,38.895004,-40.35278
Minya Governorate,Egypt,28.11,30.11,32.11929,-2.6467423,46.340275,19.782585,25.535782,37.155914,22.659412,81.220726,24.755527,56.259228,32.633816,39.19378
"Minocqua, Wisconsin",United_States,45.8706,-89.7092,36.0407,-36.629494,56.245296,-119.835304,36.91891,-74.33052,46.857445,-96.10716,47.633896,-93.826126,46.063667,-86.18112
"Minobu, Yamanashi",Japan,35.4675,138.443,21.161287,126.70241,33.536537,141.7713,21.112816,138.43576,26.273247,131.24611,31.735428,150.48021,32.76244,143.75894
"Minto, Ontario",Canada,43.9167,-80.8667,32.918873,13.659349,39.420033,-47.866367,30.849728,-20.29297,32.787537,-49.32669,37.73603,-75.48248,44.78953,-68.99147
"Minto, Scottish Borders",Scotland,55.4734,-2.68683,22.414093,38.57174,37.25128,18.160957,25.903362,11.292386,39.596985,-33.797382,56.55693,-22.184784,56.85353,-11.134738
"Miranda, New South Wales",Australia,-34.0356,151.103,-37.22939,128.25078,-18.129135,87.436775,-19.024609,80.54032,-15.174316,73.19732,-32.747765,147.21405,-37.132286,156.19699
"Miramar, Florida",United_States,25.9789,-80.2825,14.560821,-148.81677,13.965553,-111.66864,29.518805,-125.68832,14.737868,-102.11933,24.280964,-82.62717,32.299324,-83.82069
Great Horwood,United_Kingdom,51.973,-0.878,41.660667,18.636362,39.057014,2.8139815,52.677887,-25.137045,45.816257,-20.219921,53.88211,12.450211,51.814663,-3.2396555
Great Warford,United_Kingdom,53.289,-2.275,50.767982,18.212826,46.557747,-10.714931,45.715126,19.563427,53.861427,-16.250736,41.29743,13.6502495,53.66472,3.4558887
Great Wilbraham,Cambridgeshire,52.196,0.267,61.905857,15.283535,39.47215,6.6347985,44.705276,-0.5789835,44.5188,-5.7452126,50.14692,-1.3537636,55.715843,1.102807
Greater Kyoto,Japan,35.0,135.767,24.96069,59.41618,25.784254,56.80199,27.52898,77.06096,28.069548,87.1892,39.59281,109.54062,30.81934,99.38916
"Great Meadows, New Jersey",United_States,40.8758,-74.8966,41.820488,-38.275055,34.715492,-30.43879,36.594414,-37.733707,38.17503,-34.67752,40.545193,-77.03787,37.205242,-78.59523
"Great Neck Estates, New York",United_States,40.7872,-73.7381,31.680275,-49.67407,31.446007,-13.702854,31.816479,-14.769572,32.83968,-9.099636,34.632847,-60.381573,37.964325,-67.14678
Great Snoring,United_Kingdom,52.8736,0.8914,55.2065,11.923315,47.22767,0.33738303,42.385296,-5.4036255,55.716293,0.7267475,34.15729,17.909847,44.664066,34.252003
Great Witchingham,United_Kingdom,52.7307,1.1092,47.955585,-17.298248,44.710903,28.240505,36.117634,13.200493,46.962807,6.436941,43.215675,27.049109,49.934353,2.2885618
Greater Montreal,Canada,45.56,-73.66,47.962456,-71.671265,34.43376,-62.464832,42.675575,-50.46845,37.859966,-34.82653,44.125633,-87.33435,45.295265,-76.45706
Greater Metropolitan Area (Costa Rica),Costa_Rica,9.933,-84.083,12.250422,-38.818054,9.636835,-17.519165,7.2602463,-12.183432,13.057083,3.108307,18.159225,-41.104336,7.0687466,-25.254948
"Greci, Campania",Italy,41.2528,15.17,39.08998,-8.463056,52.44175,-13.563028,33.08564,40.546047,24.336546,45.47512,33.64422,22.774353,35.99048,15.042934
"Granbury, Texas",United_States,32.4419,-97.7814,23.59705,-50.319523,25.988182,-122.95795,33.052895,-121.028786,32.938538,-129.96964,33.686626,-98.37468,30.471653,-98.38868
"Goya, Argentina",Argentina,-29.1333,-59.25,-12.821342,-92.34508,-3.7690773,-24.545633,5.517561,-40.478252,0.27306557,-59.367264,-24.499987,-43.05752,-18.525822,-50.74149
Gracias,Honduras,14.5889,-88.5819,1.8247375,-49.196327,-10.2225685,-97.75457,13.246727,-31.001577,8.8570595,-135.3309,-3.386032,-13.696545,-0.9614334,-42.39374
"Grafton, New South Wales",Australia,-29.6833,152.933,-36.06258,187.86699,-16.083069,108.521774,-12.309441,93.56759,-12.282524,110.061066,-31.812494,144.25471,-33.233536,153.40579
Grafton Underwood,United_Kingdom,52.4147,-0.6414,42.87948,-7.0761995,15.088913,40.61015,13.984367,18.685625,22.277706,39.749374,51.81333,-33.997375,49.27495,9.305016
"Grambling, Louisiana",United_States,32.5275,-92.7139,20.287544,-125.5432,25.92835,-151.26057,37.254017,-116.41443,17.683672,-122.27891,35.311478,-98.293594,31.634666,-91.35376
"Granada, Nicaragua",Nicaragua,11.9333,-85.95,8.048314,-92.04416,8.172117,-47.08402,13.165096,-39.4536,19.620686,-77.21204,9.003742,-109.644226,4.1322002,-82.16774
"Grado, Friuli-Venezia Giulia",Italy,45.6778,13.3947,39.243767,-1.5495348,39.866783,-17.98979,28.529009,29.286144,33.747227,16.15487,43.607315,26.132896,46.026123,5.001564
"Graettinger, Iowa",United_States,43.2381,-94.7511,35.457924,-47.210712,46.06176,-117.82289,45.77561,-145.99895,48.14335,-95.15193,40.885666,-82.65338,42.352837,-92.5098
"Mokelumne Hill, California",United_States,38.3006,-120.706,28.104626,-139.09166,35.62043,-95.26929,22.15421,-29.650938,27.055805,-63.101578,37.06793,-116.17226,38.304276,-124.08184
Moka,Mauritius,-20.219,57.496,-27.178898,78.48657,1.8942738,46.33852,35.814507,75.613556,6.277788,48.88356,24.326628,14.808133,24.21216,41.356052
Mokokchung,India,26.32,94.5,10.922281,119.39259,-1.5181313,120.030846,28.100471,86.544846,10.870193,103.41881,23.677803,74.071884,26.567034,113.11935
"Mojave, California",United_States,35.0525,-118.174,35.730442,-118.98808,39.143204,-166.79437,29.779232,-112.47839,36.405277,-113.07282,41.23146,-118.45563,38.52579,-129.6356
Molesey,Surrey,51.401,-0.363,39.603302,-15.344025,56.13835,-42.002613,47.701603,17.386166,44.409966,42.783585,48.04745,4.0269756,57.58136,-13.299987
"Mold, Flintshire",Wales,53.166,-3.133,73.42275,-31.643656,44.68037,28.180809,19.018362,47.089607,53.255196,21.294703,60.360497,-15.323914,52.95285,-5.0941954
"Molendinar, Queensland",Australia,-27.9736,153.361,-0.07299042,88.49623,-23.785992,147.13307,-60.692867,227.53912,-15.120407,129.38956,-26.370234,151.81192,-25.164055,146.34709
Mola di Bari,Italy,41.0667,17.0833,49.631966,-14.411767,33.340405,30.555998,34.80399,36.751114,43.45224,26.46595,41.56993,3.0127811,41.316746,24.568787
"Mohan, Uttar Pradesh",India,26.78,80.67,17.648817,67.351425,20.34132,83.805626,33.09213,73.20025,26.28479,69.09648,25.262619,71.851395,21.033115,76.37411
Mohanganj Upazila,Bangladesh,24.8667,90.9667,26.586933,63.70963,24.403992,97.1018,21.264744,80.37732,22.604053,73.27338,22.915298,81.81806,23.251698,83.677
"Mondovi, Wisconsin",United_States,44.5689,-91.6697,46.198425,-94.74115,64.14253,-139.48021,40.735462,-83.73873,55.176773,-119.377174,45.774612,-83.14212,45.839848,-95.704636
"Monee, Illinois",United_States,41.4189,-87.7458,48.636425,-86.63725,47.480774,-82.05871,43.04831,-53.64888,50.454514,-88.00053,38.732697,-87.496704,40.309483,-86.42106
"Monmouth Junction, New Jersey",United_States,40.3803,-74.5432,50.231186,-79.38895,30.846891,-29.592094,34.48108,-21.121881,25.1462,-24.781193,46.261604,-72.89435,39.36511,-74.22902
Moniga del Garda,Italy,45.5272,10.5391,37.426548,21.361172,17.7988,11.904577,16.978281,-17.291172,34.572983,2.2319088,43.950523,-7.6588116,46.604507,15.120704
Monkey River Town,Belize,16.3633,-88.4853,14.698695,-72.68094,13.042574,19.08586,7.8441353,16.895014,7.627222,48.09633,12.213879,-26.696644,17.652893,-61.285603
Mongar,Bhutan,27.275,91.24,27.29938,110.48395,32.286,91.39543,20.169355,61.72433,46.85076,-9.555405,16.00021,63.45448,33.214268,91.21154
Mongla Upazila,Bangladesh,22.0,89.0,20.289433,102.22899,15.474185,114.44903,10.3729515,55.55868,20.58886,94.06934,24.548794,82.64122,22.615398,89.2042
Molland,Devon,51.042,-3.704,58.813156,14.23122,70.51314,-17.995148,54.85236,14.938402,64.74878,20.60466,52.487854,-4.9540997,51.774612,25.15865
"Molo, Iloilo City",Philippines,10.6914,122.542,17.375639,29.890049,2.1643581,82.19947,-2.2969398,49.86241,-0.70430946,84.743225,13.034372,68.12921,17.963945,121.56283
Molėtai,Lithuania,55.2333,25.4167,61.528824,17.338541,50.08125,34.285473,48.580658,32.78904,37.81277,63.934017,46.311123,28.873905,50.266758,26.890762
Monagas,Venezuela,9.43,-63.08,1.1966743,-64.78349,-12.5882,-41.71562,3.8758087,-41.37345,4.968836,-114.4425,17.816654,-46.51424,9.226931,-72.6385
"Mitcham, South Australia",Australia,-34.987,138.625,-23.893154,129.71768,-27.394459,131.34546,-24.696281,127.19033,-28.335957,155.52383,-34.345917,142.19647,-36.22277,143.68785
"Mito, Ibaraki",Japan,36.3658,140.471,13.951752,116.04631,27.572725,137.77275,31.095596,87.60209,34.13668,120.6146,31.990704,138.78798,37.77774,135.12251
"Misson, Nottinghamshire",United_Kingdom,53.45,-0.96,58.01489,-32.5788,43.133514,2.29113,46.092823,-26.792343,34.66111,15.721127,52.635468,0.28376007,58.24621,-11.659329
"Misterton, Somerset",United_Kingdom,50.8708,-2.7764,41.04315,15.378117,47.375813,21.128996,48.36718,41.873104,41.393497,3.8923168,54.808792,-0.95804024,48.32914,4.0786724
Międzyrzec Podlaski,Poland,51.9833,22.7833,49.042336,-0.8275132,32.19952,52.19891,20.20319,38.540607,38.551167,-36.256355,45.703968,22.93201,52.714195,24.871342
Międzychód,Poland,52.6,15.8833,39.43798,-36.100693,27.932682,28.48208,21.866314,28.29667,30.831177,-47.981476,40.25412,16.425158,54.328403,17.997658
"Miyakojima, Okinawa",Japan,24.8056,125.281,32.12452,87.31775,35.47816,153.93698,27.692652,124.03901,38.57084,126.58016,28.511818,130.01405,34.03944,131.79776
Mirpur Model Thana,Bangladesh,23.8093,90.3609,-6.035204,120.827866,18.501423,99.939896,14.10165,95.89723,23.165516,82.53485,27.328627,76.25409,30.351517,77.92194
Mirassol,Brazil,-20.8189,-49.5208,-5.612732,11.555798,-7.1966667,-23.720451,1.5371075,-44.81333,1.2852783,-16.16055,-13.565798,41.313503,-27.49998,-47.07669
Mirik,India,26.887,88.187,13.580609,104.00632,13.984917,105.52662,26.032532,2.940225,28.378218,72.53549,21.98463,59.086628,37.39323,69.76777
"Mishima, Shizuoka",Japan,35.1185,138.919,1.5314465,127.079254,17.631702,141.03525,35.48918,109.580635,12.512991,136.71193,30.231247,157.81213,39.957764,121.94699
Misipawistik Cree Nation,Canada,53.16,-99.2336,34.791718,-47.08793,41.17544,-68.48031,23.749226,-21.980064,35.86262,-92.984955,44.005257,-74.81932,49.344543,-84.13656
Modica,Italy,36.85,14.7667,38.3294,42.728073,42.36498,44.136803,45.256355,62.361763,54.74545,-45.345467,36.397377,-1.1328373,40.757538,9.673681
Mogliano Veneto,Italy,45.5786,12.2364,19.688404,65.755905,28.921782,42.76154,30.936733,5.066036,23.37551,45.036785,49.576538,19.342659,43.69071,10.341865
"Moenkopi, Arizona",United_States,36.1125,-111.221,26.811718,-62.90529,43.33406,-127.27603,34.308357,-67.07104,26.178297,-99.19202,32.527283,-108.591064,36.128273,-108.349884
Modugno,Italy,41.0833,16.7833,48.765404,-27.878353,55.657364,-13.370661,47.6634,7.5155964,44.499664,37.00208,44.596874,-14.009182,48.18212,22.898193
"Moga, Punjab",India,30.822,75.174,41.344856,48.69288,20.311666,93.30515,29.710674,78.53516,23.09695,104.57825,31.081882,81.19902,25.261343,80.6671
Mjölby,Sweden,58.3333,15.1167,45.778877,19.11866,32.650925,20.46684,44.336178,20.829466,38.997536,51.277603,46.267307,14.467903,57.27292,13.869797
Mo i Rana,Norway,66.3128,14.1428,78.972,9.098505,30.572699,44.986088,40.63038,-1.740222,33.765152,39.39489,29.621058,26.369572,69.11258,11.935093
"Moca, Dominican Republic",Dominican_Republic,19.3833,-70.5167,21.339327,-59.569687,16.53931,-23.80824,26.900185,-44.36645,17.792477,-47.22563,15.574639,-74.0249,10.745031,-56.49152
Mobberley,United_Kingdom,53.3134,-2.3263,53.27105,47.667953,61.615982,28.673182,59.291626,14.368858,60.966904,3.1319695,54.46151,14.218467,55.968807,3.7400446
Buea,Cameroon,4.16667,9.23333,0.9144325,6.866125,-2.137226,-21.47658,4.7214127,59.994907,-9.149944,18.235556,8.507917,6.877365,6.8352394,2.6424809
"Buena Vista Township, New Jersey",United_States,39.5131,-74.88,45.35945,-106.93918,22.751644,-53.88973,28.708576,-55.254044,22.252018,-57.693054,37.905045,-65.14261,41.63894,-76.60466
"Buena, New Jersey",United_States,39.5292,-74.9452,42.368412,-109.32616,25.074604,-63.539047,34.35186,-74.383354,26.087124,-65.907074,37.321663,-74.132675,39.56948,-75.69148
Buckfastleigh,United_Kingdom,50.48,-3.78,49.458527,-11.70594,50.386703,-17.079784,46.659523,-58.519474,71.2832,-60.031044,47.53564,-5.868702,50.305153,-6.6833487
Bucheon,South_Korea,37.5,126.783,32.867718,68.423004,32.299213,117.60982,47.140617,66.30346,24.440144,121.44803,39.509216,122.25517,38.647984,126.63042
"Buckley, Illinois",United_States,40.5969,-88.0381,31.278576,-54.423187,36.321716,-58.430717,38.6511,-77.52563,31.153507,-56.205795,42.22888,-92.68875,40.505253,-84.74734
"Bucknell, Oxfordshire",Oxfordshire,51.927,-1.186,40.813065,5.0268097,59.593216,-45.230145,56.4078,-15.067929,53.61271,-13.961624,51.59167,-0.82242584,54.103706,-3.274024
Bucaramanga,Colombia,7.13333,-73.0,-3.0347176,-79.15076,2.4884987,-69.173805,30.56308,-141.44759,-0.21746063,-59.2629,10.505894,-45.856113,4.6775246,-83.71156
Buccino,Italy,40.6333,15.3833,29.442226,-3.3999262,50.07241,-28.713676,24.778648,55.68874,50.622208,-42.123413,46.499306,-10.887457,40.78661,4.301001
Budhi,Nepal,27.65,83.01,25.659231,65.86699,-9.979462,124.78276,21.571083,56.728935,4.1836815,108.57809,31.79416,82.36566,25.60556,47.360165
Bude,United_Kingdom,50.824,-4.542,69.17743,19.695808,60.028553,-14.287056,47.774754,-6.7017508,58.940872,-20.743778,27.598528,21.985867,42.721924,0.30364227
Buckland Brewer,Devon,50.965,-4.252,44.41323,-14.575301,37.06433,-28.480473,25.951496,-29.737333,53.740738,-60.464638,51.55279,-12.911957,50.336357,3.1205416
Bulawayo,Zimbabwe,-20.17,28.58,-20.047829,5.9809847,-28.74731,27.874496,-14.709488,79.66073,-38.199703,73.17796,-12.665285,31.438469,-22.950954,21.737886
Buldhana,India,20.5328,76.1828,13.712818,71.81914,16.089256,65.16572,42.73343,56.397827,25.751095,55.899002,21.184284,80.76123,23.690952,83.757805
Bundi,India,25.44,75.64,35.966064,83.252625,2.971119,72.0121,35.03998,73.02347,20.856258,79.61636,12.016511,76.28562,30.237917,71.37838
Bungay,United_Kingdom,52.456,1.437,46.31887,-31.540823,49.73786,-8.2049,52.303837,-18.353668,83.229004,-22.85712,46.555656,9.79173,48.859547,6.3552656
"Bulwer, KwaZulu-Natal",South_Africa,-29.8,29.7667,-16.479088,42.82392,-17.551773,95.61149,-18.056286,73.34277,-37.16604,69.32256,-25.36701,37.77511,-28.58112,27.067944
"Bulimba, Queensland",Australia,-27.45,153.058,-25.92632,114.554565,-39.739822,174.27184,-27.21463,126.026276,-37.013454,188.99109,-25.786634,159.25005,-25.130703,147.13364
"Bulleen, Victoria",Australia,-37.77,145.09,-36.75351,122.60335,-53.754845,172.39899,-22.74897,110.56408,-51.739647,179.08337,-33.552765,154.84937,-37.019653,146.69125
"Bulwer, Queensland",Australia,-27.0786,153.37,-10.54985,106.11888,-38.2183,160.92351,-35.139957,157.19072,-43.897247,161.51022,-26.245543,162.12686,-23.052303,143.89902
Bukit Batok,Singapore,1.35903,103.764,2.2357044,186.1506,-1.6202202,161.06343,-4.398018,125.01894,7.2280445,105.402504,-7.771906,152.43915,7.448866,77.809555
Buhera,Zimbabwe,-19.3325,31.435,-4.1559277,30.654846,-24.769375,60.821136,16.266834,18.930956,-10.555447,41.48573,18.263477,78.9467,-16.879719,23.344318
Bukit Gombak,Singapore,1.36931,103.757,-4.0616436,167.34946,3.974743,125.368256,7.8167496,90.077354,5.6487217,102.77146,4.2888813,119.57074,-4.395256,92.583336
Bukit Mertajam,Malaysia,5.36547,100.461,4.372549,128.80508,-2.6480331,128.0474,-1.4644852,112.26646,11.223677,77.0854,4.8632526,123.0419,5.953537,103.875336
Bukit Merah,Singapore,1.28191,103.824,-4.225601,163.45908,-5.42157,162.3236,14.896008,105.663864,19.860529,68.170685,-4.228613,117.24759,-4.1097984,93.44175
Bukit Timah,Singapore,1.32941,103.802,-19.977592,198.04097,-9.313942,137.986,-15.159546,130.95103,4.376396,90.69432,1.2076988,130.50993,7.873638,100.55289
"Browning, Montana",United_States,48.5569,-113.014,41.48362,-140.25252,34.988136,-83.23463,39.73843,-81.9667,41.226418,-89.70129,40.347237,-106.370316,46.19635,-129.73743
"Broughton, Northamptonshire",United_Kingdom,52.3712,-0.775,39.051018,-18.771439,47.577396,15.20724,56.631744,19.178139,46.221424,-0.75177956,55.3426,1.3037949,52.32823,2.850236
Bruff,Republic_of_Ireland,52.477,-8.55,40.75244,-17.746515,59.889774,-59.51955,40.073994,8.308944,47.31829,-33.087666,60.096306,-26.432182,43.698345,-3.9728584
Bruneck,Italy,46.8,11.9333,70.08879,-2.4199004,75.53314,16.076807,43.58104,23.618462,53.376053,6.848671,46.975258,13.746624,41.78478,4.0418124
"Bruma, Gauteng",South_Africa,-26.1751,28.1042,-11.255177,36.595364,-25.255123,62.429268,0.5631943,48.968845,-15.857239,15.620718,-22.60795,41.890976,-23.622017,22.398258
Broxbourne,United_Kingdom,51.7495,-0.0216,61.889698,-73.86882,61.49842,-83.098564,31.756083,49.050392,60.716064,-25.197784,52.273113,5.456787,52.64005,7.3836
"Brownsboro, Texas",United_States,32.3008,-95.615,32.164505,-54.5999,40.628834,-129.0268,34.648922,-73.55132,28.976534,-134.85931,33.365753,-100.7504,31.471355,-96.57031
"Brownstown, Indiana",United_States,38.8797,-86.0461,43.92272,-95.49675,51.821877,-119.61633,37.59587,-77.05169,38.47759,-121.27825,40.020412,-84.5627,39.941612,-79.83082
"Brownsville, Brooklyn",United_States,40.662,-73.909,52.141243,-92.11354,37.245197,-108.30881,33.56465,-60.113136,36.88282,-127.30039,33.256733,-52.705784,43.08828,-76.29391
"Brownsville, Wisconsin",United_States,43.6164,-88.4906,44.69039,-73.99452,41.6108,-144.94203,33.765434,-107.83845,38.16415,-146.69138,43.751373,-98.02994,44.170135,-85.69068
"Brompton, Scarborough",United_Kingdom,54.226,-0.551,49.495003,-13.669966,48.288002,4.31992,40.659744,10.335344,59.71416,10.3325615,47.545124,-3.0321312,54.454235,-6.888734
Bromsgrove,United_Kingdom,52.3353,-2.0579,53.514122,31.899036,41.14602,41.824234,48.441742,-29.967293,66.4838,51.975754,59.156563,-0.81126976,54.685753,4.2995086
"Bromham, Wiltshire",United_Kingdom,51.386,-2.054,48.306988,11.351751,47.582825,14.249838,54.869938,31.463911,39.116116,42.67247,49.464615,-3.531889,50.795853,1.2476301
"Bronte, Sicily",Italy,37.7833,14.8333,25.442469,41.308624,21.3264,63.565487,21.463638,68.4813,13.11149,96.28942,37.507286,23.603165,41.48062,11.913955
"Bronxville, New York",United_States,40.94,-73.8261,65.07643,-122.16104,37.069515,-47.211998,35.672493,-43.28503,30.649244,-38.107582,39.578064,-68.6953,42.4105,-75.36944
"Broomfield, Colorado",United_States,39.9533,-105.052,60.045856,-146.3618,49.308228,-112.58699,45.446938,-128.60373,55.799232,-123.012596,40.32152,-111.269745,40.11275,-104.50921
"Brooklin, Ontario",Canada,43.9583,-78.9597,34.588955,-80.305466,45.325977,-122.17081,38.148792,-44.71523,36.10546,-96.70428,44.03544,-72.27991,45.816803,-64.41379
"Broomfield, Essex",Essex,51.765,0.471,73.96848,-35.801712,56.163883,-31.551826,60.48025,-32.440422,58.54445,-37.287125,53.568558,-18.958294,49.244453,-5.8018675
"Brookeville, Maryland",United_States,39.1806,-77.0581,54.39471,-165.44144,56.63352,-135.96587,39.998283,-72.05414,49.636093,-77.83986,43.928165,-80.82626,39.952343,-76.60591
"Brookfield, Nova Scotia",Canada,45.2542,-63.2431,40.822685,-56.1563,27.42759,-24.324991,27.900488,-45.516087,18.78026,-13.420101,45.171974,-64.8288,45.681175,-71.42293
"Brooklyn, Pretoria",South_Africa,-25.7701,28.2366,-15.396259,22.268324,9.394123,-9.792906,3.6629105,33.54123,9.87428,-39.111603,-31.71668,54.087193,-32.651283,32.25217
"Brooks, California",United_States,38.7417,-122.148,44.55821,-106.03583,32.500797,-106.803566,38.521843,-127.23554,39.837227,-101.469765,39.512405,-131.3987,38.366096,-118.05958
Brás,Brazil,-23.541,-46.616,8.135748,12.572744,31.842737,-8.281869,37.451138,4.381713,39.21885,-15.083649,30.432627,-6.1676865,-6.3455124,-20.458584
Brčko,Bosnia_&_Herzegovina,44.8772,18.8111,58.191086,8.9377365,27.945704,38.32706,42.060684,32.349247,37.800144,48.942028,46.683746,6.327937,43.01571,-3.2504368
Brčko District,Bosnia_and_Herzegovina,44.8667,18.7833,35.913555,-11.245027,26.583502,43.35635,34.168224,44.77976,31.568325,51.655014,43.613678,5.0612326,38.863483,17.803387
Bubanza,Burundi,-3.08333,29.4,8.387059,8.570349,-1.9826584,25.917643,33.146667,29.843643,9.724998,41.962517,1.1496048,39.354614,-1.9554329,22.191021
Bruton,England,51.1134,-2.4528,81.74631,-46.954025,38.475246,28.012365,59.249,-51.988888,39.04014,-40.79928,55.82148,0.6999645,50.863068,-11.509717
Bryher,United_Kingdom,49.954,-6.356,67.686554,-64.718285,49.41063,-53.017162,32.05395,61.407177,63.474335,-11.412083,44.14321,-2.4861317,51.06838,-0.09597397
Brymbo,United_Kingdom,53.076,-3.05,51.470383,35.15819,45.506428,24.92724,44.323105,-10.365558,44.83634,22.30222,41.389904,-1.6198177,56.68985,9.36954
"Brunswick, Victoria",Australia,-37.7667,144.963,-37.1187,143.33403,-16.402557,100.77149,-8.546631,61.12051,-15.936897,80.48985,-41.81199,148.9425,-44.453293,161.65251
Brzezinka,Poland,50.0447,19.1814,61.027447,-14.695427,44.807358,25.751118,56.461456,23.680079,50.1146,17.345978,58.392746,22.631596,49.41683,16.988106
Béja,Tunisia,36.7333,9.18333,49.239296,-37.057755,35.961994,38.125786,44.505436,32.453705,38.686893,34.312748,33.095093,-5.825857,34.53904,-2.143135
Béja Governorate,Tunisia,36.7333,9.18333,25.913742,-4.655373,45.573,21.375708,46.84716,30.670374,33.687786,37.064644,26.358393,37.68391,31.476149,22.158436
Béjaïa,Algeria,36.7511,5.06417,49.720184,-9.315113,36.25662,23.881989,40.676785,9.31213,36.511112,20.417168,24.842062,-10.120712,32.57687,-0.44213295
Béni Abbès,Algeria,30.08,-2.1,27.821413,69.27132,25.711939,37.492924,43.13191,-17.012863,32.636696,5.497669,34.711807,-7.623575,36.2704,-2.1153498
Béni Saf,Algeria,35.3,-1.38333,23.835377,-3.6618333,18.32633,62.6808,31.611265,-7.5707684,33.14409,24.008738,31.193579,-2.7117805,27.27301,34.031254
Bålsta,Sweden,59.5833,17.5,45.57876,28.27084,35.397545,-17.742987,35.73723,16.618876,41.1519,-11.446926,51.64057,31.90731,57.635143,9.627451
Bíldudalur,Iceland,65.6831,-23.6306,54.434982,-10.489496,35.88341,15.132805,35.73723,16.618876,41.1519,-11.446926,59.28856,-13.768906,65.507935,-18.171783
Bács-Kiskun County,Hungary,46.5,19.4167,42.547867,21.06124,38.145046,-1.2257729,37.44352,3.4564226,40.22465,-17.522423,57.793762,23.12141,52.216625,16.33374
"Byron, Illinois",United_States,42.1272,-89.2608,43.58306,-61.004932,30.449472,-67.05998,28.258362,-83.07054,30.33285,-70.580925,39.766632,-79.29277,39.267845,-85.62559
"Byers, Colorado",United_States,39.7101,-104.219,39.68568,-97.54109,38.579994,-88.014435,36.20021,-123.392784,53.29026,-112.04618,43.546288,-116.6387,37.520096,-100.11752
Byala Slatina,Bulgaria,43.4667,23.9333,35.776104,34.9041,42.845436,-3.4533548,36.33264,22.241896,34.641716,64.01108,42.67158,36.68525,41.080326,23.958641
Bystrzyca Kłodzka,Poland,50.3,16.65,55.35253,1.2503633,49.72223,4.729978,26.53529,49.909164,44.63742,37.93051,57.96898,23.023232,52.26522,17.828627
Catemaco,Mexico,18.4167,-95.1167,19.636013,-62.144375,-6.1274376,8.090356,11.164328,-4.56493,-0.6856556,-55.679886,6.1638966,-82.73076,21.409464,-105.47645
Cathays,United_Kingdom,51.496,-3.182,35.326546,18.259472,22.055809,67.03845,27.668583,73.606735,25.890623,107.76326,32.833748,-28.12164,48.043877,-1.902482
"Catherine Field, New South Wales",Australia,-33.9833,150.76,-24.96513,87.558075,3.9585514,61.660854,4.3870068,69.29437,3.9941788,59.118088,-35.137917,158.27148,-24.314053,129.95042
Cato Manor,South_Africa,-29.8667,30.95,-19.205769,35.335712,39.682777,-24.569134,61.597614,-46.01302,46.571365,-59.796906,47.899826,-18.703129,-30.316143,31.739193
Caterham,Surrey,51.2803,-0.0816,48.786606,-30.779472,26.27441,28.15453,23.942848,53.43914,47.623363,63.20702,50.4661,4.9862022,35.50999,16.587864
"Catheys Valley, California",United_States,37.4325,-120.098,35.107285,-65.10332,30.690632,-75.11531,27.394032,-99.38861,25.128395,-78.478645,32.63368,-116.618454,38.633102,-124.76412
Bảo Lộc,Vietnam,11.5481,107.808,9.502921,94.916794,33.27807,-7.573163,38.780056,-20.472706,40.33334,-20.505497,14.15303,114.032104,18.951141,93.18437
Bắc Kạn,Vietnam,22.1333,105.833,22.103035,95.41698,36.18744,-7.404089,41.182648,-16.878233,41.405846,-8.2489395,21.310051,115.74339,17.826431,94.58857
"Cattai, New South Wales",Australia,-33.5561,150.912,-24.469479,148.94073,-23.429737,124.0009,-22.67606,119.11796,-16.500553,113.278114,-31.626963,144.65141,-33.449837,151.19606
"Catterick, North Yorkshire",United_Kingdom,54.377,-1.63,49.483665,-5.560116,45.000854,6.2453837,49.27014,25.929247,45.06655,15.848016,59.525627,-3.1834507,55.39261,-4.7646666
"Caulfield South, Victoria",Australia,-37.891,145.026,-23.820465,142.95781,-34.383408,138.79303,-33.336895,124.43765,-35.496788,151.18987,-38.120705,146.53691,-33.33956,136.05214
Cauca Department,Colombia,2.45,-76.6167,-5.94372,-50.190693,-3.1772995,-66.712234,-6.9174995,-50.636246,-3.4894505,-42.83429,14.826775,-83.30011,1.7048035,-88.372856
Caucasus Viceroyalty (1801–1917),Russian_Empire,41.7225,44.7925,35.650726,-6.8317204,32.011475,-19.78063,31.844267,-33.367725,45.092865,-36.78116,30.568354,7.459037,30.343798,4.6990695
Bük,Hungary,47.3844,16.7509,40.48044,59.054768,40.518555,8.2051735,40.880806,11.781468,51.20747,-4.3344994,37.64796,42.830933,46.98078,29.56686
"Burlington, Newfoundland and Labrador",Canada,49.7503,-56.0175,33.21359,-22.695879,46.510216,-74.91685,37.79098,-73.04807,46.866432,-64.11792,47.354168,-55.821163,55.49668,-69.069664
"Burla, India",India,21.5,83.87,12.3393,68.969284,9.248474,81.3879,11.515701,91.39152,26.248213,82.63881,20.820099,73.819305,19.773743,79.379555
"Burlington, Vermont",United_States,44.4758,-73.2119,54.725163,-146.1726,52.852737,-127.23519,54.81537,-126.79354,76.07032,-146.97223,48.73764,-85.092926,38.69036,-93.463486
"Burlington, Indiana",United_States,40.4806,-86.3944,43.48261,-81.405136,48.44802,-143.17854,38.764183,-126.17524,57.824974,-136.71213,39.96497,-79.55678,38.20391,-82.84179
"Burlington, Massachusetts",United_States,42.5047,-71.1961,55.733616,-160.4115,48.241287,-132.18825,43.06163,-103.40329,64.5078,-116.18578,45.123756,-81.29224,43.25499,-81.17385
"Burlington, North Carolina",United_States,36.0897,-79.4456,37.860416,-66.05438,28.969019,-83.24701,34.334736,-83.09159,35.93299,-75.232666,38.319794,-82.522644,35.874138,-80.58803
Burnham Overy,Norfolk,52.9572,0.74227,62.53621,-45.29854,50.19945,-27.2199,55.635242,-76.32686,44.60138,-26.908653,48.14086,48.151134,57.007126,14.245219
Burham,Kent,51.3297,0.48308,43.354965,-29.954163,54.307186,-54.338467,51.013893,-39.214073,63.874302,-13.618092,52.33701,7.391368,56.19763,-14.305415
Burj Abdullah,Syria,36.4108,36.8622,43.79092,37.992176,31.700033,56.88323,35.178585,89.127235,36.626396,91.76925,41.415646,43.288486,22.57912,64.90293
Burj Islam,Syria,35.6833,35.8,40.796753,12.574213,30.133759,61.303967,33.401863,112.25184,27.462639,88.30557,32.395744,79.22952,30.7141,32.08838
"Burrington, Somerset",United_Kingdom,51.3303,-2.7471,45.60638,3.5556345,43.046627,0.32458127,33.570507,10.060249,42.42943,-32.248623,56.635933,0.64759064,48.540375,9.9886875
Bursledon,United_Kingdom,50.8847,-1.3117,68.08797,-55.760723,70.2676,-19.240854,42.948494,29.314808,54.064228,29.062027,51.934616,-22.065426,44.43682,11.40527
"Burnfoot, County Donegal",Republic_of_Ireland,55.0585,-7.40496,47.136032,11.753061,58.805237,-22.434208,51.468037,0.73935485,54.377113,-19.786041,57.41558,2.5480995,50.95617,1.1595392
Burnhope,United_Kingdom,54.828,-1.709,56.48221,-22.804482,69.540634,-27.56297,44.877155,19.11075,54.26488,-21.73867,42.350243,43.041306,51.79534,-4.5845575
"Burn, North Yorkshire",North_Yorkshire,53.749,-1.103,43.19493,-28.771389,37.00032,22.22036,39.698364,10.755061,36.69251,27.607807,62.49861,-8.968588,53.174877,8.13531
"Burnt River, Ontario",Canada,44.675,-78.6978,43.612495,-45.58622,35.46539,-35.3353,28.357359,-16.051199,26.976719,-26.63137,47.42311,-81.25165,48.34297,-83.75661
Burntwood,United_Kingdom,52.6831,-1.92,28.071484,6.6141825,49.260773,-37.42708,4.136322,32.633553,50.083763,-1.4584751,45.564064,-14.076878,53.079605,3.0683184
"Burbank, Queensland",Australia,-27.5583,153.159,-26.19387,65.381165,-12.32592,73.011894,-4.197899,57.140385,3.0020523,70.1301,-26.128057,147.77754,-26.48362,156.84633
Bundibugyo,Uganda,0.7125,30.06,4.154993,38.15583,-13.8546715,40.229553,-2.104103,71.22496,9.139332,19.129593,2.0643616,61.093956,-4.3256035,44.203278
Buni,Pakistan,36.2728,72.2597,23.104742,38.16972,30.728485,65.43874,43.4963,68.378044,18.21264,119.05559,27.050438,54.45503,24.57381,34.23245
"Bunker Hill Village, Texas",United_States,29.7669,-95.5358,29.822132,-53.65097,35.05996,-21.519567,41.988567,-30.367945,25.686337,-37.635002,29.84801,-91.698135,30.91145,-88.95306
"Bunbury, Cheshire",United_Kingdom,53.118,-2.645,56.566364,50.303497,16.745895,23.076788,33.742348,39.91965,16.262226,12.4744835,49.724518,4.1338596,53.581135,-2.6762676
Burgos,Spain,42.35,-3.70667,54.617195,-59.898563,27.732834,11.744781,19.088236,-39.498634,31.963745,-19.047352,16.70455,-31.720596,39.836964,-30.223324
Burdwan I,India,23.3183,87.8317,36.33556,69.43617,34.43568,59.93677,24.538197,74.71675,39.320324,60.455986,31.31637,84.27373,19.998623,82.72285
Burgas,Bulgaria,42.503,27.4702,41.385803,8.505743,46.1809,-2.9804592,41.16832,0.25935376,37.325348,12.334813,45.620083,13.254135,42.844147,14.291281
"Burgdorf, Switzerland",Switzerland,47.05,7.61667,55.165775,13.012955,41.53345,16.044361,42.637535,1.1970239,55.049942,-36.12995,46.048023,3.3050137,44.067947,17.75908
"Butler, Waukesha County, Wisconsin",United_States,43.1072,-88.0689,42.028015,-67.56772,45.07603,-81.361626,39.21851,-56.999393,42.80673,-58.25724,44.858345,-85.38748,38.71903,-95.54387
"Butler, Alabama",United_States,32.0914,-88.2206,52.61445,-125.67178,39.75227,-89.954796,30.505365,-89.06499,32.40848,-54.335983,36.98652,-88.096924,33.168255,-93.918015
Buxton,Derbyshire,53.259,-1.911,52.539547,-46.039932,21.146965,21.892202,47.253975,37.712643,35.248127,-38.517372,42.697193,10.747263,50.592354,-5.7602396
Buzet,Croatia,45.4167,13.9667,46.33052,14.280531,45.482933,9.694932,35.289566,41.318413,50.555923,6.635315,30.95108,25.933224,45.730324,6.0212097
Buttevant,Republic_of_Ireland,52.2331,-8.66694,49.937553,-22.437283,48.356773,-39.60081,30.036728,-34.2156,52.71228,-16.808311,39.470654,4.517497,56.66794,-7.5557833
"Bury, West Sussex",United_Kingdom,50.909,-0.563,44.9723,-23.835207,34.485577,20.93092,39.658768,14.108808,48.75419,-22.963463,51.18067,2.0505428,48.150154,-7.0409803
Busbridge,Surrey,51.1737,-0.599672,37.463993,34.068886,32.22569,51.768982,43.451653,11.500342,37.29961,26.73632,42.027195,22.679369,44.873535,-5.7755575
Burwan (community development block),India,23.9409,87.935,33.361046,93.17789,27.427704,37.37116,24.229246,40.716446,28.239399,46.431618,24.769262,75.5013,23.482113,81.136856
Bururi,Burundi,-3.95,29.6167,2.9857178,12.8627205,-26.023617,5.7557383,3.814827,69.30393,-6.45842,62.71283,-11.790781,63.62627,-7.377388,13.935408
Burton in Lonsdale,United_Kingdom,54.1448,-2.53464,57.199726,-16.615799,32.84499,16.099632,43.83024,-4.9715176,32.194374,36.462753,33.5349,24.982912,57.729607,-14.325448
Busto Arsizio,Italy,45.6,8.83333,55.99533,28.449791,66.04989,-45.217632,46.31009,9.076338,41.586514,-52.242218,42.617622,15.741194,42.814312,7.9755373
"Bustamante, Nuevo León",Mexico,26.5333,-100.5,29.12004,-77.450165,14.064802,-56.940495,16.003725,-65.56497,13.645074,-58.550438,19.88187,-81.83124,17.630482,-83.66657
Busra al-Harir,Syria,32.8425,36.34,38.666466,0.43582153,22.551594,67.84215,24.525019,25.890257,32.41562,69.50433,33.578995,26.436981,32.67713,21.968466
"Bushkill Township, Northampton County, Pennsylvania",United_States,40.7497,-75.3414,40.166733,-62.64562,44.692005,-58.70228,40.75672,-31.706772,46.98645,-72.635994,42.865295,-82.96524,39.619926,-75.21586
"Bushnell, Illinois",United_States,40.5517,-90.5081,27.931492,-70.38927,41.588303,-107.49394,40.587975,-116.77291,48.911404,-122.94233,41.335636,-88.561966,39.346943,-85.50103
"Bushwick, Brooklyn",United_States,40.697,-73.917,68.3183,-140.76892,49.58387,-92.279335,48.219467,-40.93138,44.897606,-86.19056,35.370224,-58.315624,35.93354,-73.4736
"Ballico, California",United_States,37.4544,-120.706,24.051117,-98.12526,32.800137,-117.138405,31.63489,-156.80975,30.178513,-127.12351,37.18526,-117.375336,37.556065,-121.41912
Ballantyne (Charlotte neighborhood),United_States,35.0547,-80.8502,25.043308,-72.83281,24.495462,-41.004898,23.817614,-23.657887,25.13393,-38.867554,42.181675,-70.75894,31.299202,-88.864136
Baligród,Poland,49.3306,22.2853,35.395046,31.702847,36.944984,13.675521,40.14479,-7.558303,39.025074,-58.23179,45.63381,7.0890656,49.530807,8.575096
Balatonalmádi,Hungary,47.0243,18.0112,40.848503,7.9349136,30.034443,42.15401,48.435406,63.950027,35.21595,65.01443,42.8529,22.272444,52.07752,25.727005
Balerna,Switzerland,45.85,9.0,68.69705,-17.994102,62.637886,-4.947798,51.67947,-2.4451592,55.56189,2.2048874,42.23642,26.134476,45.202732,21.191856
Balatonföldvár,Hungary,46.8547,17.888,45.64801,41.235413,38.70226,34.683872,52.68357,20.6624,40.958897,5.082733,59.2837,18.623959,46.292007,22.644165
Balkhash (city),Kazakhstan,46.8481,74.995,41.69579,38.394478,33.64292,45.58751,26.44133,66.599045,43.359062,26.767996,38.609444,23.774239,38.777016,55.2591
Ballaugh,United_Kingdom,54.311,-4.544,34.061462,20.238035,59.53578,-12.037693,28.018875,29.757385,61.04421,-3.3837605,38.780643,-10.324455,58.08496,-0.6261654
"Ballynahinch, County Down",United_Kingdom,54.395,-5.886,38.72328,14.206526,39.26852,8.309178,32.28801,-6.550456,43.090256,-18.133904,51.714996,-14.149166,51.608852,-5.140834
Bakuriani,Georgia_(country),41.75,43.5333,46.912247,31.470493,45.018883,32.886986,47.943874,4.7727575,52.806408,-22.889832,37.97404,42.34732,43.402718,58.387295
Balby,United_Kingdom,53.5046,-1.1533,43.494884,-15.823222,47.645607,2.0851622,35.822544,-12.588221,37.13803,18.147514,49.15578,-2.804142,49.932816,5.782848
Balad al-Sheikh,Mandatory_Palestine,32.7725,35.0428,37.640854,29.854645,50.477505,-31.133541,45.8879,16.422783,34.861683,1.6533241,38.750298,37.46419,35.368397,30.873615
"Balmoral, Queensland",Australia,-27.4541,153.066,-21.892792,113.849915,-28.433266,139.15248,-22.269806,130.77194,-25.509304,145.69046,-26.487925,150.92006,-22.363247,142.80704
Bamber Bridge,United_Kingdom,53.7281,-2.66056,62.020676,-60.675083,43.687115,20.151566,39.641994,36.366596,52.90616,25.220072,37.97511,38.54931,52.819183,3.028181
Ballia,India,25.7604,84.1471,17.109497,108.573456,19.306086,55.027378,30.683544,61.391014,11.56176,76.95181,18.129429,79.306915,28.659155,74.65857
Baloda Bazar,India,21.67,82.17,22.63537,55.56818,32.39103,77.43516,28.78086,73.169556,42.68782,-16.562195,28.722204,91.747025,24.919624,80.22492
"Balapur, Akola district",India,20.39,76.46,28.992598,57.41135,27.308592,69.69789,17.48299,71.42758,26.471962,51.668785,19.927114,73.49579,24.060566,77.13232
Bajitpur Upazila,Bangladesh,24.0,90.0,28.41144,70.64006,25.033766,110.0833,21.264744,80.37732,22.246393,85.86781,24.917955,82.935455,23.219759,87.87751
Bajhang District,Nepal,29.55,81.2,40.737846,45.412563,29.163902,58.93124,33.16895,57.384144,16.917086,71.56639,26.117046,85.513626,30.840433,91.052956
Bailundo,Angola,-12.1958,15.8556,-1.5343227,19.900517,-6.5050735,3.7616673,42.73593,-53.24763,-5.1347904,15.007352,11.29924,44.952576,-11.3086815,8.909897
Bairin Left Banner,People's_Republic_of_China,43.9608,119.363,30.978016,88.547134,41.25022,31.746096,43.488625,-10.7467575,35.808674,29.93809,24.03131,98.641174,56.40195,104.714165
Bajura District,Nepal,29.4469,81.4867,40.68795,46.201748,26.32226,46.95122,24.10326,69.58669,15.533979,56.53331,-0.27211,45.62877,26.371681,79.836044
"Baker City, Oregon",United_States,44.775,-117.834,35.086685,-46.569168,32.39677,-62.463234,23.036308,-36.605595,29.41617,-61.442505,41.10434,-104.67111,43.758545,-107.83556
Baile Ghib,Republic_of_Ireland,53.71,-6.75,45.39935,-28.338947,39.213326,-37.792957,56.37243,-9.2345085,46.623024,-144.35779,35.330334,38.675247,45.664078,-14.701568
"Bakel, Senegal",Senegal,14.9042,-12.4583,6.2707844,9.703733,-1.0165234,12.508329,1.5957298,20.111332,9.827641,-39.515244,16.348413,-3.1234436,9.957241,9.491208
"Bakery Hill, Victoria",Australia,-37.563,143.866,-20.192467,105.15155,1.3895168,51.988564,6.9017353,45.4999,-2.60985,74.966576,-43.358902,165.73158,-51.46283,177.09123
Badin,Pakistan,24.6572,68.8406,9.727146,84.23575,36.47695,-8.275878,33.42083,-2.0085979,48.696556,-2.330328,29.812094,34.767326,35.96161,-0.078219414
Bagno a Ripoli,Italy,43.75,11.3167,37.617157,25.833271,50.21071,-11.805821,43.791862,-17.502419,38.704685,-6.625122,41.61731,29.45847,42.057293,18.008247
Bagnolo Mella,Italy,45.4333,10.1833,47.0596,-21.341389,43.738167,-27.477934,32.724335,-33.992935,47.772846,-43.828606,29.467333,15.603996,48.840508,26.14458
Bagerhat District,Bangladesh,22.6667,89.8,25.181381,101.62077,28.891115,86.47161,16.757605,91.89663,20.072859,93.7323,24.562103,81.98961,20.476269,91.89105
Bagha Upazila,Bangladesh,24.0,88.0,21.4747,62.68642,23.877743,93.75369,31.24381,48.785885,27.388826,90.8575,22.207273,89.42468,24.840954,92.71309
"Baie-Trinité, Quebec",Canada,49.4167,-67.3,36.718315,-70.57641,51.588387,-90.18702,48.260048,-111.845375,49.207985,-95.66723,46.175247,-65.505844,43.576702,-76.06513
Bahadurgarh,India,28.68,76.92,41.12819,85.81691,42.201027,77.174385,46.559044,33.42245,25.407064,65.98721,32.26707,96.27336,27.277607,80.93144
Badung Regency,Indonesia,-8.58333,115.183,-1.4841671,105.89807,-9.559486,133.42694,4.9926643,130.18417,-5.8896503,115.20843,-19.238752,134.00616,-6.05991,121.20594
"Barby, Northamptonshire",Northamptonshire,52.3281,-1.2046,69.94876,-50.875854,53.16928,-3.4691296,70.660126,-1.4011688,53.159874,9.54257,53.174774,2.8525515,49.6681,4.1220174
"Barcelos, Amazonas",Brazil,-0.975,-62.9239,-7.0858364,-35.071922,-7.039551,-92.182,-5.293663,-15.128469,-0.8119049,-76.73274,-16.952456,-47.771168,-2.5332146,-56.993473
"Barbaresco, Piedmont",Italy,44.7167,8.08333,41.6184,-10.563731,25.705996,-4.72111,33.697903,-28.527061,42.477734,-41.10002,40.923466,15.770519,39.326797,12.07018
Baotou,China,40.6213,109.953,20.188366,112.37485,33.20845,118.26438,7.6030045,157.6059,42.702408,147.81726,41.227,90.52286,32.86004,130.33331
Banswara,India,23.55,74.45,19.98517,80.51729,18.251099,76.94807,35.30503,9.705669,24.613129,81.95003,32.582546,81.12694,26.896696,83.16316
"Bantry Bay, Cape Town",South_Africa,-33.9275,18.3803,-5.2359676,20.942286,12.356863,5.3092356,8.9268265,13.469694,12.114371,2.487709,-26.906061,22.424883,-31.59378,21.044807
Bantwal,India,12.8936,74.9947,16.834751,39.575478,3.6348972,62.834,20.023228,58.202892,18.088398,41.185753,22.032013,82.403564,11.31613,73.9685
Bantè,Benin,8.41667,1.88333,11.923698,-14.694262,27.523195,43.30034,23.604578,83.54939,16.129622,94.38097,16.316265,6.0615025,19.853582,-14.711749
"Baraboo, Wisconsin",United_States,43.4681,-89.7417,63.37312,-157.75621,48.316093,-108.24458,40.2454,-45.76648,47.741776,-111.10253,42.140694,-88.78836,41.39409,-84.42907
"Barad, Syria",Syria,36.3856,36.8992,47.185547,64.4982,41.43472,12.784845,23.038803,37.665253,38.82735,56.582542,37.399223,40.19323,33.5037,50.366634
Barcombe,United_Kingdom,50.923,0.018,70.74164,-37.24607,62.364857,36.783886,78.82611,12.112039,53.313934,30.848286,50.805832,-2.0021896,49.916744,8.398595
Broad Chalke,United_Kingdom,51.028,-1.943,46.847343,-45.150925,39.753357,-18.426855,28.192755,52.139553,31.664787,36.364666,47.519333,10.122516,51.992878,-0.6712332
"Broad Channel, Queens",United_States,40.605,-73.82,23.886908,-63.648956,23.86397,-1.1082078,28.006674,27.776218,26.068598,0.1602478,45.785164,-27.785824,45.824142,-71.324265
"Broadbeach, Queensland",Australia,-28.0272,153.432,-12.700836,153.25072,-44.149834,184.85634,-24.835655,117.865746,-40.721077,162.18292,-25.255426,150.18742,-23.688972,143.35695
"Broadstone, Dorset",United_Kingdom,50.7605,-1.99495,30.902254,-5.6324215,62.293587,-28.968092,59.36683,-10.010046,58.31811,-22.384449,47.99015,12.0051365,49.5086,7.707325
"Bristol, Vermont",United_States,44.1333,-73.0794,48.235123,-36.619675,52.355522,-69.787674,53.606663,-54.561283,55.918587,-102.52863,50.809402,-93.00899,42.0376,-76.81286
"Bristol (village), Wisconsin",United_States,42.5589,-88.0492,40.137276,-84.56444,52.065155,-47.230766,51.938133,-28.510237,49.360218,-62.780807,45.317047,-92.32489,40.657185,-91.70333
"Brits, North West",South_Africa,-25.6344,27.7811,2.4035301,-20.699085,11.37846,28.532417,14.981983,12.991421,16.7598,19.296473,16.562256,38.329216,-2.2096176,16.765812
Briton Ferry,Wales,51.637,-3.821,40.460766,80.02107,39.962254,-36.70103,36.406998,-52.16174,39.21188,-23.185051,44.01893,18.6932,51.407127,3.7109165
Britwell,United_Kingdom,51.5337,-0.6238,62.362457,-24.86829,69.57496,-49.37345,20.974262,27.942932,54.15886,-29.155804,48.813545,20.142498,47.813904,-1.34023
"Brome, Quebec",Canada,45.2,-72.5667,35.164482,-55.234818,58.249405,-84.21669,54.19535,-91.57833,61.100437,-61.845863,45.852554,-79.36731,46.71087,-74.025055
Brody,Ukraine,50.0831,25.1477,57.10621,-47.068165,35.584244,-28.2305,37.387737,1.9689589,42.403564,-47.903793,51.977577,5.6577597,48.94915,-6.307618
Brockley,United_Kingdom,51.4529,-0.0345,29.739735,-22.973478,52.757637,-31.246891,54.53161,56.44602,54.19734,-12.332485,47.25459,8.917508,51.406242,1.1652908
Bardonecchia,Italy,45.0833,6.7,42.07975,11.51791,43.532097,-22.279312,32.18494,90.55751,41.200546,11.336618,46.054375,9.503692,48.010834,26.596209
"Bardon, Queensland",Australia,-27.4583,152.979,-16.936691,100.960205,-22.52364,141.72,-2.1205444,123.5026,-26.486961,181.58563,-23.32181,155.87364,-24.540688,152.48248
Bardon Mill,United_Kingdom,54.975,-2.337,65.7818,11.737705,30.597576,6.7081327,60.83639,-38.292427,29.011654,39.286163,50.856613,20.986673,54.987137,2.4569473
"Bardwell, Suffolk",United_Kingdom,52.317,0.85,46.632423,19.297531,35.44202,57.62705,53.169502,-34.310513,36.484585,16.048866,47.931923,-0.09031677,50.888947,7.1701436
"Bardwell Park, New South Wales",Australia,-33.9354,151.125,-12.469524,84.89383,-10.179344,102.186195,-3.1959763,67.93301,-5.116358,82.15786,-35.567444,159.0566,-33.1333,143.50395
Bardia,Libya,31.7667,25.1,-2.0537186,110.85864,-11.725063,111.14464,20.692802,53.742954,-17.327232,157.27338,17.291985,48.439835,32.476208,46.85567
Brigus,Canada,47.535,-53.2081,37.60042,-56.987694,41.456963,-48.509426,20.622179,52.882595,25.57508,-55.907646,32.54909,23.064198,47.028778,-48.539486
"Barden Ridge, New South Wales",Australia,-34.032,151.01,-25.260891,91.86496,0.11230278,68.740105,-2.3654213,60.63657,0.872118,63.395412,-34.99153,159.11635,-30.710224,143.32715
Brisbane,Australia,-27.4678,153.028,-31.004124,156.95253,-42.80066,187.7419,-55.485508,212.30287,-46.303696,197.94907,-20.407007,147.74731,-24.613113,128.41417
"Brinkworth, Wiltshire",United_Kingdom,51.559,-1.98,54.800377,9.880205,42.165306,54.862335,43.45877,43.19397,26.8208,79.20108,48.746635,-3.4540997,49.37551,4.7129
"Brimfield, Illinois",United_States,40.8383,-89.8839,33.84954,-40.42828,34.593525,-71.67398,37.885574,-59.378414,40.85955,-99.25139,40.199238,-97.535904,39.60513,-91.76359
Banda Aceh,Indonesia,5.55,95.3175,5.625744,53.401943,-12.63253,63.55115,-2.5681267,85.274055,3.362772,48.24249,2.4637165,120.817566,-3.7601624,101.97799
"Bancroft, Ontario",Canada,45.05,-77.85,39.072308,-104.43709,39.055904,-72.669,43.005974,-49.40614,32.446636,-68.8021,38.924873,-71.69223,46.051685,-73.33123
Bamenda,Cameroon,5.96139,10.1517,19.020538,28.653004,22.217463,-56.759464,14.726116,22.19635,15.860847,-6.1728897,-5.813837,18.005798,12.69536,-2.0428247
Banjarmasin,Indonesia,-3.32,114.592,-5.4850407,134.29826,-11.180584,124.8798,-21.585777,100.33785,4.2673626,134.65004,2.99852,105.514694,-5.8144226,107.04616
Banksville (Pittsburgh),United_States,40.412,-80.039,40.83941,-59.372356,68.84723,-119.1423,57.33953,-139.01778,48.87952,-91.859146,42.56893,-81.98103,42.258263,-85.35459
Bankura,India,23.25,87.07,10.056629,135.96194,11.058186,94.216255,29.82324,80.47868,29.506062,84.223236,31.83473,79.99379,27.919325,68.578186
"Banksia, New South Wales",Australia,-33.9478,151.148,-9.961838,115.69794,-29.052166,118.06784,-13.10598,89.82835,-25.002975,125.9343,-29.33668,144.80234,-29.192871,131.98955
Bankstown,Australia,-33.9181,151.035,-36.382538,194.17253,-31.68695,209.63635,-13.5326,105.954025,-28.830612,214.33368,-27.25199,144.58585,-19.327888,124.20825
Bani Na'im,State_of_Palestine,31.5161,35.1642,46.382988,13.964455,3.8271255,95.74478,43.2607,17.650158,2.4026127,66.2879,20.410076,25.963419,30.784767,31.138214
Banja Koviljača,Serbia,44.5167,19.15,30.754608,76.67619,35.54767,14.260105,31.74426,19.279253,31.910969,72.114975,46.301323,10.056133,50.38812,25.194489
Banja Luka,Bosnia_and_Herzegovina,44.7667,17.1833,36.056206,68.59718,35.07136,36.30268,28.870216,79.37349,26.821964,125.866684,45.409725,17.387419,45.246326,6.6081095
"Banki, Odisha",India,20.38,85.53,10.408785,101.6062,35.97773,103.75227,21.414291,74.65745,49.252167,71.62752,19.09705,82.98717,17.03648,94.42571
Bannu Division,Pakistan,32.6667,70.6,26.574306,51.18234,34.54205,34.586987,25.559757,59.27666,37.3173,46.750984,31.490889,65.17859,29.386173,81.09229
Bandarban District,Bangladesh,21.8,92.4,12.64575,129.10175,21.262844,86.97726,26.526384,67.75944,14.172676,87.58603,20.82899,83.814224,22.470919,92.99812
Bandung Regency,Indonesia,-7.0212,107.53,-2.186613,117.69162,-1.9654274,93.921326,-7.8046646,140.9359,-4.1003437,94.59091,3.9746857,90.53729,-6.3630524,106.292206
Bangarupalem mandal,India,13.1962,78.9133,31.160091,57.496693,35.76579,54.456375,22.848179,72.56259,37.39458,66.38434,12.365342,87.9651,15.720438,78.67758
"Bangor, Maine",United_States,44.8031,-68.7675,42.71454,-115.31348,52.35086,-68.77162,56.672188,-53.278538,68.586075,-89.259674,45.898125,-76.785675,44.665623,-76.77595
Bandung,Indonesia,-6.912,107.61,-12.699005,96.84387,-9.4215355,94.03976,-13.789978,140.19402,-5.8119926,119.86412,7.9216785,100.08949,-6.6220856,103.1474
Bandwan (community development block),India,22.876,86.507,28.938446,60.892338,23.517708,51.501163,24.229246,40.716446,26.111364,54.332253,17.91908,90.80177,22.833504,81.270355
Banggai Islands Regency,Indonesia,-1.40862,123.206,9.964505,113.11644,2.2584038,97.66278,-5.7430153,103.56544,0.56147575,65.68421,-5.828432,125.25824,-3.671978,102.928406
Bangalore division,India,12.9667,77.5667,-13.261929,110.817825,19.500591,59.51803,25.410086,52.255028,26.128218,51.951588,13.176017,100.392075,15.566437,83.733444
"Tunbridge, Vermont",United_States,43.9,-72.4881,60.816624,-86.82677,47.072826,-23.605242,57.368412,-73.98778,54.30687,-85.89695,47.771027,-68.43994,44.92432,-88.62122
Tunis,Tunisia,36.8064,10.1817,41.07045,-16.836498,27.33739,3.802404,14.681658,-1.0722291,23.442104,16.919708,25.037964,16.862991,28.396368,10.258639
Tunja,Colombia,5.53333,-73.3667,25.648552,-82.95299,2.8910503,-39.30667,26.406086,-48.756657,11.244078,-46.530777,9.197653,0.02883339,6.0795803,-64.149025
Tunapuna,Trinidad_and_Tobago,10.6333,-61.3833,-0.07861328,-36.062782,-7.3662186,-36.993965,33.494976,-9.541807,-0.08665466,3.4532413,-41.18325,70.37903,7.691925,-16.120144
Tumkur,India,13.34,77.1,35.11087,91.03174,4.7587624,115.72348,37.84074,58.58375,4.263962,75.51797,15.927542,75.58526,17.408302,73.42494
"Tunnel City, Wisconsin",United_States,44.0072,-90.5656,41.15903,-50.926197,39.144653,-36.406258,34.444447,-16.727781,30.996645,-27.33685,44.225338,-81.64761,43.915108,-92.54393
"Tura, Meghalaya",India,25.52,90.22,6.5188017,69.268875,10.010174,135.8678,6.168955,42.181675,16.728558,68.56063,20.07328,106.58992,20.417103,90.05984
Tuddenham,Suffolk,52.3143,0.546398,56.89107,17.471855,39.95238,99.881195,54.34259,-16.382101,28.44087,60.74698,56.552456,-15.927155,50.261703,-5.6034975
Tugela Ferry,South_Africa,-28.7333,30.4333,-3.0074368,40.14846,7.010458,0.8188951,17.466198,-14.330007,-0.47530365,-0.051361084,-12.411932,68.06836,-21.671337,41.36672
Tultitlán de Mariano Escobedo,Mexico,19.645,-99.1694,27.324871,-62.810368,7.935713,-42.663837,16.023424,-56.665867,13.059103,-65.75771,12.424597,-117.3457,19.988525,-74.49207
Tulcán,Ecuador,0.811667,-77.7186,7.6279182,-59.08446,25.865381,-39.376244,28.822422,-39.624035,31.160604,-69.33105,11.463858,-120.132065,11.188316,-87.187874
Tuy Hòa,Vietnam,13.0819,109.295,18.246012,78.566315,20.442423,12.604477,29.15096,12.598987,32.71556,8.020126,11.793823,82.94249,12.213928,106.75011
Twycross,Leicestershire,52.641,-1.503,35.885513,-5.4566803,25.89978,47.824665,48.33868,13.568296,29.338327,48.70114,53.130997,44.8926,43.540466,2.9537382
"Tweed, Ontario",Canada,44.6,-77.3333,46.55305,-62.772728,36.73873,-19.799591,33.989506,-39.102184,17.592764,-12.24654,47.0119,-81.44937,44.925728,-70.1046
Twerton,United_Kingdom,51.381,-2.398,46.965717,8.478903,48.714863,-6.1915116,52.93386,5.9924526,43.718914,-12.959518,44.339546,31.933302,49.602978,-3.5995045
Turkistan (city),Kazakhstan,43.3019,68.2692,38.892128,95.97505,40.587627,44.875004,30.885916,58.145718,47.288345,45.541077,34.2925,34.66857,37.336277,51.415005
Turčianske Teplice,Slovakia,48.8589,18.8636,31.012846,-14.357771,56.135597,19.808464,58.749203,-25.849127,56.70588,-14.792923,54.53701,11.728316,43.33644,35.30598
"Troup, Texas",United_States,32.1444,-95.12,43.24887,-73.90141,21.352837,-87.51711,36.802406,-106.168,36.77102,-124.50674,33.429733,-96.80298,31.204376,-98.45734
"Troy, Missouri",United_States,38.9794,-90.9808,21.152058,-93.55563,23.348898,-69.04099,50.19158,-123.05674,32.846878,-53.25564,28.959972,-86.629135,35.895645,-89.99816
Troyan,Bulgaria,42.883,24.717,33.224335,70.09206,77.56227,-0.9598907,63.501762,-25.837921,55.779915,15.56907,28.62866,20.746521,50.0177,23.366825
"Truganina, Victoria",Australia,-37.817,144.75,-48.121647,109.50792,-49.122627,167.67967,-56.414913,171.40451,-45.051926,171.80728,-23.462809,119.46907,-36.930084,143.17409
Trumpington,United_Kingdom,52.174,0.109,41.314976,23.289186,32.45641,32.64846,21.99271,22.649754,81.77822,-19.924156,60.91178,-14.277916,50.671158,-3.755496
"Trinidad, California",United_States,41.0592,-124.143,43.277664,-152.30403,15.622381,-110.62867,21.964787,-117.39958,17.14944,-104.31541,37.109516,-123.210434,35.438976,-128.93507
"Trinity, Texas",United_States,30.9456,-95.3756,44.863884,-74.55136,39.198963,-67.40375,42.099342,-98.818054,40.011955,-97.11792,33.42584,-103.63162,32.824207,-104.223404
Trimingham,Norfolk,52.897,1.387,60.077686,-21.355453,22.702438,59.593613,32.227947,-33.67641,37.117065,45.194893,58.022858,0.54200554,58.86454,-1.2809477
Troina,Italy,37.7833,14.6,4.0862293,20.902779,38.72203,39.84266,21.237114,-3.1540523,43.50043,30.099285,24.578558,20.74049,43.322968,16.768946
Trondheim,Norway,63.4297,10.3933,68.53924,-7.7308426,64.21306,-14.37036,70.689415,19.214418,76.33798,-16.09396,63.925438,18.553116,65.08006,18.401999
"Trona, Inyo County, California",United_States,35.8158,-117.348,28.765793,-52.269695,36.474796,-88.74747,30.899315,-67.29002,39.965435,-68.42069,40.848305,-134.78842,39.66464,-114.30847
Tromsdalen,Norway,69.6442,18.9992,35.894318,33.52987,28.117428,44.541706,58.56855,1.0406771,47.98552,7.0372486,64.98763,7.1166563,61.066017,9.4046545
Tuchola,Poland,53.6,17.85,39.902843,45.09449,62.39206,-14.97199,49.12934,-20.030058,59.18641,22.779694,55.012543,12.484247,48.79303,30.497253
"Tuckahoe, New Jersey",United_States,39.29,-74.7539,26.370548,-81.06868,31.983774,-45.921947,24.730198,-24.254726,34.61327,-70.87739,38.921997,-72.66362,40.992645,-75.98403
"Tsugaru, Aomori",Japan,40.8087,140.38,46.069344,78.26079,49.07145,167.28714,27.095732,163.45139,46.20199,141.51636,41.138466,154.41862,42.01113,135.6433
"Tsukubamirai, Ibaraki",Japan,35.9631,140.037,27.051823,84.54825,39.187607,113.51287,44.954872,115.47984,45.90235,122.16089,35.96829,141.78372,37.93674,128.02638
"Tsushima, Nagasaki",Japan,34.2,129.283,30.51215,110.12627,37.552166,144.41106,27.752869,125.70194,45.328514,122.10782,36.596092,123.95093,37.88331,133.11899
Tsomo,South_Africa,-32.0379,27.8169,-0.5891628,100.88832,-7.368675,89.874084,34.762367,23.951963,5.10845,69.557755,29.059132,75.8095,22.366318,35.871574
Tršić,Serbia,44.5081,19.2689,34.115738,42.714787,54.28453,17.204067,37.123436,-0.44891727,41.6723,7.1052284,48.98948,8.8915615,47.589874,13.227972
"Waddan, Libya",Libya,29.1611,16.1436,37.44122,65.42021,36.420753,65.388855,29.410137,13.324527,43.815407,-21.991455,26.419783,20.711168,30.160362,26.161139
Wadebridge,United_Kingdom,50.517,-4.835,48.717323,6.123618,49.442154,7.5334616,27.291842,27.483028,46.423595,-31.683544,49.60391,-0.41899872,44.687553,-0.95423603
Wadi ad-Dawasir,Saudi_Arabia,20.4644,44.7872,18.67746,20.832228,9.50136,62.06593,11.315044,69.45671,28.135302,41.25802,36.017998,11.13134,26.003036,44.37947
Wafangdian,China,39.6271,121.98,33.68902,135.45508,44.614567,125.6991,23.78555,60.48364,36.444336,85.99754,33.192875,96.3752,38.527763,119.56537
Wajir,Kenya,1.75,40.05,18.964504,45.134727,9.75392,21.920006,18.528614,84.43602,16.395279,50.53466,12.997053,36.29628,3.4770546,51.957985
"Wainfleet, Ontario",Canada,42.925,-79.375,52.1434,-96.89322,64.1301,-78.947586,43.27691,-33.166676,60.889244,-68.73529,46.12397,-81.3663,48.972153,-75.44582
"Walcott, Iowa",United_States,41.5903,-90.7731,40.336983,-88.10118,37.209435,-103.8724,40.99884,-68.429825,44.04213,-88.22178,42.81521,-93.89015,42.650177,-92.23657
"Wajima, Ishikawa",Japan,37.3906,136.899,45.403458,115.36557,46.785053,125.453415,47.695488,111.92825,34.21531,147.97649,28.147898,138.31204,42.76375,119.97043
Wakayama Prefecture,Japan,34.05,135.35,22.452772,170.72229,21.83765,180.00412,33.408237,164.05577,37.42148,142.78302,33.466614,125.18585,33.209988,140.52602
"Wakefield, Massachusetts",United_States,42.5064,-71.0733,35.69477,-66.409615,34.71035,-52.22428,39.162605,-52.585087,41.31134,-45.8994,42.88154,-68.35089,41.94763,-77.498634
"Waite Hill, Ohio",United_States,41.6156,-81.3883,36.7575,-79.68355,30.682026,-63.404255,39.251785,-63.135887,18.330833,-24.789692,41.08762,-77.965546,42.614822,-82.43749
"Waitangi, Northland",New_Zealand,-35.2661,174.08,-20.64198,84.72055,-10.970127,52.24763,6.04265,27.334625,-28.89875,60.951416,-27.905756,125.68074,-33.447426,157.93164
Västerås,Sweden,59.6161,16.5528,70.02406,-5.932826,39.30014,8.176879,37.304558,31.778555,37.10073,10.594902,57.91169,22.381178,56.519012,12.602491
"Wa, Ghana",Ghana,10.0667,-2.5,15.91329,18.907894,0.21315384,63.64974,-6.724251,60.55485,6.886677,35.049995,6.0413723,10.368616,0.9003868,15.084885
Waltham St Lawrence,United_Kingdom,51.4833,-0.805,53.732254,7.98563,48.309757,-29.215935,58.539722,-50.697346,48.403046,-35.13565,46.363346,-31.194206,52.288517,-1.5460014
Walthamstow,United_Kingdom,51.584,-0.021,67.99567,-43.93855,67.03879,-44.33674,63.97709,-11.205937,70.43083,15.523353,53.48339,-18.358566,58.620514,-17.017944
"Walton, Leeds",United_Kingdom,53.9239,-1.32667,55.04164,19.736782,53.018463,-37.125225,48.960712,37.999126,53.09317,-13.530006,52.646713,-2.5264225,54.25615,-4.316306
"Wantagh, New York",United_States,40.6747,-73.5106,28.065762,-89.500565,22.956583,-39.739292,26.775784,-27.731215,34.385006,-30.80423,41.1368,-72.68494,40.100708,-72.67366
"Wantage Township, New Jersey",United_States,41.2522,-74.6328,34.640133,-55.70305,35.407997,-31.147781,30.935928,-16.414371,32.323742,-25.147831,37.725727,-65.317795,38.24109,-73.404305
"Warabi, Saitama",Japan,35.8256,139.68,39.117954,66.099335,35.232864,132.96672,30.008823,145.34218,30.577282,124.308914,30.593708,126.61528,34.393036,132.59685
Walkden,United_Kingdom,53.5239,-2.3991,40.21164,50.201466,47.705948,29.976366,41.15876,50.592503,51.836777,42.18488,61.025047,-2.7059975,53.05717,0.2885208
"Wales, Wisconsin",United_States,43.0039,-88.3775,53.57624,-115.964645,8.216442,23.666964,6.593897,25.665287,15.829717,25.67523,47.52201,-96.02014,41.6105,-86.49267
"Walkerton, Ontario",Canada,44.1311,-81.1506,42.63588,-86.13014,51.024574,-79.17872,36.829002,-59.793827,44.16617,-87.467606,41.092014,-71.930405,45.681667,-71.63728
"Walcott, Norfolk",United_Kingdom,52.84,1.503,61.423077,51.372223,35.91864,-35.982292,44.149113,-11.378914,52.390404,-35.727665,47.52443,-14.256237,54.068752,-17.736248
"Walnutport, Pennsylvania",United_States,40.7517,-75.5956,50.57689,-97.854126,48.93962,-100.45344,62.300243,-169.25726,49.270084,-87.21946,39.662697,-76.95877,40.851967,-81.29185
"Walloon, Queensland",Australia,-27.6055,152.665,-1.3584061,105.803696,-19.53595,135.19421,0.029655457,92.05545,-3.6629639,101.14963,-20.579954,144.70166,-23.483368,139.76459
Walsall Wood,United_Kingdom,52.6277,-1.9301,38.298973,15.057177,44.252205,-12.693411,35.629635,6.9990034,50.33617,0.84560966,66.76248,-20.607738,50.838814,5.186259
Walsingham,United_Kingdom,52.8938,0.87357,60.322094,27.308773,41.364586,15.164541,48.80139,-5.4155154,55.739685,-42.614815,55.91249,-15.64209,50.778553,3.8241615
"Wallace, Idaho",United_States,47.4742,-115.928,60.52574,-134.43443,42.88792,-104.96197,41.644318,-97.482346,40.072643,-88.74754,40.86764,-120.77438,43.171017,-121.703636
Tétouan,Morocco,35.5667,-5.36667,32.09954,-40.896633,32.342182,6.6831646,47.967075,-9.263524,38.666977,-1.1240139,32.526546,-13.367258,39.552338,-3.9531212
Tököl,Hungary,47.3203,18.9671,51.918617,24.2654,41.862816,-3.7409835,50.60907,-12.621432,45.500366,-9.087799,50.51552,17.993605,41.808037,26.002867
Töreboda,Sweden,58.7167,14.1333,44.83688,4.4958677,39.350918,-16.00456,47.967075,-9.263524,38.666977,-1.1240139,51.84497,31.232693,53.722782,21.053278
Türkan,Azerbaijan,40.3639,50.215,38.535683,21.279943,39.350918,-16.00456,47.967075,-9.263524,38.666977,-1.1240139,41.51632,41.543114,46.24827,21.3077
Türi,Estonia,58.8094,25.4292,62.282482,30.175644,40.244137,21.63359,39.04337,27.20357,39.87036,39.294395,48.578583,30.982952,54.035484,28.754848
Tynan,United_Kingdom,54.3301,-6.82264,47.138435,38.646427,48.41626,-29.44308,63.347816,-61.434834,28.975912,-11.656757,43.94082,-9.857189,42.86035,10.469564
Tydd St Giles,United_Kingdom,52.727,0.108,45.12609,120.54556,49.22037,21.761242,33.801872,32.59067,41.214905,21.63816,61.3189,-23.45726,50.139137,1.268219
Tärnaby,Sweden,65.7167,15.2667,64.42494,-21.519726,39.350918,-16.00456,47.967075,-9.263524,38.666977,-1.1240139,65.07075,21.637182,62.833763,10.801959
Vulcănești,Moldova,45.6833,28.4028,39.36005,36.905205,32.977436,10.756779,28.516813,36.60256,32.375362,11.775801,37.49055,25.82556,48.48922,32.627064
Vännäs,Sweden,63.9167,19.75,58.760487,15.369387,41.240807,18.576265,36.03437,30.895521,37.911068,-2.4276695,66.09889,10.301521,57.31414,25.643486
Vác,Hungary,47.7752,19.131,55.102394,7.318631,34.87669,5.9510417,39.242836,13.106604,38.188953,14.569808,34.45886,41.649414,25.489594,49.943935
Vreed en Hoop,Guyana,6.80763,-58.1815,1.6638012,-22.306993,20.044907,-19.155138,25.874851,-78.938484,21.535048,-28.654236,43.970177,32.92658,-29.636261,2.2618027
Vrhnika,Slovenia,45.9624,14.2937,57.567577,1.0191259,66.587616,-35.485046,41.701294,17.660007,47.55756,2.24605,41.815697,21.069086,44.42276,21.20974
Vryburg,South_Africa,-26.95,24.7472,-13.72673,25.151642,-29.124401,45.627914,-1.5178947,79.32492,-17.198269,40.371025,-2.6093693,34.378986,-31.200726,31.194698
Vrindavan,India,27.58,77.7,23.788929,67.02255,18.19677,68.961494,26.7753,27.07221,30.600302,19.511005,29.713388,73.59475,27.13073,77.57827
"Tigerton, Wisconsin",United_States,44.7403,-89.0583,46.63633,-82.12451,55.18919,-101.42096,49.607533,-149.50157,49.73535,-106.712166,44.512825,-89.325,43.851482,-84.06776
Tihany,Hungary,46.9089,17.8792,53.924477,-12.672871,73.1281,-45.98587,54.387054,-23.269646,62.291714,16.222643,43.99677,17.278492,47.89941,-4.022773
"Tilting, Newfoundland and Labrador",Canada,49.7,-54.0667,34.222225,-19.728762,42.321304,-22.900352,38.646866,-42.230545,39.31991,-24.207726,47.29431,-61.396732,53.20897,-71.59784
Timbuktu,Mali,16.7758,-3.00944,23.013798,12.955931,21.69432,8.364643,22.984407,24.141924,30.336063,6.5177155,29.342697,-3.021513,20.350893,-24.666378
Tillabéri Region,Niger,14.2167,1.45,8.235371,11.904896,22.79901,53.976418,18.526081,50.655876,22.330877,62.24691,18.533169,21.291264,7.8643913,3.8322115
Tilbury,United_Kingdom,51.4606,0.3582,36.246223,27.70375,65.879616,-46.721855,44.403328,-48.680275,49.914215,-39.953575,52.362984,-1.6892776,53.947323,-21.812336
Tianmen,People's_Republic_of_China,30.664,113.167,35.94969,126.39714,41.31254,128.52998,21.87888,72.87162,43.675144,95.73419,41.255833,85.24065,33.11964,61.94337
Tidworth,United_Kingdom,51.237,-1.664,40.78028,80.61937,60.711212,-1.1991034,30.45095,22.463804,44.860725,63.862823,43.343834,3.9168634,49.78392,-9.6240835
Tickle Cove,Canada,48.5825,-53.4814,29.578104,-10.679621,33.520752,-21.225258,21.321503,-25.489243,25.546469,-24.023438,27.307041,-19.504642,36.777435,-23.46568
"Tisbury, Wiltshire",United_Kingdom,51.065,-2.081,90.49951,-10.318035,65.053246,-32.16807,56.397827,-22.916172,43.589714,23.859562,47.054077,-5.996229,52.407986,3.7393541
Tissemsilt,Algeria,35.6078,1.81111,14.400477,12.337267,-7.6495857,54.450497,24.673042,31.343271,18.348593,34.453896,34.71698,20.469864,31.604305,4.4314146
Tizapan El Alto,Mexico,20.1587,-103.043,18.883812,-49.634247,11.582739,-73.88791,20.723934,-87.57764,-2.4207306,-56.30979,13.064524,-100.184845,16.850178,-103.18506
Titchfield,United_Kingdom,50.8491,-1.2344,64.15788,15.752924,66.55027,-38.552853,30.918306,-43.680237,70.87048,-34.361446,38.507626,-0.051799774,48.27242,6.655869
Tiszaújváros,Hungary,47.9228,21.0522,40.453365,46.74014,40.935795,26.24535,24.716381,12.303602,41.47438,10.95265,49.57731,31.967463,46.794437,23.121632
Tirúa,Chile,-38.3414,-73.4911,-20.804398,-0.84979534,43.197258,31.222733,27.812016,20.914888,47.279137,-2.8418083,1.0979576,-29.156857,-11.235836,-82.20968
Tiszafüred,Hungary,47.6167,20.7667,42.578224,11.315252,41.76116,-17.729643,50.603577,-34.328396,28.442104,3.9391022,50.3396,29.648373,48.134583,26.957195
Tissamaharama,Sri_Lanka,6.28333,81.2833,-0.64385986,113.49243,-4.302536,115.46543,16.472868,69.789696,8.982885,118.75639,2.3015976,89.44156,5.2944145,79.13563
Tlajomulco de Zúñiga,Mexico,20.4736,-103.443,19.170216,-58.010822,19.318283,7.8640947,13.3080635,-6.4136953,25.480602,-10.789528,19.269617,-82.8257,28.15232,-103.03102
Tizi Ouzou Province,Algeria,36.7333,4.06667,20.733675,54.133923,20.794226,-1.621438,26.82614,27.692886,14.055883,7.6984634,33.49727,22.015923,26.926014,10.304236
Tizimín,Mexico,21.1425,-88.1647,26.58958,-50.388226,25.865381,-39.376244,28.822422,-39.624035,31.160604,-69.33105,24.774677,-42.076473,22.457508,-111.20373
Tiznit,Morocco,29.7167,-9.71667,25.533083,11.072691,21.806694,12.028719,25.170834,-2.3270895,23.13272,20.588425,15.59939,23.874275,39.246,-3.1427479
Tione di Trento,Italy,46.0333,10.7333,47.849236,-12.806591,37.49463,41.57806,48.657047,56.28073,38.5995,19.965458,47.050846,31.07258,46.774376,16.663086
Tipaza Province,Algeria,36.5833,2.43333,23.840658,27.1095,21.075127,-4.388309,19.58345,36.322422,17.449005,25.152645,18.674395,9.4490795,23.136341,-0.71275234
Timóteo,Brazil,-19.5828,-42.6439,-0.3962555,-47.273777,26.909191,-1.6511161,29.004368,-35.08788,24.782434,21.526892,-4.6649494,-1.8014469,0.9972744,-57.299953
"Tinajeros, Malabon",Philippines,14.6733,120.969,15.079813,9.205286,3.4234505,23.698563,14.622856,90.66516,7.1444473,87.33265,14.521126,93.43025,14.822588,90.858055
Tindouf Province,Algeria,27.6833,-8.13333,19.187172,19.003593,14.619251,11.178104,9.379974,38.173515,13.33814,18.318594,27.571012,14.252719,32.43736,15.890179
Tirupati,India,13.65,79.42,9.625722,80.05771,14.199513,83.71009,22.025127,101.574165,18.754515,101.038216,4.390295,73.62125,10.181936,70.790215
"Tiradentes, Minas Gerais",Brazil,-21.1086,-44.1744,-0.92786217,-15.389399,-14.49025,-77.962616,-17.364376,-43.922783,-11.99374,-71.03988,-18.993135,-34.989216,-6.065304,-54.003345
Tiraspol,Moldova,46.8403,29.6433,47.693306,36.17699,71.36218,-34.032726,56.68148,-4.1819468,63.54505,31.161386,34.55331,56.244156,44.28298,33.22518
Tirano,Italy,46.2164,10.1689,53.924755,18.24237,35.86782,-32.239105,41.40619,55.425323,41.81742,-32.301632,27.085655,14.175377,50.42486,21.880838
Tirat Carmel,Israel,32.7667,34.9667,40.753338,-19.4291,23.67773,37.350567,25.340612,22.792994,10.0929985,36.354042,23.651089,48.72004,32.292305,30.208382
"Tireh, Qom",Iran,34.3089,50.9169,41.613434,22.606066,41.291916,14.14046,64.27919,31.001993,30.813839,14.565933,36.397953,48.34472,32.160454,45.333103
Tintinhull,United_Kingdom,50.9736,-2.71484,52.341698,-4.7455583,29.691162,75.156746,30.018322,72.146126,45.05603,42.132828,18.066025,40.171494,50.913414,-14.115094
Tipperary (town),Republic_of_Ireland,52.474,-8.162,26.512184,-21.74945,33.573006,20.106062,31.458475,47.748817,37.618683,44.957336,38.49833,2.0478516,46.144997,16.102568
Celldömölk,Hungary,47.2556,17.1491,51.02139,34.919746,32.610744,45.318752,34.836018,49.00101,44.70381,-21.150528,55.472107,31.725483,48.41707,7.7742996
"Celebration, Florida",United_States,28.32,-81.5403,33.805534,-121.473114,26.888603,-91.43382,26.039179,-95.702644,27.738234,-68.31713,33.558434,-85.038895,28.267836,-89.53602
Central Darfur,Sudan,12.3333,23.4167,18.434233,-20.65831,13.640245,20.3391,6.405262,38.50334,13.012282,36.255142,4.7463837,16.79419,13.306194,17.878168
Cento,Italy,44.7333,11.2833,34.773727,-30.28547,37.800453,67.54585,34.089817,72.428085,51.578156,-42.328278,45.72031,13.156863,36.05578,7.3640504
"Central, Utah",United_States,37.415,-113.624,29.68192,-59.965523,29.538929,-47.954453,18.643005,-30.21565,19.641716,-35.072964,39.116768,-103.8235,35.166252,-114.428444
Central Frontenac,Canada,44.686,-76.673,36.365623,-69.5087,23.59703,-23.93299,9.569078,-3.7598147,24.767723,-47.493988,46.97181,-70.76376,39.147533,-58.685375
Central Lombok Regency,Indonesia,-8.7,116.267,-0.98781776,111.314804,0.67746544,98.65911,-2.0691032,98.34881,-7.7538605,96.03801,-6.1390057,101.2164,-3.8223152,110.95908
Central Macedonia,Greece,40.7,23.0,35.97388,83.9642,22.236393,55.54991,28.50135,18.283342,17.029469,38.204773,46.39469,35.451492,38.52957,26.832415
Central Maluku Regency,Indonesia,-3.29167,128.967,-0.29777718,113.638824,-8.205677,111.63709,-1.4212265,98.06418,-4.5021935,90.115204,-11.967924,120.07718,-4.7338066,112.114586
Central Milton Keynes,United_Kingdom,52.0423,-0.7598,54.609577,12.141615,25.864769,2.2554083,29.36601,4.637574,18.001026,10.718365,42.64518,-7.692814,53.549637,-3.7722607
"Centennial, Colorado",United_States,39.5906,-104.869,28.441204,-74.27504,36.870193,-118.38586,38.90358,-128.64891,35.24728,-129.52744,36.02027,-110.28848,38.563614,-101.014305
"Center Township, Vanderburgh County, Indiana",United_States,38.0406,-87.5394,50.326466,-72.62021,41.914566,-62.485493,32.275017,-44.549484,33.669632,-61.69702,41.100067,-89.25113,37.71357,-86.198006
Cayton,United_Kingdom,54.235,-0.383,55.382328,-26.787504,43.5013,-12.027927,47.53765,-2.1916394,58.63749,-31.787823,51.550945,-0.9748535,58.07618,4.2126036
"Cañete, Chile",Chile,-37.7994,-73.3953,-10.020916,-11.908263,16.780804,-37.89916,8.174419,-44.63389,6.8320026,-16.815216,-29.670424,-58.90418,-34.75338,-61.75008
"Cañon City, Colorado",United_States,38.4419,-105.221,37.2368,-90.25249,33.87672,-42.54295,25.684761,-50.387764,30.308786,-32.862274,40.179413,-138.4542,34.97681,-105.35103
"Cavers, Scottish Borders",Scotland,55.4325,-2.72731,41.84722,13.918783,47.477455,-11.062955,28.232243,-10.761174,56.39337,-63.631966,59.60491,-24.871265,54.882843,-8.569514
Caxias do Sul,Brazil,-29.1667,-51.1833,-10.705086,-37.461193,-5.9868927,-22.385763,6.3519115,-70.88297,-1.1598892,-3.7256699,-28.356451,-42.115044,-26.590443,-53.04307
Cefn Cribwr,United_Kingdom,51.52,-3.65,30.57964,16.471403,39.92725,11.011478,17.088295,42.282288,27.784088,23.87038,56.843426,-27.757565,52.913544,3.7381353
Cederberg Local Municipality,South_Africa,-32.25,19.0,-12.984711,26.650974,7.762596,0.94853246,7.1966095,31.370367,9.226778,3.5540924,-16.71921,15.087774,-29.79829,22.511654
Cebu Business Park,Philippines,10.3158,123.906,27.425362,15.763807,16.579659,16.25935,13.035614,14.2070875,13.849265,46.4674,17.027996,114.66731,15.2714,131.52821
"Cecina, Tuscany",Italy,43.3167,10.5167,38.977272,19.998724,36.288803,16.005304,32.040512,37.614826,35.190228,17.179504,40.966595,19.76791,43.450844,2.7044926
"Cedar Grove, New Jersey",United_States,40.858,-74.2298,56.392265,-92.71307,32.81471,-43.563435,37.832844,-51.007847,29.185951,-52.734444,42.073887,-72.51529,39.782707,-74.093254
"Thousand Oaks, California",United_States,34.1894,-118.875,50.248367,-173.13582,35.58456,-85.536995,42.270027,-86.71628,23.250067,-57.93474,33.114902,-93.39787,36.761265,-113.673584
"Three Bridges, New Jersey",United_States,40.5197,-74.7994,36.9262,-36.160713,31.341578,-19.12185,31.006077,-27.352644,27.639687,-24.93491,38.35962,-71.822266,40.756294,-82.87054
"Three Lakes, Florida",United_States,25.6353,-80.3992,9.932965,-64.14072,24.460087,-57.432255,28.730804,-79.67009,31.256517,-78.36709,27.523317,-82.82155,29.554806,-83.89944
Three Rivers Proper,South_Africa,-26.664,27.972,-3.194416,22.442804,19.182241,12.602291,20.744057,13.004268,31.497852,-26.067585,30.916231,-12.327944,31.783613,41.93852
Thumpamon,India,9.21667,76.7167,11.265875,66.25151,21.253626,53.512886,41.736958,24.574667,26.355825,75.2041,13.323153,103.94316,24.954863,21.931786
Cesano Maderno,Italy,45.6281,9.14611,38.674133,46.741695,47.087105,45.844715,35.975086,29.095453,51.817677,1.5684547,43.58281,24.121078,46.772408,3.3016958
Cesar Department,Colombia,10.4833,-73.25,-11.338032,-89.45416,8.522692,-60.1772,6.0752525,-71.99054,3.988247,-56.881546,-0.86735344,-51.518795,11.507515,-28.118473
Cerdanya (comarca),Spain,42.3892,1.79306,44.63468,0.4662161,29.501635,-40.503094,26.062866,13.225453,49.102722,-72.54146,34.288166,-52.46459,33.766895,-23.997814
"Century Village, Florida",United_States,26.7156,-80.1261,39.167442,-73.27731,35.28216,-30.539684,46.565624,-45.398582,28.94222,-33.638283,27.081306,-74.32001,31.152552,-98.70829
Cerignola,Italy,41.2667,15.9,30.593332,-56.499516,45.373466,0.15901744,33.280834,-5.148534,53.149788,-28.844398,49.842968,15.141518,45.672127,15.183385
Central Tapanuli Regency,Indonesia,1.9,98.6667,-8.748512,75.03548,0.27916336,72.2949,3.8691444,79.70139,-2.5201283,76.318855,-5.4469433,117.030655,-0.68442917,90.03269
Central and Western District,China,22.2867,114.155,11.063129,140.81226,13.818331,60.658947,14.526579,38.163433,13.66631,57.9571,13.40838,42.480816,11.1248,110.44715
Centre Region (Cameroon),Cameroon,4.75,12.0,-9.508514,-0.95983267,10.686262,27.484802,6.177496,59.604794,6.825592,36.11936,3.1201077,13.430726,7.2191715,19.248262
"Centuria, Wisconsin",United_States,45.4497,-92.5533,37.247795,-103.934616,40.619522,-92.98849,46.048595,-84.63285,37.02577,-77.258736,38.843975,-89.24371,46.158546,-91.12014
"Centro, Rio de Janeiro",Brazil,-22.9081,-43.1767,-11.342461,-15.022961,-5.5095863,-55.163727,-15.442894,-53.476147,-0.55228424,-42.835197,-18.323591,-52.2347,-15.358017,-38.35998
Cervia,Italy,44.2586,12.3558,37.74581,52.602356,52.26599,-1.7449291,47.387863,-19.680473,67.83333,-0.8571434,50.583717,9.644793,41.079247,9.547504
"Tottington, Greater Manchester",United_Kingdom,53.613,-2.339,51.385147,-9.414872,43.764,2.9036741,37.79347,35.97181,43.692154,5.1284065,48.612114,1.4581661,50.30167,0.029579163
Tower (ward),United_Kingdom,51.511,-0.077,53.28798,35.642796,39.62893,16.725256,34.487877,24.696026,42.76247,68.78336,40.803352,3.2831306,42.677444,-6.348418
"Townsville City, Queensland",Australia,-19.2622,146.816,-35.28136,159.9728,-28.104496,144.34282,-25.247562,147.53333,-26.845104,130.20062,-17.311762,138.08171,-23.325092,133.9039
Tozeur Governorate,Tunisia,33.9167,8.13333,15.410896,-5.992049,50.275448,4.677738,28.061075,48.360016,26.91427,47.312218,22.675945,38.31837,33.276974,14.064644
Tovuz District,Azerbaijan,40.9922,45.6289,44.276886,23.610361,35.18381,32.71023,42.46557,15.602694,44.092987,26.68895,38.470085,33.115383,38.264072,57.877323
Tovil,England,51.2642,0.5096,32.048477,87.711,50.2673,36.633842,48.524845,17.80408,52.67169,30.550003,25.021156,22.73787,46.07337,0.7841873
"Tower Lakes, Illinois",United_States,42.2333,-88.1522,39.833744,-64.15094,36.08378,-54.2318,38.822823,-70.34248,36.40061,-46.014755,41.99036,-90.05884,40.326126,-87.1531
Torri del Benaco,Italy,45.6167,10.6833,34.577812,12.095661,31.693085,-21.800966,17.817911,-35.655804,27.95882,-6.0492935,38.24727,8.229379,42.353207,10.183571
Torreón,Mexico,25.5394,-103.449,19.37176,-95.40889,31.263054,-23.867933,44.74957,-45.55706,29.068777,-41.763725,16.900002,-113.63847,20.667114,-117.37351
"Torrington, Wyoming",United_States,42.0667,-104.183,38.63776,-112.313995,48.847607,-129.33818,44.754375,-115.395744,54.735527,-73.621956,39.965157,-106.83632,41.604424,-112.918846
"Totsuka-ku, Yokohama",Japan,35.3964,139.533,43.581993,77.044754,31.668125,92.66038,27.855476,99.06923,19.170975,124.72643,29.211363,126.57788,37.766926,132.66121
Torrita di Siena,Italy,43.1667,11.7667,33.384167,18.520573,30.449694,56.479256,60.407104,9.883916,41.671135,41.944904,48.422546,10.225958,45.122894,16.521553
Torshälla,Sweden,59.4167,16.4667,57.28021,-21.987946,28.248232,51.16623,32.862415,-11.751659,35.056934,-3.2357388,67.19182,11.875379,69.0094,18.823711
Toruń,Poland,53.0222,18.6111,76.23648,30.250652,16.30968,95.49145,26.660675,135.79285,18.540703,112.31689,57.217068,10.270949,59.619713,12.321865
Tortora,Italy,39.9667,15.8,32.576637,-9.489413,35.02807,-7.764139,32.499496,34.88355,52.760048,-62.58689,24.79087,6.1938343,35.134583,32.144394
Tremadog,United_Kingdom,52.938,-4.142,48.31653,-45.11032,30.93107,31.254795,25.515076,76.74821,41.09144,18.719788,49.09704,-8.442251,55.73422,-17.594666
"Tremont, Bronx",United_States,40.85,-73.906,12.080321,-60.3739,44.488747,-69.90303,50.41114,-52.40145,44.140755,-102.89941,40.190014,-74.66341,41.91704,-78.236916
Tremé,United_States,29.9683,-90.0739,41.367447,-80.26297,11.836182,-13.434225,13.675245,10.503372,20.411503,-34.746906,23.84478,-12.686888,37.8596,-48.78267
Tredegar,United_Kingdom,51.7776,-3.24069,37.58394,-44.090652,35.008068,0.3011545,4.9554634,90.8753,29.177612,-27.56221,50.268555,1.1781197,46.73794,-14.426143
"Trexlertown, Pennsylvania",United_States,40.5481,-75.6058,46.64235,-59.95348,52.789215,-103.68025,64.4286,-85.03634,48.72693,-76.227615,41.239815,-77.99672,43.19123,-83.55034
Trenčianske Teplice,Slovakia,48.9083,18.1686,33.66454,18.74439,35.22944,-7.2764664,45.13217,-19.100147,35.24136,-33.773216,49.888214,13.026102,46.892757,36.52365
Treorchy,United_Kingdom,51.6594,-3.5055,34.85424,3.0931396,33.243504,-12.684164,37.241997,8.827695,21.577541,57.35428,34.467213,21.470554,53.328976,-5.3685827
Trevignano Romano,Italy,42.1583,12.2417,47.244343,8.0088005,52.3631,-18.315807,36.1354,-0.94005704,33.11697,-48.17739,39.730778,12.224712,43.8233,2.8526297
Treviso,Italy,45.6667,12.25,14.827568,39.629505,43.866295,-0.32140708,17.518833,34.52418,58.659885,-53.158104,52.0094,20.743912,44.930126,13.825716
Trani,Italy,41.2667,16.4167,15.129854,79.83559,47.61026,-27.561436,21.964584,79.92214,40.901207,18.781944,34.568783,30.977993,34.962467,40.55719
Trakai,Lithuania,54.6333,24.9333,72.038895,52.12943,76.80327,25.53024,34.448605,100.10256,49.028755,78.6638,54.74534,25.547237,49.768356,29.924992
"Travancore, Victoria",Australia,-37.778,144.935,-23.90446,118.37282,-32.276554,132.51743,-30.39286,131.67305,-36.135757,144.65244,-27.061129,147.22595,-46.606453,178.63252
Trawsfynydd,United_Kingdom,52.902,-3.923,69.91742,14.945793,75.64074,9.292883,42.333908,28.709652,55.85324,19.774607,55.261932,-10.476681,57.618237,4.7024364
Toller,United_Kingdom,53.8066,-1.79193,27.73494,37.078983,58.759155,-68.69711,39.891235,27.680546,61.544216,18.195597,36.356247,-19.627892,53.96413,21.41364
Toller Porcorum,United_Kingdom,50.7795,-2.6218,49.629143,-19.669842,54.941868,-40.24704,39.891235,27.680546,61.544216,18.195597,41.919426,7.4286203,47.4469,1.0737162
"Tollerton, Nottinghamshire",United_Kingdom,52.901,-1.094,47.425697,-7.809241,60.225082,-24.735928,49.73861,15.518583,54.80703,8.431763,54.19252,-4.0989876,51.03408,5.648374
Tolpuddle,United_Kingdom,50.7495,-2.2962,44.469925,-15.173063,33.86819,7.2636256,34.771748,46.615543,41.6793,-0.39959717,31.121876,30.980421,38.200394,48.009544
Toliara,Madagascar,-23.35,43.6667,-8.455675,3.9975042,-26.978397,78.63489,10.012913,40.867867,-11.807285,80.008255,-4.807516,54.917038,-21.65149,64.18401
"Tomah, Wisconsin",United_States,43.985,-90.5039,38.014885,-108.568985,36.61031,-75.07609,34.6443,-66.45244,39.20514,-82.24613,41.167877,-86.817,42.84767,-85.728
"Tomahawk, Wisconsin",United_States,45.4744,-89.7314,28.893,-40.78752,44.549217,-85.530426,47.441086,-90.70625,40.662273,-96.284386,47.05567,-96.38547,45.35604,-90.17815
"Tomago, New South Wales",Australia,-32.83,151.721,-25.152699,154.01665,-21.006432,131.14906,-22.67606,119.11796,-16.363758,129.04233,-33.092506,148.9476,-30.384262,143.26791
"Toda, Saitama",Japan,35.8176,139.678,24.202564,156.18195,28.500885,115.58661,33.881233,69.621605,30.454563,90.76663,36.132973,121.97746,34.327915,124.90715
Tlemcen Province,Algeria,34.8833,-1.31667,15.839064,-9.618684,24.025864,6.4914246,14.430403,48.933487,11.1346,36.593758,31.108677,-12.9225025,26.638275,7.0071535
Toktogul,Kyrgyzstan,41.8722,72.9389,31.900478,33.301514,22.763453,68.76647,12.1679325,56.114983,41.849117,44.041264,44.45157,80.3194,32.37956,67.16171
"Toledo, Ohio",United_States,41.6656,-83.5753,44.642963,-86.54941,42.5607,-138.04507,50.597153,-144.16798,31.733704,-107.30532,41.82352,-98.57651,41.73253,-86.94905
Todos Santos Cuchumatán,Guatemala,15.5167,-91.6167,28.60845,-44.58469,-6.6707497,-33.249676,2.2296848,-36.731003,-3.0796986,-57.863464,-0.04631424,-95.70328,18.531673,-91.523544
Tofo,Mozambique,-23.8556,35.5481,-4.144928,46.40268,-14.047436,43.33462,19.372908,2.6211116,-10.79282,35.70933,5.58506,13.938238,-10.237381,21.71073
Torak (Žitište),Serbia,45.5053,20.6039,43.416653,34.900234,20.40544,26.720945,28.380493,31.052847,28.798143,47.02636,31.123972,7.521737,46.765915,11.876971
Topoľčany,Slovakia,48.5542,18.1769,38.177284,78.21365,25.786518,-10.05601,15.650795,21.942648,13.747144,-18.852062,52.065155,18.918633,49.835762,18.921268
"Tornillo, Texas",United_States,31.4394,-106.096,39.43176,-165.00032,24.467695,-156.29816,27.04929,-78.52322,19.791916,-136.94498,30.92003,-98.178955,37.40709,-81.34027
Torit,South_Sudan,4.40806,32.575,4.742651,39.141525,3.2059345,3.5553074,38.609703,9.37347,-1.2576809,70.560165,25.418697,22.587105,12.657175,45.83924
Tongi,Bangladesh,23.9,90.41,5.165407,106.76514,3.135624,143.3717,20.279833,40.9064,16.223522,112.629456,9.1146965,61.750427,19.542503,78.14404
Tongling,China,30.945,117.811,13.5216055,99.84828,28.940025,143.07555,37.56839,15.730211,37.860184,110.56539,35.435257,126.677826,31.835104,88.488525
"Tonica, Illinois",United_States,41.2158,-89.0681,39.40651,-97.59206,40.05939,-109.330605,48.115456,-156.86534,42.128193,-79.319145,38.533493,-80.02055,40.659653,-90.717026
Tongo Tongo,Niger,15.0532,1.83551,6.422948,25.78004,0.5545006,17.328043,38.945553,30.67291,-33.75097,24.61902,3.5033474,-12.320236,8.68191,-12.2135935
Tongibari Upazila,Bangladesh,23.0,90.0,25.711433,54.849983,22.025948,86.25384,21.264744,80.37732,22.604053,73.27338,23.228434,80.7674,22.926468,90.19618
"Tong, Lewis",United_Kingdom,58.244,-6.349,54.57135,-54.686455,36.37645,27.566545,44.851635,32.44852,59.32231,-1.55517,34.571785,31.246582,28.21649,42.306152
Tomé,Chile,-36.6167,-72.95,-13.434418,-36.15763,35.909363,-28.370724,30.034039,-43.997097,30.61475,-26.397213,6.7795544,-19.423111,11.990616,-17.528679
"Tomlinson Hill, Texas",United_States_of_America,31.2658,-96.9878,32.917366,-66.86551,35.27051,-65.532295,27.437862,-52.535805,28.331665,-68.32118,28.68531,-82.99135,34.14749,-100.597374
"Tonalá, Chiapas",Mexico,16.1,-93.75,10.757436,-52.09813,21.545063,-47.108788,23.384834,-51.70535,11.488113,-33.002575,19.754608,-100.94006,20.47473,-91.13505
"Tony, Wisconsin",United_States,45.4811,-90.9947,27.85286,-44.3078,44.80878,-85.70579,41.735497,-84.757034,35.336018,-70.323814,42.610573,-91.43263,44.504425,-81.54433
"Toorak Gardens, South Australia",Australia,-34.933,138.638,-13.212532,104.05745,-30.29102,133.7101,-25.865005,117.70423,-24.46997,122.37307,-29.44071,130.29411,-30.898796,131.09926
Tooting,United_Kingdom,51.428,-0.165,68.87212,-109.79788,64.813126,-72.23787,39.696777,-18.29213,42.31491,1.2772446,54.57508,1.4195919,57.461014,11.865049
"Toorak, Victoria",Australia,-37.841,145.018,-31.79237,149.6586,-52.72872,164.16412,-33.93073,115.45534,-45.61908,177.97583,-30.637636,132.4072,-34.41622,135.16367
"Topcliffe, North Yorkshire",United_Kingdom,54.178,-1.387,68.79477,6.025934,50.785286,25.51758,43.29756,21.091742,40.995884,38.64759,59.544502,-6.57032,55.064877,-2.2102432
Suakin,Sudan,19.1025,37.33,-6.2479935,81.071,-10.407547,73.43589,-0.70430756,37.961525,4.197464,74.86373,27.681114,57.125534,23.284658,32.144096
"Suamico, Wisconsin",United_States,44.635,-88.0708,27.47776,-2.9839544,49.314766,-77.688156,46.460533,-80.43865,51.938873,-103.739525,42.9274,-92.12262,42.278053,-85.222435
"Suba, Bogotá",Colombia,4.741,-74.084,-11.942947,-36.04033,-4.932392,22.179575,27.765743,-30.087524,0.76244545,-24.902985,5.835005,-79.954666,3.0438156,-61.344296
Subang Regency,Indonesia,-6.5711,107.762,2.915041,86.95337,-6.683277,91.95379,-0.44223404,142.52838,-4.87595,102.99008,-8.445379,128.2431,-9.920067,127.897575
"Sudbury, London",United_Kingdom,51.5537,-0.3199,36.248447,3.774372,56.332428,-52.48665,47.383736,-12.397343,61.827873,-50.247513,56.48686,-5.4846764,43.28296,-22.665329
"Sudan, Texas",United_States,34.0678,-102.524,39.9693,-120.75984,13.971373,-64.279015,21.796684,-72.976845,14.857665,-73.58953,27.397217,-81.799194,34.12567,-101.36257
Suchowola,Poland,53.5767,23.1017,53.576973,28.288609,59.44532,7.825509,59.781242,-17.838644,51.95553,30.540888,43.922737,50.91906,51.889694,28.386177
"Stuart, Iowa",United_States,41.5036,-94.3206,36.301266,-43.14154,32.932903,-68.987816,30.013369,-44.88046,33.60588,-45.95704,42.43517,-101.04941,40.786198,-90.26011
Strășeni,Moldova,47.1333,28.6167,51.094643,5.013955,47.703743,-0.9103792,45.35676,16.64267,47.473427,49.56335,40.284363,12.9991665,58.604424,35.640484
Strzyżów,Poland,49.8833,21.7833,46.728508,14.4005165,44.566128,-5.400293,48.581436,-2.3997393,43.251152,13.877645,55.138916,21.679909,54.34145,22.49282
Strømmen,Norway,59.95,11.0,50.4741,7.012127,35.41978,33.806053,37.987534,25.448744,51.037945,89.94089,62.910454,23.539875,64.364685,6.3138056
Stung Treng,Cambodia,13.5167,105.967,8.914585,68.45445,8.99188,94.120094,31.90169,44.159004,15.540544,77.0437,11.922291,90.38902,21.355034,112.16695
Sturminster Marshall,United_Kingdom,50.7973,-2.0747,62.344826,35.38495,46.4347,-30.974205,40.339584,-56.129665,34.68725,-36.42612,59.30623,-9.196199,52.00702,9.694641
Ysbyty Ystwyth,United_Kingdom,52.3268,-3.86265,35.321274,11.569696,49.922253,-23.46717,31.169792,-18.709524,34.614082,18.903332,49.810707,2.9093666,43.67849,12.0131855
Comondú Municipality,Mexico,25.5,-112.0,24.392517,-87.098114,11.696278,-30.603088,14.413277,2.1129718,-5.7814274,33.95436,0.40376854,-51.906902,-0.68680954,-96.750984
"Yukuhashi, Fukuoka",Japan,33.7333,130.983,42.086815,91.29727,36.084713,118.76515,54.26961,84.94128,30.907494,117.72438,31.017202,128.52518,30.419878,136.45947
Yumbe,Uganda,3.465,31.2458,8.999275,24.201168,-8.462814,61.638184,13.774416,43.221592,1.9458065,78.28757,-12.529715,32.41235,1.1180782,24.700155
"Yucheng, Shandong",China,36.934,116.638,23.545696,77.84384,41.665356,100.00468,45.355618,35.952248,40.029434,106.02142,40.90326,119.44327,35.760036,107.71415
"Sugarmill Woods, Florida",United_States,28.7248,-82.5212,23.693836,-44.960304,30.08412,-77.815895,33.531788,-87.50574,28.130117,-40.918724,28.592426,-79.96126,30.377035,-92.812874
Sufian,Iran,38.2775,45.9806,36.84656,38.19377,25.331928,105.77272,39.827694,100.41485,29.666954,58.855797,40.448807,64.749596,33.006184,16.137726
"Suhum, Ghana",Ghana,6.03333,-0.45,11.418155,33.395203,12.090918,13.425638,-9.712406,27.29342,10.371331,24.425533,13.063294,3.8506413,4.7116184,12.961027
Sukabumi Regency,Indonesia,-6.9886,106.551,4.2342453,130.18451,-1.1841297,127.536255,-1.7871704,129.38855,-2.667984,105.65227,-4.2875805,109.80278,-8.143883,110.90912
Sukkur,Pakistan,27.7061,68.8483,13.497387,65.2336,18.13929,103.20036,-3.0561638,130.89807,13.034341,94.14238,21.362423,82.75597,24.474102,76.67028
Stokesley,United_Kingdom,54.4712,-1.1905,36.117973,17.180786,69.637794,-15.90647,17.519428,18.977945,59.05896,-22.511395,58.04175,-5.730242,56.255,-4.145919
Ston Easton,United_Kingdom,51.281,-2.543,66.15971,-54.75802,52.661972,-24.939548,35.154366,20.211096,55.878735,-2.533144,55.791668,16.160946,49.80139,5.6909823
"Stone Harbor, New Jersey",United_States,39.0417,-74.7688,58.05707,-117.30876,27.864403,-21.754816,24.259207,-14.845507,28.749493,-26.281754,39.111443,-65.78323,38.31479,-77.59707
Stoke d'Abernon,United_Kingdom,51.318,-0.384,52.998,33.491184,53.806488,-0.8510351,48.68096,-0.2945478,51.11819,-2.1450977,43.540222,7.8459883,49.77897,-12.3428335
Stolac,Bosnia_&_Herzegovina,43.0825,17.9558,50.334515,6.739457,48.23344,3.8505049,29.59288,36.680107,36.0851,64.64064,44.04689,13.344855,42.03601,23.700119
Stoke Rochford,United_Kingdom,52.8359,-0.638942,77.06323,1.5529814,47.530888,18.559746,51.798546,33.142994,47.420906,18.780449,57.005363,14.43837,55.980766,-10.599206
Stone Mills,Canada,44.45,-76.9167,64.224945,-42.961353,36.578747,-13.536823,35.210667,-10.354448,43.05761,-57.806984,48.049114,-3.404354,39.77464,-43.040974
"Stone Ridge, Virginia",United_States,38.9275,-77.5497,32.206245,-41.01394,33.598274,-45.00477,27.446411,-28.281612,29.165405,-44.752357,45.238644,-82.19493,37.99133,-81.715744
Stoney Middleton,Derbyshire,53.276,-1.656,48.14351,-21.06742,43.82524,-31.687117,62.61568,-18.153763,44.139305,-67.410835,43.745667,8.650823,55.821964,-13.965987
Stonham Aspal,United_Kingdom,52.1937,1.11878,55.394363,-9.328613,76.18458,3.5506015,56.13971,6.7516165,64.83513,-11.005119,40.510887,39.678368,48.671936,-0.72483253
Stony Stratford,United_Kingdom,52.0567,-0.8526,36.01814,-4.768735,34.789886,0.2979306,42.930603,-44.47913,40.602734,-43.07331,48.018337,17.60234,55.395607,-12.155133
Stilo,Italy,38.4833,16.4667,26.779522,51.587555,33.65815,-24.412779,17.332813,76.73425,49.824608,-26.13657,33.88292,22.565245,45.87985,19.538445
Stilfontein,South_Africa,-26.8428,26.7744,-0.53452873,67.895996,-6.029545,76.64286,17.827406,78.979095,25.136848,27.230537,-37.93152,48.41365,-22.599636,16.593805
"Stillington, North Yorkshire",North_Yorkshire,54.1029,-1.10821,54.166462,5.896532,47.083183,4.7639055,45.095287,18.801355,38.85796,17.434574,60.73535,-7.33016,52.369873,-2.0261955
"Stevinson, California",United_States,37.3278,-120.852,43.91732,-131.82635,42.79303,-127.40458,31.63489,-156.80975,35.433228,-92.0519,40.278843,-125.48717,38.273407,-120.47147
Stockton Heath,United_Kingdom,53.3732,-2.5794,48.08766,24.838345,40.092842,-44.83479,49.321434,-58.546425,42.676933,-73.79425,53.104187,5.0460005,52.144623,3.4545984
"Stockholm, Saskatchewan",Canada,50.66,-102.3,44.586044,-38.67141,52.46109,-60.02326,39.26999,-30.055378,40.34854,-39.52664,50.642757,-97.00279,53.27813,-103.79241
"Stockertown, Pennsylvania",United_States,40.7542,-75.2647,49.6678,-59.24341,46.19787,-100.45926,62.300243,-169.25726,48.848595,-80.286125,42.061333,-71.82857,41.053993,-75.89648
"Stockholm (town), Wisconsin",United_States,44.505,-92.2567,43.026287,-47.342377,39.931236,-29.615705,36.200455,-35.507328,41.271336,-30.60355,48.72146,-91.23183,43.770027,-97.33018
"Stretton, Rutland",United_Kingdom,52.734,-0.597,59.718033,-7.1902733,37.30737,45.44584,49.209507,-36.528305,38.26576,20.663948,52.075886,-11.804831,52.69214,1.9048471
Streymoy,Kingdom_of_Denmark,62.1333,-7.01667,42.4209,28.103325,13.7475395,63.771763,9.017263,31.33333,22.077549,49.60356,57.6156,28.149128,43.66225,6.4599247
"Stretton, East Staffordshire",Staffordshire,52.834,-1.626,53.479687,-5.879478,33.101192,53.458435,36.20362,25.165525,22.56877,61.91251,56.467907,-8.678974,51.88983,-8.825587
"Stretton, Queensland",Australia,-27.6236,153.068,-27.11039,129.48875,-19.580513,141.73311,-10.280209,102.48837,-26.924873,151.9444,-22.458132,145.47969,-23.444725,147.29082
"Street, Somerset",United_Kingdom,51.1235,-2.7381,57.008972,49.046116,25.874756,32.317898,37.61844,21.338064,33.590786,8.582474,46.298874,8.44864,45.879234,11.1900425
Stryków,Poland,51.9011,19.6108,66.45543,2.0793314,54.56613,1.2861694,48.581436,-2.3997393,50.18789,-8.179237,56.818436,24.599396,54.26946,18.220139
Strovolos,Cyprus,35.15,33.3333,56.518494,-7.431323,51.099625,17.628384,16.87899,6.148348,41.699738,15.743689,37.375847,17.69072,38.130875,44.714474
Stroud Green,United_Kingdom,51.5765,-0.1095,44.27406,-11.829739,46.05164,6.4106164,41.71133,-0.91953754,48.181816,-59.425873,55.66588,2.4088116,56.583908,-11.459239
Stowmarket,United_Kingdom,52.19,1.0,55.838367,-8.038546,62.014515,16.861084,48.65379,17.69294,71.452896,13.890288,55.32222,11.66022,50.113907,-0.057146072
"Stowe, Buckinghamshire",United_Kingdom,52.018,-1.017,73.416145,-86.24559,61.239517,-20.02093,63.801453,-29.938845,48.76793,-7.97509,55.310905,-9.880653,52.703598,6.581708
Stourbridge,United_Kingdom,52.4575,-2.1479,46.098824,-39.809204,58.422363,-31.780157,28.18309,14.107506,77.563675,-77.77002,54.851562,-4.304487,55.336075,-4.9683867
"Stradella, Lombardy",Italy,45.0833,9.3,47.34797,23.911156,49.23124,5.5872374,39.090637,33.50743,43.616188,25.13622,46.88262,11.75303,46.844284,4.5648317
"Strawberry, Marin County, California",United_States,37.8969,-122.509,38.92624,-69.57949,41.055264,-67.21806,38.245586,-82.280396,36.519306,-64.64674,39.629486,-121.50784,40.359837,-118.77532
"Strawberry Point, Iowa",United_States,42.6792,-91.5369,42.490036,-63.642746,32.785835,-46.398586,40.321735,-104.43377,28.66521,-72.2722,39.928288,-87.079025,42.101665,-86.4834
"Strathmere, New Jersey",United_States,39.1961,-74.6594,18.309013,-44.281693,28.756453,-44.314873,28.349155,-52.41872,21.59857,-29.685051,42.64428,-75.32675,39.67755,-81.15074
"Strathmore, Victoria",Australia,-37.734,144.921,-36.528255,106.910126,-23.01514,76.883545,-9.589428,71.64059,-20.522007,96.96661,-35.0813,133.80074,-42.36692,137.09088
Stratford St. Mary,United_Kingdom,51.967,0.967,50.628517,5.327938,40.82302,-13.694691,46.613884,-14.497366,51.502846,-6.382229,49.782238,12.169523,47.91532,2.4302568
"Strathfield, New South Wales",Australia,-33.8808,151.083,-23.444378,152.3433,-25.933048,135.64136,-18.468643,121.09863,-22.873749,142.53842,-33.797844,150.77843,-29.743862,147.9778
Zaozhuang,People's_Republic_of_China,34.8109,117.324,29.806545,97.131454,39.328224,133.18416,27.260735,117.34793,36.634872,109.89724,32.167187,106.4984,35.299652,128.5304
Zarasai,Lithuania,55.7333,26.25,55.074806,-6.272917,57.406166,5.9336762,31.059011,46.65978,59.398346,-12.451996,24.463367,48.906586,53.92395,23.948887
Zambrów,Poland,52.9833,22.25,54.094215,-4.06009,44.566128,-5.400293,48.581436,-2.3997393,43.251152,13.877645,55.263893,20.214073,54.058548,16.34821
"Zamora, Michoacán",Mexico,19.9833,-102.283,7.771906,-23.698507,18.462444,-40.32295,22.56658,-40.56258,40.16609,-92.25735,21.292437,-90.524826,21.261246,-88.61191
Zammar,Syria,35.8928,36.9831,46.55254,18.134052,52.759262,31.605947,72.53322,-61.758827,44.083344,20.479431,14.833199,28.72764,26.586554,30.860004
Zarqa,Jordan,32.0833,36.1,40.703262,13.738352,44.88198,-30.648117,45.344234,-0.5367072,45.054398,12.517183,26.313137,20.4999,29.441076,37.839603
"Yurihama, Tottori",Japan,35.4833,133.867,19.783651,98.643616,34.723457,138.48987,37.990753,89.98911,50.01962,123.74147,35.477676,161.98692,34.515232,131.14154
Yuyao,China,30.05,121.15,41.46598,123.79056,53.20984,123.29378,39.394688,73.12755,26.745157,158.51373,29.470573,126.31325,24.40511,91.69808
Zajira Upazila,Bangladesh,23.35,90.3333,30.054905,56.76781,20.290348,92.23463,21.264744,80.37732,22.604053,73.27338,21.93155,81.85182,24.379988,92.43174
Zagorje ob Savi,Slovenia,46.1342,14.9942,25.84466,59.348217,47.999687,-5.836291,44.95285,8.999948,30.416008,-0.087566376,37.23519,45.18313,43.860138,15.742073
Zagazig,Egypt,30.5667,31.5,2.0739765,20.048147,13.778915,12.502331,63.174896,18.25762,22.149343,60.057343,23.356747,54.301292,22.817398,45.616238
Zacoalco de Torres,Mexico,20.2333,-103.583,19.065353,-26.810541,-2.7518692,-18.121479,-6.882633,-40.65864,1.1438923,-38.384415,4.2469826,-66.3315,17.751415,-90.99065
Zadar,Croatia,44.1194,15.2319,37.298515,63.313183,52.519295,5.4657407,56.61579,23.209707,40.631042,123.79648,47.315857,29.160007,40.148678,20.745888
Zahara de los Atunes,Spain,36.1353,-5.84556,31.074848,-56.68975,10.980091,-73.448944,11.285709,-62.35256,10.305781,-43.841415,23.245417,-69.25348,31.210747,-3.9228945
Skidegate,Canada,53.2672,-131.991,41.859737,-40.059525,43.583893,-37.13142,39.05165,16.149652,32.88736,-56.442642,29.872328,7.2192183,46.843567,-77.54118
Skewen,United_Kingdom,51.6609,-3.8399,34.726097,-21.755817,26.83491,9.567777,28.230204,55.478184,30.9115,49.605316,46.40897,0.94480324,50.887695,-1.2904367
Skawina,Poland,49.9833,19.8333,46.701992,-25.976635,52.20052,14.05272,17.971691,68.28601,49.022327,37.39454,47.527832,13.987402,52.25649,29.251755
Skole,Ukraine,49.0333,23.5167,32.21395,42.651047,73.47014,7.603614,20.834522,49.255936,55.088715,32.58461,40.003517,14.659971,44.09999,11.335832
Skoczów,Poland,49.8006,18.7883,20.73325,51.88467,38.668144,2.3763232,48.581436,-2.3997393,43.251152,13.877645,53.579735,10.792858,54.428715,21.09308
"Sivagiri, Erode",India,11.12,77.8,26.767035,61.774113,24.675892,47.16771,19.939768,31.66865,11.257341,81.87236,15.294917,87.251144,13.872156,91.47562
Siġġiewi,Malta,35.8542,14.4383,41.435818,49.32303,9.72191,128.30359,31.92645,18.295994,22.701416,42.673897,25.771452,10.459004,33.4577,23.253342
"Sloan, Iowa",United_States,42.2331,-96.2244,58.397087,-115.93942,36.98639,-115.161026,41.095753,-96.11227,56.109917,-110.56957,44.062553,-94.30946,44.120804,-95.959656
"Sleepy Hollow, New York",United_States,41.0919,-73.8644,33.87037,-128.72798,24.404392,-22.008036,32.824097,-47.125954,29.955511,-38.221184,47.12347,-70.649445,42.310677,-76.53603
"Slater, Iowa",United_States,41.8803,-93.6817,37.929276,-64.125496,34.54717,-71.93398,27.057537,-66.91578,37.386547,-65.27852,42.947784,-89.54855,40.90075,-92.496605
"Slaton, Texas",United_States,33.4372,-101.644,38.59646,-154.0621,36.993248,-139.08536,36.024002,-129.06339,34.360973,-162.59668,30.42473,-95.3055,31.83705,-98.7105
Slonim,Belarus,53.0833,25.3167,72.96325,7.9434843,79.18843,-1.9362507,48.540752,44.34742,64.31583,-16.952782,37.157917,38.511894,49.261353,15.239434
Smara,Western_Sahara,26.7394,-11.6703,9.513779,25.476654,-2.8973808,60.2839,18.360035,75.62196,14.444578,58.3856,29.265879,35.720158,26.37948,9.942176
"Sloka, Latvia",Latvia,56.95,23.6167,45.41242,6.359769,46.4867,62.9034,30.278934,62.4015,48.270515,23.024221,54.224586,27.560432,54.98979,16.958372
Skradin,Croatia,43.8167,15.9167,9.108635,75.44685,23.226662,76.4706,34.753036,16.699028,47.240555,73.32402,52.981308,20.421347,46.03888,20.072733
Slate Falls First Nation,Canada,51.1667,-91.5833,33.822197,-60.057404,23.519596,-12.406546,21.904911,-0.3732723,30.121464,-65.53414,46.382507,-88.58916,50.018364,-89.10481
Slaidburn,United_Kingdom,53.967,-2.435,91.489975,-93.20328,72.86927,-39.973915,61.79131,-11.406709,64.386475,-51.44639,63.578354,-8.0903015,59.331276,-10.356048
"Skye, Victoria",Australia,-38.119,145.2,-14.676983,87.620544,-10.866226,92.0706,-5.8245544,75.61845,-14.305321,114.938484,-23.975725,112.514084,-9.896866,113.26226
Silsden,United_Kingdom,53.914,-1.937,62.5967,-19.118757,68.27539,-33.086655,35.29491,25.913158,52.38115,7.708948,51.0538,-14.07449,57.296745,-5.440421
"Silkstone, Queensland",Australia,-27.623,152.79,-17.203838,121.0919,-13.203419,164.72157,-5.1250267,125.737686,-11.451218,122.29116,-19.579382,150.36053,-22.730717,142.19347
Simister,United_Kingdom,53.549,-2.247,37.512333,20.469803,19.82467,73.448395,48.313744,-21.155277,33.79055,62.963684,34.001595,-11.06563,56.55765,-3.060505
Simon's Town,South_Africa,-34.1933,18.4333,-15.350075,80.8197,14.82005,58.87795,9.117411,38.300755,10.814524,52.758858,2.977192,-31.137238,-21.82048,28.316246
"Simplon, Valais",Switzerland,46.2,8.05,45.248238,5.174814,64.926285,-18.1796,55.268185,11.16964,47.707733,5.326374,42.322376,-8.668001,45.686028,6.0914836
Silwad,State_of_Palestine,31.9861,35.2592,33.021847,-5.985302,51.234894,-7.728227,60.86991,-63.059715,36.42769,10.283756,16.296022,55.954887,37.501823,38.69772
"Silverton, Devon",Devon,50.816,-3.484,50.349667,-9.509721,41.204,-36.816288,43.059647,-48.81188,35.37756,-47.33586,48.76245,-8.610447,48.274242,-3.4885254
Siguiri,Guinea,11.4167,-9.16667,17.797977,62.327038,2.1148777,64.718216,6.034767,135.65642,-5.093771,40.375336,16.044247,13.089678,9.82229,4.8022847
Signa,Italy,43.7833,11.1,37.067505,25.312172,39.851036,36.816826,47.53209,-26.775208,54.13646,-38.943314,33.3001,39.491283,38.39859,-24.535358
Sikandra Rao,India,27.7,78.4,19.642153,96.157196,18.745464,82.6156,38.084732,68.39968,40.25193,70.103134,25.117945,61.568504,24.901785,58.69905
"Silda, West Bengal",India,22.6168,86.8183,22.661304,74.63876,21.827187,45.284668,25.84851,62.51194,22.596544,50.783554,26.255386,78.602936,22.524307,81.48081
Siklós,Hungary,45.8521,18.2988,61.275707,26.950855,36.336124,-0.8393197,29.895964,26.667948,43.926662,-44.715027,52.99868,2.0142937,47.903122,11.012336
Silesian Voivodeship,Poland,50.25,19.0,59.132057,-3.9995894,54.36979,46.441853,67.67035,21.88386,37.479733,74.94847,46.68227,26.644062,53.508766,16.783142
Silchar,India,24.82,92.8,12.143063,78.38191,25.575489,92.23398,23.74277,71.38172,15.929808,88.16678,21.171268,94.0977,25.439375,72.85533
Sikasso Region,Mali,11.1997,-7.09694,2.4197083,68.12007,-12.279346,66.22647,4.3195076,52.55258,3.6551418,32.640743,5.4573917,6.332679,4.6769238,-3.559348
Sikasso,Mali,11.3167,-5.66667,-1.9138527,56.732822,-29.019394,83.77185,1.7065277,67.46404,3.722248,20.500477,8.706745,-5.6437893,3.9541168,-13.286365
Sikar,India,27.62,75.15,4.1487427,107.980865,13.272741,102.43772,15.371975,114.37448,27.553148,64.2899,18.109222,71.12366,33.572792,72.71487
"Sira, Karnataka",India,13.745,76.909,29.200205,73.74696,0.86065483,91.84256,17.957508,89.40507,4.580145,52.235382,19.46478,85.42847,18.257812,76.39202
"Sippy Downs, Queensland",Australia,-26.7233,153.084,-21.87217,121.58182,-17.121674,100.93711,3.6412773,85.947426,-19.685108,116.26368,-24.397703,148.40219,-23.556152,140.91376
Sirajganj,Bangladesh,24.45,89.75,18.105894,74.12843,24.916197,111.34122,31.953682,70.336876,31.859325,91.68901,29.96131,94.32399,24.404135,92.285126
"Sister Bay, Wisconsin",United_States,45.1872,-87.1239,41.816,-58.459087,32.656807,-48.211025,33.966656,-46.60662,34.020683,-45.98146,42.843693,-88.61484,44.08511,-82.43126
Site Two Refugee Camp,Thailand,14.0831,102.915,36.63359,43.891445,38.27933,-1.2460871,34.15345,21.707426,37.03083,-5.342945,14.077003,57.071125,22.090034,35.835846
"Sirmaur, Rewa",India,24.85,81.38,24.927647,74.304276,4.2583847,85.52575,14.463209,39.006546,5.985384,108.711296,35.692417,84.813,18.575958,52.780857
Sindkhed Raja,India,19.9667,76.1333,27.372839,49.543953,19.983704,78.19298,28.17352,89.52341,20.43122,68.71594,18.871105,86.56627,21.233797,55.377495
Singareni,India,17.5,80.2667,20.674288,66.97603,32.658215,47.574806,49.755444,31.3528,21.856283,77.017395,-13.930933,91.493,14.847794,30.12601
Sincelejo,Colombia,9.295,-75.3961,-26.157188,18.917105,-3.278698,-85.28876,21.771711,8.668854,6.685631,-79.48824,12.62997,-20.715267,11.541662,-62.947613
"Sinton, Texas",United_States,28.0347,-97.5089,25.0124,-105.26404,40.56905,-105.99829,36.551273,-79.19834,24.384241,-109.741554,33.930927,-101.74515,30.710287,-91.06099
Sinuiju Special Administrative Region,North_Korea,40.1006,124.394,20.200186,75.9362,13.863018,81.48246,12.459087,82.61595,23.578924,68.31537,24.636742,124.816025,39.935024,120.25726
Sint Eustatius,Netherlands,17.4833,-62.9833,47.59983,-104.3934,40.689217,-76.801865,47.348843,-46.938427,47.26143,-6.355774,18.872559,-22.289745,22.26913,-54.42413
Sinnar taluka,India,19.85,74.0,19.237278,52.310757,0.7625065,96.448456,22.364532,62.800842,27.364368,58.357666,24.173424,57.574936,24.294033,59.1904
"Singhana, Rajasthan",India,27.98,75.8,33.493946,43.209312,25.230383,102.13901,26.368603,73.333115,20.099194,82.171104,28.073807,76.63663,27.548946,71.210175
Sinjar,Iraq,36.3225,41.8642,56.368755,52.452206,56.29178,43.73719,37.060104,33.71336,52.245407,38.716087,37.811886,46.4481,28.6693,53.718437
"Sinnamon Park, Queensland",Australia,-27.5452,152.948,-17.948498,131.9513,-15.407604,97.874565,-23.346779,122.71943,-14.251282,109.25441,-22.43213,143.47476,-22.351799,137.88391
"Singer, Louisiana",United_States,30.655,-93.4125,32.69379,-67.97096,35.126213,-101.79008,25.34729,-83.84058,32.248314,-68.04118,35.202797,-110.266754,29.756252,-91.678185
"Starks, Louisiana",United_States,30.3153,-93.6617,23.358362,-72.63931,38.126583,-103.537506,38.938107,-131.94427,41.730125,-101.52186,32.58596,-103.042145,31.873789,-94.24124
"Stari Grad, Croatia",Croatia,43.1833,16.5833,48.78932,17.584372,46.17743,22.507254,36.54046,19.148733,49.503227,11.632945,51.03325,10.385194,36.90853,9.07959
Steeton with Eastburn,United_Kingdom,53.896,-1.948,43.211426,-8.294546,42.559185,-9.587635,29.87729,8.209688,46.133614,-15.170479,42.63295,29.850296,49.11673,14.633215
Steeple Ashton,United_Kingdom,51.311,-2.135,59.42679,20.956154,54.500187,-10.177784,49.599037,34.15445,57.030396,-13.599392,55.89784,-13.697399,51.328293,-2.1968718
Steenwijk,Netherlands,52.7889,6.12667,41.32113,-18.375181,41.283253,-1.5709419,43.32527,81.502625,43.928265,26.306196,35.695942,1.7146645,55.10274,6.5659366
Steeple Jason Island,Falkland_Islands,-51.0375,-61.2097,0.025520325,-48.086567,39.61273,-12.572086,29.763054,23.704401,31.707916,14.620649,9.866907,37.647003,-57.54357,-81.92539
"Stephenville, Newfoundland and Labrador",Canada,48.55,-58.5667,66.27849,-53.804348,46.289936,-64.72035,36.544983,-65.622406,39.14111,-59.202744,48.4438,-64.88718,53.998245,-69.68202
"Sterling, Colorado",United_States,40.6256,-103.212,58.1374,-110.96867,43.668507,-122.40052,36.646248,-125.28589,42.702965,-122.71624,44.33333,-116.120285,39.73439,-112.06447
"Stella, North West",South_Africa,-26.55,24.8667,-4.9960346,11.461136,12.545998,32.589264,17.273693,36.595814,15.085946,38.448273,2.1370888,42.846245,-2.1018105,16.106565
Stará Ľubovňa,Slovakia,49.3094,20.6789,57.776615,36.20306,36.176395,-20.501656,25.85751,-10.991737,29.326141,5.695278,51.415436,26.354239,47.736347,12.831542
"Staverton, Devon",Devon,50.4667,-3.7,50.404533,-30.576763,54.616417,-19.543814,57.290462,-10.922045,52.857197,-6.8110695,46.735962,-4.627323,50.566643,-3.2521658
Stavoren,Netherlands,52.8833,5.36667,37.297447,54.092598,37.95664,48.538525,37.78565,16.100603,49.267067,19.162235,49.034718,29.112194,55.363113,11.641792
Stavanger,Norway,58.97,5.73139,78.38963,-29.758583,76.72472,-40.990616,81.22761,-45.711845,65.92707,5.1521587,62.653046,18.35872,58.805725,4.2285266
Staten Island,United_States,40.5719,-74.1469,28.34442,-66.18361,20.275093,-9.9293785,25.199121,14.033478,24.904053,1.0221996,37.068264,-62.342434,37.31312,-61.39809
"Soave, Veneto",Italy,45.4167,11.2333,42.14766,47.678413,35.568275,13.011857,17.399185,14.677013,31.825764,-25.56321,48.638313,17.563225,43.857914,16.724827
Soacha,Colombia,4.58722,-74.2214,16.777739,-65.32085,9.756655,-53.206253,8.395781,42.818554,2.9584122,-75.401886,10.950474,3.5960798,11.509468,30.062725
"SoHo, Manhattan",United_States,40.723,-74.0,30.618587,-31.689238,37.63201,-24.379503,46.426872,-34.296494,36.844627,-34.899307,40.10877,-67.84935,37.141846,-64.89944
"Snowflake, Arizona",United_States,34.5222,-110.091,56.21583,-105.98573,46.094025,-94.0246,37.285637,-77.14643,35.10403,-116.64767,35.235897,-108.971176,33.150295,-113.1474
"Sneads, Florida",United_States,30.7097,-84.9258,40.284428,-74.28241,37.600163,-103.026985,25.469385,-164.16624,31.525585,-87.5532,32.378223,-79.81944,30.37223,-77.87777
Snettisham,United_Kingdom,52.8771,0.50238,63.66038,-16.452719,54.88225,0.48611397,11.623144,64.25004,65.88762,-27.775215,65.39666,2.8416958,60.744293,3.616331
St Mabyn,United_Kingdom,50.526,-4.764,48.055614,-5.6860046,51.16044,6.633062,44.577145,37.108135,46.75408,35.032455,39.3833,8.615381,47.64479,10.824834
"Smithfield, New South Wales",Australia,-33.8528,150.932,-28.404785,144.88277,-13.958443,109.78086,-1.7205963,84.286255,-12.459873,93.00307,-40.05645,164.32158,-34.52027,152.2374
"Smithfield, Queensland",Australia,-16.825,145.69,-22.706734,111.98483,-22.083221,150.83176,0.2264862,103.66522,-23.565395,117.9767,-28.902449,156.20326,-24.580685,154.28455
Snaith,United_Kingdom,53.6912,-1.0282,70.13158,31.326294,80.231865,-43.7948,48.313267,-55.61745,73.36389,-42.243958,42.99118,9.480524,52.409523,6.190445
"Stanton, Suffolk",United_Kingdom,52.324,0.885,51.445763,-16.571125,51.06124,-42.184044,55.030697,-51.20359,48.265484,-1.5465889,45.605972,-4.257269,47.90884,10.376722
"Stanley, West Yorkshire",United_Kingdom,53.7145,-1.47603,47.07837,25.65744,35.768,12.392299,34.659397,18.045134,30.85843,9.451275,52.177734,-5.5121136,55.468582,-10.462792
Stansted Mountfitchet,United_Kingdom,51.898,0.198,82.09032,-41.32934,70.68575,-11.839022,52.016434,-12.34688,68.53621,-3.0737667,53.711327,13.88985,58.474854,1.684144
"Stanstead, Quebec",Canada,45.0167,-72.1,83.752594,-130.54816,67.60521,-85.06607,54.636665,-91.653496,66.56979,-83.07591,49.73669,-88.38907,53.160995,-79.79547
"Stannard, Vermont",United_States,44.545,-72.2203,47.924988,-64.440636,44.445393,-60.59616,45.01069,-46.029964,49.094215,-96.28698,49.46747,-81.942856,42.344696,-72.47595
"Star Prairie, Wisconsin",United_States,45.1981,-92.5319,20.33191,-48.302856,45.92898,-105.90319,41.19143,-88.86492,41.819557,-80.544136,45.40339,-91.95424,43.668415,-88.62702
"Stanway, Gloucestershire",United_Kingdom,51.9899,-1.91401,56.458874,-18.682503,42.938034,47.58877,47.591797,35.980442,50.709373,21.612026,51.924545,1.1913185,52.038963,-1.6777277
"Stafford, Texas",United_States,29.6242,-95.5633,27.84029,-68.653244,36.280037,-75.99722,22.192398,-79.95002,39.966675,-82.66441,32.942875,-97.54726,33.543594,-90.38379
St Marychurch,United_Kingdom,50.482,-3.524,50.516464,-56.732796,47.83422,15.397933,44.577145,37.108135,44.93653,34.372776,47.01152,9.640993,57.377697,4.009442
St Nicholas-at-Wade,Kent,51.354,1.252,47.466995,5.001479,43.699734,8.445508,44.577145,37.108135,45.81579,35.02278,50.343346,7.0291977,56.40986,5.0190544
Stampa,Switzerland,46.3333,9.58333,39.186234,0.12787914,38.21586,50.256355,54.832554,-17.671541,52.13958,85.481155,41.10706,12.497536,37.637196,31.049713
"Standish, Greater Manchester",United_Kingdom,53.586,-2.664,59.907227,-0.85033846,34.305836,-26.997421,35.695858,-4.6993003,37.829502,-3.3487701,47.759064,-2.1269283,53.866318,-7.372325
"Stanford, Norfolk",United_Kingdom,52.5185,0.7299,50.85458,3.456523,40.208538,-46.448578,49.21419,-74.47792,49.019707,-59.74199,44.355286,-4.225065,56.700043,3.3079624
"Stanhope, New Jersey",United_States,40.9134,-74.7036,46.595665,-79.11023,32.3146,-14.055183,29.601154,-16.779495,24.671,-28.2639,42.040565,-81.706024,42.36692,-75.47648
"Stainton, South Yorkshire",United_Kingdom,53.4362,-1.17138,43.588623,28.935215,26.006021,32.354076,22.933567,47.532417,20.360954,50.779957,49.847343,1.424715,51.85636,3.3008223
Stamford Hill,United_Kingdom,51.5705,-0.0727,63.558838,-13.699312,41.66947,-15.695437,46.62834,-18.600763,46.604557,-38.703064,54.16342,-8.376837,51.61725,6.521321
Žepče,Bosnia_&_Herzegovina,44.4333,18.0333,26.14746,22.43682,44.482162,-8.536466,35.313416,20.522085,40.045662,-2.019291,57.7783,-15.88308,45.033848,17.13057
Žagarė,Lithuania,56.3667,23.25,55.69959,30.778717,15.579959,44.196358,1.4195461,28.787992,6.132948,75.76248,59.318283,21.224947,49.8674,35.005836
Žemaičių Kalvarija,Lithuania,56.1167,22.0167,55.110394,3.541747,36.875008,34.74142,30.508919,40.472454,41.185875,12.091809,50.517746,51.703915,51.482864,38.603886
Żary,Poland,51.6333,15.1333,55.9817,-3.8849564,23.909336,-19.578981,1.5285797,-9.43186,24.322336,5.9603786,50.057827,34.400333,50.40735,29.163063
"Żebbuġ, Gozo",Malta,36.0708,14.2369,26.761805,49.126984,13.96652,147.11896,8.389967,85.33038,-7.0577316,121.163414,25.839447,20.541464,34.284595,36.011406
Żory,Poland,50.05,18.7,48.970448,22.97163,47.47626,-64.59121,48.986504,-71.01958,23.601187,49.663807,55.004807,16.245762,55.7866,18.44093
"Augusta, Sicily",Italy,37.25,15.2167,53.00048,-31.800947,14.506068,33.70651,20.782288,77.2099,21.155403,31.968334,38.23137,8.780088,38.822094,23.64724
Augustów,Poland,53.8436,22.9775,53.450455,24.508354,35.004013,16.756662,47.75545,-27.560968,30.685143,32.960297,54.152576,19.081564,53.097954,26.107075
Santa Catarina Pinula,Guatemala,14.5667,-90.5,19.135227,-74.10123,-3.8533058,-71.62321,3.7673569,-72.16465,9.20903,-58.4228,-22.289701,-12.42584,6.906128,-92.96487
"Ault, Colorado",United_States,40.5835,-104.734,63.03267,-128.11844,50.7714,-107.87133,38.143665,-112.24125,49.955215,-106.670586,41.868267,-102.398895,43.200424,-118.71455
Ausgram II,India,23.5357,87.6618,44.557808,74.86966,31.582132,77.64709,41.207275,58.060623,26.3795,67.445244,31.473492,33.37906,26.427895,110.86837
"Austin, Quebec",Canada,45.1833,-72.2833,43.29354,-79.40216,33.479935,-81.959,36.52242,-92.93822,33.80156,-79.34435,39.41227,-76.58566,44.000774,-66.02635
"Sui, Balochistan",Pakistan,28.6333,69.1833,17.345594,66.42618,29.764317,90.59471,32.311867,72.88277,33.364086,82.74479,33.542797,86.24367,26.595419,75.470245
"Augusta, New Jersey",United_States,41.1289,-74.7283,42.66947,-107.04553,17.903896,-21.61016,22.018263,-5.660836,21.147324,-21.78384,39.253002,-77.63681,41.4425,-66.89672
"Austinville, Virginia",United_States,36.8512,-80.912,41.62133,-67.850365,23.15326,-54.940067,34.946472,-93.467514,27.441076,-49.493378,37.66857,-74.79875,36.49411,-74.97415
South Beach,United_States,25.7819,-80.1363,17.619188,-68.65387,-9.207794,53.985718,-10.125263,66.39249,-15.21323,64.17125,20.65285,-49.04968,18.434462,-55.696423
"Augustine Heights, Queensland",Australia,-27.6605,152.883,-13.324726,95.24333,-4.17255,57.82628,-5.5721283,57.499817,-7.7313194,61.25076,-23.792757,150.94867,-23.28526,140.83809
Auki,Solomon_Islands,-8.76833,160.697,0.025606155,105.35904,11.304928,55.328766,16.715353,47.517994,-12.876476,79.25267,14.771968,88.71452,-13.085808,78.01341
Świętokrzyskie Voivodeship,Poland,50.8833,20.6167,26.784618,128.47507,50.028053,31.30519,53.37391,25.377956,31.333061,59.54914,42.687332,22.420212,50.515026,25.307747
"Ōshima, Tokyo",Japan,34.7501,139.355,25.481146,87.31932,30.486385,138.15227,27.131641,125.25027,22.949226,146.36896,37.707077,123.29274,31.491077,135.22157
"Ōtake, Hiroshima",Japan,34.2333,132.217,34.18459,132.58508,36.36876,56.050404,31.683332,37.49844,37.121178,78.72225,37.66816,131.82169,34.81536,133.31409
"Ōtoyo, Kōchi",Japan,33.7667,133.667,23.201073,128.47948,38.30826,43.92733,46.488506,-13.6593685,42.29521,70.72461,31.641289,143.80038,27.857363,133.78511
Środa Wielkopolska,Poland,52.2333,17.2833,19.237976,44.284054,34.197388,9.661184,41.42679,23.154419,37.30892,3.7683449,58.120953,28.059212,49.87313,17.092407
"Ōarai, Ibaraki",Japan,36.3133,140.575,39.147003,96.74228,34.406784,145.24107,46.692207,80.915855,45.90235,122.16089,39.305447,126.54317,32.05505,129.55435
"Ōgata, Akita",Japan,40.0178,139.96,40.79146,72.2337,48.31494,36.1363,33.1925,23.887993,37.979595,104.07973,46.03557,133.21199,30.220856,126.48572
Ōita Prefecture,Japan,33.2382,131.613,56.850952,122.01572,24.567331,110.00401,39.808735,121.91276,21.899193,130.33612,40.979668,120.68083,32.95233,143.69116
"Ōmachi, Nagano",Japan,36.503,137.851,55.240276,49.217075,38.617805,126.30822,25.84246,98.709496,40.846813,98.760544,34.920303,148.51147,32.921825,144.88573
Šoštanj,Slovenia,46.3798,15.0482,26.659733,34.6229,30.843555,-23.85764,7.4006786,-11.5129385,26.026705,-40.205803,49.56244,19.934092,48.03026,1.5336895
Škofja Loka,Slovenia,46.1672,14.303,41.263103,41.641674,27.514048,70.60432,64.19257,16.576584,16.545994,31.786844,44.814697,14.648427,49.290604,14.633557
Żabbar,Malta,35.8772,14.5381,24.579178,69.08464,27.927435,24.215328,41.985516,13.382029,25.136848,27.230537,35.76985,32.99026,30.237257,30.20184
Šaľa,Slovakia,48.1503,17.8775,62.480484,-0.65707874,36.84588,-4.605605,33.019485,-36.971035,32.15954,-7.374012,47.238197,2.630622,49.487194,17.256449
Šekovići,Bosnia_and_Herzegovina,44.3,18.85,20.224958,43.24056,44.026768,28.839546,33.35588,23.857994,34.80902,26.944462,50.050987,15.869856,47.74908,18.639832
Badagry,Nigeria,6.41667,2.88333,0.581028,-19.41193,-6.7213936,-23.98941,16.086073,27.242353,-26.754543,43.79615,15.374678,25.546785,6.0464725,-5.214551
Ba Chúc,Vietnam,10.5,104.9,21.34288,39.69761,36.291454,14.307302,45.583363,-24.382927,30.467278,45.107445,30.704105,98.696686,6.3190975,78.02814
Babruysk,Belarus,53.15,29.2333,54.02525,43.24931,64.81329,14.273519,46.100544,-24.78236,61.848927,21.599325,43.50752,29.174759,52.877502,38.533173
"Babylon (village), New York",United_States,40.6944,-73.3294,77.01992,-137.82123,30.845161,0.07646382,35.911777,-4.95508,34.6321,-12.33963,40.974236,-64.30722,44.57168,-72.219955
Bab Ezzouar,Algeria,36.7217,3.18528,10.005798,45.924946,18.362305,53.06311,33.54838,21.451696,16.954994,81.69125,31.981104,13.683826,36.053123,1.3495941
"Babbitt, Minnesota",United_States,47.7086,-91.9447,56.82827,-104.1924,49.43711,-127.2715,41.06527,-123.62231,62.687107,-158.90308,46.19637,-93.79047,47.904922,-98.56791
Babek District,Azerbaijan,39.15,45.4333,44.026684,21.29051,29.906534,65.65175,23.216663,59.616146,42.126484,21.642696,27.807049,45.73251,40.01526,45.477352
Aïn Sebaâ,Morocco,33.6028,-7.54194,25.35966,-4.48548,32.86163,-15.568024,37.305172,-35.444572,26.51315,-38.36834,31.359205,3.459382,37.763966,14.291409
"Badger, Shropshire",United_Kingdom,52.592,-2.342,55.09496,-32.493336,58.92835,-1.4191512,41.465157,-3.8822398,48.755096,7.430773,55.786617,2.9841394,56.577106,-1.8280935
Aşağı Ağcakənd,Azerbaijan,40.4222,46.56,47.157356,8.991142,39.649246,-6.180741,30.883778,-22.406418,34.180855,-4.9837914,42.116913,43.92626,31.036173,34.977924
Aïn Draham,Tunisia,36.7833,8.7,15.552956,20.30281,28.822033,-9.371262,30.92095,-38.29754,33.745125,-41.813637,31.77977,-3.8077202,32.861603,-7.4465857
"Aïn Beïda, Oum El Bouaghi",Algeria,35.7833,7.38333,21.67787,-8.987616,17.816923,-9.472791,24.056034,-16.533789,23.663614,-2.4637222,27.858948,2.0413895,29.837494,-3.2297134
"Badarpur, Assam",India,24.9,92.6,14.779734,95.49092,32.27606,126.06968,16.006193,91.751,33.44816,77.3958,25.598276,85.98808,31.264582,90.09757
"Awara, Fukui",Japan,36.2113,136.229,35.016903,86.09355,43.13994,74.6083,29.12383,115.90125,12.432789,136.00375,32.319534,132.19571,40.340736,130.14192
"Aya, Miyazaki",Japan,32.0208,131.219,31.445206,59.591778,40.97793,95.488045,46.346863,68.69052,13.493964,168.66754,28.926165,165.37881,34.393578,112.38672
Avola,Italy,36.9167,15.1333,49.695457,-24.243109,50.811256,-1.6546165,16.721989,35.435375,32.78248,4.2686596,44.35965,26.65862,40.609825,14.795773
"Ayas, Aosta Valley",Italy,45.8167,7.68333,88.35741,-85.995346,36.978413,4.354283,43.33326,-2.6905577,52.095528,-18.058292,41.949158,31.018242,46.01465,20.627659
"Aylesbury, Saskatchewan",Canada,50.939,-105.694,52.746986,-49.98722,59.357597,-77.257164,38.693108,-39.279808,44.324944,-57.844482,53.59574,-113.77309,48.951035,-105.52158
"Avalon, New Jersey",United_States,39.0865,-74.739,81.99906,-90.92442,26.881887,-27.704998,24.30453,-35.763687,18.527443,1.7225189,40.99945,-76.84787,41.351414,-79.837585
"Aweil, South Sudan",South_Sudan,8.76722,27.3997,2.9234886,11.204561,-19.01165,62.56275,-4.6193275,68.42419,-14.826202,73.4551,8.28396,20.058392,12.19813,39.993336
Awantipora,India,33.9233,75.0128,45.616653,95.624725,33.61286,98.83964,23.957115,18.252087,27.87858,80.61517,5.7647552,89.60832,35.177177,67.28628
Awka North,Nigeria,6.25,7.16667,7.827875,47.955082,0.68209267,49.97833,4.361393,72.37373,-4.1099796,66.30885,0.52462196,67.0599,7.0300846,-0.15466595
"Awaba, New South Wales",Australia,-33.0108,151.543,-14.67255,106.572586,-21.427628,124.72201,-22.67606,119.11796,-16.79435,121.91424,-34.283424,145.14032,-32.244797,146.81491
Złotów,Poland,53.3603,17.0408,38.871834,38.65228,48.311954,-22.547764,45.861534,-34.57324,42.625748,2.5571613,48.329468,18.285435,49.69907,16.329416
Zygi,Cyprus,34.7333,33.3333,41.408775,18.22486,75.02845,-55.784008,48.36394,-3.970637,54.16307,-20.445683,26.366302,29.854944,20.062603,12.154799
"Zwolle, Louisiana",United_States,31.635,-93.6425,10.873035,-127.75827,40.104553,-80.59043,37.9569,-74.771675,40.925907,-76.94593,31.686144,-91.79579,31.490118,-94.94746
Águas de Lindoia,Brazil,-22.4767,-46.6333,7.350583,-26.395151,10.175138,-50.993946,9.017443,-50.05671,11.339857,-43.616203,2.933794,-29.477528,-5.5,-66.97681
Águas de São Pedro,Brazil,-22.6,-47.875,26.238266,-123.70288,14.987421,-43.83663,12.450586,-38.305058,20.305548,-45.64778,-3.8050175,4.487585,-0.30363464,-38.710583
Álamos,Mexico,27.0275,-108.94,12.855484,-59.77724,46.14679,-1.6215136,45.911423,-36.736473,25.136848,27.230537,4.854986,-67.384995,6.6783867,-79.571045
Zumpango,Mexico,19.7969,-99.0992,6.8708572,-64.61235,-5.728134,-14.403739,8.43103,25.542397,8.868376,-39.263283,6.8517933,-32.863983,13.545601,-104.606346
Zenica-Doboj Canton,Bosnia_and_Herzegovina,44.2333,18.2,36.067554,45.714737,15.477378,-16.86295,36.992626,-75.341324,28.18871,0.84080505,42.38485,29.01559,45.81874,-1.4028568
"Zentsūji, Kagawa",Japan,34.2167,133.783,42.06849,141.5651,43.53495,117.781975,32.326733,124.19891,37.54635,112.26276,41.73147,127.12146,32.561077,139.26755
Zemmouri,Algeria,36.7833,3.6,23.249651,16.260696,25.113485,-5.633292,-1.3772507,95.95995,33.418354,18.897167,30.856628,10.657172,39.071125,24.730587
Zbarazh,Ukraine,49.6667,25.7778,66.9684,-28.027136,67.71383,3.7915254,61.769806,-29.813974,59.83574,52.819,43.109962,55.843803,50.345245,16.954628
"Zeigler, Illinois",United_States,37.8997,-89.0533,53.101414,-33.910805,43.953926,-78.223076,42.430058,-74.24064,49.718826,-100.164406,40.866337,-88.62944,40.294407,-87.24566
Zeist,Netherlands,52.0906,5.23306,36.10315,29.478302,51.342155,-9.951379,33.492695,46.458347,53.51113,-29.525818,38.57279,-2.1373653,53.790867,6.927068
Zduńska Wola,Poland,51.6,18.9667,47.20198,-24.796764,45.765457,-3.3948503,34.140747,29.38395,53.18591,-15.002251,51.318207,14.3562565,50.16786,22.96602
Zidani Most,Slovenia,46.0878,15.1736,39.405945,25.744629,41.15307,7.1691523,19.122696,56.7582,33.88864,-3.5485878,27.50286,21.01855,42.751648,13.041539
Zielona Góra,Poland,51.9333,15.5,33.681225,163.76048,48.49961,21.879307,40.724686,57.31408,43.145485,11.357648,49.604164,29.18519,51.42276,16.219194
Zhuanghe,China,39.681,122.967,41.1994,120.78696,38.4635,135.32257,24.984465,73.890625,32.482784,92.2997,25.753222,99.64778,35.973946,133.53143
Zihuatanejo de Azueta,Mexico,17.6667,-101.567,17.420618,-69.288086,3.55933,-56.811687,-2.0107956,-31.885962,13.862987,-48.600433,9.796463,-80.35019,20.963678,-90.87585
Zielonka,Poland,52.3008,21.1586,41.213158,11.682804,64.29485,-38.72584,39.473156,25.893059,64.44579,10.811506,47.637676,4.6264887,47.459316,12.525772
Zhengzhou,China,34.764,113.684,26.083326,109.5443,33.75603,133.93913,-0.80441284,166.89536,34.656387,120.931496,32.862404,100.49263,36.76504,95.10219
Čierny Balog,Slovakia,48.75,19.6667,36.34283,20.095758,51.617966,-46.19684,21.371609,54.702,43.339333,-21.915646,46.09533,50.865837,41.849228,11.157496
Þorlákshöfn,Iceland,63.85,-21.3667,58.45297,-14.193146,30.342152,7.792341,49.282784,8.980202,44.742542,-21.270798,61.447556,-2.5627518,56.71291,-18.673359
Łomża,Poland,53.1764,22.0731,61.53303,-24.87208,40.953403,15.57171,43.04973,21.004335,37.55583,7.6484585,63.8627,10.165408,54.5991,25.489998
Çeşmeli,Turkey,36.6833,34.4167,36.220127,25.100193,22.69402,28.64713,16.064413,20.033266,31.063837,7.621773,41.58411,17.236511,40.35141,35.226166
Åsele,Sweden,64.15,17.35,42.516815,10.154045,61.350204,-5.0628386,46.716877,-4.669304,42.50003,29.276318,52.88334,11.63381,66.08357,17.830614
"Åby, Norrköping Municipality",Sweden,58.6667,16.1833,51.04254,20.432882,25.388496,17.631294,25.559952,18.025452,15.52923,48.630173,52.535343,7.115389,46.097706,32.14415
Årjäng,Sweden,59.3833,12.1333,35.809357,3.7953882,10.300444,44.766144,26.58158,12.526518,32.824013,52.337406,60.71643,9.551767,59.051804,16.047132
Åmål,Sweden,59.05,12.7,52.481323,7.5971107,36.483734,8.756848,49.5516,-15.49995,43.619465,-24.905396,54.451256,28.380405,54.82692,31.237137
Île-des-Chênes,Canada,49.7106,-96.9883,43.535255,-72.60635,50.526733,11.302202,49.693108,65.04664,31.169678,9.372124,39.99809,-56.20003,38.840378,-56.691257
Ísafjarðarbær,Iceland,66.0667,-23.15,47.556404,-21.81866,33.283222,-10.235259,44.53373,-7.945323,48.65403,-2.112646,62.340843,-23.962734,65.06131,-22.924911
Ñuñoa,Chile,-33.4583,-70.6,-11.10783,-65.048035,26.207788,17.91592,28.472605,24.928816,22.755962,6.645361,3.2224274,-73.40872,-33.28167,-84.202446
Östervåla,Sweden,60.1833,17.1833,44.506992,-44.110928,18.227406,-49.36113,13.146614,-91.50068,28.663631,-30.843967,70.190865,14.736438,62.26641,27.098114
"Beringen, Switzerland",Switzerland,47.6833,8.56667,49.406773,-3.8485947,36.591583,55.688465,45.81183,30.22521,51.314404,1.5177288,43.7271,6.7262583,47.05237,15.898577
Bergville,South_Africa,-28.7333,29.3667,2.6522713,-2.6588874,-5.9948235,32.15184,2.7860622,-9.48811,-5.354801,35.451355,38.854065,-2.6923256,-14.853638,35.789795
"Berkeley Township, New Jersey",United_States,39.9129,-74.1931,45.96892,-15.70948,34.143387,-46.423332,33.141514,-42.50163,26.582817,-32.69625,39.811718,-69.64267,39.296497,-78.761826
"Bergenfield, New Jersey",United_States,40.9223,-73.998,45.219746,-130.10048,32.754738,-75.718414,33.21622,-53.678116,29.28124,-46.505035,40.95127,-69.69052,40.8827,-75.951385
Bergen,Norway,60.3894,5.33,63.621243,13.229889,65.17484,-7.8350377,70.396225,-30.486958,79.27261,-74.19988,45.872074,13.331022,61.90791,0.13644409
Bergen aan Zee,Netherlands,52.6667,4.63333,37.341415,2.1969728,50.55288,8.826272,52.97539,24.128792,57.147858,-18.211884,36.675903,14.500223,54.698936,-2.8683033
"Berlin, New Jersey",United_States,39.7921,-74.937,32.56495,-26.545841,32.123318,-36.05804,37.962757,-38.987865,26.976866,-20.353626,42.870518,-64.99678,38.066696,-65.388695
Berd,Armenia,40.8808,45.3917,40.980515,16.888077,63.038193,-27.895357,19.779259,42.009853,52.68254,0.22771645,44.86776,12.949938,54.45175,18.649298
"Benton, California",United_States,37.8192,-118.476,43.11731,-108.457565,45.40434,-134.77295,33.883694,-122.323364,36.90965,-83.655655,40.987038,-128.7929,36.620827,-119.1764
Bentong,Malaysia,3.51667,101.917,-3.1255112,125.64859,-8.500694,97.296005,14.839096,39.00351,13.872356,61.079273,17.039803,115.644455,2.3980312,118.12711
"Bentley Park, Queensland",Australia,-17.004,145.738,-0.2485447,54.734787,0.4556942,69.91199,4.3029575,55.884995,4.4181194,78.95386,-23.238382,148.65242,-25.906574,141.09708
Benwick,United_Kingdom,52.5,-0.024,45.78286,19.319824,48.13018,63.020416,36.302055,38.291393,42.19509,71.07434,41.748615,0.37913322,55.433235,-9.5988
Bere Ferrers,Devon,50.451,-4.177,43.05111,8.065575,48.253258,-19.99098,31.147854,37.23976,47.61656,4.957556,54.63616,-17.790543,50.98768,-6.5007772
Bere Regis,United_Kingdom,50.7537,-2.2191,50.308777,-29.863642,47.087105,-13.871051,36.88208,12.614031,49.370613,-27.471066,45.5335,9.934797,53.407005,-4.809163
Betio,Kiribati,1.35,172.933,15.666071,27.263638,11.683556,97.06423,14.154352,79.75322,9.014549,77.9861,16.952042,-4.481064,0.7236595,34.138046
"Betong, Thailand",Thailand,5.77306,101.073,18.719868,105.590836,11.320774,136.51709,11.967775,77.483826,2.3154335,115.2268,17.12289,57.421722,15.167746,73.95233
Betley,United_Kingdom,53.0334,-2.3672,50.922523,62.72787,50.764935,56.262386,36.759792,50.040207,69.984474,-10.300602,61.57537,-4.773039,55.423897,-2.668395
"Bethania, Queensland",Australia,-27.6869,153.158,-8.838797,113.16417,-23.80236,105.39361,-8.95882,92.29726,-22.881798,102.65879,-26.554777,154.53355,-28.615494,149.04846
"Bethanie, Namibia",Namibia,-26.5,17.1583,-0.59991074,0.47470093,-19.160236,45.081142,-3.4443588,37.580784,-19.553814,10.212469,-10.303778,14.18106,-14.176205,22.048668
Betchworth,United_Kingdom,51.233,-0.266,36.130756,9.968584,40.52896,13.575051,55.795135,-28.571566,43.59041,7.399042,43.96031,11.967915,48.003254,3.255146
"Bethalto, Illinois",United_States,38.9042,-90.0467,49.48002,-106.340454,48.476055,-111.101295,43.137634,-97.813774,43.260674,-87.31139,39.170334,-92.79259,39.827312,-86.586914
"Bethel, Connecticut",United_States,41.3742,-73.395,50.27819,-119.7464,43.865906,-109.81583,50.36744,-123.07971,54.154404,-128.09537,36.925446,-70.67053,40.004723,-78.969
"Beverly, New Jersey",United_States,40.0648,-74.9219,32.22331,-61.213192,30.975603,-61.714867,29.51852,-45.690384,27.997065,-52.150887,37.990345,-70.55751,40.600746,-71.518295
"Beverley, South Australia",Australia,-34.893,138.547,-28.14341,105.10661,-26.96468,118.34659,-23.986252,127.49305,-19.718273,111.77228,-34.959915,137.76851,-34.515663,132.60188
"Bevington, Iowa",United_States,41.3606,-93.7908,35.836258,-62.42361,43.378933,-84.510796,54.33003,-97.84073,38.81314,-60.435577,40.51835,-91.623764,44.152706,-96.928345
"Bettles, Alaska",United_States,66.9133,-151.523,37.45793,-60.10822,44.478615,-86.78782,34.598106,-68.938934,43.358826,-92.324646,51.741776,-114.13435,54.039932,-131.43854
Bershad,Ukraine,48.3728,29.5325,65.391205,-41.71963,63.734016,-69.80071,27.257233,34.97368,46.902233,4.420315,27.725336,23.042248,50.606834,8.012801
"Berwyn Heights, Maryland",United_States,38.9939,-76.9122,27.732359,-66.18603,37.564915,-69.00312,30.021595,-72.668495,38.89547,-66.47761,46.522408,-83.97684,37.763622,-75.09566
Berwick St John,United_Kingdom,51.0,-2.077,51.280037,-8.554623,35.678967,11.539588,41.68044,-10.821507,37.62654,7.5133038,42.99845,7.912383,52.49772,11.4350605
Bertinoro,Italy,44.15,12.1333,52.057533,42.895145,56.87265,-10.3141165,38.49494,44.4205,43.600418,1.6317425,14.660072,33.543007,43.29635,5.265691
"Berserker, Queensland",Australia,-23.3652,150.528,-0.16245651,143.96342,-24.63338,150.3473,-24.288303,144.90434,-9.884815,156.81213,-24.920465,150.33632,-20.072655,134.03423
"Berowra Heights, New South Wales",Australia,-33.6133,151.138,-20.078884,121.83356,-12.926891,110.41248,-7.4824295,81.49816,-13.888729,97.22308,-37.245934,164.90735,-30.599926,149.7132
"Berriedale, Tasmania",Australia,-42.8097,147.255,-21.122784,104.70245,-36.75077,170.4684,-23.92619,104.410255,-25.7817,132.84708,-37.759224,142.54129,-38.190544,143.0563
"Berowra, New South Wales",Australia,-33.6256,151.147,-37.18236,154.86497,-21.482185,139.47636,-13.289192,102.1582,-22.49039,130.58035,-36.739525,159.27748,-31.87024,148.93991
"Berrow, Somerset",Somerset,51.267,-3.012,39.197166,-26.84108,50.09635,4.2499194,46.923622,35.530922,43.67563,-6.423462,52.212044,2.0814285,48.773697,0.030140877
"Berry Hill, Gloucestershire",United_Kingdom,51.8109,-2.6155,34.575897,25.140877,39.039787,10.862403,39.521854,9.884349,22.929203,20.919807,52.210236,5.3829765,53.065742,-1.738513
Berry Pomeroy,Devon,50.44,-3.65,76.411064,-9.416607,44.041668,-32.94309,35.414474,-53.486782,24.546856,-10.662434,40.75467,-29.247677,51.620594,-3.8429422
"Berry Springs, Northern Territory",Australia,-12.7219,131.01,-23.786404,122.814514,15.741165,13.716893,13.493275,6.5707293,5.218752,19.310555,-25.013754,131.97142,-28.701553,145.39566
"Belleville, Wisconsin",United_States,42.8617,-89.5367,40.68757,-85.561264,61.61287,-140.15279,54.97575,-130.51517,53.227425,-126.65983,43.261375,-87.53783,42.164726,-83.496185
"Bellevue, Iowa",United_States,42.2592,-90.4264,32.88121,-90.918335,35.07573,-80.915985,38.969875,-90.22464,39.90278,-86.45716,40.956642,-91.33209,40.60851,-93.96988
"Belleville, Rhône",France,46.1094,4.75,38.168625,-10.349547,40.965736,-10.647157,43.4803,-14.932231,41.085274,-18.799515,37.930367,13.273492,39.59156,-0.851285
"Bellambi, New South Wales",Australia,-34.3667,150.917,-32.46124,136.79907,-23.662193,135.67542,-22.67606,119.11796,-16.754158,118.18995,-33.32923,154.36122,-34.03714,151.7162
"Bellara, Queensland",Australia,-27.0594,153.148,-12.276474,120.872375,-34.396027,177.54977,-60.692867,227.53912,-54.23362,216.48117,-24.831892,154.15718,-25.788513,149.4701
"Belleview, Florida",United_States,29.0614,-82.055,35.923916,-66.49829,30.277592,-87.43117,29.546581,-114.32819,34.186825,-107.674965,29.456835,-75.34866,28.719488,-84.45991
"Bellefonte, Delaware",United_States,39.7661,-75.5094,40.51613,-62.91875,63.47692,-137.63028,50.541862,-104.98725,63.911263,-124.28481,39.80776,-72.21625,35.40251,-48.369637
"Belonia, India",India,23.25,91.45,19.476746,72.611786,10.000492,89.514465,-2.571148,150.19649,9.353112,97.94899,15.51443,73.96602,20.451328,75.2474
"Belmont, Bronx",United_States,40.855,-73.886,23.07129,-35.353256,31.417984,-62.991196,39.361473,-67.2242,30.261326,-82.09897,39.870674,-65.84412,43.492973,-73.1971
"Belmont, Virginia",United_States,39.0647,-77.51,39.444977,-71.15291,32.35283,-76.47744,37.160187,-79.820885,30.140902,-73.9083,33.18969,-69.36519,35.955696,-70.93564
"Belfair, Washington",United_States,47.4506,-122.826,30.617744,-73.63397,35.023373,-102.446495,22.63604,-66.5326,32.167946,-90.41645,45.388702,-103.596085,40.06764,-108.19937
"Belfield, North Dakota",United_States,46.8861,-103.199,50.77594,-131.9821,22.732574,-24.223537,20.532312,-11.3531,19.398962,-31.114918,52.67576,-94.94609,50.318626,-103.19198
"Belgrano, Buenos Aires",Argentina,-34.5625,-58.4583,3.9994984,-71.780426,-20.237343,-72.97524,-26.189304,-51.181255,-16.844196,-50.45234,-33.46245,-52.035816,-26.338524,-44.12755
"Belfield, New South Wales",Australia,-33.905,151.084,-19.739563,146.40729,-12.347488,90.40919,-11.81955,92.004364,-6.8965836,77.515396,-30.41842,149.26353,-33.332626,152.73775
"Belgrave, Leicester",United_Kingdom,52.6566,-1.12625,23.765219,16.839815,17.912693,30.450815,29.770882,2.8924482,14.406959,41.564243,54.16388,-8.183735,51.927345,-15.711719
"Belle Isle, Florida",United_States,28.4644,-81.3503,31.118637,-113.90245,37.697105,-73.371735,39.57074,-91.42128,42.676712,-76.775276,33.725693,-87.326675,28.830534,-87.394325
"Belle Plaine, Iowa",United_States,41.8967,-92.2775,48.525215,-87.153015,40.44581,-83.94414,33.939915,-77.036644,37.14311,-84.560616,41.79099,-88.67078,41.544853,-99.7848
"Beli, Croatia",Croatia,45.1167,14.35,35.77237,10.895359,30.060087,15.688651,19.07822,42.45283,37.555626,27.412846,47.751984,17.046606,42.846016,26.67828
Bella Unión,Uruguay,-30.25,-57.5833,-21.118088,-62.63764,21.031025,-4.5745645,19.426857,-7.316366,16.090748,8.495905,-4.341589,-54.14123,-20.218227,-50.11404
Beni Djellil,Algeria,36.5639,4.79472,22.8416,7.1702366,3.2289696,11.4340105,11.253965,-28.766548,-6.934704,-18.532307,22.363642,4.5717983,32.002026,-6.3267107
Beni Suef Governorate,Egypt,29.076,31.097,34.587635,30.77346,23.49033,0.25383312,22.70633,25.825596,8.628126,22.105705,24.38685,48.827667,30.237368,37.27651
Benghazi,Libya,32.1167,20.0667,30.491295,15.59371,28.616257,50.338017,35.986603,26.653194,60.315845,-25.38578,31.89887,1.9207878,30.58186,-16.0312
Bengkayang Regency,Indonesia,1.0691,109.664,4.514927,100.74658,2.7527237,106.67732,-1.819355,141.67787,-2.388708,69.31752,0.01030159,109.43053,-2.99572,119.917
Benguela,Angola,-12.55,13.4167,-5.7548428,-56.42618,-4.3470573,-53.63513,17.15712,-0.90473676,-15.184864,-73.91613,0.64213943,-7.583372,-9.059521,7.2518077
"Bentham, North Yorkshire",United_Kingdom,54.118,-2.51,57.479404,-52.619328,26.397152,26.778471,36.042725,47.052975,30.549942,30.124256,59.150017,0.4839325,53.47995,-9.015594
"Bentley, Hampshire",Hampshire,51.194,-0.87756,51.938316,-12.505296,44.0814,-31.926569,58.81703,-77.36938,49.19435,-39.00537,51.61342,-1.4660187,54.446907,-10.9122305
"Bennington, Vermont",United_States,42.8911,-73.2081,67.12248,-157.94154,52.178177,-98.16257,49.41845,-86.85166,71.34785,-117.28658,49.690826,-86.48184,42.747314,-86.21184
"Benito, Manitoba",Canada,51.9151,-101.548,40.460564,-62.357964,32.17991,-62.702076,21.094753,-20.703457,24.697407,-59.094063,43.449467,-74.49655,50.302162,-102.83645
"Benld, Illinois",United_States,39.0931,-89.8022,26.909668,-89.10391,40.621784,-103.85552,48.115456,-156.86534,44.309143,-82.946785,39.915222,-84.502045,40.45803,-83.20224
"Belvedere, California",United_States,37.8728,-122.464,67.2159,-164.43631,43.441692,-100.89316,43.917034,-78.21425,37.932682,-71.226585,37.230442,-114.156815,37.298035,-121.27386
"Belvoir, Leicestershire",United_Kingdom,52.8921,-0.78315,47.732304,-14.559618,44.489674,-2.0294914,49.55052,7.756959,40.845123,16.566486,47.229813,7.7229233,51.399773,-5.913535
"Belvedere, London",United_Kingdom,51.4856,0.1541,44.498478,-27.787859,48.35765,-21.99135,49.094505,7.937338,44.83523,-4.731661,52.919556,-7.753351,50.546875,4.088857
"Belvidere, Illinois",United_States,42.2547,-88.8442,28.696564,-58.282074,43.318214,-100.48069,36.957874,-107.248344,40.061226,-96.29461,38.85447,-93.59444,39.94986,-87.34651
"Belvidere, New Jersey",United_States,40.8298,-75.0733,55.574726,-120.1035,33.482876,-51.395996,27.499533,-54.156242,26.444561,-41.77951,41.80275,-79.56273,40.02009,-75.491844
"Beltline, Calgary",Canada,51.0397,-114.071,27.613058,-27.841341,42.880165,-89.53638,29.295908,-29.022066,43.445652,-76.72931,52.30273,-99.45245,55.734634,-120.87708
Belton with Browston,Norfolk,52.5674,1.66014,58.80548,1.7157555,45.746857,-26.694756,43.702652,-39.9253,40.8966,-16.818535,47.17361,2.2997055,52.68302,-9.900971
Belu Regency,Indonesia,-9.34583,124.951,-4.9831448,115.26991,5.7445316,89.331245,5.3601513,132.10152,-5.330797,98.679726,-4.990778,123.18919,15.709896,97.58666
Ben Arous,Tunisia,36.7472,10.3333,19.936842,35.82889,22.376003,14.801271,22.493235,12.965933,8.8715,15.684807,32.420506,1.5958385,36.365135,-7.7294474
Bembridge,United_Kingdom,50.6897,-1.0889,56.660336,7.1177835,57.73671,17.368334,30.812286,18.91268,62.561314,-33.024136,56.1224,-10.780184,53.7276,-3.3514194
"Bement, Illinois",United_States,39.9217,-88.5731,36.883324,-64.53728,41.86754,-144.1682,49.244675,-75.67424,56.11741,-108.306526,40.44381,-85.700165,39.30954,-86.240486
"Bijela, Herceg Novi",Montenegro,42.4533,18.6556,26.165565,22.881292,48.816376,6.194771,33.37549,16.184439,49.57495,33.50046,38.88417,15.625264,47.299065,2.4074678
"Bijelo Brdo, Croatia",Croatia,45.5172,18.8708,43.194252,37.669464,49.772545,-1.9414288,31.520802,17.105158,42.29123,24.485258,45.63003,20.384129,40.240227,17.495672
Bijnor,India,29.37,78.13,22.366194,85.62752,5.498682,84.96858,43.910027,16.467436,30.318375,95.57575,32.799152,64.42664,29.917507,91.25424
"Big Pine, California",United_States,37.165,-118.289,49.828304,-136.93399,35.20848,-83.8403,29.907085,-82.90198,30.801403,-59.2349,39.059586,-123.37004,36.867634,-126.37879
"Big Island, Virginia",United_States,37.5342,-79.3619,43.15393,-42.237427,25.673733,-35.00618,21.785324,-24.486845,26.556963,-34.562416,31.43334,-71.14282,36.358677,-81.84237
"Bilgola Plateau, New South Wales",Australia,-33.6333,151.317,-25.342178,87.25882,-15.973606,93.5314,-14.882278,89.700386,-10.5383415,93.4428,-36.103867,150.33138,-33.879555,148.77122
"Bidwill, New South Wales",Australia,-33.7393,150.813,-39.208115,140.59335,-23.7075,110.807,-2.6030083,71.52181,-21.406322,111.32753,-29.134787,145.82356,-31.609352,148.51727
"Big Delta, Alaska",United_States,64.1472,-145.802,37.232914,-79.5585,35.000355,-57.75202,37.31229,-71.969955,39.851856,-81.88377,53.33431,-118.85503,56.80006,-145.01196
Bifröst (town),Iceland,64.7333,-21.3667,40.262474,11.699102,32.356285,26.504839,27.68978,11.952986,42.05944,-2.51363,43.694424,15.791104,42.433254,-8.301688
Biograd na Moru,Croatia,43.9333,15.45,36.236626,69.78801,37.44927,58.407917,25.34969,37.27651,23.307192,56.047195,40.056084,9.02943,43.519352,12.7249
Biratnagar,Nepal,26.4542,87.2797,13.336982,57.674435,18.636955,67.61043,35.256744,20.985807,8.739981,90.65471,28.86538,98.16264,26.416431,88.99357
Bintan Regency,Indonesia,1.01,104.55,4.7256927,109.00412,-6.4962616,116.93212,14.557625,89.90778,-2.9711342,125.55622,-1.8570766,140.7792,-11.668098,130.21312
"Birkenhead, South Australia",Australia,-34.8365,138.5,-20.976898,97.076614,-22.718159,132.61993,-21.028183,148.93767,-20.502834,119.97126,-36.76368,141.91887,-34.018234,131.57747
"Biri, Norway",Norway,60.9556,10.6115,55.92396,-30.887466,22.782532,111.174286,47.354908,41.813164,37.141758,52.736336,53.737133,21.016396,61.58303,7.147045
Birchwood,United_Kingdom,53.4157,-2.5304,58.367016,14.121643,54.459694,-48.999752,43.89627,23.313723,66.937805,-122.9831,45.42424,-12.66123,42.037685,6.881789
"Birchgrove, Swansea",United_Kingdom,51.67,-3.88,19.916664,20.437027,11.617815,72.91366,15.13055,67.44826,10.037548,81.08585,47.646976,-6.842287,49.31367,-8.333947
Biral Upazila,Bangladesh,25.0,88.0,21.450447,85.74646,7.1043453,82.50289,21.264744,80.37732,24.182186,52.028427,24.70426,87.28775,26.285526,86.76933
Birao,Central_African_Republic,10.294,22.782,12.777026,80.107834,3.1057053,76.07786,48.976654,-43.55819,12.589473,45.129105,8.171848,58.41863,3.9791546,61.21828
"Billing, Northamptonshire",United_Kingdom,52.2577,-0.8222,42.003662,37.00913,52.287468,-20.080633,54.470657,16.12105,37.27382,-4.320822,53.4551,3.6163578,50.09501,10.193182
Binley Woods,United_Kingdom,52.393,-1.419,40.314545,14.344374,52.556084,-2.8295584,47.86562,-7.531084,43.409607,-3.093773,53.473373,-35.05942,52.792786,-8.069081
"Bilton, Warwickshire",United_Kingdom,52.3594,-1.29004,22.532906,78.06578,57.89479,0.6220149,49.020523,12.565151,56.830246,25.911224,49.374817,-1.4748802,52.13253,1.6617718
Bharatpur I,India,23.8791,88.0883,32.866905,79.07327,33.56801,36.45682,16.80205,76.27498,30.732105,44.99774,22.32917,106.50583,23.749708,79.83755
Bhagalpur,India,25.25,87.0,15.853496,145.63356,34.14829,88.53164,54.55372,77.75741,37.0247,96.9162,15.661779,96.16101,29.32738,84.49166
Bhairab Upazila,Bangladesh,24.05,90.9883,22.973808,88.56758,23.81393,89.33105,22.898499,59.614235,24.546328,74.434525,25.52721,87.09927,22.816849,87.64433
Bhattiprolu,India,16.1026,80.7807,42.135185,103.57852,27.432495,103.709785,53.519867,26.220572,37.47477,104.84418,23.092438,48.19212,18.679989,75.34133
Bhilai,India,21.21,81.38,-8.64296,98.93445,8.865898,85.78091,3.928463,76.32759,32.370255,64.34099,23.861464,96.970276,24.144352,75.805984
"Bexley, New South Wales",Australia,-33.9567,151.126,-22.56908,143.55885,-9.789612,97.37822,-1.9306641,85.87903,-7.016178,90.30205,-36.279343,161.05,-37.246292,162.25206
"Bexley North, New South Wales",Australia,-33.9417,151.111,-13.537384,111.120514,-7.264866,88.378975,1.6441364,74.86135,-4.2161503,83.826935,-36.50019,168.24776,-35.101868,152.75395
Bezuidenhout,Netherlands,52.0881,4.34472,33.485287,18.551191,1.6753979,77.45447,30.551544,-13.047046,-11.9387665,36.506237,27.09682,-12.160673,-1.7163658,-4.8641176
Bełżyce,Poland,51.1833,22.2667,43.043507,0.03695774,34.230537,12.316051,37.400112,23.468365,50.281868,9.334164,49.81861,34.92299,52.77784,18.376854
"Bhadravati, Karnataka",India,13.84,75.702,15.686247,91.693375,15.227444,97.45611,7.649168,108.557594,11.712105,73.37439,17.202332,83.29146,21.422195,76.14351
"Bhojpur, Nepal",Nepal,27.1667,87.05,30.230362,64.602615,22.729183,77.59095,31.878757,120.246376,12.703465,73.71035,26.416441,71.845436,17.849247,74.14213
Białowieża,Poland,52.7,23.8667,51.595375,56.62512,24.505344,-19.060047,31.280657,-15.209808,19.575897,1.8427773,51.13704,25.599346,64.42829,10.061188
Białystok,Poland,53.1353,23.1456,69.54889,-1.7449956,23.088104,-60.224766,29.541836,6.5514174,-5.8848133,37.169662,52.324112,15.951966,57.335632,16.359436
Biddenham,United_Kingdom,52.1406,-0.50511,49.100727,-4.008012,41.870472,9.342062,30.772264,55.087765,46.10699,7.445116,62.19564,-21.001091,48.323017,5.4556737
Bhiwandi,India,19.2967,73.0631,11.5640545,120.72328,9.881645,113.409744,32.09145,14.142273,26.966042,79.60429,22.413445,82.97365,18.594904,79.5618
Bhoodan Pochampally,India,17.3461,78.8122,20.419867,80.232086,19.479757,86.55444,33.001408,50.771973,22.571777,57.174046,3.8591118,93.71962,9.465389,100.9847
Bhiwani,India,28.78,76.13,10.703415,135.69936,36.81462,35.30938,25.034662,90.74516,39.158234,82.58534,30.532446,83.17735,28.728163,65.65811
Białogard,Poland,54.0,15.9833,43.269695,71.70393,32.817215,-23.880709,29.541836,6.5514174,-5.8848133,37.169662,45.594383,39.872177,46.763596,7.2950854
Biak Numfor Regency,Indonesia,-1.1695,136.087,2.1246834,84.16815,2.2853146,110.50369,1.1131935,125.67701,-9.665508,109.23595,-6.2171154,100.621475,-12.6015625,155.56651
Barnt Green,United_Kingdom,52.36,-1.999,45.185482,-16.975166,45.89419,16.779816,38.96723,-4.124455,45.572456,-14.60133,43.9563,4.2210903,49.400173,13.875085
Barnoldswick,Lancashire,53.9147,-2.1895,56.162823,8.289967,49.358246,7.1386046,29.605139,38.737232,66.196335,3.1320972,49.59037,29.642336,54.826057,-4.228465
Barnala,India,30.37,75.54,26.993412,57.74509,47.968613,73.66183,23.701986,85.97066,26.628904,83.23895,17.327374,75.36948,36.961304,76.131325
"Barnegat Light, New Jersey",United_States,39.7535,-74.1049,55.319923,-130.96077,34.17878,-38.680553,27.905746,-1.5546767,31.560295,-29.743938,43.83702,-72.03648,38.134853,-81.27508
Barrackpur Cantonment,India,22.78,88.48,23.288805,50.490276,13.38039,64.50473,23.2435,103.84327,12.724278,43.601273,22.017548,108.08952,23.610836,96.888794
Barrackpore II,India,22.69,88.42,22.431345,59.20325,24.56636,32.75013,28.917253,60.2106,25.47141,32.12348,26.282145,95.035614,21.173357,77.81848
"Barranquitas, Puerto Rico",Puerto_Rico,18.1867,-66.3064,9.404892,-92.93825,3.9496593,-104.3407,-3.4984665,-67.32019,4.628172,-83.572266,21.206127,-73.960236,18.128313,-75.70763
Barh,India,25.48,85.72,21.323652,91.36693,20.49371,69.31328,6.8256397,85.14669,12.858119,93.28627,28.76793,69.95555,39.21221,33.421852
Barile,Italy,40.95,15.6667,30.869007,56.541485,45.80838,-49.967716,24.818699,70.87208,53.95543,-8.926487,29.736225,-2.541235,39.45354,-2.2315598
Bari Sadri,India,24.42,74.47,25.442677,66.791336,33.688766,88.72373,54.320953,-0.6996719,49.993774,44.58433,30.937462,39.223003,36.252342,42.48009
"Barford, Warwickshire",United_Kingdom,52.245,-1.605,35.14479,54.36252,54.713657,-0.77038556,64.34609,-8.901284,73.86372,15.476049,49.02675,5.3481674,52.002487,-2.8728065
Bargal,Puntland,11.2833,51.0833,18.008427,31.676228,20.469921,97.82055,16.50397,81.7939,27.686728,61.77218,28.794851,61.415154,32.629517,34.496128
Barkingside,England,51.5858,0.084444,29.566753,51.721237,62.532814,26.980133,57.002068,-15.530605,48.722424,6.6388664,25.581362,6.2701864,47.91319,14.948986
"Barling, Essex",United_Kingdom,51.5722,0.7849,41.47026,-0.7827697,48.745094,-15.762185,50.775146,-8.015034,55.096264,7.2599754,53.606537,3.5826864,52.61293,-11.63128
"Barlow, North Yorkshire",United_Kingdom,53.7489,-1.02338,52.39358,-30.77783,31.606758,20.10314,33.702454,25.051573,31.880253,29.024405,56.629562,4.890835,54.9785,-1.6995449
Barkham,United_Kingdom,51.402,-0.876,59.229424,-70.355576,58.560043,-51.712166,34.028904,22.32968,61.06556,6.836012,40.5605,18.510292,49.91478,24.75214
"Barmston, East Riding of Yorkshire",United_Kingdom,54.0152,-0.22528,59.108047,-2.4666915,42.275253,6.3848605,38.66828,19.256746,42.722527,20.733528,54.371857,1.5964222,52.37876,4.962624
"Barker, Niagara County, New York",United_States,43.3275,-78.5536,33.56207,-34.280396,28.419624,-29.936563,26.257786,-30.306433,25.308199,-25.296001,41.68924,-81.207565,40.20878,-73.66222
Basail Upazila,Bangladesh,24.0,90.0,22.373608,52.24718,17.64964,83.94163,21.264744,80.37732,21.34184,68.76872,25.054455,85.501495,24.235172,88.49503
"Basanti, South 24 Parganas",India,22.1983,88.7139,13.598362,55.855347,-1.852396,94.548195,-0.55994797,52.776405,-4.716873,83.685074,23.114609,68.76965,22.767105,80.12533
Baschurch,United_Kingdom,52.791,-2.854,47.538017,36.59319,59.73125,23.066034,48.711044,-11.891519,47.65484,31.462708,37.61583,7.563161,56.201054,-2.0761976
"Bascom, Florida",United_States,30.9289,-85.1169,33.874134,-88.19794,34.731457,-148.11919,31.849707,-105.12986,24.086227,-112.17625,30.91592,-87.573456,29.081583,-79.051094
"Barrington, Somerset",Somerset,50.9626,-2.877,48.933395,7.963561,24.122055,8.004002,42.36084,20.978241,23.532625,-5.965397,48.501633,7.8571386,46.748947,19.06331
"Barringun, Queensland",Australia,-28.8613,145.792,-30.16447,120.62602,-50.742218,202.68199,-60.692867,227.53912,-54.23362,216.48117,-24.821455,158.26169,-27.757595,156.42998
Barrow Gurney,United_Kingdom,51.4045,-2.6678,57.718327,-15.666685,36.416737,-4.602033,49.071815,-14.139888,50.13839,-49.66449,55.055443,3.5201674,52.80121,-6.3348646
"Barwala, Hisar",India,29.38,75.92,19.712399,64.9742,29.693932,86.44016,50.189087,63.0203,40.8889,55.073544,30.593513,75.96667,29.101692,71.93946
Barwell,United_Kingdom,52.5682,-1.34616,51.881607,-7.915391,8.621351,64.34371,46.58761,-16.514029,29.599773,60.944267,54.44056,-6.138294,55.574173,8.354563
Barton Mills,United_Kingdom,52.335,0.52,56.558987,-31.171959,39.21517,-16.89329,40.803642,-14.475331,42.50572,-18.569431,43.747116,-21.586666,52.109184,6.2283
Barton Seagrave,United_Kingdom,52.3792,-0.6939,46.775642,-32.457657,45.74744,15.52353,52.633614,-1.9595165,40.434948,50.7967,53.940845,-5.7126617,51.70732,5.0988708
Barton in Fabis,United_Kingdom,52.89,-1.22,37.449528,-18.685581,36.36582,1.5434033,44.366684,-3.2623634,27.041481,36.67846,38.148483,3.0400438,52.406445,0.20480633
Barton on Sea,United_Kingdom,50.7428,-1.6552,37.84044,-7.5081263,33.13232,17.460377,35.853546,20.168037,35.22884,35.0141,44.91646,14.954293,49.773155,0.43620777
Scalea,Italy,39.8167,15.8,28.52562,-11.079695,43.733818,39.954464,27.306252,52.01703,45.78907,0.22983932,33.13291,-7.0458717,44.624176,9.923714
"Scandinavia, Wisconsin",United_States,44.4711,-89.1558,50.29486,-77.84148,59.604446,-76.245964,51.97721,-76.85755,53.25769,-63.02603,46.46008,-89.17685,44.056946,-89.98677
Sayyidah Zaynab,Syria,33.4472,36.3361,26.171564,81.10057,13.9555855,107.31252,40.40736,-6.1322575,24.700853,93.085526,39.39501,62.78663,38.143215,34.421947
"Sayreville, New Jersey",United_States,40.4669,-74.3202,4.982647,-95.36156,31.108295,-57.111446,22.803741,-35.664494,28.787542,-54.13466,41.562798,-73.76285,39.5046,-72.80159
"Schaller, Iowa",United_States,42.4972,-95.2942,21.235172,-65.53172,46.942024,-104.14279,37.022884,-77.361435,46.2552,-122.24459,41.263363,-91.94391,44.421597,-94.70685
Schermerhorn,Netherlands,52.6,4.88333,29.36333,-4.819916,45.89251,-47.301952,62.64098,-67.39996,61.621563,-125.86298,44.749985,8.49003,29.929548,-22.755398
Schaan,Liechtenstein,47.1667,9.50972,30.678608,51.623234,34.39727,13.113591,38.12094,7.4207754,31.972466,25.615177,36.19834,4.8954077,45.655327,5.4971256
"Scarsdale, New York",United_States,40.9922,-73.7869,25.486345,-44.343147,30.244867,-28.504429,30.010448,-38.612576,30.538637,-13.422253,45.28852,-86.09685,42.818764,-76.235146
"Sawtell, New South Wales",Australia,-30.3833,153.1,-26.602726,144.75233,-21.755112,103.36735,-13.369743,105.3022,-18.352417,105.32641,-32.941254,150.64642,-31.314201,149.37999
Sawahlunto,Indonesia,-0.666667,100.783,-1.622612,123.01941,-5.562931,108.49399,15.093899,48.243,-2.5273762,133.89468,23.335686,33.286076,-2.8881378,100.83661
Sawai Madhopur,India,25.9833,76.3667,6.7482166,80.631836,21.772366,133.22693,21.970654,129.16956,22.657171,156.57642,20.342806,101.55069,27.98609,76.1892
Sawantwadi taluka,India,16.0,73.75,2.2074528,70.13312,2.8909664,88.02719,35.191727,73.38207,23.413385,64.175415,21.966633,53.278435,21.59984,55.768654
"Morumbi, São Paulo",Brazil,-23.5962,-46.7043,-2.8199253,-3.1753879,7.5673695,-21.411709,-2.6450806,0.62058306,5.510357,-9.43845,-16.214205,-42.83725,-16.412403,-42.590553
Mooca (district of São Paulo),Brazil,-23.5592,-46.5981,0.3406067,-11.6662655,13.05147,5.1678333,11.475254,20.767601,13.448928,18.050415,-9.216291,-49.975964,18.850885,-32.80352
"Bardwell Valley, New South Wales",Australia,-33.937,151.133,-19.60875,112.73343,-8.203377,96.93864,-1.3652153,55.95958,-4.704916,69.7046,-35.953484,156.76958,-30.652863,144.59286
Onaping Falls,Canada,46.6,-81.4,41.16722,-67.9107,26.111841,-25.80302,30.93935,2.5070717,18.838383,-33.818474,44.751205,-64.01613,40.11518,-50.341557
"Schoharie (village), New York",United_States,42.6669,-74.3097,35.88141,-60.9405,31.62009,-22.362015,34.700962,-19.125349,37.17648,-31.553455,41.135902,-84.02466,44.09707,-78.132385
"Schlieren, Switzerland",Switzerland,47.4,8.45,49.13974,27.287518,66.87802,-15.832881,59.13834,-18.16331,58.193447,-5.8238335,46.452515,3.8054361,47.337204,12.878825
"Scott, Arkansas",United_States,34.6942,-92.0947,27.219963,-56.79019,34.941742,-114.7243,47.348206,-117.115364,21.144718,-67.87556,36.588505,-105.02324,34.751003,-93.47877
"Scotts Head, New South Wales",Australia,-30.7,152.983,-27.007149,119.065796,-3.8452644,72.25321,-2.25877,71.17168,-2.7510986,72.66299,-34.163284,142.76425,-32.225952,145.20302
"Scranton, Iowa",United_States,42.0222,-94.5461,34.923134,-73.60245,51.3238,-136.66376,59.05871,-98.8153,44.546967,-98.30779,41.978477,-92.919174,41.596615,-92.311165
"Scotton, Harrogate",United_Kingdom,54.0277,-1.50415,47.329178,-4.4313655,46.165894,48.965324,44.015526,32.4388,52.089806,18.01688,48.662476,16.114786,55.217754,-5.019658
"Beauport, Quebec City",Canada,46.852,-71.189,55.21282,-111.46913,42.257343,-41.87804,31.72974,-2.0431783,38.472797,-56.528206,45.32177,-78.14958,47.353584,-50.37224
"Beaumont Hills, New South Wales",Australia,-33.7,150.941,-27.136772,111.56271,-4.9681244,68.3419,-3.0528069,50.253117,0.052124023,54.168354,-34.368095,154.18144,-31.116623,151.23068
"Beaver, Pennsylvania",United_States,40.6947,-80.3075,12.137523,-108.75018,43.41447,-118.50699,56.952305,-136.64392,48.50476,-113.18699,41.50412,-79.25311,41.707806,-82.21549
"Beaumont, Texas",United_States,30.08,-94.1267,30.891438,-118.55371,33.245808,-100.08094,31.624857,-140.1124,29.33135,-122.843666,30.853231,-93.40558,32.160946,-99.03651
"Beaulieu, Hampshire",England,50.82,-1.45,76.91727,15.948818,50.067036,-18.122076,62.465668,-102.827225,68.11293,-74.84244,47.980003,-0.8450737,57.879005,1.6667194
"Bedford, Iowa",United_States,40.6683,-94.7211,41.322334,-97.41809,35.454018,-80.09337,42.64456,-73.53941,41.527023,-112.84046,42.93516,-93.17847,41.215313,-91.27196
"Bedford, Nova Scotia",Canada,44.7321,-63.6568,41.51255,-45.038006,27.0493,-33.382923,26.590672,-25.806519,24.037008,-56.020287,45.24962,-66.63483,42.904884,-72.72627
"Bedford Park, Bronx",United_States,40.87,-73.886,35.256783,-80.3746,26.07299,-30.76497,30.953949,-17.151419,28.862562,-55.66687,43.124588,-65.63725,41.617195,-76.31845
Beachley,United_Kingdom,51.616,-2.64844,30.802456,59.79896,-13.367561,92.424614,22.634193,109.70317,19.843382,108.29296,36.20783,-10.434389,31.690193,19.812208
Beaminster,United_Kingdom,50.809,-2.7391,42.982338,-36.149475,45.89083,-8.06375,48.861713,20.753479,58.890045,-13.029263,47.7748,4.6129026,50.3715,-0.947505
"Bear Lake, British Columbia",Canada,54.4947,-122.684,45.365074,-90.41011,32.69425,-42.234203,33.050816,-46.160725,45.41204,-64.6853,44.581184,-98.30496,50.666958,-109.12637
Beauchene Island,Falkland_Islands,-52.8864,-59.2036,2.1134377,-58.00814,14.371795,20.495577,5.345522,42.11553,22.912317,8.026649,27.982483,4.4567966,39.14341,-37.489216
"Bear, Delaware",United_States,39.6292,-75.6583,51.378326,-146.11974,44.85922,-87.35821,49.138245,-71.24528,65.72566,-119.9157,45.633926,-80.02202,43.79944,-89.05063
Beit Sawa,Syria,33.5378,36.3997,34.89087,47.108513,29.624495,55.17731,41.98672,50.255825,26.722033,104.07182,33.6357,6.919017,35.54046,17.577
Beitostølen,Norway,61.2486,8.90621,50.60913,-7.2157483,37.129257,24.631767,25.573471,-4.415283,50.21929,15.944559,61.700226,31.559155,73.7674,20.5934
"Beijiao, Guangdong",China,22.9253,113.207,26.914112,93.36827,22.730593,124.193695,15.274435,122.457634,13.524682,123.96663,28.84648,111.07736,29.141369,94.86005
Beipiao,China,41.801,120.771,33.72604,108.95044,31.409552,80.91756,27.686375,60.69632,26.901756,90.43307,33.24228,129.17355,28.224205,102.834114
Beit Iksa,State_of_Palestine,31.8181,35.1806,35.964157,7.6441965,35.61788,40.680202,35.385628,102.13689,28.467163,106.83825,26.632145,37.55426,31.026827,18.415833
Beit Sahour,State_of_Palestine,31.7,35.2167,19.670357,18.300049,35.68713,6.749639,41.74136,47.756104,32.676384,59.670593,30.461693,1.5545654,22.993874,36.062057
"Beita, Nablus",State_of_Palestine,32.1436,35.2875,29.899555,13.569468,17.714748,63.43253,25.746695,90.206726,37.272354,62.078426,29.359001,31.830196,32.830986,19.024672
"Belden, California",United_States,40.0064,-121.253,40.606503,-126.351105,36.542675,-119.70301,39.177734,-117.35801,31.353834,-101.579,37.227394,-115.16113,38.357815,-117.35914
Beldanga II,India,23.848,88.2597,31.682796,94.674866,33.418095,77.333176,44.30278,63.616432,31.998514,47.53613,26.070656,33.066372,24.644909,93.61972
"Beecroft, New South Wales",Australia,-33.7518,151.063,-25.187614,157.4315,-17.08543,115.38987,-7.138611,90.54249,-19.676933,126.5101,-29.680738,145.19635,-32.022224,151.3331
Beed,India,18.99,75.76,9.151067,87.10208,14.984328,106.82775,21.255297,112.42152,26.504677,85.18654,24.259047,78.5189,35.948666,37.973843
"Bedminster, Bristol",United_Kingdom,51.4397,-2.6037,15.503307,40.353497,61.06958,-23.114197,50.97969,22.993309,43.39406,-47.244965,56.412323,-3.0591946,48.838303,3.320383
"Beigang, Yunlin",Taiwan,23.5667,120.3,21.828074,126.84827,39.992577,145.98991,41.31624,44.085747,26.200657,154.47968,23.151527,139.74966,19.508938,127.75706
"Beerwah, Queensland",Australia,-26.8583,152.959,-24.186111,143.10533,-30.862518,222.87321,-32.05238,155.93048,-39.854965,203.9866,-26.088373,152.76158,-26.88301,155.4918
"Beeston, Norfolk",United_Kingdom,52.708,0.827,49.296104,-16.399757,58.800095,-13.854875,63.747665,-36.289394,71.231415,-0.4987793,58.83889,8.180419,49.279488,-1.8112373
Batroun,Lebanon,34.25,35.65,8.694815,54.251774,6.2954865,75.74646,62.218807,6.945732,11.918,67.42525,39.842262,22.47234,32.036686,39.8279
Battery Park City,United_States,40.713,-74.016,23.720955,-57.29509,21.553339,25.488974,22.18665,29.3032,21.410492,12.573407,28.847948,-18.12569,41.732178,-79.49385
"Battle, East Sussex",United_Kingdom,50.92,0.48,58.557503,10.268034,31.977407,25.287466,34.55003,25.437084,37.660183,-1.7855186,49.3376,2.880169,49.39905,8.673206
"Battlement Mesa, Colorado",United_States,39.4505,-108.006,27.327316,-68.54939,41.376972,-96.60005,40.160202,-118.28881,38.782444,-113.94845,38.701508,-119.06253,39.972855,-104.418396
Batu Gajah,Malaysia,4.78333,101.067,12.16353,127.434006,-5.0136147,159.46043,10.624294,145.54817,-1.1891003,158.93057,7.703024,86.04953,-2.4681625,104.856766
"Batiscan, Quebec",Canada,46.5,-72.25,48.060165,-57.07441,45.63617,-67.585976,39.905224,-49.85463,51.662094,-85.06148,48.512466,-92.58226,45.75538,-68.8688
Batna Province,Algeria,35.7833,6.05,15.476992,24.45586,14.274315,-1.851567,13.302364,45.568172,16.849205,22.777872,31.11738,33.58725,31.337566,5.393273
Bathampton,United_Kingdom,51.3943,-2.3198,34.935978,66.62506,71.6709,5.6499567,46.150238,17.144718,51.785744,11.821357,50.817177,7.4528465,50.516872,-9.928779
"Bathsheba, Barbados",Barbados,13.2142,-59.5236,11.528953,-34.046616,24.382465,-38.746857,18.360401,11.276135,19.335289,-29.964775,11.209351,-49.844563,11.011282,-55.044598
"Baulkham Hills, New South Wales",Australia,-33.7594,150.99,-38.621727,173.57033,-21.083378,113.17632,-5.815262,86.16897,-8.985565,94.10264,-36.59498,161.89168,-28.819164,142.95355
Bauma,Switzerland,47.3667,8.86667,47.61954,18.045195,46.18299,-9.935352,32.147038,89.46137,34.4071,28.620247,40.763626,3.3700495,37.508232,46.287834
Bassingbourn cum Kneesworth,Cambridgeshire,52.0775,-0.0592,64.937004,-10.412664,53.51889,13.557087,51.807587,-26.645765,58.310863,29.731415,59.911415,-1.7398243,47.11393,-8.5391
Bastam,Iran,36.4853,54.9997,41.150574,68.685684,59.437263,29.211826,45.18347,10.778082,45.13189,15.732715,42.91084,37.03387,31.034163,28.177555
Baslow,Derbyshire,53.248,-1.623,43.374104,65.97092,63.882324,5.0314565,36.580894,-2.2907934,55.54843,31.233335,49.866875,0.86299706,55.54924,-4.8967485
"Batavia, Dutch East Indies",Dutch_East_Indies,-6.13221,106.812,-15.436604,150.3914,10.981295,40.258003,15.482964,28.440279,13.756907,24.088121,4.2815704,64.33795,14.33275,59.48963
"Batabanó, Cuba",Cuba,22.6986,-82.2939,27.361355,-85.06264,15.0385275,-63.33824,12.010881,-73.40706,19.345285,-103.55544,18.548752,-82.69347,15.7428055,-70.01588
"Bayswater, Queens",United_States,40.605,-73.765,32.478394,-32.54151,10.711851,35.036602,19.808208,48.691273,24.896671,30.139029,33.025127,-38.234413,21.743532,32.097477
Bayt 'Itab,Mandatory_Palestine,31.735,35.0531,35.094276,-22.77885,41.887398,66.039276,54.995304,89.991684,43.645615,42.296486,23.907804,32.364773,30.457333,17.102428
"Bayshore, Ottawa",Canada,45.3486,-75.8083,25.035301,-21.129353,44.021137,-80.46494,28.878195,-21.70944,42.53662,-70.94682,42.961063,-61.661007,35.810123,-74.15784
"Bayville, New York",United_States,40.9072,-73.5572,60.01365,-31.427425,34.86705,-34.342186,30.331995,-27.54728,32.58726,-31.380417,39.45751,-64.49577,41.16294,-64.99402
Bački Jarak,Serbia,45.3667,19.8667,29.959534,21.137272,25.073608,78.82721,32.672924,28.297356,29.8456,75.16971,38.496857,13.195933,46.024036,23.33133
Bački Monoštor,Serbia,45.7833,18.9333,38.115936,15.416231,36.847046,26.90824,42.313892,6.955656,31.239674,41.682774,51.43116,22.08092,44.00591,30.620235
Bazhong,China,31.868,106.748,49.95095,62.20756,32.154125,88.64848,44.43777,35.79346,29.10304,85.40343,42.63456,80.01701,32.3417,101.86327
"Bayar, Kasaragod",India,12.6833,75.0,21.487541,46.815758,4.852503,139.52344,23.12128,91.22181,22.812368,99.732765,22.06863,78.62569,17.621737,70.05998
"Baychester, Bronx",United_States,40.87,-73.835,30.724537,-74.76082,39.659107,-65.69594,33.08689,-22.870272,37.07125,-74.17,40.382637,-72.61691,41.308746,-78.24652
Bay de Verde,Canada,48.0833,-52.8944,31.518513,-27.312641,10.279299,-43.261368,2.0549583,-46.58807,9.185319,-52.970856,5.173729,-16.793346,43.44869,-61.97829
"Bay Point, California",United_States,38.0292,-121.962,21.236023,-62.325703,22.327633,-44.50707,26.786621,-72.98258,19.399092,-57.162537,33.80845,-115.09921,34.80378,-119.698555
"Bay Ridge, Brooklyn",United_States,40.624,-74.032,46.9948,-50.428333,30.524647,-29.04202,29.040787,-28.588703,27.795067,-31.535591,40.293034,-69.98625,40.251102,-72.97919
"Bay Shore, New York",United_States,40.7297,-73.2536,47.49806,-103.649216,21.328087,-10.98743,21.62144,-22.578878,26.831486,-8.097385,39.889763,-67.4411,40.049343,-69.248955
Bawal,India,28.08,76.58,13.503528,137.03867,-11.489452,170.86281,28.559883,110.20833,12.6394615,96.798195,20.558376,84.02739,25.665218,101.69016
Bawku,Ghana,11.06,-0.24,16.22821,18.073801,3.5154839,35.19755,12.51985,73.31748,-1.3980408,61.963642,10.234207,45.543518,15.099836,-3.8665237
"Baxter Estates, New York",United_States,40.8339,-73.6953,33.538387,-55.341457,28.50235,-17.537018,26.86535,-25.149834,20.929335,-12.117027,37.39015,-62.42674,38.74459,-70.76357
"Bayonne, New Jersey",United_States,40.6625,-74.1102,48.06951,-65.08281,33.29716,-57.28657,28.304665,-35.575134,27.138762,-50.864403,41.689884,-76.81889,39.144707,-81.282875
Bredbury,United_Kingdom,53.42,-2.113,62.894203,8.511541,49.565613,79.04782,47.52378,-35.193974,47.392845,53.833168,53.11065,4.1895657,53.43123,7.703529
"Breinigsville, Pennsylvania",United_States,40.5367,-75.6314,42.773643,-74.25853,57.242218,-117.863014,62.300243,-169.25726,50.923218,-96.224304,39.89769,-71.20178,41.205345,-79.959045
"Breezy Point, Queens",United_States,40.555,-73.925,30.522896,-82.0977,24.792133,-8.947955,25.339218,-7.8238993,26.792622,-38.94644,35.37425,-53.088436,40.45119,-55.77859
"Breese, Illinois",United_States,38.6103,-89.5267,41.15243,-110.35794,40.652927,-96.65701,50.666313,-95.693825,44.737164,-84.13781,40.80449,-86.20155,39.333946,-88.61254
Brenchley,United_Kingdom,51.1486,0.3941,70.28253,-8.332731,20.172783,68.01603,55.91941,-31.896137,30.980713,23.040562,50.798653,-0.32213783,56.22506,1.8067741
Brendon,United_Kingdom,51.22,-3.764,52.059753,-4.359211,5.0065155,73.84726,18.397537,-1.983477,6.0751114,60.636143,38.212994,6.736375,24.108244,20.45547
"Brentwood, New York",United_States,40.7817,-73.2442,55.174156,-138.07541,29.28581,-38.63585,31.961039,-52.135956,32.8762,-38.833183,47.52208,-69.735275,40.692154,-68.455795
Brenzone sul Garda,Italy,45.7,10.7667,46.95738,15.479778,23.058628,17.31992,13.84198,-13.842598,41.71176,60.009224,43.935272,23.882008,41.48609,19.745628
"Brest, Belarus",Belarus,52.1347,23.6569,55.425545,50.11977,53.993916,-17.329294,39.652695,18.961199,54.73091,-14.352116,45.402092,21.287008,49.18013,18.791004
"Breaks, Virginia",United_States,37.2958,-82.2811,30.717329,-59.81395,28.419155,-46.40848,26.099813,-32.244083,26.513586,-33.62909,32.564392,-63.412914,35.733105,-74.78462
Brasted,United_Kingdom,51.2766,0.11079,56.778625,86.936554,57.050026,38.489964,46.99637,-4.0009174,56.97499,19.861286,42.970734,-17.624832,52.121384,-6.496009
"Bratton, Wiltshire",United_Kingdom,51.27,-2.124,43.207268,72.12668,55.343872,-20.569998,32.868187,40.70294,36.28025,-17.589813,52.60646,3.1603794,53.777096,3.0806046
Brattvåg,Norway,62.5999,6.4442,46.583923,22.367685,46.80313,-28.368292,67.60408,-25.633736,43.9765,-54.34012,65.67119,30.568493,62.996758,18.72315
"Branston, Staffordshire",United_Kingdom,52.787,-1.659,37.340748,51.941036,68.99359,-9.375739,57.731697,1.8814733,50.662815,30.27249,56.744873,-7.87269,51.728943,-2.6168432
Brant Broughton,United_Kingdom,53.0777,-0.63253,62.11626,-13.880194,34.05105,-43.63258,33.858963,8.034965,30.76438,-54.39279,58.020573,-18.157654,39.071346,-31.9547
"Brede, East Sussex",United_Kingdom,50.94,0.6,50.764214,-47.493946,33.80678,43.943104,41.089664,13.898967,54.12887,-12.533268,48.90085,2.3650875,52.05713,2.7880812
"Bray Park, Queensland",Australia,-27.2938,152.968,-18.573448,115.73639,-5.2132034,75.681946,-3.1057358,79.34722,-6.0953484,93.40535,-24.202528,151.00691,-25.167831,146.11519
Braće Jerković,Serbia,44.7692,20.4889,29.76311,42.442856,19.883627,-1.7097008,17.550804,34.467136,17.96914,44.68916,43.026253,6.7348747,35.009914,4.5879245
Daund taluka,India,18.4631,74.5789,20.793419,65.64996,15.686086,77.077194,25.491781,86.55309,29.656523,49.663116,20.047155,56.325985,24.177101,58.47661
"Davenport, Greater Manchester",United_Kingdom,53.3884,-2.15889,30.057213,-20.947353,34.07737,-35.00087,29.220787,12.320928,35.01909,1.7585526,46.949863,7.004341,52.973427,-5.100114
"Davistown, New South Wales",Australia,-33.482,151.36,-6.9039345,53.399143,-20.926205,109.658775,-22.67606,119.11796,-13.729168,94.82572,-34.941154,157.07861,-35.460022,151.72118
Davanagere,India,14.4666,75.9242,8.131236,107.94185,8.598743,87.82833,6.426626,94.245255,17.184212,83.939224,29.21201,10.770643,15.048708,62.193474
Brighstone,United_Kingdom,50.644,-1.4,36.319237,37.760742,48.324966,-15.5085945,35.436954,-6.7501373,46.497845,7.670904,53.627563,-17.285053,56.266693,-6.1875315
"Brigantine, New Jersey",United_States,39.4273,-74.3896,44.439888,-74.446655,24.077862,-67.402115,31.60775,-61.997524,31.025164,-67.390724,42.202675,-72.58014,39.711525,-78.82654
Dawlish,Devon,50.581,-3.466,52.39086,31.248348,46.35775,24.632757,32.4251,37.52062,49.4713,62.99112,56.22,-0.6555996,46.814236,-7.0416822
Brezno,Slovakia,48.8039,19.6436,50.89144,-3.7034383,66.52878,6.462578,73.368515,-38.079704,54.71918,29.550838,48.927643,8.558096,49.808586,6.463522
"Breza, Bosnia and Herzegovina",Bosnia_&_Herzegovina,44.0167,18.2611,47.175087,-4.924196,36.18965,12.890497,32.371334,4.0134296,40.90144,12.792253,39.030045,24.275732,40.196987,28.8224
Bridlington,United_Kingdom,54.0819,-0.1923,84.81358,-59.34805,67.07248,3.026781,37.026714,44.505035,74.984726,-40.04979,50.966034,-19.366009,55.226967,-10.376079
Bricket Wood,Hertfordshire,51.7067,-0.3686,70.36595,-52.856083,46.031677,-24.587824,27.195168,15.475494,50.20411,-27.583557,44.182087,26.459778,49.350998,-2.2412663
Bride (parish),United_Kingdom,54.368,-4.378,58.18129,-28.115063,45.23276,-16.302994,43.137066,-10.751916,53.099747,-18.87976,36.71581,-5.832428,53.25618,-17.779518
"Boyle, Mississippi",United_States,33.7047,-90.7258,21.473368,-68.98553,46.691727,-88.86498,49.893898,-105.97234,50.749695,-128.62512,33.54293,-83.78061,33.739838,-82.26563
"Boxford, Berkshire",United_Kingdom,51.441,-1.38,64.56032,-15.980621,65.25421,-56.80914,66.90187,-40.450745,62.047665,-14.152771,49.371124,9.670225,51.12952,-2.0255089
"Bowers, Delaware",United_States,39.0597,-75.4014,37.93039,-55.456467,45.747375,-95.10035,47.72264,-90.14552,61.826057,-138.72821,39.604065,-82.54176,39.938248,-81.44671
"Bow, Devon",Devon,50.8,-3.815,51.845524,-31.699175,58.27942,-36.4368,57.180943,-1.4007285,66.21505,-25.37716,46.87756,-4.4230785,47.1396,7.146419
"Bow, London",United_Kingdom,51.5298,-0.0288,58.618134,-23.80561,51.16835,-24.307337,46.689438,32.101467,62.397854,-12.942944,54.258453,-1.7758274,46.51098,1.8373461
"Bow Street, Ceredigion",United_Kingdom,52.4419,-4.02861,48.627,11.294363,36.92308,-1.7726834,35.526787,36.189117,51.01927,11.475941,39.889046,15.943504,53.90049,-14.39615
"Bowden, South Australia",Australia,-34.904,138.579,-25.818619,116.669785,-27.591496,114.44551,-32.59798,116.28998,-26.764988,120.86676,-39.60338,148.24646,-36.905647,141.84976
"Boyton, Wiltshire",United_Kingdom,51.156,-2.07,38.090973,37.61533,49.435112,12.796983,54.91179,-5.173419,43.138756,20.230366,48.889008,3.117896,49.978397,3.2270937
"Box Hill North, Victoria",Australia,-37.807,145.12,-23.082249,100.89015,2.953415,54.893578,13.213978,30.98318,-1.9787178,63.517147,-43.539986,160.75879,-34.821106,138.47064
Bournville,United_Kingdom,52.4299,-1.9355,43.418343,66.19615,49.638916,33.54958,49.248005,19.951982,44.71295,93.310936,20.169186,82.704285,51.803505,14.297541
Bova Marina,Italy,37.9333,15.9167,34.08712,17.267982,33.99568,-8.529259,28.209242,52.03474,30.79168,4.392973,29.306068,7.9546146,29.0799,35.611248
"Bova, Calabria",Italy,38.0,15.9333,30.943413,57.183857,42.145336,-8.394467,26.197784,79.84631,28.229961,11.607671,42.184387,15.830446,35.802055,22.008238
Bovingdon,United_Kingdom,51.7231,-0.5367,63.71445,-16.150852,62.39809,-9.164621,62.848015,-34.658543,85.61885,-40.272697,60.353325,-4.97686,52.876553,10.231336
"Bouton, Iowa",United_States,41.8506,-94.0094,28.306623,-77.63429,42.36707,-83.835045,41.38389,-97.49028,38.7117,-74.574326,42.773415,-85.71307,41.156784,-86.60786
"Bramham, West Yorkshire",United_Kingdom,53.88,-1.3516,82.5681,-44.728085,53.66952,4.836083,45.502758,31.667498,45.32379,2.4537067,51.01141,2.004034,53.34465,2.055935
"Brampton, Carlisle",United_Kingdom,54.9409,-2.7329,75.523834,-91.38341,53.92735,-61.489876,50.16349,-0.9565855,50.057526,-39.779198,56.924934,-28.053783,54.171608,-9.14733
Brahmanbaria District,Bangladesh,23.9833,91.1167,11.089969,97.44353,22.835262,74.54829,25.335567,70.82009,22.857643,85.715164,16.893887,81.06846,23.046894,97.06875
Brahmanbaria Sadar Upazila,Bangladesh,23.0,91.0,17.038261,79.14006,20.047941,106.08843,19.172676,88.3298,27.537697,94.08359,19.036135,83.870834,21.747807,86.856575
"Brandon, Suffolk",United_Kingdom,52.4474,0.6242,56.1819,-41.07664,57.02581,-40.385998,63.24242,-54.251167,54.238815,-33.260166,43.633087,-18.94189,48.345734,-5.989156
"Brandon, Florida",United_States,27.9333,-82.2833,26.382496,-83.5197,36.941048,-103.78405,41.83207,-119.81805,37.518497,-103.06922,32.94246,-86.77745,30.229456,-90.07968
"Brandon, South Dakota",United_States,43.5917,-96.5806,20.219286,-37.26978,19.188313,-16.719517,15.051104,-6.925803,10.730582,-16.856403,45.358864,-104.71446,44.00655,-110.49544
Bramshill,United_Kingdom,51.3453,-0.923435,60.296116,-9.357676,54.313587,-40.219826,38.247795,4.49304,49.46482,-12.326542,63.462967,-21.593094,53.83342,17.934486
Bracigliano,Italy,40.8167,14.7,24.34925,24.442116,24.508263,64.26865,75.45241,-38.312542,25.136848,27.230537,40.624203,1.7545013,36.861607,22.72728
"Bra, Piedmont",Italy,44.7,7.85,27.325226,-21.651121,23.700113,-18.340754,28.950354,-5.384155,29.880486,19.865826,41.04274,-5.881832,36.9158,21.144547
"Bozgüney, Adana",Turkey,38.0,36.25,47.054832,25.898602,41.175735,-10.808451,50.87612,-46.528008,30.229801,21.414303,38.864765,49.985146,33.83916,37.453663
Braddan,United_Kingdom,54.181,-4.489,49.071995,10.824945,73.76871,-32.67749,72.12159,-83.40855,59.887806,12.735212,48.477306,4.9233465,62.7995,4.163618
"Bradbury, California",United_States,34.1494,-117.974,37.606316,-108.13298,39.695145,-79.62902,36.362286,-63.164787,34.04567,-41.137,37.91961,-115.11046,36.132442,-107.40014
"Bradenton Beach, Florida",United_States,27.4711,-82.6997,40.287636,-63.820477,27.173922,-103.9788,32.82707,-80.783905,23.051022,-67.899445,27.956247,-84.61586,30.832964,-86.93433
Bradford,United_Kingdom,53.8,-1.75,58.705227,26.320206,52.52204,-31.333055,36.47017,16.234575,60.822124,-6.1670837,46.18091,-24.792587,42.478374,5.462581
"Bradford, Illinois",United_States,41.1769,-89.6594,42.250435,-48.01195,47.618187,-88.41373,42.2928,-70.31543,52.40402,-66.39401,42.79432,-101.13699,37.095276,-88.043884
"Des Arc, Arkansas",United_States,34.9756,-91.5006,27.090443,-54.588516,36.591366,-68.84118,34.930485,-79.62176,16.628664,-18.806137,33.73907,-105.711395,35.82473,-95.49693
"Derby, Connecticut",United_States,41.3267,-73.0822,36.94144,-84.17975,44.43625,-78.21164,66.272125,-119.6531,49.480003,-63.608643,41.692196,-66.37845,41.217087,-72.74511
"Deta, Romania",Romania,45.4022,21.2508,42.76497,4.748007,35.689613,13.586669,33.261745,69.447624,31.366795,45.22962,33.972534,17.322454,42.328346,21.09736
"Descanso, California",United_States,32.8528,-116.616,19.830645,-74.86023,27.048016,-121.95074,41.336258,-125.67004,24.51172,-139.02579,32.72544,-115.44714,36.548016,-115.96966
Desford,United_Kingdom,52.625,-1.295,40.98175,-61.618748,46.61335,4.7231536,38.012413,31.49798,60.217888,-20.218998,46.28134,0.16681862,49.528526,0.088695526
Denstone,United_Kingdom,52.965,-1.856,43.694115,24.911774,55.119377,-38.494614,42.212875,3.4121363,41.66884,28.48313,51.537457,-5.175495,55.55126,-13.446729
"Deogarh, Madhya Pradesh",India,21.8826,78.733,23.563278,43.99709,19.061611,104.98041,19.536833,84.5839,21.56032,72.90589,22.850584,65.494644,23.898544,84.688545
"Deogarh, Rajasthan",India,25.53,73.9,30.185478,62.339756,30.974173,86.98278,27.984772,66.114174,17.85941,76.02409,25.916119,70.065254,27.926817,75.69445
"Deoli, Maharashtra",India,20.67,78.48,27.286873,57.743015,18.800308,103.527245,4.745075,125.250885,16.789665,89.74035,18.739418,95.73534,21.533722,72.785034
"Deoli, Rajasthan",India,25.75,75.3833,16.009481,94.43776,27.85665,94.604385,20.242298,106.14983,15.755446,94.89821,26.7463,77.53301,24.688751,77.0627
"Deoria, Uttar Pradesh",India,26.5017,83.7794,23.940966,79.21306,16.140099,95.527885,24.592445,70.701935,21.740417,77.26303,23.872156,75.31105,23.609667,80.38657
"Depalpur, India",India,22.85,75.55,26.168274,80.30017,24.297754,102.72135,6.4034576,106.74548,11.379722,85.64317,17.651764,75.44597,20.304363,75.84372
Dera Baba Nanak,India,32.032,75.029,38.089256,66.51555,38.70807,51.10329,25.919779,40.32384,22.848166,93.788994,32.31528,103.708405,25.731068,64.85339
"Denton, Greater Manchester",United_Kingdom,53.4554,-2.1122,50.08009,13.781662,28.43086,-17.861715,37.368958,13.074739,29.18084,-16.960793,48.694817,3.548336,52.898376,-7.8214674
"Hita, Ōita",Japan,33.3167,130.933,50.415936,47.880238,23.36807,64.97166,30.386663,42.392612,18.455145,104.425735,43.93253,117.11923,22.825703,140.0899
"Holland, Manitoba",Canada,49.5944,-98.8811,31.753263,-48.66882,49.245506,-35.08419,38.42427,-44.278915,42.372505,-57.094505,50.485714,-85.060776,49.48542,-100.38356
Hlaingthaya Township,Burma,16.85,96.0667,26.726158,75.22336,33.729412,36.233753,22.932426,13.948284,26.365202,-18.257824,6.8204155,102.38675,15.7056465,101.8436
Almere Stad,Netherlands,52.3767,5.21611,32.635372,11.707935,42.112724,32.026604,41.90293,52.7602,41.100548,12.710463,46.95639,2.8857298,53.7492,-22.305065
"Holbrook, Arizona",United_States,34.9072,-110.163,36.754005,-117.18291,34.92343,-86.69187,46.45821,-118.480515,21.828419,-48.603584,35.556084,-115.90564,31.583805,-103.74721
"Hokuto, Hokkaido",Japan,41.8242,140.653,34.88131,92.904495,46.591736,128.23166,29.887245,102.79163,35.01545,145.98146,38.78116,136.3992,37.180733,132.54422
"Hohenau, Paraguay",Paraguay,-27.0786,-55.6453,-4.6650333,-33.15075,-8.646587,-15.900608,-27.305458,-39.429035,0.9676399,-35.50296,-22.718626,-34.597065,-16.141869,-41.85915
"Deer Park, Victoria",Australia,-37.763,144.767,-39.583794,138.67369,2.5422173,47.545082,4.458992,44.253876,3.1998692,48.565735,-30.367743,108.24504,-38.847824,150.74539
"Deeragun, Queensland",Australia,-19.2491,146.677,-18.387295,100.87854,-33.870567,168.6093,-60.692867,227.53912,-54.23362,216.48117,-26.397463,159.87625,-25.519276,147.79663
"Deep River, Ontario",Canada,46.1,-77.4917,44.948406,-51.753807,33.456337,-37.81143,30.77981,-36.22565,21.49323,-4.694319,41.53494,-65.58623,44.32051,-74.790054
"Delano, Wichita, Kansas",United_States,37.6828,-97.3597,29.624659,-121.20032,44.014614,-125.94664,45.786976,-100.43508,33.493855,-113.91596,47.34607,-99.33273,43.902473,-93.66052
Delaware Nation at Moraviantown,Canada,42.5667,-81.8833,36.235355,-85.45415,37.283264,-67.08595,33.669285,-56.21197,34.367844,-72.50777,38.735928,-58.153904,39.735035,-93.54776
Deir al-Adas,Syria,33.1606,36.1244,41.61819,44.30137,44.3751,-26.314413,16.193657,56.98278,53.763702,-27.138733,26.943832,33.02179,28.750578,23.701107
"De Soto, Illinois",United_States,37.8156,-89.2281,36.68689,-92.888565,21.538654,-83.52527,19.201155,-95.793106,21.779875,-69.043144,36.882904,-91.803894,41.017174,-88.478355
"DeSoto, Texas",United_States_of_America,32.5992,-96.8589,10.420057,-84.18901,36.170456,-139.46436,43.31253,-136.22646,36.038857,-160.28665,28.48128,-97.11044,32.628338,-93.721924
Daşoguz,Turkmenistan,41.8333,59.9667,27.321407,73.09689,31.72139,26.618267,10.384075,29.943888,15.392249,54.004646,45.934692,43.622643,46.81942,70.52775
"Decatur, Illinois",United_States,39.8414,-88.9559,22.32308,-139.44528,43.06674,-121.272995,44.913483,-126.13717,45.15877,-117.514,36.697865,-82.81218,41.26906,-94.13444
"Deane, Hampshire",United_Kingdom,51.251,-1.2204,40.599968,-24.166216,30.007706,-22.59323,45.044895,-39.830803,28.786173,-23.701393,48.634987,1.7032299,51.049095,-2.364767
"Deakin, Australian Capital Territory",Australia,-35.316,149.107,-29.789795,162.04118,-22.333752,100.85258,-22.815273,99.69983,-23.414639,101.128845,-23.50094,122.7169,-28.091393,139.83095
Deir al-Salib,Syria,35.0861,36.4472,34.572456,-11.3180065,44.3751,-26.314413,16.193657,56.98278,53.763702,-27.138733,29.373043,31.480694,31.034624,43.97698
Deir Atiyah,Syria,34.0833,36.7667,28.466854,-3.7326722,45.008812,-23.896917,37.008064,16.537764,61.772507,-36.83024,24.28229,44.17356,34.609077,38.708656
"Bobs Farm, New South Wales",Australia,-32.7764,151.973,-4.6654243,79.54944,2.0606804,52.39469,6.914171,54.23906,3.0816345,50.737404,-33.247253,152.67834,-28.76992,134.24776
Bobbili mandal,India,18.5667,83.3667,30.474201,41.986168,36.29435,39.607464,39.280144,45.523544,32.16612,62.228573,15.014315,78.4142,18.425688,80.387726
"Bobota, Croatia",Croatia,45.3959,18.8554,41.16301,-33.74794,46.7552,0.7952106,32.930805,55.459717,36.34643,28.990877,46.69118,18.802887,43.85166,22.916481
"Bode, Iowa",United_States,42.8672,-94.2878,39.255257,-51.89455,38.55293,-75.99872,51.03254,-91.66916,37.87197,-64.2805,41.356087,-85.74985,43.435604,-92.61241
Bodebarsain Municipality,Nepal,26.57,86.59,13.706661,91.0045,13.287178,22.632265,14.413277,2.1129718,-5.7814274,33.95436,29.701878,11.151911,19.214985,87.790634
"Bodega, California",United_States,38.3453,-122.974,26.928587,-84.57707,29.917418,-120.33346,27.656218,-99.46791,25.875149,-123.4903,37.559376,-113.86784,38.384285,-124.028786
"Bodega Bay, California",United_States,38.3244,-123.039,53.87892,-128.91205,23.368715,-73.74874,24.83021,-71.268074,22.128836,-82.890236,36.025555,-114.48285,37.630688,-118.03782
"Blue Hill, Saint Helena",United_Kingdom,-15.9636,-5.74528,2.8388767,18.756664,32.58414,-13.86959,31.933088,-7.952385,39.164005,-21.442745,8.293354,-40.83358,-5.3900795,-27.02354
Blouberg Local Municipality,South_Africa,-23.1392,29.0013,-6.0660877,39.204075,1.0269623,12.910085,10.205364,29.12691,-4.9597626,30.744255,-21.644258,23.544575,-30.585514,23.823479
Bloxham,Oxfordshire,52.018,-1.375,63.240536,31.651974,42.779213,-7.777839,20.808638,-8.81879,36.740196,38.901905,46.44244,8.142113,60.10771,-1.2266903
Bobbili,India,18.5667,83.3667,34.920776,50.405354,29.070477,38.931503,55.712093,18.484528,26.937656,58.072845,19.598152,6.412277,19.652828,82.44822
Bnei Brak,Israel,32.0833,34.8333,39.51922,6.662388,27.96405,17.544453,17.181393,74.77444,16.508728,24.827795,33.375908,37.196957,36.95048,18.563076
Boldogkőváralja,Hungary,48.338,21.2358,45.371185,35.28459,30.81221,41.323856,24.339108,77.66503,0.260046,100.882126,41.598145,30.698143,49.500214,16.458242
"Bol, Chad",Chad,13.46,14.74,11.297292,-3.435288,18.179419,-23.098097,45.9133,-47.018402,24.769754,-13.86795,15.560438,32.33705,13.574911,-3.9592428
"Bokarina, Queensland",Australia,-26.7388,153.129,-20.67677,120.33757,-38.456734,174.43887,-60.692867,227.53912,-54.23362,216.48117,-24.268206,148.49872,-26.300278,152.72543
Biswanath Chariali,India,26.7278,93.1517,36.90859,80.53859,28.277807,40.663017,31.355967,-29.591187,15.160946,86.2001,25.24569,73.29007,34.01965,78.40779
Bitonto,Italy,41.1167,16.6833,28.57454,22.302109,35.437923,20.851355,46.99709,-10.24331,53.251457,-4.415676,39.14905,0.6357651,27.748287,-22.294903
Bitterne Park,United_Kingdom,50.9238,-1.3718,35.722633,46.821136,32.06595,6.9554243,24.491741,31.954142,28.97576,35.634842,38.806877,18.627077,47.784973,7.3921976
Bitterne,United_Kingdom,50.9133,-1.3616,40.738167,39.01508,50.56346,4.668417,34.984196,46.00855,39.930458,38.83705,56.90177,-4.818327,44.610985,3.6133213
Bivona,Italy,37.6203,13.4406,41.91964,-31.998537,22.420914,18.500578,36.0328,-22.372301,57.52006,-51.418022,34.83805,16.479357,45.619156,-9.045527
"Bisley, Gloucestershire",United_Kingdom,51.7535,-2.14047,47.2097,23.445223,32.846386,56.461395,49.97103,22.806173,43.85374,33.68972,52.63751,-1.0085068,52.758514,4.6516504
Birżebbuġa,Malta,35.8256,14.5281,27.63316,61.90675,28.928436,27.45203,21.041582,32.656902,38.594444,-3.2903557,33.976257,52.21621,38.115585,6.860354
Bisaccia,Italy,41.0131,15.3756,18.703192,9.934767,36.624092,6.007688,44.09058,36.579266,58.826252,-76.74035,40.916473,-0.92622185,37.738575,-40.315212
"Birstall, West Yorkshire",United_Kingdom,53.732,-1.66,44.731846,24.231224,46.6652,9.532549,39.418335,24.763914,47.060593,13.131166,52.72007,-6.730011,50.442047,3.471839
"Birtley, Tyne and Wear",United_Kingdom,54.9,-1.577,54.46576,-9.9567795,42.87724,3.7721353,34.534233,8.559249,41.71061,2.329008,60.604774,-19.480957,49.031624,12.207336
Birštonas,Lithuania,54.6028,24.0206,58.554115,-9.359337,21.010994,59.509644,9.063667,102.28486,45.02936,0.7932701,48.660576,4.7034006,53.33849,20.079378
Biržai,Lithuania,56.2,24.75,67.60306,35.95512,24.292725,78.54901,16.66479,110.07254,49.969463,29.359493,56.79714,30.540756,56.78031,19.30008
Birnin Kebbi,Nigeria,12.4536,4.20028,-12.6355095,26.279469,-8.72892,27.438557,-7.9407578,44.96297,-8.062538,62.82662,17.445467,59.720757,10.2687435,2.90205
"Bishopscourt, Cape Town",South_Africa,-33.9903,18.4458,-13.154663,56.588985,-0.087156296,26.037827,-0.3064041,44.59513,0.38934517,30.089485,-32.0595,25.41557,-25.858208,25.287811
Biskra,Algeria,34.85,5.73333,22.35774,7.950597,34.8141,-38.04428,18.381973,3.6501534,20.796444,-18.474552,30.872244,22.525438,34.456795,6.066918
Bishopsgate,United_Kingdom,51.5163,-0.08145,61.58144,-15.609747,56.407413,2.342188,41.54251,-7.2912207,59.249893,77.546616,58.082966,13.991726,57.328384,9.198667
Bishopstoke,United_Kingdom,50.9679,-1.3278,55.32898,-48.630775,55.1444,-4.997396,57.439163,23.76958,41.692993,-3.5277061,53.382797,-13.114271,51.873787,-6.9224176
Bishopthorpe,United_Kingdom,53.9187,-1.10081,34.843945,89.033325,28.875929,94.33952,27.333584,-41.257004,40.671894,51.95876,18.522594,41.433224,50.310387,-4.4040976
"Bishopstone, Swindon",United_Kingdom,51.551,-1.647,51.09166,-13.057966,56.839916,8.625907,56.648956,28.386486,43.48155,58.326286,57.139328,-18.052372,46.472168,5.974205
Bishop Sutton,United_Kingdom,51.3348,-2.5921,52.07054,-44.014877,36.793385,-3.1336298,44.28431,-21.70194,47.86333,-16.645992,42.442703,-9.941265,55.06778,-12.673436
Bisha,Saudi_Arabia,20.0,42.6,16.31876,30.58038,36.08557,111.19804,48.080177,-10.388005,14.01957,35.09733,28.177088,36.995335,34.593906,14.833145
"Blanchardville, Wisconsin",United_States,42.8103,-89.8617,39.094368,-83.14986,51.497208,-102.29314,49.607533,-149.50157,51.547913,-136.427,43.544456,-85.612946,42.748238,-84.6408
Blantyre,Malawi,-15.7861,35.0058,-14.671043,20.65295,-9.169121,13.806551,-6.09206,85.369026,-2.0859241,-10.219284,-3.5295582,67.626045,10.996555,27.778107
"Bland, Virginia",United_States,37.1019,-81.1161,34.711098,-65.8882,32.052612,-46.93478,26.505527,-42.18467,29.774153,-56.156166,35.87008,-61.31062,34.08528,-66.295334
"Blissfield, Michigan",United_States,41.8317,-83.8639,58.295284,-99.31435,63.158726,-138.35442,49.829636,-123.846466,52.08915,-84.80191,46.70265,-95.181656,43.892303,-85.43923
Blewbury,United_Kingdom,51.571,-1.23,74.95608,-36.087173,81.18111,-53.1235,51.33294,2.5401495,63.50336,14.816147,55.832333,3.698658,53.636116,-8.797324
Blickling,Norfolk,52.8096,1.2313,60.244663,23.552853,58.930267,67.272,61.486244,56.866287,61.62511,38.678722,55.123947,-10.674839,60.48133,-0.9800768
"Blevins, Arkansas",United_States,33.8711,-93.5767,35.067192,-79.955124,41.34856,-100.859184,49.0923,-90.99442,33.172462,-79.68802,33.494087,-95.53935,36.627632,-87.8685
"Blackness, Falkirk",United_Kingdom,56.0036,-3.52194,48.99459,-14.989134,48.997215,-37.28862,54.84724,-0.35115266,49.65014,-34.175438,54.241932,-27.261791,56.494915,-0.029715538
"Black Creek, Wisconsin",United_States,44.4583,-88.4558,52.427444,-126.88966,35.742165,-76.56102,30.851448,-89.4562,25.037247,-74.84051,43.986946,-88.21289,44.37212,-94.19132
Blackburn,United_Kingdom,53.748,-2.482,69.991974,-12.435059,39.447044,3.8945594,45.693726,35.49973,44.726906,-28.04464,54.68358,12.041898,49.036552,9.5412
Blackmore,United_Kingdom,51.6894,0.3266,66.0217,-40.682755,24.275051,71.65214,25.021338,9.713083,13.729069,78.921265,38.097214,23.469013,51.987087,7.271438
"Blair, Wisconsin",United_States,44.295,-91.23,32.29104,-87.25513,44.355114,-76.8924,37.876213,-47.40351,39.177822,-77.330666,47.612034,-87.91353,42.09048,-87.34734
"Blakeney, Norfolk",United_Kingdom,52.9542,1.01917,70.140656,-46.87422,35.54052,15.03277,56.082157,-36.286617,60.22957,-39.985367,50.85583,8.732764,58.877693,7.325436
"Blanca, Colorado",United_States,37.4393,-105.514,45.072697,-147.43175,18.464891,-134.59111,20.164318,-116.08944,22.14535,-133.4949,39.712776,-109.57384,37.998604,-113.17574
Blacktown,Australia,-33.7711,150.906,-24.239178,170.79068,-24.082615,208.49878,-5.180931,143.54025,-31.92281,220.22787,-28.250242,135.65758,-18.553638,127.10455
Blagoevgrad,Bulgaria,42.0119,23.0897,38.026157,22.669254,46.12599,41.90488,31.806639,19.104311,34.13353,48.751823,47.77979,41.848083,40.55229,12.344666
Blagdon,United_Kingdom,51.327,-2.717,51.295914,-4.1859455,74.06909,-12.164656,39.58704,48.981583,62.980606,-94.981316,55.553684,-4.6530075,54.52166,-1.0969934
Borrisoleigh,Republic_of_Ireland,52.7521,-7.9563,31.117989,21.415089,37.247517,-26.729141,27.615086,40.01649,41.861588,12.746273,49.54309,-17.485092,55.989754,-14.371619
Borujen,Iran,31.9653,51.2872,39.05417,25.870209,50.639595,26.658308,37.482567,29.528591,33.61116,26.408304,27.241848,27.53387,41.105515,49.68485
Borlänge,Sweden,60.4856,15.4364,60.080334,-33.035194,43.747726,70.70932,40.996918,8.740618,21.99857,72.70206,57.951004,17.510294,58.587242,5.872393
Bormio,Italy,46.4667,10.3667,68.557076,3.7929678,63.87176,39.568428,70.32153,33.414955,55.691074,-18.582184,42.068913,10.395325,50.31276,11.382242
"Borne, Overijssel",Netherlands,52.3,6.75,43.444,32.60996,48.696472,-1.1088364,50.842323,1.3830624,41.818398,-3.90975,48.255627,1.9755116,51.146988,1.0760078
"Boughton, Cheshire",United_Kingdom,53.187,-2.884,42.843727,22.867605,61.617508,25.382584,75.85396,10.465705,56.436844,-23.35873,51.101334,-4.715147,52.16108,-2.6822586
Boughton Malherbe,United_Kingdom,51.2141,0.69304,60.27546,-31.477982,30.067045,33.733078,54.154747,14.253314,29.754608,-30.124046,39.525475,-4.973543,48.89264,-9.713786
Boudry,Switzerland,46.95,6.83333,37.20352,26.17294,29.709337,10.57496,16.52095,1.7407558,45.82795,-2.195486,38.21937,23.045593,41.663628,0.29202175
Boudh,India,20.84,84.32,33.31437,79.57431,7.807831,112.90891,1.4514809,30.32663,17.503231,115.11286,33.669632,75.504715,30.05058,56.52337
"Bouarfa, Morocco",Morocco,32.5189,-1.9775,19.467041,-1.0282507,23.161964,-9.183463,-1.8583946,58.441868,25.865314,-5.3274803,29.86247,11.657473,21.179619,4.430296
Boscombe,United_Kingdom,50.725,-1.84,39.892708,38.227993,71.41989,-1.4168348,46.27273,-55.529305,43.81678,28.797026,39.529984,3.4883223,51.21706,-11.162694
Bossangoa,Central_African_Republic,6.48333,17.45,-2.2050762,40.670216,-7.190819,16.92848,10.339556,31.164995,8.126051,22.35994,-6.8647175,15.788881,0.8790493,18.12144
Bosa,Italy,40.3,8.5,25.579824,5.441146,24.60956,-57.05287,39.227554,41.126038,23.489105,-51.857674,14.909688,6.8735256,27.961561,-2.1232948
"Boscobel, Wisconsin",United_States,43.1364,-90.7042,41.48072,-64.60959,63.507565,-119.29996,50.09622,-93.142365,48.576073,-108.110985,44.59866,-96.137344,43.745922,-88.15746
"Boston, Texas",United_States,33.4415,-94.4196,31.679659,-49.361755,41.833042,-139.6189,42.54219,-146.47963,37.650826,-134.3298,25.062805,-93.16739,33.728367,-91.23233
"Bostonia, California",United_States,32.8189,-116.96,25.224987,-104.61182,37.931686,-144.91887,24.267338,-66.292244,30.468126,-106.819084,37.574265,-115.34473,37.028286,-111.91019
Botha's Hill,South_Africa,-29.752,30.74,-14.442787,36.68567,25.824574,14.634438,28.90583,27.848911,21.705404,21.412952,-19.143408,31.338839,-35.08062,31.519695
Bolzano,Italy,46.5,11.35,60.015835,55.06078,54.964947,21.351547,45.50277,47.575752,67.07769,-33.02909,40.264538,13.284089,51.01393,0.16780376
"Bonduel, Wisconsin",United_States,44.7403,-88.4453,25.110754,-62.55213,41.04409,-96.482605,49.607533,-149.50157,47.804386,-98.91609,46.37085,-84.75879,43.044765,-87.052216
Bonao,Dominican_Republic,18.95,-70.41,8.338813,-55.593853,5.1625633,-55.832233,22.389853,16.892036,12.4811735,-49.21299,-8.270464,11.430016,19.746342,-72.0139
"Bonaventure, Quebec",Canada,48.05,-65.4833,21.155521,-43.92974,43.453476,-74.01734,49.85523,-104.78078,49.0699,-100.87739,45.99076,-77.94174,45.65995,-74.78946
"Bonbeach, Victoria",Australia,-38.062,145.12,-25.430855,78.89172,-34.119324,130.24326,-56.414913,171.40451,-31.651894,137.44061,-39.73465,149.24266,-38.265274,143.89938
"Bolonia, Spain",Spain,36.0714,-5.69444,20.422422,-29.428944,18.76228,-32.380974,8.168531,-4.0014973,26.742819,-31.235065,35.244186,1.5993195,35.93297,10.433562
"Bolinas, California",United_States,37.9094,-122.686,35.790207,-104.56032,33.53607,-128.9777,36.95327,-87.12454,35.061886,-118.513145,35.23117,-112.67264,38.9435,-120.20704
"Bolivar, Pennsylvania",United_States,40.3947,-79.1517,52.11772,-51.479656,16.430347,-97.697464,22.234875,-115.28428,22.70523,-121.66631,37.416077,-82.86177,44.54847,-80.74717
Bolton Percy,United_Kingdom,53.8657,-1.19075,53.72342,10.329855,40.146534,-4.2367134,28.133732,15.33334,38.23005,-5.6173325,42.702946,22.719349,55.212387,9.794652
Boquerón department,Paraguay,-21.5167,-60.7,-12.057457,-41.516273,16.088577,-31.923046,17.9787,-43.142067,33.23976,-54.623306,7.1678753,-68.001724,6.90082,-64.0184
"Boquete, Chiriquí",Panama,8.78,-82.44,-0.47966194,-51.53153,11.380667,-126.19189,5.769161,27.489563,-14.935787,-71.0518,4.8062572,-83.60544,11.909964,-108.53817
"Borger, Netherlands",Netherlands,52.9167,6.8,37.956978,-6.262141,39.975315,-27.753164,34.323814,17.020016,34.279423,-21.104588,38.25744,13.2823105,47.410446,19.819214
Bordon,Hampshire,51.1124,-0.86425,55.875507,-32.54863,51.27263,-74.110634,35.75705,-24.985556,40.249207,-43.483368,45.19681,25.551098,38.4107,2.1981716
Bordj El Kiffan,Algeria,36.7375,3.19306,18.822794,18.486124,15.97606,-37.08272,5.426199,-40.88375,13.774228,-15.473148,37.72776,-3.1701317,32.024593,10.155497
Bonga,Ethiopia,7.26667,36.2333,-1.2378483,-8.30971,-7.018013,42.68963,40.57175,90.199234,-16.036228,19.35538,6.496542,33.06137,6.308201,45.64547
Bondi Beach,Australia,-33.891,151.278,-42.23212,163.73279,-3.018196,36.73203,10.574646,56.202896,-3.4153252,45.093475,-14.474142,92.39172,-41.16487,130.47105
Bonthe,Sierra_Leone,7.52639,-12.505,-4.3603916,-14.835361,4.1553783,45.5811,18.635956,58.366283,-1.5590954,52.535053,30.21249,23.20843,3.74012,-11.553044
"Booie, Queensland",Australia,-26.5333,151.933,-4.419344,100.359406,-24.304749,147.36847,-60.692867,227.53912,-54.23362,216.48117,-24.31082,156.25851,-21.781101,148.09106
Purbasthali I,India,23.3736,88.2553,27.148922,81.76875,37.00249,53.704395,48.72946,8.909698,30.241463,62.48411,17.516434,103.240875,24.588877,82.2015
"Purcellville, Virginia",United_States,39.1344,-77.7111,40.782608,-46.506374,47.01139,-108.58111,44.81998,-65.48829,40.755333,-82.46226,38.95548,-83.5215,36.91224,-78.34394
"Punturin, Valenzuela",Philippines,14.7381,120.998,12.289264,11.851078,3.7672977,4.105207,19.63618,-0.9475741,21.013525,-61.916985,11.505083,70.78588,14.109539,96.564476
Puri,India,19.8106,85.8314,15.504181,115.507706,28.985432,92.22904,47.135403,40.06512,40.83294,65.610405,11.132835,81.89032,22.141937,74.4019
Pusad,India,19.87,77.78,23.520782,30.813747,46.775642,27.104393,22.684391,66.23814,19.201382,72.34296,19.48342,69.792725,22.732971,63.227283
Purley on Thames,United_Kingdom,51.48,-1.046,44.14187,-2.6955528,39.27185,-0.5084281,24.189125,24.814533,29.759323,9.834158,50.037216,-5.952158,48.782043,-0.31640434
Purwokerto,Indonesia,-7.42778,109.242,3.8040504,108.54106,5.549198,110.93772,8.1219635,34.41678,-3.5855637,141.66893,-1.3834114,121.78821,-1.4661522,96.02871
Purworejo Regency,Indonesia,-7.71667,110.017,-6.239767,125.88255,-0.3833027,100.87524,13.235952,81.17349,1.5020638,86.35544,-2.7863197,106.074936,-0.18138885,103.14507
Purén,Chile,-38.0319,-73.0728,8.13797,-88.99931,35.23535,-12.525438,31.871603,-3.9506507,34.051697,-4.540413,16.644709,1.1974564,18.053295,-44.480103
Puerto Madryn,Argentina,-42.7667,-65.05,-16.967327,-76.824646,-9.926743,-100.317764,0.3683777,-68.463135,-3.2812347,-53.09178,-38.599037,-74.64807,-41.984375,-43.522762
Pune,India,18.5203,73.8567,11.86074,75.56828,0.8598957,111.528725,3.8011742,123.67881,32.222446,73.442154,17.916813,69.28015,23.49026,78.70246
"Pulaski, Tennessee",United_States,35.1958,-87.0344,50.468025,-66.326065,46.42405,-109.79605,42.787445,-85.26737,47.912262,-78.357254,35.841747,-94.32971,35.52185,-86.35662
"Puli, Nantou",Taiwan,23.9667,120.967,40.643166,74.24356,33.789753,83.86572,26.584845,80.9051,22.534071,140.72498,9.389847,100.96007,20.676157,115.89573
Purcari,Moldova,46.5389,29.8567,36.060028,2.2996778,45.192005,-11.58725,24.816755,2.3472893,29.090303,22.049768,11.187891,7.1144075,40.184925,-4.42006
Płońsk,Poland,52.6333,20.3833,55.107475,-1.134253,34.83061,-3.756318,35.238636,13.394967,47.030968,-22.072842,51.182907,-5.2751675,52.264874,11.143408
Pétion-Ville,Haiti,18.5128,-72.2864,16.796741,-87.21243,30.915878,-13.763446,32.639652,-23.932028,46.339367,-28.168694,16.024807,-28.238995,12.168045,-49.410835
"Puttur, Karnataka",India,12.7648,75.1842,7.450678,85.64702,3.7853432,125.72424,17.471157,84.8626,6.321146,65.4227,17.367474,91.013306,18.433783,61.05986
Pułtusk,Poland,52.7,21.0833,57.895813,-91.7254,43.711075,55.467136,35.085964,55.643974,54.776577,54.749626,46.909058,22.462355,55.926872,21.194473
Puttaparthi,India,14.166,77.811,15.052273,43.021564,21.403347,62.978695,34.903175,60.732327,12.555089,34.49651,9.227707,80.918,15.895922,77.86668
"Pánuco, Veracruz",Mexico,22.05,-98.1833,13.145481,-60.19358,20.848637,-40.535297,17.915115,-47.588898,25.083008,-40.175415,20.649908,-102.24838,18.850819,-87.31686
"Pymble, New South Wales",Australia,-33.7631,151.135,-30.049744,159.78734,-24.346485,129.03198,-11.504562,112.55738,-19.847546,133.018,-35.49063,151.52246,-32.561928,153.52695
Pweto,Democratic_Republic_of_the_Congo,-8.46667,28.9,-1.1678619,26.333328,-15.453709,38.192333,18.966602,3.2596066,-18.13755,51.946846,-14.354681,34.913025,2.681221,27.100346
Puerto Lempira,Honduras,15.2667,-83.7667,2.650505,-79.47345,-3.201191,-104.03171,-2.781517,-85.802795,-12.211758,-77.03708,6.808819,-85.76692,13.370144,-102.18776
Province of Valencia,Spain,39.3333,-0.833333,36.333908,-39.814377,22.46909,7.576357,20.62994,8.527826,21.608513,14.685729,34.60501,11.22827,35.75351,-1.1054487
Province of Zaragoza,Spain,41.5833,-1.0,44.038727,-74.78308,22.485317,14.351268,21.074476,7.5885572,24.526459,28.814579,27.88741,-10.131382,37.22817,5.8969083
Province of Salamanca,Spain,40.8167,-6.0,21.200874,0.58134556,16.425507,-0.9657241,20.184872,6.414117,13.744185,8.857662,26.70431,-20.245007,34.55889,-12.784598
"Providencia, Chile",Chile,-33.4333,-70.6167,-27.600216,-68.145996,-23.96902,-82.15587,-12.978161,-50.378105,-29.268261,-93.21079,-28.850077,-56.114155,-30.833862,-67.584335
Province of Albacete,Spain,38.8333,-2.0,22.85657,-58.039482,23.17675,-7.4488807,27.269306,-2.4504461,26.887072,-1.9560432,39.409912,-20.69812,36.91269,-9.714877
Province of León,Spain,42.6667,-6.0,40.336994,-53.017838,25.250664,-4.2210975,26.992846,5.9643927,22.36593,3.4603252,30.242043,-12.387627,35.516396,-6.181884
Province of Ciudad Real,Spain,39.0,-4.0,20.837523,-11.350708,18.819475,-6.150863,7.258379,4.7436256,12.720626,2.0806751,42.534935,-18.539402,33.295727,-25.828156
Province of Cáceres,Spain,39.6667,-6.0,25.445732,-53.857502,17.56772,24.105856,25.613068,5.8956985,21.661278,12.649974,20.146397,-42.25581,38.0156,-17.313862
Province of Cádiz,Spain,36.5,-5.75,19.308521,-51.057465,28.756721,-4.719544,33.667934,-11.40155,21.598038,25.159828,33.50704,-28.85463,37.59802,-17.874775
"Prospect, New South Wales",Australia,-33.7992,150.926,-33.460915,136.91145,-5.752907,79.659706,-8.009602,88.05415,-10.619995,81.99538,-29.681696,133.67476,-36.271217,160.10281
Ptuj,Slovenia,46.4194,15.8694,47.333794,27.05238,49.87372,2.6393409,33.195244,5.638792,47.247498,16.159706,38.799423,-12.216436,45.820423,8.518575
Pu'er City,China,22.7868,100.977,31.366142,97.39845,14.47053,40.44659,4.3376484,107.512955,11.765651,19.551258,29.429125,119.37134,27.618843,90.26097
Puchong,Malaysia,3.0019,101.627,12.429846,69.11609,16.945328,108.92538,16.899574,111.74797,5.2148438,114.40898,17.690102,115.165726,-2.2058754,107.489586
Puerto Barrios,Guatemala,15.7133,-88.5899,12.662886,-138.86215,-10.165092,-60.380276,-5.41605,-83.83132,-8.348381,-91.922585,4.1879616,-100.01788,18.48769,-93.5528
Puerto Boyacá,Colombia,5.97806,-74.5897,9.34718,-28.495623,-7.856983,-104.69846,-12.391567,-119.383255,-14.311665,-93.28083,3.400797,-80.597275,-0.76506424,-93.498566
Prudentópolis,Brazil,-25.2128,-50.9778,9.166021,-18.588633,28.69652,-18.312218,30.060877,22.666033,26.811193,-57.982033,-15.610659,-68.73988,-27.70002,-63.730694
Prienai,Lithuania,54.6333,23.9417,78.40411,-52.733315,68.78638,-28.097506,31.923326,-13.704338,56.054565,-27.753098,35.0448,26.414028,53.239075,20.195885
Qeqertarsuaq,Kingdom_of_Denmark,69.2472,-53.5333,42.157375,-35.87931,35.115242,-37.17784,28.334152,57.133457,36.883446,0.8119278,44.43923,-37.33465,67.72032,-45.08199
Qatif,Saudi_Arabia,26.556,49.996,30.917095,11.581968,35.608086,45.398598,25.879074,63.263184,36.106243,52.338966,33.90233,24.062542,28.288883,42.3684
Qardho,Somalia,9.5,49.0833,21.212519,54.458157,11.136917,62.799892,10.10219,78.88494,9.849291,65.39639,27.681448,47.780025,37.272797,23.417713
Qardaha,Syria,35.4572,36.0597,39.573936,-10.271362,37.221523,12.833594,39.36684,0.59026194,32.571053,25.16789,30.85966,32.454514,41.00338,41.834385
Qir,Iran,28.4825,53.0347,28.180414,36.765,22.10092,84.10632,23.743225,117.239685,25.184074,40.60911,36.487705,29.863842,37.131313,22.771595
Qinhuangdao,China,39.8882,119.52,45.033432,60.633175,58.530544,67.76646,19.112167,131.20055,32.765514,98.08502,38.852196,111.6469,35.59052,142.40192
Qiemo Town,People's_Republic_of_China,38.1344,85.5303,42.690376,65.86888,29.794191,63.946445,22.892147,19.037363,21.21454,63.934708,15.26668,117.910614,35.399868,83.59742
"Qian'an, Hebei",China,39.999,118.701,19.938553,119.317764,57.34864,149.62704,34.86827,113.606224,58.152866,113.58912,35.315857,122.38315,36.27233,105.76547
"Qeshm, Hormozgan",Iran,26.9581,56.2719,26.954205,32.80019,49.381485,10.261069,53.932083,31.594625,31.380108,78.33217,34.681557,57.92738,33.340366,48.22532
"Quasqueton, Iowa",United_States,42.3947,-91.7592,43.37944,-75.416245,45.871307,-102.86797,45.77561,-145.99895,45.826183,-124.98313,40.407135,-90.36426,43.65704,-91.70065
Qubadli District,Azerbaijan,39.2667,46.5333,47.25444,29.356964,37.47249,31.13773,39.014076,44.719654,32.018387,39.433685,28.114079,49.956264,39.655067,59.042694
Quanzhou,People's_Republic_of_China,24.8744,118.676,28.975533,129.14584,33.31964,152.18811,42.818077,93.40981,51.70762,139.89493,31.612635,119.056076,31.884224,119.16747
Queen Camel,Somerset,51.0203,-2.578,55.606438,-6.137615,17.268911,24.199347,13.794933,58.312115,19.205963,54.42962,15.627208,27.097683,55.656418,-5.5895815
"Quakers Hill, New South Wales",Australia,-33.7361,150.878,-42.823162,123.31125,1.434967,63.10124,3.2260017,61.51915,0.90351295,58.33069,-35.26725,155.07997,-29.62489,140.98027
"Canyon Lake, California",United_States,33.6842,-117.256,51.24066,-132.08125,35.7647,-104.074196,27.549797,-90.07642,28.863668,-84.81027,38.14888,-132.36995,35.1538,-130.27019
"Cantua Creek, California",United_States,36.5014,-120.316,34.853664,-90.30615,13.388706,-75.61483,25.59643,-106.450005,10.683861,-83.71399,33.967445,-122.37422,37.118847,-117.9773
"Cannonvale, Queensland",Australia,-20.2863,148.687,-18.377361,108.953415,-42.253304,178.78847,-60.692867,227.53912,-54.23362,216.48117,-23.72339,145.21233,-25.259815,150.8751
Canonbury,United_Kingdom,51.5437,-0.0883,54.826813,70.79526,32.163956,76.907616,42.77769,9.917363,38.09509,46.895195,31.659525,14.420994,56.128242,6.990062
Canons Ashby,Northamptonshire,52.148,-1.1559,36.8197,24.804176,45.485004,-5.7076097,63.638878,-47.669346,49.723602,-5.8978004,65.11472,-18.668167,55.143005,3.3489542
Canossa,Italy,44.6,10.4167,37.520573,118.04181,37.97081,110.68544,45.393997,-15.915342,25.026072,108.45819,42.653526,4.533992,38.142715,17.746536
"Cape St. George, Newfoundland and Labrador",Canada,48.47,-59.25,34.348152,-58.405518,30.668653,-28.295427,23.30478,-18.086088,24.233023,-14.665699,43.530502,-47.85226,51.104675,-67.487144
Capena,Italy,42.1403,12.5403,39.776756,-13.443928,40.499916,30.274729,40.75624,63.394363,23.733479,8.803074,31.842308,15.059596,31.870073,-14.029508
Cape St. Francis,South_Africa,-34.1969,24.8381,-11.557152,6.7934036,14.946103,-3.630919,16.765072,5.9522333,13.062927,14.561472,4.460392,-16.869724,-26.4231,6.288954
"Canóvanas, Puerto Rico",Puerto_Rico,18.3792,-65.9014,13.285905,-133.58835,10.95639,-54.68957,0.6996193,-75.70239,11.200962,-51.950813,21.68943,-75.6223,18.757607,-66.92033
"Cap-Saint-Ignace, Quebec",Canada,47.0333,-70.4667,44.17334,-109.2164,51.588387,-90.18702,48.260048,-111.845375,49.207985,-95.66723,48.587337,-87.44617,48.708755,-75.58885
"Cape May, New Jersey",United_States,38.9333,-74.9214,50.451668,-107.760605,16.169983,-22.282421,16.356537,-24.867357,9.445745,3.0320244,37.69229,-84.64801,37.499226,-87.48837
"Canal Point, Florida",United_States,26.8619,-80.6306,24.75388,-71.2439,30.098238,-63.821964,30.803602,-85.28569,27.811733,-67.77352,27.63749,-80.200714,26.733343,-82.280235
Canale Monterano,Italy,42.1333,12.1,31.129227,-11.644478,48.091522,3.4898076,19.10176,-20.199461,29.255186,-23.095577,21.70899,17.749628,45.10108,7.011399
Canale d'Agordo,Italy,46.35,11.9167,34.459835,15.61235,43.762894,-3.9455023,19.10176,-20.199461,29.255186,-23.095577,24.968033,-5.743,48.900787,-2.0257711
"Camuy, Puerto Rico",Puerto_Rico,18.4839,-66.845,32.247456,-121.07066,9.054665,-119.390564,-1.5591202,-65.58001,1.2463074,-85.795105,19.533197,-83.54988,15.369507,-63.224545
Campobasso,Italy,41.5667,14.6667,56.10214,22.354057,42.558586,29.654125,38.22712,6.8073893,51.226524,6.09659,24.548014,-0.058279037,35.685226,5.443863
Campo de Mayo,Argentina,-34.5333,-58.6667,-10.093246,-38.6737,14.586274,-61.509586,3.2774715,-70.71435,11.152782,-67.33743,-11.528166,-70.77907,-0.9392967,-28.31174
Campos do Jordão,Brazil,-22.7389,-45.5908,-1.3296547,4.3680573,18.334599,-18.021202,16.783085,-28.820152,22.407377,-27.885307,-11.568945,-36.610573,-17.619453,-53.077045
Canford Heath,United_Kingdom,50.7513,-1.96194,39.223114,32.781475,48.196743,10.869216,49.68107,-32.457737,38.18288,-22.727627,49.755753,-3.2654152,50.78277,3.943263
"Canley Heights, New South Wales",Australia,-33.885,150.928,-22.987171,91.302414,-11.091522,101.59097,-7.4942513,83.35109,-9.401157,90.10376,-33.88076,158.60832,-31.463867,150.32063
Canelli,Italy,44.7225,8.29361,38.285152,4.5479727,39.796192,3.636788,31.778702,43.306366,42.79963,-6.1799088,39.37741,21.13066,46.393787,0.75094795
"Carlisle, Iowa",United_States,41.5011,-93.4903,30.340197,-66.18686,44.196335,-92.48746,43.440304,-63.358677,55.51831,-94.90872,42.78611,-95.6111,43.07589,-97.32176
"Carina Heights, Queensland",Australia,-27.5063,153.092,-19.777435,169.30367,-11.426258,108.18153,-7.394394,115.83844,-9.541111,94.82612,-23.869196,152.7671,-26.158157,145.58174
Carinthia,Austria,46.761,13.819,37.60353,35.8513,59.123577,-3.8274379,49.855217,-21.177877,35.886044,20.385817,44.36408,21.06345,48.660957,27.569485
"Cardington, Bedfordshire",United_Kingdom,52.1161,-0.4139,56.3278,-67.72339,64.61691,-46.098892,64.247536,-13.326294,51.835846,-45.39762,53.78186,3.9666138,54.426445,-7.2624846
"Carnegie, Pennsylvania",United_States,40.4069,-80.0867,43.781597,-112.0706,38.9327,-84.63319,57.50833,-98.54682,46.671314,-63.531876,40.476917,-74.92508,39.2706,-73.92554
"Carneys Point Township, New Jersey",United_States,39.6948,-75.4452,55.638546,-86.10695,28.913244,-30.039528,31.846914,-30.752827,21.80129,-29.855675,37.29669,-68.627625,37.087296,-72.260185
Carmignano,Italy,43.8167,11.0167,39.47709,12.935818,52.276443,-7.31299,35.442307,-7.2319956,40.71068,13.644097,52.60459,14.874199,48.617867,26.673916
Carlow,Republic_of_Ireland,52.8306,-6.9317,49.3674,-27.097738,56.063457,-3.257948,38.89131,43.75975,65.82024,-31.570652,52.03452,3.5128813,59.93789,-21.948864
Capreol,Canada,46.7,-80.9167,41.094475,-102.6996,56.912018,-94.11886,52.774788,35.373615,44.57047,-35.5122,26.005209,-3.5142612,39.39295,-59.60863
Capua,Italy,41.1056,14.2139,58.965,37.718075,37.614662,-1.4177258,36.468792,51.593555,38.187233,64.27342,37.61707,19.68801,36.15374,13.266882
Caquetá Department,Colombia,1.61667,-75.6,-14.307747,-43.451347,20.820778,-32.851044,7.1349545,-46.6601,2.7480202,-33.46745,-4.132967,-87.22215,5.823578,-87.72516
Capitán Bermúdez,Argentina,-32.8167,-60.7167,1.5714035,-37.244892,29.808447,-40.028885,33.5656,-22.146221,27.659748,-32.556026,-15.533617,-83.877914,-32.41239,-83.162125
Capo d'Orlando,Italy,38.15,14.7333,13.165446,31.283272,25.452356,-25.480738,12.209188,12.695274,38.15267,-48.918495,41.59729,13.816285,40.015057,17.98465
"Carbondale, Colorado",United_States,39.3946,-107.214,55.460205,-124.32301,50.5627,-152.28064,43.47927,-129.88222,44.407333,-145.37048,40.3402,-111.36513,38.784668,-113.18758
"Carbondale, Illinois",United_States,37.726,-89.22,56.738678,-114.82068,49.587856,-130.89035,46.829704,-104.96694,44.096466,-123.92661,40.080833,-93.343124,39.993183,-93.797035
"Caravaggio, Lombardy",Italy,45.5,9.65,53.946262,18.965559,47.560234,11.651746,54.669525,6.5285177,45.408,37.85962,47.42222,24.111557,45.957626,10.075543
Caistor,Lincolnshire,53.494,-0.322,66.60297,0.7312889,64.50329,-61.027077,35.260757,73.328026,66.71832,-10.682098,37.728413,11.676939,52.228252,10.580103
"Calamus, Iowa",United_States,41.8267,-90.7597,45.84809,-25.889843,32.597122,-74.16154,31.53511,-91.36042,33.84252,-75.219284,45.756382,-95.17963,42.136406,-91.25749
Caivano,Italy,40.95,14.3,41.390335,-28.782913,53.09025,-22.811958,17.953655,22.09175,30.387524,-53.54686,35.432663,-3.753437,-4.0711555,44.99531
"Calhoun, Louisiana",United_States,32.5128,-92.3586,28.727232,-90.20204,32.496506,-117.89715,45.837105,-151.7862,35.492645,-128.34778,31.100487,-101.862595,32.84364,-94.52233
"Calera, Alabama",United_States,33.1028,-86.7536,48.35943,-98.49112,17.663738,-120.02635,28.027617,-104.99785,24.533712,-105.68864,32.63198,-89.91243,32.862614,-97.3382
Calbuco,Chile,-41.7667,-73.1333,-4.3665276,-58.285625,-17.635914,-59.43453,17.682486,-35.67279,-25.094902,-41.693016,-6.8867283,-42.947086,-13.836254,-27.420338
Calderdale,United_Kingdom,53.72,-1.97,55.057056,33.96528,46.992714,-46.98688,25.348972,29.000658,51.340347,8.424242,54.605732,-16.385128,57.7738,6.576355
Calderara di Reno,Italy,44.5667,11.2667,26.706772,16.97343,37.45024,-38.726192,31.87762,-6.4914074,43.07962,-19.142525,43.71449,-7.592869,40.144894,22.32911
Caerwent,United_Kingdom,51.611,-2.765,62.511116,-11.008234,49.788666,7.177359,20.380402,54.191387,44.40656,-2.617138,48.492744,-16.800945,54.936424,-4.7937193
Caerano di San Marco,Italy,45.7833,11.9333,30.296726,10.749777,30.487139,-9.336415,34.24346,-7.0270004,29.689026,3.3767166,39.590004,11.122911,44.26922,17.806156
Caerleon,United_Kingdom,51.615,-2.959,43.461815,46.509266,32.14609,16.473404,6.2071095,131.9067,17.549286,87.10019,33.671528,9.141735,52.620926,-3.794571
"Caetés, Pernambuco",Brazil,-8.77278,-36.6228,-10.667057,-1.958221,17.643276,-10.248995,14.198032,-35.037125,15.40328,-43.363083,-19.2637,-41.385494,-10.796333,-68.566475
Cachoeira do Sul,Brazil,-30.0392,-52.8939,-2.2113647,-25.92135,-9.369682,-7.1245074,4.667942,-40.3186,-7.3532486,-2.0188332,-19.432947,-42.580124,-27.720284,-45.466675
Camerino,Italy,43.1403,13.0689,35.98979,37.436897,36.8933,14.257419,21.819933,36.84888,59.95135,-1.1734219,31.063152,-16.259663,38.83569,14.771358
"Cameron, Texas",United_States,30.8544,-96.9786,29.80397,-89.23241,24.384172,-81.83099,28.357805,-102.62036,29.34048,-87.67323,31.835876,-99.486115,30.873623,-98.41289
"Camp Douglas, Wisconsin",United_States,43.9211,-90.27,58.834614,-77.297195,43.084164,-77.31145,41.806408,-58.98268,40.89565,-71.74636,43.945496,-96.183426,39.650772,-73.12566
"Camira, Queensland",Australia,-27.635,152.92,-18.1857,101.26805,-36.585304,190.10449,-60.692867,227.53912,-28.961246,162.4938,-27.191053,145.42097,-24.806911,153.04332
Cammeray,Australia,-33.8167,151.217,-22.477543,169.61357,-36.79081,192.94345,25.33235,35.489185,-19.063244,162.03473,33.234108,4.26073,-18.133251,123.16967
Campeche City,Mexico,19.85,-90.5306,25.054478,-117.11061,18.482641,-46.613106,19.577473,-2.2946706,10.215495,-16.103848,19.23537,-85.04169,18.25305,-37.80742
"Camperdown, KwaZulu-Natal",South_Africa,-29.7333,30.5333,1.5107594,32.626823,-23.720524,109.00934,-18.575722,94.63871,-34.37883,93.08489,-36.01069,37.797928,-29.020237,31.615074
Campo de Gibraltar,Spain,36.1333,-5.45,28.756886,-26.616526,19.88999,-39.395214,4.1329117,-29.734247,15.637257,-64.09841,26.33689,-15.193748,37.797928,-10.185433
Campbell Bay (Great Nicobar),India,7.00757,93.9048,-6.898279,142.79308,18.840881,25.920773,30.290016,4.9681387,21.532677,20.628288,3.1543427,86.08087,-1.0954704,64.38317
"Calpella, California",United_States,39.2336,-123.204,33.871555,-57.639023,34.471275,-96.430664,31.63489,-156.80975,30.178513,-127.12351,40.09292,-122.385025,37.486675,-113.603096
Calne,United_Kingdom,51.438,-2.005,45.03432,124.27042,45.464073,-22.067842,34.914345,28.532722,54.67198,23.28684,58.732403,-0.98280716,58.58337,-17.199028
Cali,Colombia,3.42056,-76.5222,-13.409294,-71.30442,10.502531,-86.504585,21.171593,-136.16858,2.964344,-55.28553,20.889503,-24.92651,32.791172,-47.936157
"Califon, New Jersey",United_States,40.7192,-74.8369,18.008972,-38.21193,34.934856,-41.078644,31.248058,-35.39814,29.770927,-48.870155,44.138542,-86.70296,41.327915,-76.181625
"Calipatria, California",United_States,33.1256,-115.514,42.048424,-120.53142,39.41016,-124.07773,31.521605,-68.59283,33.275055,-111.46859,38.136787,-116.726944,36.448444,-118.44247
Callao,Peru,-12.0333,-77.1333,-17.225582,-75.237885,-24.756863,-46.16695,0.011600494,17.813227,-18.89397,-53.202866,-5.0846844,-13.201324,-8.405125,-80.973694
"Camargo, Chihuahua",Mexico,27.6869,-105.173,42.609383,-118.975204,15.560072,-109.145546,5.3662243,-80.696266,4.2443676,-81.57816,18.50903,-90.31479,21.548992,-96.246056
"Cambria, Wisconsin",United_States,43.5428,-89.11,52.800213,-131.69296,52.20376,-130.694,42.461594,-116.70444,46.57263,-100.360794,42.917717,-92.10344,44.095528,-91.52356
"Cambria, California",United_States,35.5542,-121.088,55.45751,-146.00084,41.726532,-130.2465,33.47527,-120.35862,35.887943,-95.70902,39.157246,-109.03467,35.89732,-122.48766
"Camber, East Sussex",United_Kingdom,50.94,0.8,35.54048,41.95947,40.66328,28.771725,31.102787,44.872093,38.243645,15.361977,46.878265,8.282056,52.16754,-0.3840742
Camberley,Surrey,51.335,-0.742,43.38527,43.4619,39.905758,-19.850128,44.728874,6.3326616,63.536777,27.525343,51.01935,-6.27528,57.57624,-3.2419472
"Calverton, New York",United_States,40.9206,-72.7364,40.547333,-89.67297,30.449097,-35.490963,28.285963,-33.10197,34.974632,-33.037346,42.051937,-67.86133,41.47944,-74.56868
Calvillo,Mexico,21.85,-102.717,15.79645,-47.358944,21.31645,-92.612595,15.433874,-4.204318,17.317705,-131.07858,34.535477,-50.22925,37.659718,-66.78227
Calvisano,Italy,45.35,10.3333,29.841442,53.25679,20.733948,27.246946,18.678576,-5.0543594,33.596394,3.3154602,36.551495,-21.761066,45.99553,8.428372
"Calwa, California",United_States,36.7106,-119.759,39.086212,-89.15805,38.589546,-113.24692,31.63489,-156.80975,30.178513,-127.12351,33.594414,-112.682556,37.91582,-119.273735
Cam Ranh,Vietnam,11.9136,109.137,16.940002,119.84546,31.67384,64.99776,39.665768,-50.146267,18.0768,36.273773,9.58036,95.83617,10.276587,119.51474
"Calverton, Buckinghamshire",United_Kingdom,52.0414,-0.85,54.048275,-45.662544,53.01465,-19.203514,55.739883,-6.116946,58.69316,-29.660202,54.512306,-12.338079,50.5962,1.9734983
"Prentice, Wisconsin",United_States,45.5222,-90.2817,36.26663,-33.953323,49.599308,-92.69249,49.68461,-86.29265,49.703377,-97.13722,43.949707,-87.97861,44.685966,-90.37277
"Prelate, Saskatchewan",Canada,50.852,-109.409,45.1222,-48.026096,39.49621,-107.2077,37.196323,-58.23002,33.017906,-50.289948,45.62461,-115.92973,44.53018,-121.561455
"Prairie du Rocher, Illinois",United_States,38.0831,-90.0958,46.48515,-99.09271,36.66425,-81.792725,46.421726,-98.20698,34.56466,-50.861336,41.02869,-92.7281,39.992493,-93.97651
Pravets,Bulgaria,42.8944,23.9156,42.15162,28.4147,48.724907,45.252907,44.4038,-51.41479,47.515453,46.78342,33.93567,46.116478,44.789436,24.422207
"Prahran, Victoria",Australia,-37.852,144.998,-32.61222,148.12152,-45.708603,156.46541,-29.913326,119.04688,-35.790985,156.48257,-41.19731,151.58304,-36.92881,142.00066
Poyntzpass,Northern_Ireland,54.287,-6.372,51.025764,43.969585,57.906826,17.608677,49.02616,-52.20312,44.224686,26.02948,39.836327,-49.47443,55.14241,-9.550397
"Počitelj, Čapljina",Bosnia_&_Herzegovina,43.1333,17.7333,32.38372,31.452286,44.74615,89.27315,35.44197,43.136265,38.943233,87.27101,52.655724,7.5972166,39.112415,-4.511983
"Poynette, Wisconsin",United_States,43.3922,-89.4008,37.12429,-93.34221,56.180046,-128.05962,49.607533,-149.50157,50.048107,-114.4152,45.51235,-90.57768,41.84572,-85.722275
Pozo Almonte,Chile,-20.2667,-69.8,-19.114944,0.5223179,20.61792,-80.18231,44.914013,-77.076195,28.168863,-117.94376,4.6580753,-81.51778,25.506338,-63.177776
Pragelato,Italy,45.0167,6.95,70.43881,-1.3607144,71.52167,37.995316,56.702377,39.10597,51.82937,-1.1816273,37.970886,13.884836,48.561428,20.278217
"Pound Ridge, New York",United_States,41.2078,-73.5797,37.41589,-62.985043,30.58184,-23.921825,29.717358,-41.12201,31.188189,-8.051567,41.21882,-74.8795,40.728313,-74.84928
"Prichard, Alabama",United_States,30.7481,-88.1003,23.42205,-95.83615,35.8924,-70.91904,42.956615,-84.817055,46.81885,-51.844696,32.27175,-77.115265,33.998486,-96.244484
Prince Alfred Hamlet,South_Africa,-33.2899,19.3271,-9.947216,44.088966,34.051003,-0.18350315,33.287323,-5.5601625,24.231152,65.88908,24.633429,-6.0178337,42.4461,-1.1977043
"Prospect Park, New Jersey",United_States,40.9416,-74.1741,29.799335,-87.516815,29.408926,-33.63389,26.671833,-23.01875,18.920126,-12.874004,40.2341,-79.67503,39.945198,-80.306114
Proven,Belgium,50.8903,2.6575,46.30908,59.98064,39.897175,-39.813587,26.46676,0.68825245,51.1604,-33.532192,18.768501,3.3334236,19.886082,4.168567
Preston Brook,United_Kingdom,53.318,-2.654,53.34488,-4.624733,43.02828,-15.95957,46.20227,-55.67365,44.62984,-20.337181,39.64649,-1.4590588,42.98312,13.668684
"Preston, Victoria",Australia,-37.743,145.008,-8.828207,127.0004,-12.79002,89.162224,-6.058243,59.556774,-12.073364,74.84362,-37.581886,135.71698,-33.513695,145.59587
"Princeton, Wisconsin",United_States,43.8503,-89.1297,34.43215,-100.25949,48.751785,-112.47698,51.443718,-136.88489,41.509426,-113.93786,39.496105,-87.294174,44.80375,-87.2327
Prizzi,Italy,37.7167,13.4333,44.862297,-46.64777,31.337208,5.4427476,42.70659,-39.62004,38.006226,-70.895294,39.312843,24.949255,38.758938,3.1402502
Caserta,Italy,41.0667,14.3333,26.632074,41.853313,40.50647,-5.5122137,38.05332,27.68859,62.776012,-7.124901,36.199978,23.10186,40.611946,5.658527
Cascade City,Canada,49.0167,-118.2,41.72324,-58.163967,30.772753,-25.8596,34.79492,-4.960177,22.804226,3.2825947,34.48359,-72.42256,27.026962,-36.41781
Casale Monferrato,Italy,45.1333,8.45,23.460054,1.0332289,29.411036,17.613098,48.750717,-1.8572657,58.140255,-52.9636,45.663063,20.981918,43.056293,0.6531658
Casarsa della Delizia,Italy,45.95,12.85,36.39535,-6.4563756,56.59208,23.505901,51.53932,27.493702,43.857113,20.406412,44.414993,13.692879,42.460682,6.911317
Cassano Magnago,Italy,45.6833,8.83333,35.085,56.813923,49.225132,8.578423,39.955437,-26.193123,50.859844,-19.637028,42.068775,-5.110111,45.059452,7.3718433
Cassano d'Adda,Italy,45.5333,9.51667,40.378708,32.1656,58.85987,-27.9315,43.04667,3.187619,49.077225,-42.79956,46.52198,9.822586,45.897495,0.22855759
Carrickmore,United_Kingdom,54.6,-7.05,64.971535,-39.669502,53.966,-20.84842,49.356052,-47.863415,51.66772,-20.541195,53.26449,-4.637062,58.566875,-15.362151
Carrigtwohill,Republic_of_Ireland,51.9094,-8.25727,62.15309,-29.765306,48.824104,9.147475,52.568798,38.01628,36.608704,40.890625,41.166195,23.031366,46.405567,-5.528163
"Carpi, Emilia-Romagna",Italy,44.7833,10.8833,62.530308,-5.0482717,37.889786,-4.2536907,43.64034,11.549722,33.04062,41.868362,38.898754,19.87796,42.205177,13.933527
"Carolina, Puerto Rico",Puerto_Rico,18.4061,-65.9672,41.60575,-179.41101,8.00526,-124.27627,5.883419,-133.87753,5.683134,-108.302986,22.091686,-69.081924,17.366821,-90.03424
"Carpinteria, California",United_States,34.3992,-119.516,56.341106,-163.86653,40.660362,-165.07796,26.954287,-98.70185,32.087173,-126.638985,22.324867,-107.328156,35.182114,-114.84561
Carrara,Italy,44.0792,10.1,25.043535,39.20231,13.702585,74.84206,22.314302,86.89809,19.818882,83.72487,27.770288,-0.98509216,41.033363,17.016365
"Caryville, Florida",United_States,30.7756,-85.8106,28.564829,-74.45064,32.952377,-121.525764,19.571535,-63.88509,37.46463,-105.777336,31.140415,-84.195526,30.129217,-81.952934
Carúpano,Venezuela,10.6722,-63.2403,-6.4957447,-62.065998,32.370552,-2.033053,38.63716,-27.639078,33.598824,52.85959,0.4759922,-96.016174,12.1580715,-84.36417
"Carver Ranches, West Park, Florida",United_States,25.9917,-80.1917,31.13023,-88.941284,21.146389,-57.29459,20.584953,-45.761566,20.936996,-40.13356,27.505968,-88.74332,32.341454,-81.41261
"Cartwright, Manitoba",Canada,49.1606,-99.5708,42.94416,-66.53581,48.161728,-69.63904,34.13007,-35.163822,37.24182,-59.827232,43.576473,-78.873215,53.340515,-102.51324
Caruaru,Brazil,-8.28278,-35.9758,-18.947556,11.688255,2.2985191,-64.82413,24.193623,-45.984406,3.8737812,-43.53479,-4.6801014,-6.213995,-24.773964,-56.00649
"Carrington, Greater Manchester",United_Kingdom,53.431,-2.392,36.09682,-7.2876654,26.436052,-7.841715,33.84131,8.925965,31.005743,4.470188,48.68599,-2.2183056,54.1734,-7.109147
"Carrum Downs, Victoria",Australia,-38.096,145.178,-42.393085,129.95514,-30.957104,104.54518,-5.4568863,64.97642,-29.773506,118.26771,-40.402107,144.01808,-38.88285,144.76257
"Carseldine, Queensland",Australia,-27.3466,153.018,-21.93642,120.624954,-38.430504,197.61171,-6.366974,123.14196,-40.041306,201.07492,-26.148798,148.74838,-26.635784,150.68246
"Cartago, Costa Rica",Costa_Rica,9.86667,-83.9167,29.386871,-84.41354,3.4604664,-93.13869,5.552904,-56.627895,-0.5358486,-60.75927,7.6969852,-82.57797,2.604206,-69.64948
"Carson, Iowa",United_States,41.2357,-95.4184,33.741287,-62.21949,34.805218,-115.43476,30.639824,-96.93922,46.674065,-127.227,42.738136,-94.02873,42.607903,-89.24694
"Carson City, Nevada",United_States,39.1644,-119.767,37.671524,-152.20813,28.061903,-66.56325,18.49852,-43.73989,36.12051,-84.26649,45.572475,-123.480804,38.29475,-108.30848
Potters Bar,United_Kingdom,51.698,-0.183,71.60593,-34.427406,39.684174,-10.426464,33.25672,-37.6281,39.13171,-23.388954,48.51274,4.3471127,47.324997,7.1174226
Ben Aknoun,Algeria,36.75,3.0,15.471251,-0.44406128,15.233881,-4.428908,12.673788,-20.652262,14.0827875,-9.487408,37.70546,-24.06836,29.13893,31.418201
"Potamia, Cyprus",Cyprus,35.0419,33.445,44.93027,11.854185,36.727444,18.648344,19.322674,72.9484,37.329124,33.524536,46.086357,13.1092615,32.371746,34.685135
"Castelverde, Libya",Libya,32.75,13.7167,28.462101,58.424923,32.882023,20.329496,29.410137,13.324527,41.658066,-23.564056,21.27597,9.971909,26.14656,22.358994
Castle Carrock,United_Kingdom,54.891,-2.715,61.401516,-37.120316,46.89907,1.4100368,62.81968,23.88226,54.604523,5.800064,55.89334,16.48101,53.077797,6.9903007
"Casterton, Cumbria",United_Kingdom,54.211,-2.575,42.04728,6.9740925,37.80155,35.425434,57.854977,33.11745,36.968056,41.20395,55.702145,2.154295,54.306076,-8.393357
"Castletown, Isle of Man",United_Kingdom,54.074,-4.654,24.402403,39.517094,39.389965,-2.999567,40.49554,3.264333,44.264503,16.49797,50.809776,-10.364677,51.80371,15.5234165
"Castro, Paraná",Brazil,-24.7908,-50.0119,-8.518301,10.005859,4.400463,30.524305,13.064491,-9.5602255,6.760172,-58.659454,-21.903658,-43.38209,-16.388786,-52.792202
"Castle Hill, Queensland",Australia,-19.2558,146.798,-16.97726,128.34552,5.5467415,79.78062,10.344206,93.09012,9.049362,81.45866,-21.25836,141.98413,-26.033066,157.36766
"Castle Rock, Karnataka",India,15.3979,74.3322,-3.6307335,55.9894,28.606081,29.776579,32.59715,41.497746,29.868696,5.0955143,19.221058,87.17195,15.462826,77.152084
"Castlereagh, New South Wales",Australia,-33.6719,150.678,-22.171654,136.37543,-19.0001,121.54549,-14.52026,106.87358,-18.76865,131.71765,-35.77569,145.09645,-31.09341,149.55698
Castlerock,United_Kingdom,55.15,-6.78333,72.40953,-8.41191,38.140152,17.7224,64.297165,9.36666,35.129528,10.419067,48.668232,-2.8452492,53.59633,-2.180087
Castelnuovo di Garfagnana,Italy,44.1219,10.4056,52.56015,-10.033555,45.006905,21.41509,38.651684,21.560501,51.47577,31.55161,51.845863,22.600834,48.076992,9.235447
Castelvecchio Calvisio,Italy,42.3122,13.6881,41.65383,-11.194374,62.660507,27.809082,40.941795,36.005135,62.481388,24.987038,53.756554,14.244855,51.565575,-3.5260353
Castelnuovo Don Bosco,Italy,45.0333,7.96667,33.267784,26.784767,31.30488,3.2081366,28.165539,-13.162748,42.471436,-8.768364,35.16855,20.632376,38.847034,4.4091125
"Poughkeepsie, New York",United_States,41.6925,-73.93,23.927801,-75.98039,27.72274,-55.95329,30.177181,-50.216637,30.331713,-50.316177,47.30172,-88.95801,39.307983,-73.929375
"Potton, Quebec",Canada,45.0833,-72.3667,41.186974,-81.88364,42.714973,-43.652843,50.09246,-27.525175,56.922836,-90.858536,50.9003,-81.36534,45.491608,-75.408615
"Potosi, Wisconsin",United_States,42.7028,-90.7156,15.657341,-109.01671,36.097786,-152.41173,30.56647,-118.89252,36.665787,-159.82404,48.303032,-102.15437,45.570267,-93.72154
Potosí Department,Bolivia,-20.6667,-66.6667,-21.540531,-5.4240837,9.204901,-42.34483,7.1349545,-46.6601,0.7685871,-24.494118,-0.30199432,-83.39613,-7.8607407,-86.469444
Potter Heigham,United_Kingdom,52.7174,1.57432,56.21008,-9.542649,56.188805,-70.03518,43.249626,-22.341307,48.327793,7.285324,46.729263,-19.769356,56.294647,-5.2547503
"Castle Pines, Colorado",United_States,39.4625,-104.871,34.234425,-96.276886,39.772636,-80.135506,46.396545,-69.97745,45.352364,-53.597824,44.591103,-116.15898,38.59788,-113.09377
"Castle Rock, Colorado",United_States,39.3761,-104.853,32.658985,-150.85486,42.681515,-83.35027,43.852287,-63.586838,45.53901,-75.749115,44.85647,-112.98201,35.135517,-108.7716
Castiglione del Lago,Italy,43.1386,12.0478,46.78264,16.142656,26.38306,-40.374638,31.838593,-61.810177,29.60338,-49.31389,44.196663,-7.750906,40.06743,12.987175
Castiglione della Pescaia,Italy,42.75,10.8667,34.440807,20.208002,44.50229,28.226461,57.157738,-9.712128,42.096405,18.489315,51.822414,14.661411,42.542206,18.993523
"Castle Shannon, Pennsylvania",United_States,40.3658,-80.0197,48.79444,-28.52079,42.720917,-62.97335,52.479527,-71.685715,49.445072,-51.551643,42.092556,-83.34378,38.340492,-80.07152
Catacamas,Honduras,14.8,-85.9,-1.7738113,-65.71361,-12.245281,-92.55211,20.561237,-54.280277,0.099336624,-62.410934,4.5895977,-4.5571594,14.2277565,-101.77791
Catanduva,Brazil,-21.1378,-48.9728,-7.20759,18.057093,-15.145687,-25.336142,21.646687,33.329365,10.683715,-13.946381,8.752216,-3.6757183,-24.539356,-49.66596
Catanzaro,Italy,38.9,16.6,49.651085,1.7096825,47.76364,-0.6544794,41.293415,27.649826,52.77087,22.093773,38.096634,-5.567604,35.18894,33.204746
"Catawba, North Carolina",United_States,35.7097,-81.0758,35.056847,-88.580154,23.391787,-72.22997,26.493103,-56.645267,22.666368,-77.73602,38.517883,-84.92732,36.180756,-84.71995
"Castlegar, British Columbia",Canada,49.3244,-117.667,64.84555,-141.96837,37.36259,-85.99821,27.040438,-59.042114,42.256203,-110.271935,42.608894,-90.97536,46.748234,-111.23365
Castries,Saint_Lucia,14.0167,-60.9833,11.005223,-7.9295826,9.22876,-9.073937,-12.841881,-1.7662616,-12.056961,21.932085,28.32917,-9.635189,9.1182575,-46.69853
"Sanford, Manitoba",Canada,49.6825,-97.4442,39.0596,-71.16226,47.58063,-104.3307,34.522545,-81.172676,31.627281,-117.971214,48.803795,-92.97684,51.932343,-94.775635
Sandy Bay First Nation,Canada,50.55,-98.6472,39.703384,-63.893837,19.41684,-1.1313945,20.957163,-18.177242,27.061863,-58.546585,37.30083,-72.04335,47.503304,-82.74759
Sandviken,Sweden,60.6167,16.7833,68.783264,-28.049232,60.643654,0.2920848,43.104164,16.451746,51.4226,-15.97068,66.325005,15.304756,56.72434,28.404606
"Sandy Bay, Tasmania",Australia,-42.901,147.327,-32.56235,139.29471,-14.555752,78.04279,-2.1863785,42.055573,-7.1484413,27.09445,-36.14602,130.49126,-42.13752,147.95537
"Sandy Point, New South Wales",Australia,-33.976,150.993,-12.16782,106.43443,-6.9330635,77.56197,-3.043068,59.26352,-3.5033112,40.159027,-34.85688,157.84142,-33.55545,151.79362
Sandown,United_Kingdom,50.6551,-1.1541,18.989992,58.244396,-3.5486908,121.99014,23.425606,49.208923,16.770906,23.778627,20.375402,15.000538,47.70926,23.765041
Sangamner,India,19.57,74.22,22.23186,82.89592,29.84008,88.048134,47.17154,46.480957,21.8547,58.579742,29.503387,79.081154,18.401192,74.50147
San Ángel,Mexico,19.347,-99.187,47.465088,-84.42621,28.462763,-51.048744,20.828735,-91.318695,18.660736,-26.847267,3.145277,-86.7231,13.409929,-76.47569
San Vito al Tagliamento,Italy,45.9,12.8667,68.38774,-40.62895,42.269802,-25.689726,33.149837,-24.471464,29.877213,-11.322884,48.321655,18.507465,46.908585,20.704231
"San Vicente Canton, Bolivia",Bolivia,-21.2667,-66.3167,7.5491953,-66.16576,2.8083324,-52.806717,9.841637,-74.279366,7.3948708,-52.01149,-7.930769,-47.45705,4.953621,-48.623653
San Severino Marche,Italy,43.2333,13.1833,21.559645,73.97235,29.485455,-27.316372,25.337776,-16.574797,23.393225,-8.313656,44.714165,1.9148006,43.34103,10.501492
"San Siro, Como",Italy,46.0667,9.26667,44.88962,-35.418404,26.677181,-18.138145,28.803999,-52.56967,19.224705,-2.1514225,38.130714,-0.7247772,47.830162,3.5647278
"San Telmo, Buenos Aires",Argentina,-34.6206,-58.3717,2.429329,-94.8116,-8.550873,-66.99118,-6.850788,-50.379723,-7.1436806,-28.08553,-29.226377,-57.179775,-20.920883,-51.71439
San Venanzo,Italy,42.8667,12.2667,42.16738,-25.856646,34.314583,-34.853878,20.828735,-91.318695,26.693222,-22.83525,38.624126,40.947807,39.475117,10.845295
Sangmélima,Cameroon,2.93333,11.9833,2.390213,16.87486,-2.0967026,-61.256844,9.013966,-52.1921,-9.208759,-30.820671,18.753378,14.225407,21.572594,57.682713
"Sandford, Devon",Devon,50.8105,-3.66282,51.90191,1.7537918,42.92421,-30.561178,57.447464,-53.09771,38.456615,-51.66311,47.37466,-1.3299923,49.48103,-0.94464684
"Sandhurst, Berkshire",United_Kingdom,51.349,-0.8,42.677372,49.818806,29.514263,20.987152,43.932293,-5.146997,31.315449,52.038307,49.862,-9.645958,55.03112,-11.439033
"Sandhurst, Kent",United_Kingdom,51.0261,0.5629,49.143982,20.675526,23.1334,47.704197,35.456604,12.844708,25.802164,61.81547,50.848186,6.3124447,52.310867,-4.7460814
Sancti Spíritus,Cuba,21.9339,-79.4439,20.513388,-63.570053,29.972988,4.6848745,38.831493,-20.5488,35.224537,-14.419365,22.16734,-33.415283,23.660137,-77.07832
"Sandalfoot Cove, Florida",United_States,26.3389,-80.1853,16.796057,-53.673306,23.534012,-57.049454,24.50122,-95.04459,20.38282,-88.55502,25.574736,-70.07889,29.850636,-89.53526
Sant Quirze del Vallès,Spain,41.5347,2.08222,30.254948,-0.6119914,36.19298,10.370432,19.932236,-8.111321,42.401558,-23.588524,43.66058,-33.779842,38.84156,3.337391
Sant Francesc Xavier,Spain,38.705,1.42833,27.513992,-9.275332,25.09291,17.99808,25.82952,11.736393,35.82633,-20.436691,22.782356,21.364178,8.975824,23.139385
Santa Coloma d'Andorra,Andorra,42.4939,1.49768,37.14612,-8.407968,23.437046,-66.15968,26.616558,-35.197857,35.9258,-101.95342,40.389313,-16.638523,39.208874,-7.476384
Santa Cruz de Mompox,Colombia,9.23333,-74.4167,10.777322,-77.29112,1.4139805,-65.43362,4.5556583,-88.991486,15.044033,-56.225525,2.5780048,-64.97415,4.4512386,-71.31752
"Santa Cruz, New Mexico",United_States,35.9936,-106.042,36.45259,-154.36642,7.838785,-57.251904,4.7686634,-70.72748,13.399729,-57.80197,32.117714,-129.84906,33.06453,-104.42197
Santa Catarina (state),Brazil,-27.25,-50.3333,-22.673656,-31.469925,-3.476139,-45.58176,-0.5683708,-53.979782,17.228386,-49.741974,5.7727127,-47.49738,10.775234,-20.844627
Santa Cristina Gherdëina,Italy,46.5667,11.7167,72.02464,-9.820985,17.40387,-7.506752,26.297628,-22.471148,28.555147,-41.91407,41.943153,-2.394081,50.45987,8.425562
Sankrail (community development block),India,22.5861,88.2367,20.945864,60.803036,16.342823,46.65237,30.815191,38.803505,26.752554,56.18398,20.595558,79.018265,24.347126,81.12433
Sankrail,India,22.57,88.24,25.180582,80.46521,-3.9171867,112.07046,50.573017,33.064636,19.27502,96.7214,27.894022,64.90253,23.87232,107.24625
Sant'Angelo Lodigiano,Italy,45.2333,9.4,40.247765,-26.922987,49.702698,14.277452,46.74608,-13.437982,45.713013,-4.1282406,54.40274,5.984911,43.877384,9.501805
San Giorgio Morgeto,Italy,38.3833,16.1,24.364452,38.50689,40.80017,-14.101108,37.18363,-42.34842,29.18899,-19.840069,40.618614,38.11597,43.022934,11.898071
San Giorgio di Piano,Italy,44.65,11.3833,42.887527,8.868198,37.757877,-16.92504,44.39831,-7.4451647,31.549637,15.906705,35.213047,11.097409,38.032623,8.161819
San Felice del Benaco,Italy,45.5833,10.55,43.209793,7.49782,24.291193,-29.296305,21.950409,-73.1506,21.6112,-18.1694,34.975647,-10.54945,43.868217,6.0522375
San Fernando Partido,Argentina,-34.45,-58.5667,-11.855263,-20.188995,-2.1725616,-72.766815,3.388485,-69.15078,-9.147472,-40.58287,-14.2843,-35.619434,-0.23316956,48.252716
"San Gabriel, Jalisco",Mexico,19.7472,-103.767,20.417665,-59.36414,20.813763,-83.08709,20.191029,-95.46106,14.843119,-56.92312,25.541704,-90.120026,21.384842,-106.530075
San Juan Bautista Tuxtepec,Mexico,18.1,-96.1167,10.258294,-41.45932,8.72872,-67.024826,23.169708,-65.38781,10.94793,-57.91474,9.09284,-103.78894,22.948841,-90.94677
San José de Ocoa,Dominican_Republic,18.55,-70.5,21.7584,-88.261765,10.893866,-62.555904,7.97423,-37.92297,6.5537167,-24.548874,8.042093,-78.05913,18.740501,-78.8245
"San Ignacio, Baja California Sur",Mexico,27.2822,-112.894,39.379665,-67.25279,22.209398,-90.437126,19.829655,-85.426895,18.621773,-82.46341,13.97656,-85.69069,22.34444,-100.30733
"San Jose, Illinois",United_States,40.3039,-89.6047,33.209312,-72.727585,30.771654,-113.581985,26.914955,-116.26091,22.508417,-79.0193,39.335693,-90.9088,40.038727,-95.98565
"San José, Costa Rica",Costa_Rica,9.9325,-84.08,30.41901,-133.71004,14.093958,-75.34405,7.865818,-56.916893,2.98744,-24.256657,10.195967,-74.909546,7.09853,-85.74691
San Antonio de Los Altos,Venezuela,10.3744,-66.9669,8.07798,-38.979767,11.103861,-87.13295,19.018503,-102.014885,6.11454,-75.553795,-3.7335205,-80.43056,8.628002,-122.37246
San Bartolomeo in Galdo,Italy,41.4167,15.0167,18.167465,9.641586,35.61926,-27.97603,43.0702,-56.63288,32.67012,-13.7624855,38.671555,2.2610264,42.28846,40.208572
San Agustín Lanquín,Guatemala,15.5758,-89.9811,17.165031,-39.632984,33.31164,-56.33394,40.739616,-57.411713,30.103544,-48.58052,-10.864847,-87.290985,24.336292,-104.69454
"San Andrés, San Andrés y Providencia",Colombia,12.5847,-81.7006,4.6370773,-60.069313,35.732494,-61.506268,18.963697,-36.946842,17.628012,-56.419144,-1.053978,-64.86192,2.027094,-87.47065
"San Andrés Cholula, Puebla",Mexico,19.05,-98.3,21.786083,-96.40532,32.882618,-74.62148,17.86455,-40.30064,16.34015,-60.92923,17.98346,-104.63675,17.380024,-83.32173
San Donato Milanese,Italy,45.4167,9.26667,44.56199,-0.90522623,33.996246,-27.612333,47.01075,-62.51494,28.310867,-8.831547,48.09036,4.263335,49.640907,18.121847
"San Bernardino, California",United_States,34.1,-117.3,53.92089,-154.50798,30.468357,-120.017715,32.821114,-110.480774,32.54378,-96.51994,39.691765,-117.05536,34.140965,-118.456
San Canzian d'Isonzo,Italy,45.8,13.4667,38.761467,8.429979,46.661514,-34.885612,23.265326,-46.589794,14.882577,-35.213867,45.86692,19.806107,47.114838,21.191364
"San Carlos, Antioquia",Colombia,6.18972,-74.9969,14.475712,-27.545536,4.385578,-81.01141,1.6553535,-80.69825,2.536852,-71.65152,3.196087,-98.86728,8.593647,-73.41137
"San Carlos, Baja California Sur",Mexico,24.7894,-112.108,16.724955,-44.894566,22.534763,-89.24546,17.741114,-84.71397,15.841612,-66.441376,14.458836,-79.39224,23.65084,-106.10746
San Casciano in Val di Pesa,Italy,43.65,11.1833,50.333168,-40.10477,33.720585,-7.1522565,36.839367,0.4320904,30.701254,-3.8300648,40.746677,15.123437,40.995857,4.3465
San Nicolás de los Garza,Mexico,25.75,-100.283,16.631954,-99.28,19.677914,-63.205227,16.129854,-52.237816,27.691853,-60.874634,20.824291,-79.08345,24.128538,-107.04925
"San Pedro Department, Paraguay",Paraguay,-24.1,-57.0833,-27.019588,-31.836662,-1.4398651,-57.642376,1.8948765,-70.993675,2.31073,-59.62446,-14.78536,-42.49474,1.769228,-48.218506
"San Pedro, Coahuila",Mexico,25.7597,-102.982,18.442154,-71.28503,10.186512,-89.584885,4.4362545,-101.13026,15.112604,-80.853424,21.547878,-104.98288,20.67914,-99.060165
San Miguel el Alto,Mexico,21.0236,-102.406,16.076918,-63.234596,14.848389,-79.201256,17.733696,-84.808914,13.665971,-49.247665,5.206896,-71.70442,17.191597,-111.36202
San Miguel de Cozumel,Mexico,20.5104,-86.9492,19.621862,-33.829758,22.231451,-86.182785,9.376688,-66.40574,8.534004,-49.564743,29.781263,-88.8557,28.090265,-101.53531
"San Rafael, Veracruz",Mexico,20.1889,-96.8658,13.2676,-62.405663,10.397654,-73.912704,11.687248,-69.2467,9.120922,-53.647972,12.35879,-89.25972,17.950077,-98.277916
"San Rafael, Mendoza",Argentina,-34.6,-68.3333,-25.760468,-22.896336,6.468937,-46.521538,9.585915,-59.31853,6.198475,-51.790306,-32.758728,-47.06222,-27.107574,-57.45705
San Pedro Town,Belize,17.9214,-87.9611,13.888255,-72.15416,8.947935,-25.099287,12.289152,-53.194954,12.86011,-31.322086,2.3274345,6.751235,23.524248,-79.69953
San Pedro de Macorís,Dominican_Republic,18.46,-69.31,1.9101639,-59.983276,16.69299,-40.614727,22.97605,-68.49543,26.092098,-56.28483,20.013195,-64.06944,16.22188,-59.881985
San Pellegrino Terme,Italy,45.8333,9.66667,42.774147,3.6268377,47.0289,-43.336357,27.057041,-9.403395,34.130856,-5.473213,48.539845,-8.581413,41.92249,16.760015
"San Juan del Río, Durango",Mexico,25.0167,-107.067,21.166252,-43.671345,21.496616,-62.5263,11.468765,-62.36731,21.862259,-53.29371,22.385082,-104.76735,24.637405,-99.84839
San Luca,Italy,38.15,16.0667,19.662756,46.80131,41.176464,-47.09975,45.271843,-35.850094,27.735504,-4.2417393,29.014793,12.172687,38.555176,14.8050165
"San Lucas, California",United_States,36.1289,-121.021,41.305244,-109.81006,26.94051,-104.714584,18.71707,-84.59497,13.821754,-56.148216,33.68546,-116.00873,32.342834,-134.16248
"San Luis, Arizona",United_States,32.4961,-114.768,39.541824,-180.23627,25.287514,-106.30853,21.31631,-121.19574,15.064877,-81.60841,26.15882,-120.2242,30.460377,-122.704445
"San Lorenzo, California",United_States,37.6811,-122.124,34.704903,-95.23103,32.520294,-107.23744,30.543983,-103.47673,25.131279,-88.048584,31.612589,-112.17059,36.107018,-117.55482
"San Juan Bautista, Chile",Chile,-33.6333,-78.8333,-24.19812,-47.964806,1.496994,-60.53027,2.6236687,-78.40129,1.5890427,-65.73921,-22.880224,-60.96787,-35.31118,-69.432106
San José de Mayo,Uruguay,-34.3333,-56.7167,-14.055889,-72.75902,19.977097,-68.508995,4.479307,-57.243923,10.590683,-28.124268,-8.714655,-92.58923,-34.432327,-73.673904
"San Juancito, Honduras",Honduras,14.22,-87.0684,12.111883,-76.21518,7.2106514,-85.97045,5.9200726,-39.505825,0.1484642,-58.41449,14.292925,-90.18875,8.947578,-73.33242
San Juan Sacatepéquez,Guatemala,14.7189,-90.6442,28.390022,-58.608536,11.841051,-50.282227,5.005762,-81.60068,10.8680105,-65.78024,7.520027,-83.067795,11.27063,-104.049934
San Mateo Ixtatán,Guatemala,15.8333,-91.4833,18.421263,-63.65426,22.440287,-64.41763,21.433998,-62.51208,8.573381,-31.567875,10.099182,-154.83017,21.723248,-97.33633
San Mauro Pascoli,Italy,44.1,12.4167,40.67784,-15.402704,34.832256,-43.003033,30.979422,-48.281254,25.95083,-17.159927,43.48421,15.9177685,40.971687,4.7494063
San Martín Tilcajete,Mexico,16.8589,-96.695,-4.8636494,-80.91571,20.570541,-56.206463,29.59337,-40.172512,23.89648,-51.10221,-6.591383,-78.40524,18.47337,-113.12617
"San Martín, Buenos Aires",Argentina,-34.5667,-58.5333,-26.481041,14.47925,5.6974277,-50.19473,3.661398,-40.49467,8.366804,-45.016182,-33.798004,-63.79169,-31.87275,-56.894672
San Luis Potosí,Mexico,22.6,-100.433,12.588077,-129.75543,15.181927,-66.9518,14.755407,-100.77395,6.2389755,-44.584824,12.256608,-85.66136,16.163956,-116.61953
San Martino di Lupari,Italy,45.65,11.85,30.57043,18.335018,39.96499,-14.621326,37.492367,-17.778828,37.78499,-8.433884,42.530125,16.476366,43.286583,4.5829177
San Marco Argentano,Italy,39.55,16.1167,32.15861,15.452118,33.96345,-23.117699,27.147497,-42.515556,26.925564,-27.442154,41.219666,0.87537766,43.566185,12.046609
Sariwon,North_Korea,38.5078,125.754,39.39885,87.81836,26.20206,164.12578,4.5909367,68.42761,27.77488,92.676544,20.727629,103.71175,45.873802,138.45139
"Sarre, Kent",United_Kingdom,51.3392,1.2391,72.93908,-0.034646988,44.188587,-18.852764,43.214188,-43.98093,36.7267,49.06948,50.89385,5.563203,40.143238,23.467068
"Sardasht, West Azerbaijan",Iran,36.1553,45.4789,48.941444,1.4245195,38.51224,38.64918,45.146126,9.264013,43.95759,22.657646,49.783695,40.92633,36.9788,34.2927
Sarbaz,Iran,26.6308,61.2564,26.12337,42.732666,48.012276,15.347404,46.449203,23.468834,47.313385,28.358847,37.984726,42.126884,33.879288,52.32739
"Sargent, Texas",United_States,28.835,-95.6647,32.72339,-67.59941,35.720234,-84.29965,50.577198,-138.77419,36.251453,-122.17266,29.458908,-90.56311,33.302658,-91.70826
"Sarenga, Bankura (community development block)",India,22.7667,87.0333,27.847717,81.54472,24.434689,55.443447,25.627745,50.657013,28.702404,58.05053,25.600334,63.599937,22.568373,76.71257
"Sargent's Purchase, New Hampshire",United_States,44.2308,-71.2756,28.07587,-47.000683,22.658676,-9.440295,32.09533,-32.624195,29.56008,-48.858368,45.558037,-87.13458,45.752964,-86.79309
Saue,Estonia,59.323,24.5622,74.724686,45.003517,63.447624,40.677166,53.356735,29.985952,52.19422,36.722355,32.325397,-9.650642,41.850086,10.626482
Satkania Upazila,Bangladesh,22.1033,92.0806,27.801617,70.693695,17.091406,83.60942,21.264744,80.37732,22.28142,72.255554,21.973127,92.663635,21.347721,90.72398
Satna,India,24.6005,80.8322,5.1286373,69.114655,3.5808754,61.530987,19.37474,63.324516,30.645824,97.10554,25.425531,83.733734,25.0125,97.01058
"Satsuma, Kagoshima",Japan,31.9,130.45,23.867348,101.07507,31.418713,129.86418,39.910706,73.04425,31.982086,110.73619,26.184633,159.5582,32.801895,151.14525
"Satsumasendai, Kagoshima",Japan,31.8167,130.3,25.663448,135.38771,29.028679,144.00493,40.199497,105.62806,32.649147,117.754524,33.508347,156.64903,28.194664,139.3479
"Saukville, Wisconsin",United_States,43.4061,-87.9631,43.94751,-86.8866,51.40074,-107.687904,49.607533,-149.50157,46.616127,-100.03092,43.276035,-89.72652,42.05157,-83.26371
"Sausalito, California",United_States,37.8592,-122.485,33.69722,-104.87338,44.921303,-152.6516,38.853085,-108.16229,32.30357,-106.336754,36.47045,-101.46373,39.490345,-117.55694
Sas van Gent,Netherlands,51.2278,3.79722,36.53316,17.721931,28.327541,29.95617,45.44944,-26.889683,48.43299,-38.979134,41.882248,20.484118,49.844948,23.190155
Sasolburg,South_Africa,-26.8142,27.8286,-5.032564,21.109945,-28.870495,62.519638,5.2294273,41.17415,-16.967915,45.63614,5.335188,11.524918,-29.243435,32.96893
"Santa Teresita, Buenos Aires",Argentina,-36.55,-56.6833,-19.516083,-49.509045,-6.7087593,-67.50691,-2.6444778,-64.1427,0.6021366,-55.68628,-31.504011,-64.29889,-29.501156,-61.938534
"Santa Ynez, California",United_States,34.6119,-120.088,61.28354,-211.2229,30.24446,-140.94684,25.613625,-109.36702,29.441689,-110.86494,31.729536,-112.50969,36.474663,-117.03007
Santhià,Italy,45.3667,8.16667,41.851852,68.2919,25.756407,27.015263,31.555704,54.287655,17.957193,73.85342,22.266352,23.468985,43.79829,9.940655
Santo Stefano di Sessanio,Italy,42.3458,13.645,32.907948,15.463671,22.167038,17.69604,30.104872,10.21298,20.677816,43.3358,42.5839,16.59936,42.748352,11.78096
Santo Stefano in Aspromonte,Italy,38.1667,15.7833,31.534676,19.148888,24.460426,11.298933,28.74839,-20.621513,17.253325,38.056557,52.183376,15.249102,42.530712,8.031607
Santo Stefano Belbo,Italy,44.7,8.23333,42.36909,14.817564,17.977568,13.461425,25.733784,-17.177477,27.280846,16.885952,38.116173,12.905266,45.182915,15.742241
Santa Lucía Cotzumalguapa,Guatemala,14.35,-91.0167,17.300598,-59.8264,26.652521,-38.29259,29.113825,-46.685623,31.763885,-31.227184,-0.4186287,-109.99214,21.738504,-120.42463
"Santa Fe, Texas",United_States,29.3806,-95.1042,35.562393,-127.513275,20.763807,-107.89732,26.79626,-124.50367,20.96177,-89.129135,23.984444,-109.905685,32.55507,-107.827934
Santa Fe de Antioquia,Colombia,6.55,-75.8167,10.672332,-47.31387,7.328026,-81.52405,9.736086,-100.097496,11.769242,-65.475784,9.587458,-106.165375,2.5379791,-90.45128
Santa Flavia,Italy,38.0833,13.5333,32.234497,3.4142208,15.579459,-35.399075,17.888428,-33.714424,8.361017,-26.416832,23.049908,17.69075,35.13353,-4.654296
Santa Rosa de Osos,Colombia,6.63333,-75.4667,1.771595,-42.257156,10.07477,-93.06122,11.295593,-75.438934,17.83331,-80.49248,-0.59493446,-101.48418,9.080383,-82.740776
Santa María Atzompa,Mexico,17.1014,-96.7778,-0.25914955,-23.158474,24.090448,-50.36453,16.763113,-30.002182,27.440903,-50.89332,11.9202,-85.050476,20.148643,-111.25977
Sapporo,Japan,43.0667,141.35,52.456406,78.3385,42.26354,89.654724,61.005795,60.222984,35.576527,77.72699,41.402855,116.37454,50.55004,121.41648
"Santos Dumont, Minas Gerais",Brazil,-21.45,-43.55,-6.389929,-34.016426,-5.7991867,-73.30302,-11.862301,-61.255665,-5.4468193,-68.93052,-19.437208,-43.483685,-4.5310783,-60.99641
Sapahar Upazila,Bangladesh,25.0,88.0,28.07297,57.978436,31.544556,91.3367,21.264744,80.37732,26.591366,69.75319,25.541954,94.11394,24.32658,87.756004
"Rollinsville, Colorado",United_States,39.9232,-105.514,40.650314,-96.020874,46.101116,-116.69746,41.414597,-206.69618,44.607685,-169.50848,42.575867,-112.13023,40.457935,-116.07342
Rolleston on Dove,United_Kingdom,52.8445,-1.65253,57.51049,39.10515,24.457287,20.826933,24.449482,-0.93295455,18.046757,39.252884,34.68729,41.95194,54.10444,-17.54385
Quilmes,Argentina,-34.7167,-58.2667,-37.18051,-64.591125,-20.909615,-89.30027,17.35149,-85.032845,-18.17474,-31.359547,-39.43788,-77.85776,-39.377525,-61.296528
"Quimbaya, Quindío",Colombia,4.63333,-75.75,1.7237072,-53.390186,11.940485,-47.552475,25.52893,-10.290954,22.150915,-48.659126,-4.634577,-86.41394,3.7303486,-75.44946
"Roby, Merseyside",England,53.413,-2.852,47.7743,-7.4081273,48.116386,-1.4560213,37.44561,29.191357,59.9397,-50.813667,46.48683,-2.1028576,47.613663,9.146374
Rocha Department,Uruguay,-34.4833,-54.35,-15.356171,-64.59863,6.884365,-70.19493,13.291889,-58.43451,2.4960651,-61.95646,-5.537554,-55.512295,-3.9904633,-42.03705
Rocca Pia,Italy,41.9344,13.9778,34.855854,4.468425,16.706707,66.133675,26.665218,23.626703,36.91177,32.4572,24.535355,3.9456196,34.236526,24.940464
Rocca Sinibalda,Italy,42.2744,12.9256,31.807604,8.399796,26.9104,22.569946,23.002855,32.614212,40.53705,13.156539,33.25592,-1.4564247,47.026157,14.580608
"Queenstown, South Australia",Australia,-34.8623,138.509,-26.633934,92.74193,-43.080612,139.84679,-34.905293,145.1742,-39.98874,141.87854,-32.38021,125.75899,-33.68273,125.37289
"Queens Park, Bedford",United_Kingdom,52.1346,-0.48934,53.022717,-54.515778,20.314869,-3.8401556,25.297201,12.035765,32.603046,-39.763145,28.259546,57.869625,39.593143,14.846219
"Queens Park, New South Wales",Australia,-33.9011,151.248,-26.025387,125.9353,-7.550209,72.02984,-6.3300133,78.90818,0.72779655,66.78971,-35.17125,153.70964,-36.38121,157.92447
"Queensborough, New Westminster",Canada,49.1833,-122.933,38.46434,-51.30294,25.52002,-6.3434668,26.704006,-4.592355,30.583027,-8.916599,37.102325,-96.794205,46.849083,-115.781494
"Queensbury, London",United_Kingdom,51.5919,-0.290767,56.73995,-27.10598,54.007473,13.460477,49.648994,15.856581,67.543,-51.64733,51.707775,5.533062,54.512383,-0.34007645
"Queensbury, West Yorkshire",United_Kingdom,53.7683,-1.84528,58.088036,36.688675,46.277565,25.674126,44.925926,27.806253,56.507347,-20.794556,50.382675,1.7023296,51.66825,2.8976707
Rojhan,Pakistan,28.6875,69.9556,34.303555,52.58413,33.764717,67.687386,35.795937,-12.703891,25.136848,27.230537,33.93866,56.831573,37.767338,51.90087
"Roland, Iowa",United_States,42.1656,-93.5,32.673717,-73.68025,43.639328,-94.46558,36.06962,-71.69983,33.602104,-66.44186,43.157375,-87.474075,41.684467,-90.430336
"Rockwood, Pennsylvania",United_States,39.9161,-79.1558,45.41783,-92.094284,49.076096,-115.51518,50.049187,-94.5611,61.356476,-129.68286,42.131954,-81.51062,42.322773,-81.12563
"Rockingham, North Carolina",United_States,34.9394,-79.7611,41.63318,-67.40735,18.041485,-31.072714,26.744787,-36.702656,14.377571,-6.0683937,40.104866,-95.18013,35.37588,-83.80754
"Rockhampton, Gloucestershire",United_Kingdom,51.638,-2.512,33.04665,23.347084,8.112726,94.07383,20.898544,102.44813,-4.8584404,99.978615,43.87789,5.793501,53.224884,10.247787
Rodas,Cuba,22.3428,-80.5553,14.058737,-34.75663,2.5698128,-68.62209,40.229553,-114.390526,5.7463017,-161.49274,7.7162,-47.44997,18.187115,-13.973876
"Rocklea, Queensland",Australia,-27.5524,153.003,-33.333244,190.73723,-45.946907,197.41609,-60.692867,227.53912,-31.902557,196.95581,-27.80142,147.74953,-25.550045,152.15808
"Rock Island, Illinois",United_States,41.4892,-90.5731,39.63421,-144.84827,28.795607,-57.913452,26.92786,-40.898857,29.607313,-52.40001,42.46603,-95.81984,41.345757,-90.42713
"Rockbank, Victoria",Australia,-37.7333,144.667,-37.09768,141.18867,-37.892174,158.64844,-56.414913,171.40451,-37.158146,145.42818,-37.36525,134.28452,-39.21273,153.33304
"Rockdale, New South Wales",Australia,-33.9533,151.14,-25.971798,75.53079,-22.518158,111.16749,-14.288776,97.24452,-18.762875,109.14756,-34.50284,150.96422,-36.520767,156.26578
Rock Ferry,England,53.373,-3.008,39.35777,4.664093,36.645866,-44.35091,33.331196,-23.022257,32.66366,-40.77391,34.308746,-19.379906,55.60424,-5.549119
"Rockdale, Illinois",United_States,41.5075,-88.1153,36.543457,-46.373646,11.597033,-32.260124,29.494274,-62.62054,12.938341,-21.285507,37.754295,-91.21886,42.23043,-88.779335
Rogate,United_Kingdom,51.0081,-0.85068,53.716686,-13.322069,55.941902,18.034311,60.922607,-32.929287,60.97715,11.266643,41.947514,19.762793,54.559227,-6.478444
Rogaška Slatina,Slovenia,46.2314,15.6381,39.26242,-20.728342,31.145699,25.403278,39.788918,29.813467,22.277084,59.06275,52.017937,5.0850782,43.460365,20.859627
Rodd Point,Australia,-33.8661,151.144,-20.462135,101.17389,16.041182,14.861887,43.191456,-49.018448,11.911277,-16.442558,22.474363,1.086235,1.5512829,44.601665
Ruda Śląska,Poland,50.2628,18.8536,15.909308,52.551937,45.85546,-4.096186,49.84679,11.456861,46.49353,-39.841316,55.81058,9.546123,51.611702,20.796844
Rožna Dolina,Slovenia,45.9425,13.6397,25.827608,12.652277,47.21582,29.194302,38.900803,23.277273,41.59911,9.583643,50.83683,19.974348,45.407978,11.411574
Ruabon,Wales,52.986,-3.039,54.814384,-4.2333755,64.82988,11.61089,23.694973,50.036766,47.78719,30.862774,55.183586,-2.601595,51.636883,-0.8573694
Rubiera,Italy,44.65,10.7833,33.835854,-1.2990355,58.303635,-29.109238,44.112843,-69.36101,44.300224,-62.4383,14.589876,-30.016048,22.858395,-47.991398
Sampang Regency,Indonesia,-7.05,113.25,1.1858025,103.784195,-0.22799683,108.15205,11.71434,97.235275,4.9841576,75.338394,0.42115974,114.60947,-2.5443459,108.842804
Ruichang,China,29.676,115.681,20.698404,80.39331,34.81493,111.65091,55.124664,31.371164,25.136848,27.230537,33.263046,108.90825,21.244839,130.03891
Rukungiri,Uganda,-0.79,29.925,7.650343,31.759068,-13.036762,69.35474,12.76022,96.317665,7.092182,63.221645,-19.65906,86.58481,-1.1585159,42.076344
"Rufino, Santa Fe",Argentina,-34.2667,-62.7,-9.4282,-45.07016,8.044388,-66.7063,30.880198,-87.930145,14.237763,-43.51391,-11.222532,-87.443665,-25.65849,-33.1183
Rugeley,Staffordshire,52.7599,-1.9388,50.76084,-44.72282,59.246582,-35.262547,11.739859,67.215904,39.190567,-1.6368504,60.82959,-9.890339,54.05931,-2.9977655
Sambas Regency,Indonesia,1.4167,109.333,-1.7604885,127.98587,-11.076359,76.15916,-6.9321632,83.76293,-8.933422,70.65648,-3.2009125,118.14157,-2.0214386,116.52593
Sambhal,India,28.58,78.55,22.19165,133.27606,24.084257,132.87059,31.938745,50.651146,32.631424,81.75933,13.359587,85.96916,21.779413,73.146645
Samaná Peninsula,Dominican_Republic,19.2502,-69.4212,22.33335,-108.871765,11.328314,98.405426,21.135807,56.296577,9.090654,120.27939,0.70606613,-11.724291,14.323713,-72.97092
Samarkand,Uzbekistan,39.6547,66.9758,34.836388,85.62065,48.90655,69.68951,40.431423,80.76525,68.6084,26.818035,40.820656,64.46164,48.38918,66.36285
"Salyan District, Nepal",Nepal,28.3667,82.1667,51.322906,25.56065,22.262909,73.01521,21.391666,99.34292,28.83655,41.538425,26.40614,89.585236,19.888664,49.935417
"Rosedale, Toronto",Canada,43.679,-79.378,41.372707,-38.209053,36.17922,-68.91575,38.459427,-49.763554,38.73081,-60.30281,41.728306,-56.82416,54.44829,-81.8011
"Roseland, California",United_States,38.4222,-122.728,33.91977,-130.40083,47.905464,-132.75862,39.98791,-123.20044,44.018593,-138.50781,39.00713,-125.8551,35.65726,-112.5092
"Rose Hall, Guyana",Guyana,6.25323,-57.3571,3.1560745,-29.168365,20.0159,-40.628685,20.153534,-54.077374,24.467016,-51.336746,4.0077763,-31.514114,3.2396336,-52.408314
"Roselawn, Indiana",United_States,41.1544,-87.2886,46.965668,-97.49101,44.457985,-127.51031,34.516277,-132.44373,39.478,-129.54285,39.02865,-75.962265,38.438217,-82.44746
"Rosendale, Wisconsin",United_States,43.8079,-88.6732,33.40687,-58.618206,45.734703,-120.024086,50.211983,-104.775635,61.07675,-135.93716,43.208416,-94.21536,45.42084,-91.51634
"Roseto, Pennsylvania",United_States,40.8806,-75.2172,50.414753,-62.93694,54.495197,-75.44088,57.156708,-90.32078,54.586395,-74.97197,41.0441,-85.58394,44.262615,-89.73726
Rosario de la Frontera,Argentina,-25.8,-64.9667,0.935482,-56.373764,9.629299,-57.07652,13.319984,-86.80677,15.442654,-53.309166,18.359612,-89.50893,7.6571846,-69.97257
"Rosanna, Victoria",Australia,-37.737,145.069,-35.445824,95.23053,-28.031544,102.77165,-16.691616,110.72462,-48.28927,146.03757,-27.884798,104.57268,-32.477303,135.8542
Rossano Veneto,Italy,45.7,11.8,33.80206,4.3545685,36.581276,16.820612,34.002937,24.77114,34.3571,51.177597,44.097267,20.100069,45.48843,1.317008
"Roseway, Portland, Oregon",United_States,45.5482,-122.589,35.486786,-79.61571,39.67158,-121.5262,31.104177,-105.75672,36.584457,-102.51287,40.464012,-101.76402,45.586464,-115.7503
"Rosholt, Wisconsin",United_States,44.6306,-89.3075,28.964058,-72.47241,48.46381,-107.682846,48.395023,-100.50444,51.12688,-97.13377,49.082306,-93.59955,43.548866,-88.57371
Rosignano Marittimo,Italy,43.4,10.4667,37.972862,17.965899,45.664165,46.378838,32.660805,17.027674,46.155605,7.884636,52.348022,13.738367,46.42071,9.930683
"Romney, West Virginia",United_States,39.345,-78.7569,57.427208,-72.307785,31.9965,-36.82178,31.332415,-27.067596,35.480858,-49.395393,45.76047,-105.55098,43.41056,-62.680264
"Roncesvalles, Toronto",Canada,43.6462,-79.4491,66.77048,-108.31584,46.347157,-98.360374,38.681427,-60.925972,41.65815,-91.83528,42.984085,-55.872425,51.61448,-77.96962
"Romeoville, Illinois",United_States,41.625,-88.0958,55.22311,-88.894684,46.149204,-90.83701,48.475563,-106.3527,48.410156,-110.33181,41.615807,-88.091965,40.56944,-82.27972
Rondonópolis,Brazil,-16.4708,-54.6358,-14.293106,-32.32248,17.92487,-41.294582,19.97192,-11.846785,13.527196,-39.478897,-19.414007,-68.69119,-13.2378235,-52.09902
Rondebosch East,South_Africa,-33.9792,18.4983,-19.127884,44.778664,-7.404999,56.533443,10.974049,2.5314958,1.1805515,18.147095,-24.753729,1.3422871,-29.608723,19.479116
Roodepoort,South_Africa,-26.1625,27.8725,-23.256462,15.0321045,-27.38963,78.95517,20.366913,35.943577,-23.33379,17.24765,-26.821669,29.227327,-26.637589,12.204518
"Rowlett, Texas",United_States,32.9069,-96.5475,23.75346,-64.11861,32.75739,-107.7645,27.090397,-87.86912,42.077072,-135.87454,34.19447,-104.77388,30.90496,-98.28818
"Round Mountain, California",United_States,40.7997,-121.943,38.482174,-88.50354,31.970064,-61.197285,35.987373,-50.96274,32.980087,-53.171432,38.79478,-131.29086,39.444218,-127.4768
"Round Valley, California",United_States,37.4194,-118.588,37.591125,-82.09357,27.68818,-52.55804,27.959682,-55.772385,22.459135,-47.213364,40.584038,-122.16231,39.24915,-130.44948
"Round Hill, Loudoun County, Virginia",United_States,39.1336,-77.7703,56.319496,-78.087326,38.795013,-36.70623,38.1883,-16.66849,31.302538,-21.740719,43.860527,-81.59346,37.647392,-87.168785
Royal Wootton Bassett,United_Kingdom,51.533,-1.9,52.49749,29.516891,51.41978,-24.283821,50.574028,-14.2738495,42.1278,-11.369114,57.559715,-18.492645,54.527344,-13.511638
"Royston, Hertfordshire",England,52.0471,-0.0202,83.04292,-109.57666,42.331898,16.911308,53.21827,-9.6794815,42.594,-8.751976,54.92128,1.3179321,53.682346,-5.0821295
Rozelle,Australia,-33.865,151.167,-36.917038,173.41165,-29.840328,154.94623,19.100693,-6.018939,21.90235,106.58931,28.43939,-1.6331253,19.396332,33.063362
"Roxburgh Park, Victoria",Australia,-37.627,144.929,-22.028503,140.78036,-16.600811,99.860825,-0.23719788,77.28807,-11.578743,97.65413,-33.606384,130.53282,-33.921974,137.35777
"Roswell, New Mexico",United_States,33.3872,-104.528,30.2234,-104.623505,12.352325,-43.159424,3.198679,-35.800434,17.016026,-69.91747,37.875713,-123.06607,42.57567,-76.80695
Rotterdam,Netherlands,51.9167,4.5,56.797092,-37.583233,42.623215,-1.1096673,51.880024,15.393015,57.563503,-18.536339,41.604164,-1.3569832,54.304787,1.1119738
Rottingdean,United_Kingdom,50.815,-0.065,65.73085,-45.12835,62.779156,-3.7859273,60.75121,-16.82929,63.985275,10.078953,46.65351,-4.7166367,51.41131,-7.77892
"Rothwell, Northamptonshire",England,52.4254,-0.8029,61.120808,-18.72654,41.76089,5.6746874,47.376842,35.835236,52.675938,45.318893,50.363083,11.696098,50.11084,6.3770537
"Rotterdam (town), New York",United_States,42.7867,-73.9708,48.313026,-81.06906,25.759424,0.03767091,25.291273,-6.198578,32.957153,-9.725773,39.62687,-66.627045,44.322533,-63.260967
"Melide, Switzerland",Switzerland,45.95,8.95,41.740284,-4.7202563,33.24421,11.868741,45.777657,6.3621883,38.819862,2.6908207,45.353027,-0.25650406,42.772194,19.30717
Melipilla,Chile,-33.6253,-71.2711,-39.983547,-45.818455,-40.49714,-78.60108,15.501482,-37.989105,-8.061455,-50.832436,4.218973,44.29718,-39.437576,-67.20643
Melito di Porto Salvo,Italy,37.9167,15.7833,25.47147,25.203949,29.997889,13.8854,33.21771,36.109474,29.531702,5.9424,36.209553,18.3337,42.077087,7.934733
Meki,Ethiopia,8.15,38.8167,4.6067657,34.077003,9.018501,108.448746,55.48977,-26.152287,10.41742,62.78582,25.858168,52.502964,26.874903,45.85579
Melbourn,Cambridgeshire,52.082,0.020516,27.093163,84.56851,11.32497,77.45944,24.311934,23.894932,30.020525,61.02168,37.21807,21.962702,43.53515,3.0277405
Melbourne,Australia,-37.8142,144.963,-41.155064,166.2106,-44.559814,187.75581,-44.49191,174.4405,-58.4327,219.61984,-33.087715,146.69637,-34.63057,138.8593
"Melmoth, KwaZulu-Natal",South_Africa,-28.5833,31.3833,-10.219288,46.151363,-7.220585,18.370052,-9.191242,55.68736,-20.072327,19.079338,-27.783506,38.810844,-26.168362,24.019882
"Melrose, Iowa",United_States,40.9753,-93.05,36.158077,-75.06532,24.327131,-79.34794,37.08631,-93.727325,46.514412,-110.71119,42.189777,-90.356674,43.15488,-93.04853
"Melton, Victoria (suburb)",Australia,-37.677,144.612,-20.217258,115.365906,-21.684921,118.659584,-10.000614,76.22351,-24.842278,129.31012,-16.17031,102.66664,-18.856155,127.64824
Memari,India,23.2,88.12,21.32607,84.28749,45.34187,96.148,16.249352,82.500565,33.247246,79.75392,12.953373,71.28327,27.216103,81.1179
Memari II,India,23.2653,88.1497,28.84557,57.42954,41.253677,73.12715,30.276068,73.058495,35.539436,49.63049,19.999401,82.1221,31.996563,70.72541
"Mellor, Lancashire",United_Kingdom,53.779,-2.531,42.118935,1.2648287,56.587875,-5.551407,57.48229,30.006325,38.465237,20.722729,49.361526,5.5033703,57.174385,-3.5682907
"Mello, Lombardy",Italy,46.15,9.55,39.88675,27.913826,19.70837,3.5056243,33.240105,-14.542949,20.85281,17.766346,44.495228,13.262724,42.704544,2.1297731
Melksham,United_Kingdom,51.371,-2.138,42.343056,41.643738,41.23313,23.644346,18.356918,5.797023,25.957546,113.65516,54.706398,-0.060567856,56.536636,15.122999
"Melling, Merseyside",England,53.495,-2.927,63.100864,18.53122,57.244812,21.011217,52.104156,24.604427,38.864914,20.47511,44.52774,-3.021906,50.409683,6.9057417
"Mellor, Greater Manchester",United_Kingdom,53.396,-2.028,72.629906,-43.741814,35.963413,-19.958708,40.26263,26.067842,27.130375,29.677689,47.48684,2.1745262,53.86213,-3.1698637
"Melbourne, Iowa",United_States,41.9417,-93.1025,25.307087,-61.866917,-0.89752007,17.771484,0.6418457,14.220805,-6.303232,47.318375,41.250385,-97.07196,37.884468,-83.47099
Meknes,Morocco,33.895,-5.55472,24.821407,39.92407,35.45523,-20.87903,19.743729,21.425577,40.45798,-22.103218,32.561523,-10.886017,38.962257,-0.72975063
"Rupert, West Virginia",United_States,37.9644,-80.6881,45.487747,-65.8239,24.345116,-23.292141,27.454357,-10.915494,24.325996,2.5793324,40.63574,-89.41023,38.074043,-81.2945
Rupnagar district,India,30.97,76.51,50.44554,28.443977,28.028887,42.74997,25.56934,33.835182,24.247297,78.73364,27.478952,69.366035,28.470871,78.254684
Rumonge,Burundi,-3.96667,29.4333,3.2602024,21.533213,-6.3706436,42.50491,38.85545,10.6207905,8.408138,41.9208,32.00935,12.661892,-3.8866806,16.368628
Rupandehi District,Nepal,27.5,83.45,39.53741,70.82666,19.216599,84.688705,25.346258,93.48591,12.905475,66.73282,11.696009,64.40466,24.888716,79.680016
"Runcorn, Queensland",Australia,-27.598,153.079,-31.400814,161.03448,-12.254444,141.85353,-18.188766,161.86351,-4.162163,134.51938,-26.23654,155.84251,-26.507683,157.2646
Rundu,Namibia,-17.9167,19.7667,-7.4469166,36.879093,-19.51313,59.010372,5.406273,43.40355,-24.315937,7.761503,17.139923,23.861506,-13.488464,25.401041
Mendi,Papua_New_Guinea,-6.14778,143.657,-21.339188,101.84236,-8.051392,66.42432,24.36559,-2.685987,-8.340683,46.344368,21.619411,42.629105,20.957973,46.850193
Mendoza Province,Argentina,-34.5,-68.5,-41.25028,-79.26489,1.2167435,-3.8046875,0.4519081,4.227659,0.3794155,-2.5454636,-6.045969,-50.263615,-35.827904,-73.522606
Mendrisio,Switzerland,45.8667,8.98333,48.869366,-21.702656,51.49095,31.915136,46.484875,30.89311,62.376144,26.31743,35.47403,13.98757,46.81151,12.029207
"Memuro, Hokkaido",Japan,42.9167,143.05,39.53028,76.4478,47.61577,118.42079,58.924988,117.52957,36.501236,135.31848,38.34388,126.46117,43.07072,149.8953
Rumonge Province,Burundi,-3.96667,29.4333,1.6233463,33.055134,3.077568,28.259817,21.436382,30.268696,7.053829,41.71945,22.666521,22.0899,3.0408077,23.857206
Meoqui Municipality,Mexico,28.2678,-105.56,20.703747,-74.12886,8.973202,-60.387253,14.413277,2.1129718,-5.7814274,33.95436,22.965311,2.4746113,15.367086,-46.040688
"Mentone, Texas",United_States,31.7064,-103.598,28.854845,-47.031853,11.140543,-30.94116,28.611948,-80.238914,17.512094,-56.635803,27.380093,-91.40115,29.831202,-97.091156
"Menifee County, Kentucky",United_States,37.95,-83.6,37.620743,-86.4462,38.031223,-77.98781,52.06142,-72.01108,40.098293,-68.66894,40.118828,-96.422104,36.206623,-75.49679
"Menlo Park, California",United_States,37.4528,-122.183,14.640248,-12.786416,25.069935,-64.07928,25.979658,-64.92348,28.964062,-56.884468,38.382935,-107.21202,41.669724,-103.769554
"Menlo Park, Pretoria",South_Africa,-25.7682,28.2569,-9.110502,6.343217,3.0456238,13.427828,1.4746475,27.72424,9.158995,-8.036076,-27.84485,28.318977,-32.761086,34.38663
Maârif,Morocco,33.5844,-7.63722,21.629795,14.364834,38.00291,-23.37238,39.117287,38.101643,13.938536,72.510864,28.314264,36.15612,37.286324,6.5110383
"Mazon, Illinois",United_States,41.2397,-88.425,46.876587,-52.75307,41.225555,-106.57732,37.018173,-80.384285,39.47206,-117.59136,35.524193,-86.852875,42.630962,-90.30389
Mačva District,Serbia,44.357,19.59,38.540054,47.66816,31.758648,24.637667,30.955536,41.141346,26.328028,45.307747,41.21263,31.669361,40.41894,38.21624
Mayfield and Five Ashes,East_Sussex,51.02,0.26,44.402557,28.0279,26.913736,23.876295,30.408895,10.085435,29.358826,18.713108,1.6091347,63.558323,58.38782,-22.52752
Mayiladuthurai,India,11.1018,79.6526,16.770664,113.215225,14.804876,93.701416,-0.7429085,108.032196,19.536993,54.25876,8.759811,89.08003,10.614996,87.87968
"Mayfield, Staffordshire",Staffordshire,53.0065,-1.7685,54.30959,-37.860394,52.33326,11.4476,52.704887,-18.74173,45.183624,-6.025097,58.06659,-15.108864,53.021378,-3.3144188
Mayabeque Province,Cuba,22.9681,-82.1558,26.685854,-58.69991,11.309093,-23.339237,13.385241,44.720154,11.192573,0.87989426,0.07539368,-62.412106,6.7203255,-75.70816
"Maybell, Colorado",United_States,40.519,-108.089,33.23667,-95.57573,33.891926,-118.838806,41.414597,-206.69618,41.540524,-120.735756,42.957024,-109.7605,39.09722,-105.98386
"Mayville, Wisconsin",United_States,43.4969,-88.5478,52.317543,-80.49254,48.16724,-92.606285,40.67537,-67.630615,57.12168,-114.23507,44.483284,-91.4819,45.06814,-86.20052
"Maywood, Illinois",United_States,41.8811,-87.8433,20.159666,10.203711,41.657745,-100.14292,55.193264,-120.7821,48.713814,-125.720955,39.851402,-91.96271,42.027718,-79.56328
Medina,Saudi_Arabia,24.47,39.61,12.643722,62.724552,8.422749,18.101954,11.203388,14.090118,23.886332,-74.88459,23.498552,-55.77238,36.980556,8.355808
Medinipur division,India,23.2383,87.8608,22.67335,53.99232,22.631819,77.28429,27.301851,46.956524,32.196167,57.56773,23.541634,81.24733,19.722626,101.3451
"Medlow Bath, New South Wales",Australia,-33.6739,150.281,-26.564846,152.39441,-3.8114128,94.352745,-8.374786,112.38224,-1.7138901,73.9534,-32.29445,148.84364,-34.56794,157.01433
"Media, Pennsylvania",United_States,39.9189,-75.3892,46.27504,-85.425735,37.20507,-69.16616,37.99322,-39.640854,40.368256,-42.587784,43.955284,-71.98834,46.093468,-54.981823
"Medford Lakes, New Jersey",United_States,39.8536,-74.8117,36.451546,-52.878506,31.578209,-69.44717,29.50519,-66.098274,27.404274,-55.277603,38.25173,-73.71513,40.35816,-80.65057
Mehedinți County,Kingdom_of_Romania,44.63,22.88,35.105083,27.086563,42.216724,5.6275873,36.252842,7.075979,37.05323,1.6733017,44.083794,21.62057,41.461273,28.631752
Meghalaya,India,25.57,91.88,7.3742228,118.9671,5.2218666,126.84036,4.3877964,39.791645,5.149225,52.177498,20.073553,105.89708,26.417404,92.11131
Medvode,Slovenia,46.1382,14.4147,41.07356,23.89403,41.50509,-0.88256276,37.93039,-1.1840668,38.614433,35.52691,50.23413,24.217333,47.82216,9.792538
Medzilaborce,Slovakia,49.2708,21.9039,59.15693,-25.842237,60.38073,23.55067,43.477604,14.320927,55.151825,-27.098148,48.537003,15.076444,49.505013,15.423083
"Meeker, Colorado",United_States,40.0394,-107.911,35.15887,-146.68388,52.91339,-146.89117,37.844456,-114.83885,63.376934,-161.45291,40.523705,-103.118576,44.659775,-107.5646
Meera Bagh,India,28.6591,77.0928,12.7853565,68.40285,36.256424,100.00799,42.713867,80.81658,49.671055,45.817493,29.038849,86.36299,25.150553,81.08254
"McFarland, California",United_States,35.6781,-119.229,21.154095,-98.454346,50.74913,-137.61005,28.663538,-103.08511,42.169296,-127.93636,40.542988,-124.857925,38.16652,-115.60022
"McFarland, Wisconsin",United_States,43.0186,-89.2911,63.975334,-96.2643,61.226357,-138.05746,37.649868,-99.43109,52.85399,-132.58807,45.377968,-98.760544,44.879547,-84.30679
"McArthur, California",United_States,41.0506,-121.4,33.486206,-50.612938,27.027514,-74.90702,30.758123,-108.44951,27.930006,-42.765,35.780514,-118.88129,37.673668,-120.061165
"Meadowbrook, Queensland",Australia,-27.6655,153.144,-18.807297,121.94095,-14.503979,105.7756,-15.17881,94.06484,-5.8843536,61.168194,-25.569574,153.09448,-23.891155,150.34721
Measham,Leicestershire,52.7061,-1.50804,42.83519,-3.5889387,29.405483,47.891804,38.372192,20.863245,37.141724,53.372868,49.711014,-26.115154,55.014954,-0.6950512
"Mechanicsburg, Illinois",United_States,39.8094,-89.3975,31.23778,-30.419329,42.520916,-123.64495,67.47591,-124.74303,52.39541,-120.56916,43.773064,-99.410645,38.122612,-88.057335
"Mechanicsville, Iowa",United_States,41.9,-91.25,28.84814,-51.032448,44.493713,-116.61668,50.61214,-80.56419,47.437874,-117.29026,42.09507,-94.3125,41.175304,-93.616646
"Mechanicsville, Virginia",United_States,37.6039,-77.3722,54.523605,-59.83474,42.29981,-100.77817,45.197575,-54.298485,40.073734,-95.975685,40.20947,-83.34741,34.65589,-76.15273
"Mecklenburg County, North Carolina",United_States,35.25,-80.83,51.31814,-93.76651,32.146343,-35.93238,37.76438,-34.74569,33.659706,-43.67325,36.954575,-70.90102,35.947826,-76.45978
"McMechen, West Virginia",United_States,39.9872,-80.7314,29.932632,-72.78061,31.91714,-64.52449,30.911057,-6.719865,25.1876,-41.02011,38.819496,-94.29669,36.79526,-86.55613
"McKenzie Lake, Calgary",Canada,50.9078,-113.987,35.482933,-73.78931,30.897009,-57.474308,31.55286,-49.542156,26.299458,-31.465912,49.168556,-100.87451,53.654205,-119.697685
"McIntosh, Florida",United_States,29.4494,-82.2206,22.13397,-57.120907,28.24082,-112.76748,29.650217,-108.654785,29.70935,-89.6259,28.842041,-80.40173,31.395535,-87.15388
Meads,United_Kingdom,50.75,0.25,71.09755,20.830019,47.729416,6.5727916,35.19059,71.00188,32.259655,-10.305679,49.577553,6.0113306,39.740383,-49.196297
"Sadleir, New South Wales",Australia,-33.9125,150.88,-21.527771,90.06732,-9.01886,97.74037,-3.8394356,93.4997,-10.759361,112.50452,-29.845549,146.52446,-34.80674,151.84605
Saga Prefecture,Japan,33.6,129.85,53.455994,156.2134,32.719593,96.58458,46.694557,91.674446,39.01512,98.14093,37.145042,121.60416,40.206604,142.773
Sagana,Kenya,-0.65,37.2,4.364725,51.642113,6.1514378,70.02643,23.481869,-10.58123,9.738215,-1.1375217,17.690205,37.880478,7.537174,45.064495
Sabana Grande de Palenque,Dominican_Republic,18.27,-70.15,19.523827,-55.910736,18.253426,-84.44564,2.1648579,-38.404026,3.7431087,-67.5525,11.295502,-90.79912,19.688183,-97.94612
"Sabaneta, Barinas",Venezuela,8.75222,-69.9325,10.215051,-52.991623,-16.057232,-58.996468,27.10482,-50.106396,5.1979465,-103.177376,-1.8741798,-104.222336,8.746952,-79.67065
Sagar (community development block),India,21.6528,88.0753,26.462585,53.50093,18.893713,42.971684,22.862955,47.827473,24.657671,63.654625,24.725433,82.50029,24.582748,90.70999
Sacheon,South_Korea,35.0667,128.083,26.317024,117.71225,28.71979,116.68019,11.563707,125.96617,35.837475,111.075645,30.025093,153.034,40.15821,125.682816
"Sacaton, Arizona",United_States,33.08,-111.746,28.483177,-59.06591,33.406425,-117.01972,38.66385,-76.604195,30.897133,-107.13752,35.532433,-117.15233,34.59017,-109.312805
Sabinov,Slovakia,49.1061,21.0856,56.41013,-18.769056,61.57817,13.412917,35.722492,53.38012,47.11924,5.0603123,40.233517,20.578661,41.167786,40.89867
"Saint-Armand, Quebec",Canada,45.0333,-73.05,45.744667,-103.41638,51.588387,-90.18702,48.260048,-111.845375,49.207985,-95.66723,46.814278,-73.64496,46.37644,-71.09464
"Saginaw, Michigan",United_States,43.4178,-83.9644,49.869354,-119.80977,55.78476,-135.49104,43.875347,-99.16878,44.204086,-88.165825,47.005707,-97.94385,45.269104,-90.265274
"Sage Hill, Calgary",Canada,51.175,-114.145,29.071949,-45.0066,39.380398,-39.31272,44.77361,-30.27769,36.392498,-13.833012,52.040092,-102.673355,51.46381,-103.975365
Sagkeeng First Nation,Canada,50.6089,-96.2956,31.058498,-87.51088,31.669662,-39.484524,20.692192,-22.03707,31.39457,-66.64643,38.67499,-68.81915,51.62198,-86.896484
Saggart,Republic_of_Ireland,53.28,-6.444,39.519093,32.244064,47.56378,17.524311,33.290142,34.102055,35.748695,37.81803,52.341614,-7.6256485,50.392944,0.51670647
Sahid Matangini (community development block),India,22.4086,87.9128,16.218822,87.16353,17.10169,56.06149,24.436924,42.52987,22.789701,54.6133,20.795067,78.68317,23.835106,79.04598
Saidu Sharif,Pakistan,34.75,72.3572,29.816586,114.37103,22.440226,90.26113,29.530863,31.43149,20.524738,72.471886,26.482637,59.001564,32.291485,64.84741
Sahiwal Division,Pakistan,30.6644,73.1083,11.015962,120.3448,10.304226,69.13907,27.430555,48.314846,10.417051,61.210533,10.976446,70.05841,29.996925,70.709366
Saham,Oman,24.1722,56.8886,19.167614,43.932587,28.571634,42.06166,32.2627,40.539265,33.399998,62.12434,23.379517,59.940914,33.939194,59.623528
Ruyigi,Burundi,-3.48333,30.25,1.4428787,10.761282,-10.592541,18.808426,21.844784,5.9404373,8.95064,12.32668,17.925499,53.758034,-6.9426804,27.77813
Rybnik,Poland,50.0833,18.55,43.518677,42.87366,72.927895,-20.450556,46.257805,-16.40624,62.015766,1.6900063,48.36234,22.95533,54.78344,24.414658
"Rye, New York",United_States,40.9811,-73.6839,46.062332,-48.32196,29.167969,-13.98439,28.51142,-29.19833,36.61971,-13.257763,45.094734,-65.2074,42.406376,-74.63602
"Rye (town), New York",United_States,41.0178,-73.675,32.266888,-57.487564,25.580988,4.231193,23.662922,-12.323566,34.95181,-7.394665,39.66772,-68.176834,46.33998,-83.03023
"Rye Brook, New York",United_States,41.0197,-73.6833,48.28195,-48.20815,34.185364,-19.405586,33.410076,-36.662846,40.25175,-14.051472,48.00908,-74.43785,41.345886,-78.186485
"Ryde, New South Wales",Australia,-33.8153,151.101,-24.581436,184.34087,-16.489487,126.069084,-12.10944,113.705925,-10.322025,131.45322,-35.029716,153.19135,-33.576363,155.58942
Rzepin,Poland,52.35,14.8333,54.562485,55.65808,61.64561,50.02282,39.423763,34.24011,60.74532,11.879878,46.51056,5.1634417,48.227684,28.189209
"Russell, Manitoba",Canada,50.7808,-101.284,46.709686,-19.411198,44.61857,-68.50515,30.916677,-71.20767,37.069324,-59.92823,48.164276,-77.351654,54.94099,-105.642105
Russi,Italy,44.3833,12.0333,50.148514,-14.788613,48.764275,-16.7856,62.06134,-49.69729,48.965115,-13.664581,43.05555,15.741805,50.091415,12.395073
"Russiaville, Indiana",United_States,40.4189,-86.2719,19.879065,-99.232315,36.50444,-89.795586,28.345188,-147.53433,29.09795,-71.673996,42.69402,-81.03635,39.742455,-81.26783
"Ruse, New South Wales",Australia,-34.071,150.842,-27.994503,69.6806,-12.279671,95.06112,-7.339493,80.2046,-11.889511,109.903114,-30.22254,145.51581,-31.721825,152.00404
"Rushall, West Midlands",United_Kingdom,52.611,-1.957,45.28236,-31.198938,31.417385,39.68181,29.611353,43.331635,32.48625,54.94654,45.66436,1.563631,47.928467,2.1253948
Rushen,United_Kingdom,54.0847,-4.7475,52.554497,-6.421096,58.333168,-56.27314,61.335754,-110.19397,85.36345,-26.66745,37.651634,61.0541,61.044136,3.7425375
"Rutherford College, North Carolina",United_States,35.7458,-81.5286,23.471342,-47.111584,25.217478,-50.352493,29.58434,-68.83242,24.082798,-31.003834,37.44258,-83.67374,37.212368,-82.9868
"Ruthven, Iowa",United_States,43.1306,-94.9003,34.664948,-68.80151,28.198702,-37.52292,51.393326,-96.24212,25.224363,-37.467644,41.774704,-85.543625,41.94607,-93.0477
Röszke,Hungary,46.1833,20.0333,43.77408,25.348736,36.1197,-2.2230186,47.603615,8.188238,40.67826,-17.62091,50.65008,18.547308,55.33869,10.517703
Røros (town),Norway,62.5747,11.3842,64.60827,-26.417936,31.923458,19.531929,31.30557,5.947585,43.43293,-20.455025,60.4952,8.129785,48.13443,17.998404
"Río Bravo, Suchitepéquez",Guatemala,14.4011,-91.3195,15.344395,-62.57542,23.615007,-26.657114,29.326666,-26.068205,32.990585,-52.61409,13.082226,-77.412674,15.966869,-87.92519
Río Turbio,Argentina,-51.5333,-72.3,-5.4834023,-42.951656,17.79631,-27.167982,21.395916,8.562257,21.592985,-25.704964,-9.736933,-85.2572,-41.145546,-48.33219
Rạch Giá,Vietnam,10.0167,105.083,13.984619,91.53807,47.825138,17.718302,46.31736,5.992529,48.479965,23.197113,26.355879,88.2717,10.339201,94.15303
Ráquira,Colombia,5.53333,-73.6333,-0.8612957,-49.58083,36.1197,-2.2230186,47.603615,8.188238,40.67826,-17.62091,8.24246,-43.26656,1.8206596,-77.42412
"Corlette, New South Wales",Australia,-32.7247,152.115,-22.539005,108.55591,-16.694122,104.84975,-22.67606,119.11796,-9.525856,100.36232,-27.452135,137.77422,-35.37069,150.34926
"Cornell, Wisconsin",United_States,45.1667,-91.1497,33.85224,-72.70784,48.255333,-121.61927,46.23203,-116.114494,39.661995,-101.28483,44.525047,-101.52954,46.329323,-90.0308
"Cordova, Alaska",United_States,60.5436,-145.752,47.89498,-100.083176,39.606606,-101.910385,37.410923,-111.03774,49.752136,-137.6847,53.23475,-126.75493,59.414597,-148.25267
Corfe,Somerset,50.9698,-3.0908,34.706112,-13.353275,39.275375,53.359463,42.707607,39.11747,21.322899,134.63446,38.097588,-5.789261,48.041855,-13.828708
Cornet Chahwan,Lebanon,33.92,35.67,23.493893,15.522079,38.1106,4.751244,25.623808,19.576794,40.78442,-14.05545,33.504566,63.83332,38.330574,13.267208
Corregidora Municipality,Mexico,20.531,-100.442,12.603501,-68.71754,4.955494,-41.24641,22.457233,-7.2137117,0.59480476,-1.8124657,3.5175915,-52.865185,1.0058155,-93.66761
Coronel Oviedo,Paraguay,-25.45,-56.45,-5.9809246,-37.45025,4.344898,-60.99167,11.476181,-81.6915,26.230185,-117.01467,10.091217,-60.32382,-9.129185,-66.31452
"Coronel, Chile",Chile,-37.0167,-73.2167,-40.18459,-35.701683,-25.671188,-54.4567,-12.810463,-57.389454,-17.189678,-107.35757,-31.689207,-57.53993,-31.048359,-54.442913
Coronel Fabriciano,Brazil,-19.5189,-42.6289,-17.075588,6.5228777,-8.7602005,-54.436756,7.257475,-56.71871,8.177116,-89.73488,-7.328947,-49.206028,-20.680843,-73.385735
"Cooranbong, New South Wales",Australia,-33.074,151.451,-38.79379,91.072525,-28.24318,126.31252,-22.67606,119.11796,-22.412151,125.1103,-33.794067,158.60197,-30.571384,149.67995
"Copacabana, Bolivia",Bolivia,-16.1667,-69.0833,-7.4667683,-55.28607,-23.428635,-68.389626,-13.068241,-47.25701,-14.578449,-77.933846,-10.206263,-55.50015,-7.0131264,-52.77129
"Coos Bay, Oregon",United_States,43.3764,-124.237,52.98247,-120.297806,36.86762,-89.55393,26.276262,-46.496506,37.678333,-88.889435,35.59622,-98.959915,39.822983,-112.496124
"Cooper Landing, Alaska",United_States,60.4906,-149.794,40.286285,-67.98815,38.734776,-61.305206,27.452948,-32.448147,35.31774,-75.216194,50.31435,-132.8214,56.57184,-140.28679
"Coopersburg, Pennsylvania",United_States,40.5103,-75.39,79.53964,-74.29541,60.040405,-113.78901,56.25625,-74.24266,55.041824,-96.36505,43.248825,-79.65845,42.213417,-83.61759
"Corbin City, New Jersey",United_States,39.3016,-74.7602,49.276737,-72.796646,32.523216,-34.60855,27.467672,-24.53904,26.494488,-32.17314,40.072388,-79.63838,40.295036,-72.65596
Copán Ruinas,Honduras,14.8333,-89.15,17.291452,-53.555126,26.387236,-25.343956,21.238628,7.681327,16.93037,-39.399597,0.4589367,-75.38757,9.345112,-114.0963
Coulston,United_Kingdom,51.286,-2.071,52.639076,57.69453,21.454285,42.701828,39.279087,18.520998,10.28033,81.66442,53.977844,3.688799,33.974285,-10.89371
Cound,United_Kingdom,52.646,-2.655,54.550858,-2.3241644,45.82819,27.629766,60.784973,2.6205404,52.760162,18.230213,51.55597,-9.456196,45.996216,-37.06735
Coundon,County_Durham,54.6637,-1.63409,37.898098,59.507008,40.902027,5.958713,47.857803,13.8926735,44.421223,44.867058,54.559734,5.7200375,59.2903,-7.562417
County Longford,Republic_of_Ireland,53.6667,-7.75,54.24492,-45.76121,25.651337,17.831606,33.112286,35.32124,20.988272,35.673416,60.411163,-6.5859127,54.070633,-20.101643
County Waterford,Republic_of_Ireland,52.25,-7.5,67.91641,-33.32793,47.171772,-13.659321,44.97394,7.7944956,37.744385,5.2936935,41.22222,6.9440584,52.94203,-10.057309
County Cavan,Republic_of_Ireland,53.9167,-7.25,51.849106,-20.543453,37.84884,-1.8605824,41.205368,-12.304412,47.479652,-1.3137035,52.495724,4.447548,55.16813,-5.815112
Cotuí,Dominican_Republic,19.06,-70.15,8.864242,-52.82605,41.377335,-8.667454,35.476006,45.99552,25.136848,27.230537,-25.044722,-45.51991,18.491465,-77.79455
"Country Club, California",United_States,37.9708,-121.335,47.121857,-111.843216,24.366253,-44.99767,25.749691,-47.25607,15.413488,-35.094627,36.71175,-126.4843,35.4785,-109.219635
Courmayeur,Italy,45.7833,6.96667,59.779633,-26.975294,52.113754,-21.668186,31.717031,18.25933,63.00666,-32.604343,43.916542,-15.392384,47.987774,-4.0296297
Courtallam,India,8.9342,77.2778,6.596983,61.297764,8.552341,79.904396,20.831177,52.359676,10.210146,61.601246,22.243008,40.54698,15.172428,75.64466
"Cortlandt, New York",United_States,41.2614,-73.9025,23.060724,-65.502266,33.60631,-43.464836,26.449688,-25.023977,33.851223,-32.833576,42.426567,-74.88132,41.14088,-72.924324
Cortés Department,Honduras,15.5028,-88.0136,-1.425766,-102.63661,30.282211,-15.71779,26.668125,-33.356655,28.263905,-53.006027,7.4665127,-101.819534,-3.5387993,-81.81809
"Coshocton, Ohio",United_States,40.2678,-81.8567,48.468468,-105.21745,51.425053,-157.39333,52.025734,-105.6076,44.48831,-131.09879,45.258934,-94.43565,39.622715,-81.404236
"Cosby, Leicestershire",England,52.5517,-1.19333,33.41158,4.649473,40.373783,-24.544193,39.79163,-20.42838,43.907555,-83.508385,55.9255,8.442404,52.73806,-1.4332399
"Cortez, Florida",United_States,27.4636,-82.6725,36.53277,-61.53346,21.319555,-107.79796,21.3595,-109.32056,29.502464,-130.83017,21.824257,-73.60541,29.349749,-82.100975
"Corston, Somerset",United_Kingdom,51.3863,-2.4404,46.533302,-14.116646,41.771835,4.929306,49.50891,14.837154,35.837658,5.103918,54.16961,0.55394745,51.43485,6.77496
Cotgrave,United_Kingdom,52.914,-1.042,47.637794,27.481232,60.92012,-49.88811,47.77289,-40.716408,58.676235,-15.653748,60.084694,-13.340063,56.65126,-0.48263073
"Cotham, Bristol",United_Kingdom,51.4653,-2.6012,45.112305,-22.575384,40.32738,9.956089,36.107872,77.28428,34.27028,-31.357986,56.628563,-0.026733398,51.93628,-5.887479
"Coton, Cambridgeshire",Cambridgeshire,52.2106,0.06398,45.08203,18.381464,47.181534,11.52242,57.432323,-22.112312,45.131832,15.505386,49.61695,6.5734158,50.97574,2.546792
Cotswold (Charlotte neighborhood),United_States,35.1754,-80.8004,21.61731,-74.76993,36.67546,-38.89628,25.736465,2.7620513,46.56407,-73.159676,42.03537,-70.048676,35.981377,-76.89441
"Cottonwood, Colorado",United_States,39.5625,-104.802,38.600723,-70.96849,45.45336,-165.85693,33.781548,-132.87411,42.744743,-172.59671,44.381565,-118.859436,40.552345,-112.044754
Costa del Sol Occidental,Spain,36.515,-4.87778,29.811829,-47.23968,16.311768,-59.08302,12.410049,-65.875694,3.518299,-43.171936,2.7762146,-32.76122,30.810635,-14.234368
Cotai,China,22.1408,113.563,16.881687,62.390926,16.783127,56.45108,4.691889,96.63246,-3.4209938,96.62083,10.235588,101.456665,19.698593,48.60327
Cookstown,Northern_Ireland,54.647,-6.745,68.958824,-28.815228,63.47962,-29.39209,57.899307,-12.511126,48.283283,-33.642876,3.1819477,87.99507,51.57154,2.2625017
"Colyton, New South Wales",Australia,-33.7819,150.798,-19.56231,139.85965,-13.342369,108.0193,-6.8122025,89.255905,-8.527039,97.01969,-34.0531,150.26488,-32.998985,151.4167
"Colón, Entre Ríos",Argentina,-32.2167,-58.1333,-9.278484,-81.82793,25.313625,-34.207584,37.81915,-65.036705,16.859772,-41.973167,-27.296839,-66.4879,-29.604504,-58.10677
Comandante Ferraz Antarctic Station,Brazil,-62.0854,-58.3915,7.1645823,-5.247246,3.6894855,7.5965347,19.949074,9.169008,4.470497,-26.798729,-3.6551876,1.0888634,-61.62805,-30.663387
Combe Down,United_Kingdom,51.361,-2.342,72.395004,0.49850845,42.38587,-23.71357,49.32158,-20.911787,39.898304,-26.070923,41.393196,15.764596,47.402035,-31.22538
Colwall,United_Kingdom,52.0803,-2.35746,44.404457,42.69345,54.976326,-1.140593,51.557415,-56.236553,45.087147,28.887194,46.861618,24.457924,47.168633,-5.9390955
Colonia del Sacramento,Uruguay,-34.4714,-57.8442,-28.536114,-39.135117,12.047165,-88.013985,6.280197,-66.381454,19.6917,-82.52172,10.5206585,-76.576996,-31.982147,-46.08873
Colsterworth,Lincolnshire,52.8055,-0.61825,57.953007,-32.208313,59.932003,-7.802941,45.834953,39.846245,58.615887,-10.529221,43.744305,1.3437996,54.48951,-3.350605
"Columbus, New Jersey",United_States,40.0725,-74.7208,23.399294,-55.134262,33.64517,-74.217545,38.06474,-97.44151,25.342358,-73.59235,39.948822,-75.08867,41.04357,-72.58355
Comber,United_Kingdom,54.544,-5.735,55.538895,24.547794,54.25609,-50.079594,42.829346,-20.590902,42.756554,-45.054184,37.966866,-1.9920425,46.186623,-8.286986
Comberton,Cambridgeshire,52.1876,0.024048,51.206047,-1.2228136,55.28473,-14.627412,48.22431,-27.413574,51.670624,13.48193,59.47883,-2.0494747,56.367886,14.170525
Comitán,Mexico,16.25,-92.1333,17.270584,-59.09646,30.40016,-10.116692,27.277765,-4.2451725,20.704218,-38.81449,2.4657078,-101.67386,13.59062,-92.84361
"Colonia Juárez, Mexico City",Mexico,19.4275,-99.1609,47.573166,-105.118,22.936703,-5.2297597,14.162504,-5.8885155,24.659044,-67.42145,17.568834,-85.951065,20.983116,-63.43996
"Collinsville, Illinois",United_States,38.6744,-89.9953,65.945724,-154.34836,25.63085,-59.618362,41.18668,-74.35999,24.159449,-63.507515,43.475483,-99.90924,38.34004,-95.659164
Collo,Algeria,37.0056,6.56028,11.486122,21.4379,11.770426,3.8806205,13.117399,19.242512,17.635574,21.516832,20.40789,24.841457,38.320328,-6.7611074
"College Station, Texas",United_States,30.6014,-96.3144,35.759205,-149.81708,35.45295,-62.27986,37.228844,-65.13244,25.47502,-34.515026,23.082989,-67.97435,33.929134,-82.6056
Collina d'Oro,Switzerland,45.9833,8.91667,44.399277,0.21990395,-15.410572,89.68685,40.370613,-12.54002,33.33686,35.54856,37.4924,21.661171,30.280842,-27.363792
"Colonial Beach, Virginia",United_States,38.25,-76.9667,26.966726,-65.32541,15.906002,-44.988693,11.873453,-9.965942,7.780298,-35.80412,30.301596,-72.99675,35.487236,-80.34328
10th of Ramadan (city),Egypt,30.3065,31.7415,30.262024,39.597336,28.184393,37.363926,29.788004,25.116173,36.62832,23.3799,33.31157,39.469193,15.655691,40.057076
Colleferro,Italy,41.7333,13.0167,16.710163,28.783611,44.674294,58.899475,36.88674,-6.4099245,38.014492,39.40738,41.611313,-24.762688,43.116077,22.22315
North Beach (Miami Beach),United_States,25.8594,-80.1281,33.02758,-65.13459,15.065209,-31.156113,15.388971,-25.974384,9.455945,-27.169903,27.968218,-90.211136,24.049507,-75.23717
North Karachi,Pakistan,24.9333,67.0333,23.410944,41.29973,1.8262253,80.83875,7.2991714,30.919043,4.9733353,67.29819,24.06324,80.51476,18.868275,80.54997
Colney Heath,United_Kingdom,51.7353,-0.2564,44.37777,-16.61901,51.80665,-5.8701925,47.00832,-14.766361,48.29911,-34.579895,64.35372,-11.8471985,49.50427,10.52842
'Amran,Yemen,15.6667,43.95,28.350336,76.1635,6.3338184,111.831535,14.597708,100.8787,19.040565,99.74238,38.76734,18.236511,29.469496,34.531048
"College Point, Queens",United_States,40.785,-73.835,47.555267,-83.18863,23.5595,-13.651334,25.845366,-19.972746,29.090107,-30.144485,39.1073,-59.617107,45.379772,-73.66722
"Colville, New Zealand",New_Zealand,-36.6342,175.476,-3.9584522,77.70764,6.3566113,34.022217,-5.704525,58.645718,10.04489,17.309296,-29.958895,111.673645,-30.716095,121.15362
"Colts Neck Township, New Jersey",United_States,40.2934,-74.1683,45.34612,-94.899475,27.989697,-25.68736,31.540209,-33.15827,29.60138,-11.720161,35.915653,-71.171326,38.86402,-71.31755
"Commercial Township, New Jersey",United_States,39.2738,-75.0453,25.549915,-37.240257,26.048115,-23.490362,24.42844,-18.282635,21.253124,-14.339172,34.38929,-65.85263,40.239597,-77.81023
Community of Madrid,Spain,40.5,-3.66667,38.18012,-52.59384,26.875671,-9.682774,24.098772,-10.850622,25.1045,-11.684303,26.38548,-16.22676,37.24206,-19.019844
Comodoro Rivadavia,Argentina,-45.8647,-67.4808,-18.315437,-104.23326,-27.578014,-99.117065,-4.089447,-38.35355,-6.367647,-129.52466,-19.621431,-115.69653,-34.145905,-61.99957
'Aoa,United_States,-14.2656,-170.584,8.306016,6.4370327,24.083765,35.35842,18.113007,-26.774494,25.136848,27.230537,8.826063,37.13051,20.26015,10.2188425
"Coniston, Cumbria",Cumbria,54.368,-3.073,54.32101,18.503284,51.36242,35.105186,58.073006,34.418774,55.639336,23.429367,53.657997,-6.323654,54.49652,-12.8460455
"Conington, Huntingdonshire",United_Kingdom,52.4583,-0.27,57.988434,-0.35217905,55.55739,9.108162,55.859406,-15.414845,70.08558,11.59243,55.142944,-2.7947884,51.93873,2.728979
Contin,United_Kingdom,57.568,-4.57868,47.579468,-49.01353,55.00116,-58.464027,31.493277,-17.989515,69.131165,-46.813072,34.50998,16.246044,36.21224,-5.261117
Contai I,India,21.7487,87.653,30.29642,95.86044,27.91377,101.17015,27.921364,46.918427,31.74999,73.22044,25.685455,73.70319,21.420856,81.392166
Compton and Shawford,United_Kingdom,51.0233,-1.32908,53.60662,-35.540623,48.305046,-13.707395,32.160454,-25.778044,38.936646,-6.6476517,44.427483,0.11073685,54.295105,-12.207864
"Concepción, Santa Cruz",Bolivia,-16.1319,-62.0261,-1.6559181,-44.608753,14.029295,-69.49922,15.665714,-72.98588,24.032,-72.78203,-32.441994,-69.70494,-24.387737,-72.35222
"Concordia, Sinaloa",Mexico,23.2883,-106.067,25.437338,-50.60818,26.103674,-94.345345,36.778786,-90.79164,20.34099,-78.555534,28.835012,-123.64273,25.80599,-96.73175
Cooch Behar,India,26.3242,89.451,33.60344,57.90688,18.359182,38.784943,21.017178,16.924772,23.932692,15.55652,22.814947,86.941605,22.267395,101.84445
"Compton, Berkshire",United_Kingdom,51.515,-1.253,50.51824,-8.212162,56.172707,-41.872944,56.09813,-54.763615,53.35582,-41.845963,50.35392,3.978178,52.200516,-3.8000631
"Comptche, California",United_States,39.265,-123.591,38.455544,-95.465515,33.893536,-116.3263,31.63489,-156.80975,30.178513,-127.12351,38.46512,-110.32915,36.97087,-122.31867
Complexo do Alemão,Brazil,-22.8606,-43.2736,-2.8990078,-31.315283,2.9815292,-21.410837,10.770981,-15.448241,12.861411,-17.109158,-3.7119846,-40.25324,-22.01701,-67.30665
Contai,India,21.78,87.75,10.418654,127.123825,11.80077,173.5007,22.486856,69.978836,22.847294,122.97135,14.836911,43.747246,22.76033,71.44397
"Contrecœur, Quebec",Canada,45.85,-73.2333,52.862778,-34.16436,49.422047,-29.93975,38.206367,-53.762135,47.991337,-40.84545,41.248093,-91.76123,44.429977,-74.21269
Conselheiro Lafaiete,Brazil,-20.66,-43.7858,1.7350445,-42.530735,-23.681137,3.007585,16.63777,7.991992,-12.931141,-19.294735,-9.27817,-36.147003,-28.964298,-44.822563
"Constantia, Cape Town",South_Africa,-34.0314,18.4183,-33.64709,111.352615,-1.4412136,27.502058,-9.610691,43.90721,-10.75576,48.79904,-30.153158,19.293036,-35.77189,29.926708
Constantine Province,Algeria,36.35,6.6,13.951497,10.421156,23.076052,24.65839,10.082336,47.183155,25.942736,10.97002,21.161118,19.222612,42.544605,28.978355
"Concord, California",United_States,37.9781,-122.031,46.118004,-100.68094,20.427887,-80.00848,33.28292,-91.63395,19.918497,-84.74907,36.338497,-106.86722,36.76921,-120.65841
"Concord, Wisconsin",United_States,43.0639,-88.5886,38.206512,-85.66638,30.90512,-80.45595,42.26925,-87.97988,30.603186,-89.400826,40.823963,-91.80003,43.008442,-83.62488
Concepción de Ataco,El_Salvador,13.8667,-89.85,14.03318,-64.46915,13.883207,-53.69761,12.157326,-63.63249,18.790844,-51.828026,-6.4129734,-78.00981,11.171318,-86.15067
Coningsby,United_Kingdom,53.1051,-0.1752,57.99258,24.914463,55.121544,-6.7715726,58.766354,-9.931569,48.752357,18.954304,45.932007,3.7965317,39.82682,9.303069
Conjunto Urbano Nonoalco Tlatelolco,Mexico,19.4536,-99.143,32.54702,-75.05704,15.263425,-76.750694,34.424995,-42.893173,10.422868,-82.885956,10.928453,-110.36922,13.296646,-102.371605
Concón,Chile,-32.9167,-71.5167,-16.918072,-22.462534,35.263836,-67.18862,32.59797,-11.301706,29.832674,-35.494038,-26.670553,-62.114162,-22.729137,-78.52579
Conegliano,Italy,45.8868,12.2974,27.370125,34.419804,70.60779,-58.76013,32.16275,20.408339,54.36811,13.881919,51.717793,29.249199,49.592773,-14.460328
"Conejos, Colorado",United_States,37.0873,-106.016,29.73922,-102.326126,29.736885,-176.2356,30.467237,-130.90598,30.197596,-136.75436,37.372517,-117.6996,42.005604,-116.754005
Coney Island,United_States,40.575,-73.9825,53.530327,-75.95978,27.581158,-0.16285977,14.113586,15.8645,23.671053,4.1529255,41.158554,-54.344448,41.90765,-69.80691
"Massapequa, New York",United_States,40.6704,-73.4712,52.640633,-68.00964,30.7901,-36.40149,31.850554,-42.99211,30.210436,-40.017982,35.93536,-59.616932,40.3279,-73.854385
Massawa,Eritrea,15.6097,39.45,-2.5022106,80.95706,-6.279854,74.963615,21.16448,39.485355,7.7613926,65.95099,22.331684,0.082761765,12.337063,25.883604
"Massena, Iowa",United_States,41.2539,-94.7689,44.905087,-116.74881,40.136967,-121.83525,38.875877,-99.334755,52.34399,-131.24072,41.50159,-89.34523,41.412193,-89.06791
"Masuda, Shimane",Japan,34.6667,131.85,17.635246,137.41649,41.32254,133.46622,42.581963,51.433064,30.495602,148.25531,43.16754,134.03131,39.006348,123.33402
Maseru,Lesotho,-29.31,27.48,-18.781956,11.158855,-25.063229,25.888666,-10.228935,87.50645,-27.23219,25.7684,-28.31338,19.47996,-16.01324,24.165344
Masally District,Azerbaijan,39.0333,48.65,59.356487,48.656185,29.555979,46.752148,29.757404,38.910038,30.571615,41.749557,10.637476,79.84275,34.341454,71.5645
Masaya,Nicaragua,11.9667,-86.1,29.210798,-104.20441,3.967348,10.746838,17.666534,30.79519,5.4735584,21.728086,19.63853,65.04112,16.17466,46.673683
Mascota,Mexico,20.5235,-104.789,19.260427,-62.083405,-1.8314304,-59.91876,27.10824,-20.228962,6.8730736,-67.54094,14.4196005,-19.34129,16.570194,-99.717094
"Mascoutah, Illinois",United_States,38.4917,-89.7967,38.227497,-83.580826,48.944336,-126.72954,48.115456,-156.86534,45.407314,-100.199844,41.8639,-96.9984,40.44072,-85.24151
"Matías Romero, Oaxaca",Mexico,16.8667,-95.0333,17.311382,-62.399513,25.330828,-30.580923,10.482069,-0.7649232,22.32828,-23.96156,23.289604,-106.08586,8.787308,-71.62357
"Maud, Texas",United_States,33.3322,-94.3433,37.26123,-69.325554,23.332912,-61.82747,29.743803,-85.82667,23.822487,-75.89112,29.486881,-97.79253,30.24686,-93.1728
"Mattoon, Illinois",United_States,39.4789,-88.3731,35.72015,-110.70122,42.217796,-121.01079,43.599213,-97.239624,42.72821,-103.120735,39.993477,-90.16521,39.87394,-92.23735
"Maverick County, Texas",United_States,28.75,-100.32,27.509953,-145.30264,32.391403,-63.67305,41.70142,-61.622936,29.932209,-82.76528,32.078598,-97.11926,32.982258,-105.57484
"Maun, Botswana",Botswana,-19.9833,23.4167,-0.16832924,16.001953,-20.31287,48.98039,-17.066582,48.02837,-6.757206,-14.584778,-7.6580067,5.528076,-6.791134,20.152266
Maumere,Indonesia,-8.62222,122.212,-0.21149635,64.98662,-21.806591,98.694,25.068213,36.628452,-0.03894043,92.39322,29.388336,18.137411,-11.19442,121.02543
"Maunabo, Puerto Rico",Puerto_Rico,18.0069,-65.8992,13.752861,-115.8663,3.6732292,-97.84937,1.4941063,-91.43331,6.5195694,-86.306145,23.011644,-66.20627,22.55996,-74.90482
Mauá,Brazil,-23.6678,-46.4608,4.5865555,0.30826378,-16.371391,110.45551,32.470795,-2.2709682,-8.33345,93.895546,-26.752085,-37.54557,-25.470482,-26.940216
Mathurapur I,India,22.1203,88.3943,20.961658,87.02576,28.691282,92.09679,41.00245,28.868542,35.158775,61.449368,19.098774,95.62866,20.67707,87.50452
Mathurapur II,India,22.1203,88.3943,20.811691,63.68809,25.260637,102.73024,46.475895,48.74776,33.74824,59.46815,21.716276,101.851654,18.856686,102.86036
Matiari District,Pakistan,25.6,68.44,25.52436,69.463425,22.007847,92.38607,18.383303,69.64075,22.055468,72.00417,19.425491,55.94869,26.011251,68.738884
Matjhabeng Local Municipality,South_Africa,-27.9667,26.7333,-10.440289,47.144794,2.1736336,18.322227,10.205364,29.12691,0.8662052,22.524088,-22.874258,28.798698,-24.865105,20.886814
Matheran,India,18.9866,73.2679,-5.7220097,112.362625,20.211632,63.29538,35.68272,96.862404,18.28361,89.88203,23.228504,71.01128,23.913967,63.014687
Matakana,New_Zealand,-36.3517,174.717,-16.77752,129.32124,-9.509567,93.60074,38.888702,0.3110417,-12.867611,87.87995,8.846527,62.790867,-19.144707,115.05477
"Matam, Senegal",Senegal,15.6167,-13.3333,4.4001465,18.75581,-0.48758888,30.16721,6.1095657,28.536324,6.674797,-9.760933,15.907403,-4.298506,13.598869,11.913274
Matalascañas,Spain,36.9933,-6.54333,21.70217,-37.511124,32.857857,6.8428617,21.138794,-8.013333,31.936354,35.48947,5.175482,-83.712875,38.796047,-2.5840178
Matsue,Japan,35.4708,133.052,35.953945,129.53471,37.05797,180.66739,37.904926,59.185093,22.510363,143.77692,20.739452,87.74596,36.082172,115.57723
Mathabhanga,India,26.33,89.22,22.372736,62.415363,12.712345,82.49623,40.150726,-6.273937,14.583078,87.47686,10.366032,88.86743,22.978907,89.17022
Matigara (community development block),India,26.7167,88.3833,28.764324,65.45563,26.086008,32.41573,24.229246,40.716446,29.245071,42.67151,22.589882,81.36472,24.008762,90.42805
"Crawford, Cape Town",South_Africa,-33.9795,18.5068,-13.595882,30.190525,9.177317,9.2313595,5.58033,1.83835,-1.2590847,2.367138,-28.24294,21.65369,-33.029526,28.16565
Cranwell,United_Kingdom,53.0367,-0.4619,61.55225,48.862328,35.900776,-8.026306,62.089645,-13.297956,42.130447,-52.83432,47.670784,-15.217728,49.586014,-3.5738182
Craster,United_Kingdom,55.4718,-1.59579,55.540844,9.921267,89.52605,-55.86831,68.57804,-6.7747736,59.792336,-2.103283,49.78553,-25.013783,59.13732,-1.616456
Craven Arms,United_Kingdom,52.44,-2.835,50.446106,27.068798,30.675459,17.758913,37.250614,36.11713,58.95723,-11.218941,50.376564,-0.8162117,53.1739,-0.42692375
"Crescent Beach, St. Johns County, Florida",United_States,29.7656,-81.2531,21.323303,-76.01077,28.154186,-36.45322,31.889277,-31.126308,28.709553,-17.027317,29.570246,-88.33865,32.059227,-78.4209
"Crescent City, California",United_States,41.7561,-124.202,39.22071,-117.44693,24.882214,-41.150913,27.862764,-30.091715,28.843891,-35.021286,37.878605,-120.972305,36.322456,-116.97134
"Cresskill, New Jersey",United_States,40.9398,-73.9586,56.82066,-189.71542,38.06112,-80.057724,33.64401,-31.335918,26.854958,-46.45691,40.021774,-75.75984,41.783447,-75.94237
"Creston, California",United_States,35.5187,-120.524,38.658493,-126.46086,43.73647,-153.46619,29.884842,-125.53595,44.298985,-163.04855,36.47448,-115.93402,38.203968,-125.038
"Cresta, Gauteng",South_Africa,-26.1267,27.9792,-9.978153,42.36927,-6.764263,21.441463,-17.514496,87.949066,-11.638927,32.27888,-29.332727,50.055443,-27.958473,31.636719
"Crescent Head, New South Wales",Australia,-31.1917,152.975,-26.795277,107.39455,-4.5119705,77.04009,-1.5299721,80.095566,-1.2304478,83.42009,-34.821716,149.44328,-32.814392,153.82083
Cremona,Italy,45.1333,10.0333,59.08321,-22.17781,60.143585,9.08428,75.17277,17.985382,80.50222,-13.811508,54.423084,6.800912,48.11486,1.4678526
"Crawley, Hampshire",England,51.1108,-1.3902,42.532036,31.198395,36.131332,-11.191522,46.91699,-14.0578,49.06855,-37.12725,49.158302,-0.7542782,48.0959,-6.759879
Crawley Down,United_Kingdom,51.1214,-0.0788,40.379917,36.145935,31.514788,-7.415749,40.266476,14.667131,45.992653,-10.735348,40.24917,21.808794,39.601242,-13.96157
Creigiau,United_Kingdom,51.523,-3.326,43.144867,27.570942,49.446617,12.2603855,52.392006,0.33308184,32.570328,18.772593,40.5047,-1.0881329,41.604904,-29.153942
Cowal,United_Kingdom,56.0221,-5.06448,54.46679,11.331121,16.704414,77.786125,16.677664,10.685694,15.506297,33.633755,38.94167,15.443723,42.160084,6.047629
"Covington, Louisiana",United_States,30.4789,-90.1042,28.773464,-88.929886,40.196907,-114.48921,27.926844,-136.51686,28.362843,-91.75072,29.788847,-94.52362,30.728619,-96.41039
Cowes,United_Kingdom,50.7595,-1.3002,33.85536,4.543274,38.91894,28.231834,27.280521,26.036846,14.336894,82.178665,45.22358,14.3942995,44.832554,10.491858
"Cove, Hampshire",Hampshire,51.2965,-0.7939,38.585213,-36.03074,29.273825,-23.27117,40.78234,-51.438828,31.749199,-54.865707,49.170536,3.422226,50.8414,-4.750203
"Croton-on-Hudson, New York",United_States,41.2042,-73.8861,20.457674,-61.688553,22.797218,-28.80881,27.114063,-29.267782,34.97386,-44.351532,43.151566,-70.633316,40.718662,-77.47443
"Crows Nest, New South Wales",Australia,-33.8261,151.205,-39.008488,163.79291,-11.489868,95.21477,-5.560066,74.276825,-7.122463,62.61236,-34.77311,148.56926,-28.158909,146.37206
"Crowley, Colorado",United_States,38.1935,-103.86,32.14159,-73.89772,43.703762,-107.88127,31.14386,-106.81217,39.407707,-105.1925,42.835308,-113.35156,40.59735,-109.57481
"Crows Landing, California",United_States,37.3947,-121.084,20.319918,-71.595314,27.073772,-31.664412,22.105286,-43.23308,16.738728,-61.12893,30.907713,-112.078094,37.17827,-116.33805
"Croughton, Northamptonshire",United_Kingdom,51.9973,-1.20906,68.51544,-9.038617,64.956894,11.133862,59.426517,48.13301,60.680202,12.937999,53.214436,-3.9411373,54.581043,4.4280934
Crowdy Head,Australia,-31.845,152.755,-16.747665,111.331436,18.154743,6.9350696,17.765177,23.594112,12.992375,54.305176,19.314293,-17.523308,-31.216969,158.31067
Crossmaglen,United_Kingdom,54.0773,-6.6088,58.717583,18.053078,54.429817,-28.704079,32.090862,-20.073765,58.150223,-18.15615,55.462257,10.14258,49.677704,-4.2748156
Croston,United_Kingdom,53.662,-2.777,54.513058,-30.40971,60.56848,-14.482047,60.111317,16.758156,78.12544,-11.687862,47.819885,-22.75621,65.518524,-15.968507
"Crosswicks, New Jersey",United_States,40.1533,-74.6478,29.181473,-40.87364,39.084072,-64.44785,28.349155,-52.41872,24.876421,-41.053703,39.231018,-72.70033,40.70163,-76.39954
"Crystal City, Manitoba",Canada,49.1464,-98.9489,42.739906,-56.28899,39.833485,-25.157017,30.295845,5.4201784,31.661547,-33.472523,48.390305,-93.10083,52.284065,-103.16056
"Crystal Lake, Connecticut",United_States,41.9448,-72.3734,25.668463,-33.170204,41.139282,-60.74616,48.32356,-58.004368,41.19583,-56.90322,45.72056,-80.63612,43.040596,-76.83099
"Crystal Lake, Illinois",United_States,42.2264,-88.3356,54.770462,-98.48062,38.276833,-59.66708,40.89841,-44.731476,37.780094,-55.219772,43.444168,-94.15187,39.52141,-87.16763
"Maryhill, Ontario",Canada,43.5339,-80.39,41.63536,-62.494736,46.9474,-62.756477,28.397875,-42.888626,49.5073,-92.73255,47.315865,-86.230896,47.84958,-72.5754
"Anderson County, Texas",United_States,31.81,-95.65,30.126278,-68.29573,33.34516,-68.78881,37.762543,-93.19054,31.491909,-69.41133,31.024883,-92.98151,30.039154,-96.82342
Mary Region,Turkmenistan,37.0,62.0,39.131195,38.269726,16.809666,11.9433365,20.381683,11.954218,24.772766,17.02006,16.543203,-12.052433,22.090183,22.554205
"Crumlin, Caerphilly",United_Kingdom,51.6798,-3.1368,37.387196,44.606617,52.017113,-5.7115073,36.512012,49.212112,30.92457,24.126986,48.556473,-9.693745,56.291824,-11.516313
"Croy, Highland",Scotland,57.5212,-4.01106,43.258476,-4.3466454,49.234627,-18.58036,38.139362,-49.40753,51.393707,-55.089737,40.795357,15.9537115,58.648678,10.388885
Croatia proper,Croatia,45.75,16.2667,39.030434,26.90944,28.281046,24.057829,24.839817,60.219162,39.001236,10.459705,39.890907,27.724157,37.808376,29.21035
Crewe,United_Kingdom,53.099,-2.44,59.544807,28.702347,57.741207,0.17552042,61.28297,-3.3449595,63.267235,-15.729298,58.38155,-3.1637,49.236565,20.780231
Crews Hill,United_Kingdom,51.678,-0.097,42.48793,-1.8006973,29.64381,-2.7921834,33.931767,7.1428566,31.934696,16.34504,2.025074,71.941536,52.5868,0.29959965
"Creve Coeur, Illinois",United_States,40.6422,-89.5986,40.706097,-93.41434,39.2509,-106.9356,41.977264,-77.50556,47.34536,-121.63361,41.02269,-98.056625,41.166767,-89.57468
"Crete, Nebraska",United_States,40.6247,-96.9592,46.579983,-86.042114,46.416008,-61.917015,31.015514,-51.538933,45.891823,-80.06038,41.815506,-104.42546,43.07998,-103.199356
Crikvenica,Croatia,45.1667,14.6833,33.430595,10.3342,49.09658,8.613567,36.46187,0.6571286,38.475513,54.80493,50.322556,23.016247,48.704903,23.411572
"Crook, Colorado",United_States,40.8588,-102.801,39.04637,-91.845,42.19812,-117.69511,36.896214,-120.19872,37.743942,-104.00204,40.074158,-112.921234,41.58815,-114.118706
"Crooked Creek, Alaska",United_States,61.8597,-158.129,37.492397,-38.981796,33.78663,-69.56162,30.334179,-62.865704,33.971066,-77.81885,53.415024,-130.71538,59.92036,-140.8538
Crondall,United_Kingdom,51.233,-0.863,52.82823,-37.522827,64.01871,-44.730053,55.39238,-5.243905,50.060097,-12.683704,43.914513,16.138798,54.793648,-0.48557186
"Crofton, British Columbia",Canada,48.8638,-123.646,16.76374,-54.30703,32.62973,-46.090252,39.34922,-60.57615,46.172195,-104.56272,43.73416,-96.81268,45.512108,-96.14456
Crofton Park,United_Kingdom,51.4523,-0.0333,31.750034,13.303219,27.186232,-13.372712,37.43543,-6.4347267,38.326767,-55.565186,35.39907,-9.700047,47.74049,0.7837639
"Clovelly, New South Wales",Australia,-33.9121,151.263,-26.254383,142.89809,-12.309483,107.24937,-8.1823845,104.26901,-14.086174,115.821236,-32.062378,149.87347,-37.431976,160.17052
Clitheroe,United_Kingdom,53.8711,-2.3916,40.846783,14.663689,43.912334,29.51778,25.410313,36.787136,59.12656,-15.96563,55.381313,-6.136566,59.360394,-3.4880886
"Clipper Mills, California",United_States,39.5328,-121.158,43.258102,-70.76868,37.152134,-75.17935,34.945873,-78.59463,37.919327,-87.9134,41.154217,-120.34047,36.776062,-116.98994
Clogher,United_Kingdom,54.4167,-7.2,25.383778,-57.840614,56.089348,-46.008865,38.29669,-52.254623,47.080254,-13.28302,59.41519,-26.574501,50.341827,18.588724
"Clontarf, Queensland",Australia,-27.2463,153.083,-20.37521,107.79814,-24.986855,166.33961,-8.761425,114.41436,-22.307854,128.9063,-26.74272,151.90178,-23.407234,152.14764
"Clorinda, Formosa",Argentina,-25.2833,-57.7167,-17.290607,-31.979156,-0.83221054,47.48421,22.592304,70.15046,-2.991562,-0.13766861,9.749907,-7.458935,6.3883114,-1.7185421
"Clones, County Monaghan",Republic_of_Ireland,54.183,-7.2337,40.85173,-8.786685,34.85962,-15.079243,37.460873,-9.665231,41.50065,9.397844,55.0486,-2.993616,56.089603,-2.6677208
"Clovis, California",United_States,36.8253,-119.703,21.889954,-81.333115,32.47433,-122.619514,29.189379,-97.697845,26.238054,-129.17877,37.92984,-128.53613,36.16581,-123.30305
"Coalcliff, New South Wales",Australia,-34.2439,150.974,-21.915543,157.2544,-21.181938,128.92264,-22.67606,119.11796,-17.246025,117.95387,-33.049454,145.66792,-33.370934,155.08252
Coahuila,Mexico,27.3,-102.05,27.973083,-123.62526,18.535797,-134.57886,-14.441353,-105.50533,17.571972,-95.83502,13.894988,-111.01712,20.25077,-119.14643
Cloyne,Republic_of_Ireland,51.8631,-8.12083,23.141977,-29.80875,49.38643,-66.67569,54.855453,-55.651867,22.770504,29.603992,52.27517,16.385096,45.282063,9.533339
Cluj-Napoca metropolitan area,Romania,46.7667,23.5833,48.17056,-24.121899,10.744902,49.42605,11.067232,39.16437,30.98863,25.352823,38.18457,12.220123,47.31643,3.570343
"Clementon, New Jersey",United_States,39.8027,-74.9838,37.317078,-36.52057,38.58625,-47.18796,33.192875,-28.064308,30.085619,-35.45359,39.388397,-76.23358,40.130177,-75.17368
Cleadon,United_Kingdom,54.9554,-1.4008,46.410492,30.054031,58.998737,-4.140059,45.216908,26.287653,54.986794,17.7462,41.260384,25.629074,53.502777,3.3156414
Cleator Moor,Cumbria,54.5211,-3.5119,61.972466,-42.617695,70.67233,-45.536972,60.20462,42.870594,58.203014,-41.1634,44.69075,27.873814,46.994102,6.036033
"Clayfield, Queensland",Australia,-27.4183,153.054,-18.506561,129.68553,-39.046555,184.68158,-17.62859,120.74308,-31.578686,168.04874,-23.975946,147.86655,-27.003368,156.32906
"Claypole, Buenos Aires",Argentina,-34.8,-58.3333,-3.0009212,-59.982803,-6.583786,-53.19367,-15.977856,-15.328976,1.7488003,-35.02997,-28.337683,-48.28758,-35.003235,-64.23703
"Clayton, Victoria",Australia,-37.915,145.13,-49.298,162.71107,-21.399918,87.55738,-7.171463,44.46332,-25.208904,68.28485,-39.4925,149.54286,-36.97561,150.25987
"Coatepeque, Quetzaltenango",Guatemala,14.7,-91.8667,12.005747,-65.406715,-10.400162,-94.27386,14.941666,-3.6195517,4.579378,-86.18102,22.146845,-85.40567,13.470411,-80.01776
"Clifton, York",United_Kingdom,53.9721,-1.09791,36.26004,76.881134,37.61972,-38.446175,41.683098,-74.875595,30.183958,-52.0215,46.154224,9.531462,57.00444,-25.492088
Clifton Campville,United_Kingdom,52.696,-1.625,68.99179,-14.175999,48.096813,-4.100479,49.535233,-44.947495,17.510117,-39.743668,28.363857,3.935711,56.20237,4.892177
Clifton Cantonment,Pakistan,24.8039,67.0631,19.41749,52.77699,27.72827,25.405811,36.389374,29.447897,13.447012,-14.604698,9.789532,69.45493,16.900684,79.05865
Cliftonville,United_Kingdom,51.3881,1.4046,44.300842,41.43683,59.37239,-15.983606,61.898155,7.499753,67.11934,-35.042156,19.338154,16.155914,56.148064,3.542344
Cliffe Woods,United_Kingdom,51.435,0.4956,62.793877,-0.19745874,44.18463,-5.879828,45.985695,21.59405,43.02511,14.410348,49.624107,-38.327126,58.16816,-7.1681795
"Clinton, British Columbia",Canada,51.0903,-121.591,17.898788,-45.73489,29.6076,-53.148697,29.794466,-63.40731,34.077698,-64.46877,41.05117,-93.24289,44.00126,-101.98346
"Cliffwood Beach, New Jersey",United_States,40.4433,-74.218,30.518467,-37.978508,33.200542,-46.624214,26.091408,-10.811517,21.900723,-29.12482,38.451607,-77.36217,38.43755,-84.93456
Clifton Hampden,United_Kingdom,51.667,-1.21,59.47446,10.244444,28.495491,21.27155,38.19587,-11.088347,26.26402,-18.501675,40.786827,-5.6400623,49.70082,9.426777
Cley next the Sea,Norfolk,52.9525,1.04306,75.59215,-91.35768,34.95472,20.068302,28.52273,40.555256,38.07769,14.222216,57.659332,26.879402,52.48721,0.30233097
"Colgate, West Sussex",United_Kingdom,51.0815,-0.24428,50.678608,43.89088,30.122824,-3.7237463,41.52816,-17.850353,36.229652,-13.95916,50.13949,-3.3350105,49.858192,-9.054521
Colegiales,Argentina,-34.5742,-58.4492,-6.4270096,-27.122746,1.8332729,-89.66011,23.528215,-54.96892,6.09709,-69.10607,26.152864,6.0685406,-20.540226,-67.35713
"Coleman, Wisconsin",United_States,45.0697,-88.0342,41.66251,-97.769196,48.95155,-96.022545,49.35907,-108.74666,43.165775,-108.003746,46.59758,-101.29375,47.036385,-91.94883
Coleraine,United_Kingdom,55.133,-6.661,62.450626,-34.737606,52.73045,-31.523813,63.515686,56.361504,65.9284,-64.96084,58.64316,-34.923363,52.762184,-6.3107824
Colerne,United_Kingdom,51.439,-2.262,82.17492,-29.418388,71.077545,2.2014885,32.202328,8.214992,70.86972,-1.887989,42.092194,3.2229347,59.87819,-22.207535
"Eganville, Ontario",Canada,45.5333,-77.1,60.60794,-84.249146,51.054405,-112.406395,45.11574,-82.452065,42.51953,-57.74871,43.842224,-81.33667,46.95645,-73.813705
"Eek, Alaska",United_States,60.2186,-162.026,39.98488,-44.5207,53.91373,-107.000206,41.05039,-60.15637,59.4142,-89.2712,52.619827,-108.15225,69.412285,-125.438484
Edwinstowe,Nottinghamshire,53.16,-1.07,58.355423,53.328373,61.68272,-14.769579,51.76562,7.8414946,53.95508,16.396591,49.564365,-1.8751984,54.145264,-6.9304647
Cockermouth,United_Kingdom,54.6613,-3.362,56.106678,4.880498,52.799618,32.822693,28.15943,50.962025,78.923965,42.90606,60.93122,-0.3039875,51.399956,1.6719084
Cockley Cley,United_Kingdom,52.6067,0.64554,59.102783,-17.90175,53.067406,24.302671,29.21067,95.57622,43.725044,-5.3432503,67.54912,-15.745365,58.31791,-12.452817
Cockfosters,United_Kingdom,51.6527,-0.156,49.69642,-26.69242,65.48689,-29.711884,57.141483,-57.78154,47.46797,-4.2381897,38.68643,-3.9546795,52.022217,3.0737257
Cockington,United_Kingdom,50.4563,-3.565,5.028639,82.2195,24.936363,66.81987,49.519173,-56.48869,25.18485,75.67883,39.084793,18.875813,52.699615,13.404753
"Cobble Hill, British Columbia",Canada,48.6833,-123.6,20.05304,-36.851883,26.351173,-28.948187,28.83124,-28.541498,36.05943,-51.60311,41.40997,-86.22839,44.081573,-96.97907
"Cobb, Wisconsin",United_States,42.9669,-90.3311,36.311802,-60.49644,49.02281,-108.62598,47.050167,-80.50267,36.258816,-67.01669,44.000053,-91.32747,45.18028,-92.08573
"Cobden, Illinois",United_States,37.5339,-89.2553,32.911537,-77.98825,23.18566,-39.44176,39.887814,-75.20143,19.655039,-29.03482,40.89791,-84.26694,38.570206,-92.76496
"Coin, Iowa",United_States,40.6569,-95.2342,35.362984,-71.90857,39.61588,-67.643974,36.23526,-72.22935,36.78713,-75.260086,36.08894,-92.19005,42.76857,-94.48125
Coffee Bay,South_Africa,-31.9861,29.1472,-17.231277,54.641037,18.99638,-17.942095,18.947205,-56.42769,14.905243,-17.769878,7.043009,-10.307035,-25.21801,14.318271
Cienfuegos,Cuba,22.1456,-80.4364,32.24579,-135.1695,15.680612,-87.29845,33.560673,-39.066105,33.583805,-111.29243,20.829975,-61.529316,15.715506,-69.663605
"Cibecue, Arizona",United_States,34.0397,-110.486,24.053442,-69.03729,33.507557,-118.591934,29.208055,-102.665886,21.435852,-105.552315,32.531845,-116.29457,35.691128,-115.410934
Château-du-Loir,France,47.6983,0.4183,29.18602,96.11194,47.295242,20.591509,52.41189,-11.764803,33.83902,75.50124,46.145798,-3.6074314,41.522522,3.139308
"Chūō, Yamanashi",Japan,35.5996,138.634,24.737717,99.17432,37.402393,79.412865,36.762352,63.335434,29.578854,111.661964,35.23302,154.68747,32.653008,158.2923
"Chūō-ku, Sapporo",Japan,43.0553,141.341,50.720642,110.26257,36.096733,80.14239,49.398323,33.79581,33.933372,91.40283,31.548035,130.35391,42.933464,123.21754
"Ciénaga, Magdalena",Colombia,11.0069,-74.25,6.475238,-52.830917,16.150677,44.019787,32.229954,27.288181,24.793898,68.82251,6.807699,-49.138027,12.53031,-36.62599
"Civic, Australian Capital Territory",Australia,-35.282,149.129,-34.06333,145.28831,-10.631245,70.63422,-12.3409195,82.43336,-9.259171,60.188187,-24.432314,138.05624,-21.553638,117.67965
"Cixi, Zhejiang",China,30.1667,121.233,34.80594,94.175186,29.496399,133.09444,35.15728,104.468124,24.290953,146.894,34.242554,103.63048,30.405651,95.86713
Ciudad Ayala,Mexico,18.7664,-98.9847,15.540179,-39.167137,1.5860043,-18.83476,1.5413952,-31.88547,-2.2914906,-31.800056,3.5759583,-72.12102,16.331118,-79.77408
"Clarksville, Iowa",United_States,42.7828,-92.6697,51.788208,-106.737015,36.68025,-120.09196,41.50035,-98.77015,41.40397,-102.408134,42.004105,-90.58661,43.292038,-93.51282
"Clausen, Luxembourg",Luxembourg,49.611,6.136,47.60614,-27.044401,45.50189,-0.04709491,47.4404,-7.4266443,53.74608,-17.29269,38.868187,13.352816,48.65967,-2.888939
Clatterbridge,United_Kingdom,53.33,-3.03,40.95701,17.885807,41.416264,-11.661865,10.042982,53.51955,30.921825,58.339035,10.819494,80.372086,60.249428,2.6281395
Claudy,United_Kingdom,54.9122,-7.15722,34.041645,27.70905,57.32368,-27.559423,79.78963,-34.50027,42.213264,-10.362019,50.90213,-29.585587,26.637785,22.346306
"Claughton, Merseyside",United_Kingdom,53.3947,-3.0577,52.05367,7.344801,49.088684,3.388198,45.445274,49.024742,51.235096,1.2623901,45.69477,-0.66892624,50.626648,4.662938
"Claremont Meadows, New South Wales",Australia,-33.779,150.753,-21.900944,122.25841,-2.6625175,68.974686,1.6059227,51.81108,3.671049,57.31054,-35.729057,158.23701,-35.13845,150.05786
"Clarksburg, California",United_States,38.4206,-121.527,20.567526,-94.74954,39.579338,-155.1394,33.918488,-108.0892,34.121185,-123.09197,39.540817,-126.16763,38.885136,-122.500404
Clarence Town,Bahamas,23.1,-74.9828,-2.5983887,35.50251,16.373323,13.554219,13.94327,14.953962,-1.2075214,32.08939,17.320984,6.102622,24.86994,-36.093353
Clarenville,Canada,48.1566,-53.965,46.193344,-40.56312,51.655266,-52.137108,14.910374,6.83395,34.144375,-34.46664,62.86705,-88.78735,53.209435,-72.98776
"Cisco Grove, California",United_States,39.31,-120.54,36.836525,-93.068924,35.969727,-81.46077,45.10629,-93.19016,40.375412,-107.51264,35.31297,-94.31296,39.569923,-115.33275
Cirié,Italy,45.2333,7.6,57.401672,-31.533518,27.054235,4.1083875,32.045338,-27.596828,24.989632,6.6384125,18.065586,-20.17585,38.486214,5.5444417
"Cissna Park, Illinois",United_States,40.5647,-87.8931,36.07419,-59.88281,31.925436,-66.39226,31.057375,-69.48285,34.636963,-52.126785,38.63584,-85.578186,39.573353,-89.261
Cino,Italy,46.15,9.48333,39.104103,13.578222,48.108223,-14.830431,39.124214,-24.959562,46.036377,-92.99357,35.53019,-5.3194923,38.185802,9.698643
Cinisi,Italy,38.1667,13.1,36.42643,21.054558,32.080513,16.220325,49.153587,-13.259743,44.604866,-15.9810295,26.16943,13.870676,38.8671,16.042358
City of San Marino,San_Marino,43.9346,12.4473,47.023674,4.2920036,24.214241,-11.9015,23.737152,-14.4379635,19.140102,5.652014,25.358463,23.59027,15.844423,-39.83802
City of Sunderland,United_Kingdom,54.91,-1.385,43.641354,-5.620643,29.92279,15.666793,28.040802,43.040565,31.62371,16.779745,21.696362,45.1138,44.14641,32.280178
Ciudad Vieja,Guatemala,14.5233,-90.7667,1.3181725,-41.37811,11.344421,-85.17517,11.8330555,-47.056618,3.7155151,-51.26023,6.6128693,-40.71035,-3.4353447,-84.56517
City Bell,Argentina,-34.85,-58.05,-5.4076138,-20.40738,37.00463,-10.846871,29.986198,-9.201378,20.359861,-38.63775,23.519033,-14.7747,26.426483,-6.3305483
City of Ekurhuleni Metropolitan Municipality,South_Africa,-26.1667,28.3,-20.17427,36.97458,3.2810383,34.234356,7.338543,39.13412,1.4352245,40.579193,-37.414787,39.95398,-24.785492,28.68597
City Municipality of Kranj,Slovenia,46.2333,14.35,35.56286,26.183002,32.165936,7.7743826,23.343674,21.026087,21.612122,15.14054,52.393745,-2.9137745,37.994007,35.064674
City Municipality of Maribor,Slovenia,46.5667,15.6333,38.341682,12.692551,28.748266,8.835672,25.201832,28.20924,19.952824,10.4561825,46.091457,22.467812,40.86474,34.39914
City Municipality of Novo Mesto,Slovenia,45.8,15.1667,20.628176,21.794815,20.248455,15.076334,27.186731,19.448868,17.432884,9.890789,43.983086,18.958508,39.736786,25.994919
Enoch Mgijima Local Municipality,South_Africa,-31.719,26.319,-5.317539,81.87346,3.916872,13.4577055,24.991344,17.698378,3.2051811,0.51790047,-25.897673,22.132753,-28.223179,26.88164
"Enosburgh, Vermont",United_States,44.8839,-72.7711,45.78151,-79.757706,44.869713,-75.24308,60.447548,-148.77103,70.2376,-151.21109,47.690666,-81.8743,40.238537,-72.193924
"Enterprise, Alabama",United_States,31.3275,-85.8444,36.48721,-87.791214,42.244034,-87.91306,36.34546,-69.009056,38.40279,-51.77263,29.619715,-71.25055,33.717796,-92.32126
"Engaru, Hokkaido",Japan,44.0667,143.533,17.875418,38.435844,59.781433,93.56268,58.924988,117.52957,37.841064,105.57617,38.50478,120.327896,40.87505,136.97878
English Bazar (community development block),India,24.9166,88.1358,26.475079,65.42828,30.184608,30.322063,26.330425,46.910007,34.613903,20.151001,19.045238,76.7834,20.295298,85.71521
Enugu,Nigeria,6.45278,7.51111,-12.85899,21.374687,-0.102415085,-6.8750186,-11.397171,37.737854,-3.1151924,34.91005,11.162523,7.4279556,7.6341705,3.7781754
"Energy, Illinois",United_States,37.7725,-89.0256,36.109688,-67.124176,39.626316,-74.51345,35.836857,-85.73063,39.134514,-94.52514,43.556717,-92.27374,42.016537,-46.984627
Emirate of Sharjah,United_Arab_Emirates,25.3575,55.3908,30.982449,50.189293,25.964706,33.798935,19.892595,58.11355,13.388363,51.899036,25.58869,60.264423,27.535774,70.32696
"Emmaus, Pennsylvania",United_States,40.5369,-75.4958,39.48634,-102.571304,38.605595,-65.43158,52.45237,-82.50786,67.33706,-82.28017,37.106083,-62.5622,39.612144,-81.604935
"Emerson, New Jersey",United_States,40.975,-74.0232,43.91364,-64.51558,25.1948,-48.920113,23.788967,-34.620483,16.68583,-36.438644,40.64453,-82.53935,42.100872,-74.11287
"Embarrass, Wisconsin",United_States,44.6708,-88.7033,45.67312,-68.039734,42.36988,-94.58976,30.034227,-47.6321,53.42997,-95.276886,43.794937,-82.18797,45.313454,-89.49219
"Ende, East Nusa Tenggara",Indonesia,-8.83333,121.65,-1.276228,68.256165,-1.0396976,93.30973,15.298971,58.107677,4.8266926,95.96508,-6.4595356,91.93373,0.060317993,110.69671
Empangeni,South_Africa,-28.75,31.9,-16.088985,59.901585,-28.379162,86.76658,23.85057,14.618546,-24.09864,17.115082,-27.546995,37.478317,-25.34742,21.65636
"Enbetsu, Hokkaido",Japan,44.7167,141.8,50.681202,62.00095,46.488674,109.36091,58.924988,117.52957,31.924044,104.569916,38.86,123.29266,39.925556,143.51819
"Enoggera Reservoir, Queensland",Australia,-27.4333,152.871,-22.116524,115.80266,-17.22601,126.21923,-13.045368,103.46857,-15.502262,135.88666,-19.810282,128.90182,-24.963806,149.16876
"Ensenada, Buenos Aires",Argentina,-34.8644,-57.9103,-10.882206,-42.21285,-17.378952,-73.78693,-29.26295,-30.168468,-10.210064,-62.919724,-28.568106,-70.473206,-36.370888,-74.22541
"Enfield, Nova Scotia",Canada,44.9433,-63.5358,41.78302,-81.19914,29.220541,-21.804379,27.537256,-14.566492,19.260193,-8.594368,46.236385,-70.39906,42.854156,-69.7336
"Elvaston, Derbyshire",Derbyshire,52.89,-1.388,52.304222,-19.556314,56.030006,1.7942556,50.907234,18.934275,56.622643,0.71564674,47.716476,10.086605,54.188766,-6.376279
"Elwood, Victoria",Australia,-37.884,144.986,-45.685673,123.872604,-27.060349,82.810005,-19.416752,65.07716,-19.304127,67.08971,-36.160667,137.49191,-36.89257,146.52484
"Ely, Cardiff",United_Kingdom,51.4792,-3.24972,22.207708,-64.59009,33.431065,1.848981,20.259495,50.390717,43.0515,-10.25388,54.22339,2.7570877,55.077396,-1.1962662
"Eltham North, Victoria",Australia,-37.698,145.144,-22.444088,76.32576,-19.165863,113.75034,-5.672859,81.35276,-22.341713,106.05512,-37.95832,142.7087,-33.902878,130.0045
"Elswick, Lancashire",United_Kingdom,53.839,-2.88,72.70322,-13.987057,67.68312,11.380257,73.97281,17.646454,65.90739,-28.261646,49.008736,3.7672176,54.16133,-6.5208025
Emsworth,United_Kingdom,50.849,-0.938,51.641243,-31.51826,45.130802,2.8348927,33.278126,37.55045,32.83795,35.943188,37.819923,27.7257,53.457127,-8.728927
"Endeavour Hills, Victoria",Australia,-37.969,145.256,-40.198513,115.791565,-20.250328,89.22782,2.7476578,32.521503,-14.341454,74.96061,-38.908104,136.47316,-35.549606,139.77702
Emly,Republic_of_Ireland,52.4636,-8.35058,39.507248,-8.868176,37.964764,-5.4288216,28.210169,26.634075,46.645557,4.3096886,48.062103,11.200476,37.140347,26.179804
Embo,Scotland,57.9,-3.98,11.145114,80.275604,40.382114,47.28711,42.243942,55.2331,19.717106,37.851982,33.841637,20.758877,33.469852,25.1693
"Emigrant Gap, California",United_States,39.2969,-120.673,36.61196,-106.58092,29.47099,-91.91205,37.37063,-81.63764,24.632967,-62.824142,35.413715,-115.74144,43.58462,-129.3751
"Epping, Essex",United_Kingdom,51.7004,0.1087,62.217945,-16.863003,29.271095,43.0588,56.195152,40.99996,30.930458,47.40596,55.350704,-4.0441036,53.139015,5.808813
Epsom,United_Kingdom,51.336,-0.267,44.318474,-64.36638,21.644722,29.94151,42.60092,-6.422864,25.405413,14.400887,42.140778,29.710209,48.592865,20.718819
Frederiksberg,Denmark,55.6667,12.5333,67.68319,6.102522,59.457916,18.416172,53.67936,53.989883,55.799744,21.168514,44.34578,12.383014,50.86879,10.871337
"Fredonia, Pennsylvania",United_States,41.3214,-80.2586,38.27765,-75.06909,35.02877,-117.85636,48.059486,-112.20333,48.614548,-143.837,39.99982,-81.5934,41.785347,-79.98633
"Freedom, Outagamie County, Wisconsin",United_States,44.3706,-88.3017,35.9076,-54.67705,46.49437,-88.17959,39.990158,-47.544777,43.33711,-64.00186,44.00415,-93.26286,42.44594,-96.82357
"Frazer Township, Allegheny County, Pennsylvania",United_States,40.6119,-79.7992,36.876965,-40.79582,37.790234,-67.77675,29.175322,-55.70153,33.75513,-58.57543,43.942627,-74.826416,40.452568,-76.532845
"Frederic, Wisconsin",United_States,45.6589,-92.4669,24.461403,-65.60356,46.359303,-95.83375,40.484154,-85.46336,41.43161,-78.04878,41.86556,-85.80728,42.917145,-81.88186
"Fredericksburg, Virginia",United_States,38.3018,-77.4708,43.13153,-89.67078,38.60563,-93.18496,38.632748,-60.13204,37.13902,-89.80363,34.57251,-73.061584,35.018246,-80.36951
Frederico Westphalen,Brazil,-27.3667,-53.4,2.1423893,-28.597115,3.332672,-15.220438,21.859276,-15.676631,24.920374,-51.131622,39.575397,7.148818,-4.089756,-23.44318
Fredericton,Canada,45.9636,-66.6431,36.231525,-7.7256317,42.263897,-61.365692,31.876865,-32.003345,26.481176,-101.306114,36.741066,-77.131805,40.24741,-50.346676
"Frederick, Colorado",United_States,40.1111,-104.961,48.65732,-102.616104,39.273056,-91.5901,36.079002,-76.96124,35.29078,-66.49393,40.587173,-120.89728,38.0626,-107.17368
"Freeport, New York",United_States,40.6539,-73.5869,38.951183,-113.03604,26.076153,-28.057405,21.38721,-20.046959,24.645756,-43.77957,40.69869,-62.041042,40.222,-68.43188
"Equality, Illinois",United_States,37.7364,-88.3444,35.495117,-68.657974,33.526134,-97.40261,32.57837,-89.93092,37.036682,-106.946266,43.222965,-75.861984,39.365448,-63.350315
Franeker,Netherlands,53.2,5.53333,43.44479,-14.8125725,45.205894,-43.212875,49.173187,-23.650747,35.217525,1.917347,43.211876,-4.4833717,50.76541,-3.9952116
"Frankfort, Free State",South_Africa,-27.2833,28.5167,-13.99205,7.9634466,18.89699,-10.4422655,14.996225,-35.66581,18.626663,-31.51215,-9.957987,5.3275127,-22.212856,27.15318
"Franklin, Connecticut",United_States,41.6197,-72.1425,37.483387,-86.16556,36.596355,-100.02103,52.282074,-140.0265,37.55725,-105.21241,42.74519,-77.3277,39.748123,-68.090256
"Franklin, Illinois",United_States,39.6203,-90.0472,37.926014,-92.37631,32.302692,-98.40248,41.14435,-120.11715,32.433636,-102.68717,41.297848,-97.36371,40.477943,-86.627495
"Fraser, Colorado",United_States,39.9442,-105.813,51.660767,-118.52121,31.192825,-91.06914,28.478909,-110.54795,26.679634,-75.7572,44.397728,-111.76776,40.568394,-111.59777
"El Cajon, California",United_States,32.7983,-116.96,43.5989,-150.13306,30.097366,-144.58795,26.067255,-104.76416,16.771778,-112.50558,38.708996,-124.714035,36.40567,-109.26926
"El Bolsón, Río Negro",Argentina,-41.9667,-71.5333,-3.525257,-79.183655,23.612604,-47.310932,25.626007,-44.344044,24.431395,-46.880684,-24.429987,-90.414764,-38.08177,-50.688244
El Bayadh Province,Algeria,33.6833,1.01667,16.42402,30.41473,9.953369,-28.552647,9.1570015,-21.80031,2.5860329,-5.327244,23.901926,24.51418,27.187252,10.073541
"El Ain, Beqaa, Lebanon",Lebanon,34.228,36.372,31.494041,16.617046,20.81968,7.327793,24.931711,22.462282,13.315156,14.573031,32.708706,14.187672,27.680237,20.500193
El Carmen de Viboral,Colombia,6.08333,-75.3333,1.3812351,-38.607094,9.3167515,-55.19287,5.749174,-59.52942,3.820221,-31.510693,0.13257599,-19.12534,15.197123,-89.77285
El Hajeb,Morocco,33.6928,-5.37111,24.945606,28.774487,11.746956,-43.57691,14.296656,-93.51725,-0.527462,-52.172623,23.692636,21.450783,39.490227,-6.9876566
El Chorrillo,Panama,8.9494,-79.5456,14.915251,-91.424286,9.598932,-113.126076,28.247747,-60.908665,-3.051628,-57.45173,14.504333,-76.31883,1.7426186,-71.3305
"Egremont, Cumbria",Cumbria,54.484,-3.5306,58.66912,-5.312576,59.454697,2.8627062,54.89099,10.992296,65.89798,-7.3214607,56.511784,0.6320782,57.700474,-13.948949
"Eighty Four, Pennsylvania",United_States,40.1819,-80.1331,53.368782,-60.34564,40.885387,-49.560078,44.288704,-53.538696,44.077164,-66.583435,39.158096,-75.98448,40.43347,-80.53302
Ehime Prefecture,Japan,33.8333,132.833,47.20747,122.387085,36.891426,146.86322,40.608513,132.46597,29.244024,139.24258,34.37439,130.81639,34.85443,148.72397
Ekerö,Sweden,59.2833,17.8,52.78739,-3.370369,74.629036,-45.78881,71.85656,-32.22342,57.779587,20.789715,55.49441,14.028833,65.193634,18.27839
Ekiti State,Nigeria,7.66667,5.25,8.392414,36.1426,4.140959,39.199444,3.1028252,-7.816967,0.6656666,32.839527,19.196255,5.8385077,8.9662285,16.425848
"Eldorado, Misiones",Argentina,-26.4,-54.6333,-12.413761,-46.536366,7.358515,-78.37529,16.688463,-80.6883,9.209718,-157.20578,-23.988832,-44.979427,-39.440422,-49.419888
Eldorado do Sul,Brazil,-30.0839,-51.6158,4.7791424,-40.20909,6.3807297,-16.146717,7.325403,-57.788643,11.320976,-54.1671,-24.534788,-47.81464,-28.876766,-63.909756
"Elsdon, Northumberland",United_Kingdom,55.232,-2.101,56.87878,-7.736174,48.185257,3.403212,44.324165,8.424698,50.128506,-7.162979,54.36458,11.260271,57.220177,4.7963634
Elek,Hungary,46.528,21.247,42.73472,9.850775,67.85182,-41.096096,73.65407,-22.07596,76.78734,-49.53163,49.835945,15.140776,32.63453,11.853007
"El Mirage, Arizona",United_States,33.6089,-112.325,31.628223,-93.08316,29.111254,-81.66048,34.863186,-96.93402,19.396488,-73.44146,34.02172,-103.11957,34.466534,-112.16168
El Valle de Antón,Panama,8.6008,-80.1303,10.09129,-53.63786,14.803938,-43.185738,10.079908,-47.078564,22.312035,-66.867355,10.501076,-54.024723,12.460129,-35.866615
El Taref Province,Algeria,36.7667,8.31667,11.217575,21.307789,9.157333,-13.8847475,9.1570015,-21.80031,2.5860329,-5.327244,22.58526,17.264719,27.102625,14.939093
El Progreso,Honduras,15.4,-87.8,22.564777,-90.8078,7.65263,-90.90972,17.917442,-102.16238,-4.5413036,-84.562325,13.010052,-92.26158,7.4187756,-79.873314
El Quetzal,Guatemala,14.7667,-91.8167,17.83486,-46.38951,8.706615,-113.30496,10.727818,-23.775402,-11.907387,-82.58274,0.5218258,-62.029324,2.2078495,-103.22578
"El Rosario, Baja California",Mexico,30.0603,-115.727,34.65366,-95.6987,19.296192,-99.66421,16.148483,-102.87492,8.687933,-63.086395,29.538322,-129.25009,30.898233,-107.12896
"Saint-Malo, Quebec",Canada,45.2,-71.5,43.163986,-83.1703,51.588387,-90.18702,44.463436,-63.07042,48.207207,-55.12303,44.62014,-62.390377,45.58508,-70.93297
Saint-Légier-La Chiésaz,Switzerland,46.4667,6.88333,38.811012,-46.108345,38.018894,6.057946,26.835995,31.647463,51.7666,55.387375,32.9303,-5.964491,46.886757,-10.764325
"Saint-Siméon, Capitale-Nationale, Quebec",Canada,47.8333,-69.8833,37.94771,-25.958057,40.988346,-35.11613,34.74215,-39.363007,36.3878,-23.312183,50.48468,-68.34346,42.04238,-56.99516
"Saint-Valentin, Quebec",Canada,45.1333,-73.3167,57.017464,-28.578447,51.588387,-90.18702,48.260048,-111.845375,39.597527,-61.932663,49.531986,-82.90816,46.84989,-77.756996
Saint-Pierre-de-l'Île-d'Orléans,Canada,46.8833,-71.0667,43.852165,-61.958664,51.070045,-16.5116,50.23021,-30.696852,20.194624,40.599133,44.096127,-61.719524,47.48633,-48.6184
"Saint-Rémi, Quebec",Canada,45.2667,-73.6167,55.35844,-69.180885,35.25439,-23.4492,25.923937,-23.84688,33.82488,-52.398438,46.54818,-65.78409,44.689404,-75.83479
"Saint-Placide, Quebec",Canada,45.5333,-74.2,44.25325,-46.08072,51.588387,-90.18702,48.260048,-111.845375,49.207985,-95.66723,48.13748,-84.127686,45.497143,-75.9585
"Saint-Denis-sur-Richelieu, Quebec",Canada,45.7833,-73.15,55.057552,-82.41113,51.588387,-90.18702,48.260048,-111.845375,49.207985,-95.66723,46.731613,-75.36554,44.842205,-72.37505
"Saint-Césaire, Quebec",Canada,45.4167,-73.0,45.10357,-50.9491,43.432117,-56.65613,48.260048,-111.845375,49.207985,-95.66723,45.511353,-77.642715,44.825676,-76.58207
"Saint-Georges, Quebec",Canada,46.1167,-70.6667,55.03824,-94.79213,51.588387,-90.18702,41.57327,-86.82919,38.627228,-58.072746,46.58349,-80.26315,44.805428,-75.175545
"Saint-François-du-Lac, Quebec",Canada,46.0667,-72.8333,53.64706,-90.44885,51.588387,-90.18702,48.260048,-111.845375,49.207985,-95.66723,48.3345,-75.30258,46.74371,-72.88569
"Saint-Bernard-de-Lacolle, Quebec",Canada,45.0833,-73.4167,50.379906,-77.58588,51.588387,-90.18702,48.260048,-111.845375,49.207985,-95.66723,45.838234,-80.32947,51.194656,-73.30522
Saint-Lin–Laurentides,Canada,45.85,-73.7667,49.24794,-63.514107,49.94873,-66.367294,38.26647,-86.53429,19.207176,-23.373226,49.282085,-86.74306,50.885338,-79.59489
"Saint-Lambert, Quebec",Canada,45.5,-73.5167,56.348866,-85.24449,51.588387,-90.18702,39.274746,-72.11678,58.245514,-80.6156,46.79416,-78.799545,47.733177,-77.60801
"Christchurch, Dorset",United_Kingdom,50.73,-1.78,39.39725,-17.455643,34.141685,8.733438,33.49826,58.3279,19.157316,36.72795,37.58824,15.394714,53.762684,11.853169
"Salvage, Newfoundland and Labrador",Canada,48.667,-53.65,36.138016,-34.791847,42.682724,-41.496754,38.963863,-50.22392,41.235664,-32.389645,49.972607,-74.59616,49.29869,-74.89041
"Salvador, Bahia",Brazil,-12.9747,-38.4767,-24.741966,-28.89922,-13.366661,-76.31381,0.38838196,-51.65205,-16.677391,-54.05326,-11.759115,-57.695522,-12.093536,-53.326534
Saltillo,Mexico,25.4231,-100.992,29.15396,-91.90367,32.579678,-94.15347,-3.9132233,-40.85669,17.25225,-99.353714,19.837679,-63.52972,18.119987,-78.42074
"Salvan, Switzerland",Switzerland,46.1167,7.01667,46.922318,-38.894634,37.5725,15.679095,56.156204,-23.40773,39.399467,6.4496727,47.794132,-6.343357,45.875694,4.082444
Saltora (community development block),India,23.5333,86.9333,19.6931,59.84965,19.70376,38.217335,24.229246,40.716446,26.304169,51.788765,19.942947,76.874794,32.251713,-11.603202
"Niebla, Chile",Los_Ríos_Region,-39.8714,-73.3963,-6.266287,-25.9263,-2.610344,-66.006,-1.7560616,-45.68377,1.1487446,-71.67024,-34.637245,-74.92494,-32.04573,-63.926235
Northwestern Region (Iceland),Iceland,65.7461,-19.6394,47.36541,0.83878326,24.654573,7.0561175,27.83109,8.549853,37.79853,-22.54755,34.104393,7.936906,41.04509,-11.838338
"Gede, Kenya",Kenya,-3.303,40.017,0.6697235,44.26746,0.9341011,93.68586,-6.698265,98.631096,1.7823696,71.58893,-2.6425838,36.548832,-2.9350739,32.788067
"Christies Beach, South Australia",Australia,-35.1349,138.477,-34.765606,89.80899,-17.54177,100.4651,-15.893566,91.56497,-13.903854,80.92367,-36.834305,136.88475,-34.69448,135.1415
Church Gresley,Derbyshire,52.76,-1.566,40.222443,-50.770355,52.451447,-15.151398,51.549187,-28.795364,47.30622,24.62941,49.569756,-15.271206,52.854588,-5.957698
"Churdan, Iowa",United_States,42.155,-94.4767,34.39595,-40.012726,35.507103,-89.915855,45.77561,-145.99895,45.826183,-124.98313,44.383423,-83.73369,43.05658,-90.77009
Church Lawton,United_Kingdom,53.0987,-2.26744,55.03241,26.837864,40.78974,-16.62115,43.255894,-43.69634,35.89824,-17.745972,41.9161,-36.910393,59.074615,-3.1075153
Chuí,Brazil,-33.6911,-53.4567,-3.5178967,-13.577047,19.20538,111.21985,31.73686,106.04225,40.680965,75.27086,-15.407202,-36.76722,-13.71386,-41.01759
Chàm Islands,Vietnam,15.9541,108.522,10.881576,93.83847,28.072886,27.169535,29.20939,11.2878475,29.725641,26.990137,19.406963,82.07997,12.7645645,99.326675
Church Minshull,United_Kingdom,53.14,-2.5,47.280098,31.514248,47.907646,20.671074,45.471382,-8.09302,45.970505,-7.40501,44.352146,1.4304981,52.526367,1.6874142
Christopher Lake,Canada,53.54,-105.794,53.285637,-72.35188,37.37325,-30.747517,38.891533,-42.89627,31.600359,-15.111038,36.740425,-44.840755,53.494717,-83.76263
Chungju,South_Korea,36.9667,127.95,24.855574,101.62425,11.1182995,134.88309,34.756172,26.805267,24.66475,113.74231,34.58918,124.833466,37.089825,124.99835
"Chuluota, Florida",United_States,28.6414,-81.1244,17.95174,-94.48082,30.574858,-119.5598,25.469385,-164.16624,29.930168,-101.959724,28.173296,-78.54962,31.698647,-81.62538
Chudleigh,Devon,50.604,-3.605,38.99906,60.115726,31.600885,23.521868,52.47084,2.4734054,30.545755,65.14043,50.696815,3.5071278,49.175003,3.866767
"Sainte-Suzanne, Mayenne",France,48.0983,-0.3516,58.721687,8.886244,46.95549,-65.976616,23.768406,-17.722149,43.74838,-37.890488,50.798393,-8.688488,45.251686,2.6353807
"Sainte-Marie, Quebec",Canada,46.45,-71.0333,48.298817,-64.26312,51.588387,-90.18702,41.31569,-102.501015,43.67772,-113.139046,48.889084,-78.5343,47.213547,-77.49255
"Sainte-Martine, Quebec",Canada,45.2853,-73.8069,41.63753,-43.09483,51.588387,-90.18702,48.260048,-111.845375,49.207985,-95.66723,49.915306,-78.963684,46.786148,-74.54108
Sakiet Sidi Youssef,Tunisia,36.2237,8.35612,27.563522,-3.911254,20.059608,30.130371,24.437834,18.839436,41.349266,-8.926472,30.651648,0.0887146,33.737267,8.319698
"Saku, Nagano",Japan,36.2488,138.477,57.89589,109.17209,58.80072,99.15194,55.584526,9.564232,62.031906,83.172455,40.493233,148.05026,35.084713,148.10617
Sakri,India,20.9903,74.3144,23.95911,75.426636,13.350193,128.03854,30.97919,57.129467,20.373869,122.70275,28.229023,47.01085,35.162205,57.779873
"Saito, Miyazaki",Japan,32.1167,131.4,47.494453,95.36009,46.34993,106.22901,60.97879,46.649704,34.914043,114.76576,30.261591,158.34302,28.94033,86.709854
Sainyabuli,Laos,19.25,101.75,29.114468,51.52845,12.24395,112.50318,22.69904,-12.674652,17.220049,64.10455,7.0638695,106.30081,25.176844,111.39441
"Saint Boniface, Winnipeg",Canada,49.9,-97.1,42.908173,-88.20645,50.725273,-72.55522,44.870453,-60.987343,53.632042,-82.150345,49.778534,-91.774124,45.474766,-100.14913
"Saint Anne, Alderney",Guernsey,49.7133,-2.20583,35.9281,-3.3084626,47.650116,-16.329079,44.73271,-19.785439,56.197285,-31.891338,36.42826,-17.70755,38.072903,-7.348298
"Saint Catherine, Egypt",Egypt,28.55,33.9333,52.60489,5.366397,34.387268,4.40547,37.962925,15.854218,38.113457,-1.0440407,28.166462,-3.0591812,26.098862,2.07312
"Saint Lucy, Barbados",Barbados,13.3,-59.6167,21.466608,-43.34674,26.388714,-31.389395,16.777277,-22.256369,34.008003,-51.151627,16.429356,-50.222866,8.316967,-63.91271
"Saint Paul's, Saint Helena",United_Kingdom,-15.9514,-5.7225,7.044403,27.302376,35.544407,-24.776693,35.310787,-19.648138,52.329292,-51.369232,10.583979,-10.081377,5.7143307,-30.920368
Sainte-Anne-de-la-Pérade,Canada,46.5833,-72.2,46.443398,-38.35176,44.73162,22.09494,27.895992,-7.8929157,44.100605,-13.398048,31.943834,-34.949078,47.26274,-64.09522
Salemi,Italy,37.8167,12.8,43.77626,12.170525,40.01886,29.781952,41.08633,13.223862,32.76484,26.557251,36.773586,12.753175,37.99407,0.29652882
Salsomaggiore Terme,Italy,44.8167,9.98333,24.397545,45.534355,53.44023,13.712322,39.228382,16.346743,43.92552,10.2990055,37.317947,17.535004,50.356194,23.187668
"Salt River, Cape Town",South_Africa,-33.9328,18.4575,-16.529644,57.414433,11.54529,1.3728482,4.0620365,13.504562,5.466255,11.203421,-30.277166,11.247953,-35.96527,32.27176
"Salisbury, South Australia",Australia,-34.7639,138.642,-35.06523,158.3744,-27.156563,118.88308,-28.251194,128.07286,-26.615871,109.13947,-34.21763,133.01416,-36.743942,137.43694
Sallum,Egypt,31.55,25.16,29.899513,25.922745,13.031485,46.792114,22.84408,-13.813003,21.489788,23.289204,45.566383,19.91304,42.375763,0.38788605
"Sala, Sweden",Sweden,59.9167,16.6,55.170288,-4.279177,34.351105,36.241196,32.983265,48.991093,37.036015,25.472958,51.853256,19.635862,51.761047,16.807486
"Sakura, Tochigi",Japan,36.6853,139.966,40.08213,88.78989,30.358757,127.160484,28.737888,94.72742,50.76049,107.00065,42.842728,135.6079,40.517334,147.34396
"Salcedo, Dominican Republic",Dominican_Republic,19.378,-70.418,16.996872,-58.2757,12.411196,-25.211266,23.649643,-46.95043,19.523155,-63.725403,15.7398,-55.589024,10.143412,-51.452545
"Sale, Greater Manchester",United_Kingdom,53.424,-2.322,42.060772,65.39644,27.870031,-6.00448,33.84823,16.229235,31.300314,-1.6464558,46.59522,7.029912,49.674805,-4.0291605
"Salem, Connecticut",United_States,41.4831,-72.2664,15.987009,-124.080124,48.6334,-97.9761,55.647827,-81.47897,42.829235,-77.68508,40.195843,-64.85954,41.29563,-73.81603
"Peterson, Iowa",United_States,42.9186,-95.3414,49.825996,-89.4792,50.407883,-132.81664,51.487076,-113.2868,52.24401,-111.03506,41.54163,-99.82797,46.064156,-93.6556
Petite-Rivière-Saint-François,Canada,47.3,-70.5667,37.352966,-36.43006,19.751987,30.71305,25.592064,30.536325,57.511635,-94.04329,36.728424,-87.18912,46.070923,-78.04932
"Petersburg, Texas",United_States,33.8694,-101.598,29.192612,-70.10682,41.06961,-82.38708,44.67453,-96.970276,50.95744,-106.95696,33.605957,-110.65901,30.764519,-98.38747
Peterborough,Cambridgeshire,52.5662,-0.236574,45.317703,-23.778513,50.798485,-47.806267,78.38977,-72.850784,72.971954,-44.743065,62.27681,-24.790073,52.601013,1.6353178
Petralia Sottana,Italy,37.8,14.0833,49.74775,-37.38251,50.741806,12.673933,23.846054,35.60445,49.291313,-17.452644,35.455597,17.524813,40.81828,26.872442
Petrus Steyn,South_Africa,-27.65,28.1333,-8.625702,31.261086,-0.31424332,15.422743,11.196421,-1.5111247,9.653243,-37.4272,-4.006426,0.67150116,-13.163292,9.529499
Petten,Netherlands,52.7667,4.66667,29.768482,38.20582,61.6565,-24.219568,68.710815,-7.5086346,66.710365,-38.181015,40.355362,-3.8209095,40.631325,3.1238756
Petralia Soprana,Italy,37.8,14.1,40.41992,-7.094255,58.8609,25.013454,29.676798,5.730277,52.26837,-32.04494,37.792114,0.4939518,38.765976,29.979511
Petrich,Bulgaria,41.3953,23.2069,29.455496,57.943882,53.27338,13.803247,42.037926,-14.457958,64.38473,-37.897537,30.938564,30.24762,31.415356,41.99123
Petrinja,Croatia,45.4406,16.2783,52.568535,-17.444408,55.075085,11.462185,20.813625,128.47527,60.02843,-1.6523075,32.7418,27.170109,40.47417,-4.5701647
"Persia, Iowa",United_States,41.5789,-95.5706,40.24504,-63.066647,43.956955,-52.488327,45.690872,-47.666695,41.94572,-31.863441,44.50971,-84.23093,42.2009,-92.56858
Perugia,Italy,43.1122,12.3889,36.16261,-16.30423,27.963945,42.719593,42.04195,23.852715,61.00927,16.826958,43.588898,19.984055,44.309887,1.1792393
Perušić,Croatia,44.65,15.3833,53.11487,18.964067,16.86254,-23.546003,9.697937,-9.429721,8.8672085,-20.266914,46.49461,13.960742,41.74654,10.973984
Peshawar,Pakistan,34.0144,71.5675,41.318817,109.10643,40.31964,79.98163,18.79835,68.37941,39.00905,12.744207,30.319384,77.7124,28.653378,58.289894
Pescara,Italy,42.4639,14.2142,61.80727,-41.19398,45.167137,-9.571991,39.223545,11.983113,67.97705,-49.29229,46.49006,11.015976,35.57121,14.38662
Pettorano sul Gizio,Italy,41.9756,13.9597,33.97864,26.107895,14.814856,34.478077,-1.7627945,-54.27238,30.611378,105.77853,46.66935,15.254883,39.631565,9.696564
"Petrie, Queensland",Australia,-27.263,152.975,-19.820164,128.76129,-32.65081,149.2863,-27.457157,131.44542,-27.770737,143.18503,-27.246065,151.57693,-24.770363,152.52051
"Petrie Terrace, Queensland",Australia,-27.4632,153.013,-17.780628,127.27269,-17.389015,110.98497,-14.178688,95.49495,-9.860306,97.97718,-28.327616,151.1891,-22.498611,145.88025
Perundurai,India,11.2746,77.5827,28.04606,56.789455,30.54607,33.54861,15.511078,59.68781,17.940165,103.52156,14.930003,79.62784,9.411449,73.233955
"Petersham, London",United_Kingdom,51.445,-0.303,60.383247,-16.767895,26.519299,48.374054,30.664429,37.17271,20.871065,71.13272,49.162537,-15.309616,51.37455,7.3636813
Petarwar block,India,23.6214,85.8583,24.397278,66.47586,31.171091,48.870857,28.886826,48.16511,41.012836,62.9846,32.94699,47.443718,20.747932,67.67055
Petare,Venezuela,10.4833,-66.8167,4.4510574,-66.941864,-4.14777,-69.01546,1.3553791,41.103527,10.799561,-103.937874,37.742958,28.845547,-5.3064346,-76.84728
Perranporth,United_Kingdom,50.3437,-5.1546,49.625847,28.732536,71.931595,-10.2963,44.79919,23.07827,53.27581,-37.0644,48.22426,6.7559633,47.787975,-5.434512
"Pero, Lombardy",Italy,45.5167,9.08333,40.37938,16.445808,25.798504,5.5045757,31.510588,-22.871845,34.06572,8.9134445,41.386635,-4.0905247,31.05532,-2.3539677
Registro,Brazil,-24.4875,-47.8436,-5.2303143,54.05303,0.72307587,-50.91362,38.77721,-35.696037,4.0582657,-32.101616,3.0168438,15.722336,19.945934,-20.542408
Regla,Cuba,23.1317,-82.3364,12.583545,-4.6010833,-0.69924355,-71.64478,10.427984,-50.88374,27.648314,-102.892204,7.997799,2.6444664,21.604427,25.096985
"Remedios, Cuba",Cuba,22.4922,-79.5458,27.787188,-52.868805,6.8014336,-43.674286,16.999704,-65.775505,18.588728,-80.19963,21.695059,-77.004456,15.687256,-64.613235
Pećinci,Serbia,44.9,19.9667,31.705841,3.2788095,40.29619,1.9393874,33.76734,0.48558354,24.60075,15.8852415,39.966034,16.063984,47.8835,18.215021
Pathum Thani,Thailand,14.05,100.483,25.013231,83.63014,13.027439,170.28552,9.897127,78.154816,18.037918,159.74957,5.630329,111.96521,16.318485,111.98658
"Pedavegi mandal, Andhra Pradesh",India,16.6,81.1,33.980263,35.829098,23.407785,68.75281,19.8224,92.142746,25.583326,85.85539,18.665031,79.01428,22.079489,51.5
Peradeniya,Sri_Lanka,7.26667,80.6,-7.214403,87.66647,-14.409649,134.02779,10.650707,87.9493,-15.12088,158.04446,-7.584093,85.76967,-3.2612991,90.92826
Penzance,United_Kingdom,50.119,-5.537,28.660255,-8.037259,36.219852,-14.233491,40.293316,8.650166,38.59662,15.747961,47.430103,-19.236786,44.82904,-6.4711275
Pentyrch,United_Kingdom,51.5288,-3.29735,42.116158,-10.018342,45.364998,6.789674,36.618355,26.51932,30.229023,21.259424,50.32099,-8.701746,56.426514,-10.938796
"Pennsville Township, New Jersey",United_States,39.6263,-75.5034,43.92896,-117.98903,35.241005,-46.228874,26.15945,-18.55695,29.106436,-39.76803,36.236267,-68.231995,39.320534,-80.44297
Penrhyndeudraeth,United_Kingdom,52.929,-4.066,52.545578,6.038992,33.97057,39.939312,39.2612,48.94127,52.917614,-5.096615,60.771927,7.420703,53.616005,6.559912
"Penngrove, California",United_States,38.2997,-122.667,27.046915,-84.980576,40.950554,-127.982376,43.031677,-66.94426,37.84287,-117.127815,35.320187,-110.955826,37.117523,-114.72043
"Penn Valley, California",United_States,39.1983,-121.189,30.501514,-100.104614,35.97844,-87.20048,35.4578,-111.41777,29.555271,-83.22526,38.663673,-125.91394,40.172974,-120.06892
Penukonda,India,14.085,77.596,32.360775,76.29927,36.655262,69.611786,44.98507,12.376609,22.502783,82.227325,11.057951,59.835842,12.828028,72.96166
"Pelham Manor, New York",United_States,40.8931,-73.8075,30.88322,-44.340076,37.26791,-18.81183,44.445633,-26.276285,40.676105,-26.156216,46.502975,-81.82048,39.054214,-75.38049
"Pelican, Alaska",United_States,57.9583,-136.224,46.775253,-84.46939,41.287525,-95.634605,45.81161,-99.8517,41.06578,-114.45022,51.070763,-123.13617,62.3182,-141.90115
Peixoto de Azevedo,Brazil,-10.2231,-54.9797,9.310562,-15.836163,-1.9966545,-31.753326,9.17215,-47.642097,6.0929165,-48.986435,-2.997057,-48.50095,3.3685741,-37.04608
"Pekin, Illinois",United_States,40.5681,-89.6264,13.042013,-64.712326,42.509598,-98.31469,47.3855,-114.79596,45.205048,-64.34757,40.453644,-86.20909,39.628464,-90.1996
Pemalang Regency,Indonesia,-6.89056,109.381,12.231036,82.68428,6.665289,83.36237,9.035137,98.754166,0.7731018,77.218735,-5.554064,106.44035,-7.792736,111.4666
"Pemberton, British Columbia",Canada,50.3203,-122.808,35.686337,-96.42113,27.350615,-47.635128,31.363394,-59.257187,34.158123,-58.639618,43.2604,-93.09259,45.85343,-103.487274
"Pembine, Wisconsin",United_States,45.64,-87.9483,26.96453,-71.82657,45.551323,-119.00321,49.607533,-149.50157,44.126022,-91.9756,41.841187,-87.892715,45.42223,-87.91482
"Pembroke, North Carolina",United_States,34.6819,-79.1958,35.107094,-123.21088,25.142597,-63.120373,33.366734,-63.48254,22.64111,-49.807465,35.08662,-83.60263,35.795616,-77.70186
"Pen, India",India,18.75,73.08,15.530361,70.86018,26.991804,48.728153,26.050373,83.01972,25.924248,54.010746,15.23203,80.59415,24.25917,77.69842
"Pendle Hill, New South Wales",Australia,-33.8075,150.955,-26.053768,143.9189,2.73777,83.679306,-4.288723,90.47268,8.711493,61.78272,-33.23838,151.82347,-33.260017,151.31593
Penshurst,United_Kingdom,51.1704,0.17997,17.07403,21.136173,-14.200581,159.87071,39.566414,53.50629,13.8342285,87.7619,45.36696,-21.773094,52.67563,-1.9529028
"Penshurst, New South Wales",Australia,-33.9656,151.095,-25.98074,134.55847,-21.188225,130.89154,-7.1154556,102.71504,-10.777027,110.07549,-32.730804,147.8154,-30.866852,148.51682
Penketh,United_Kingdom,53.3874,-2.6561,52.12772,-32.400696,48.90007,-15.999928,46.22682,-4.6337795,58.38878,-42.26789,36.60083,26.606354,55.14582,-6.4088907
Pedreña,Spain,43.4436,-3.76806,35.590225,-27.107538,30.676174,-9.51969,33.019485,-36.971035,24.525984,-24.488441,8.542908,-47.769283,43.589897,-4.8427076
Renesse,Netherlands,51.7322,3.77306,22.740128,20.993053,33.95929,-2.6447892,43.2626,7.8175173,30.740726,-0.22646904,40.582123,-3.9274673,51.446968,-13.405921
"Ringgold, Louisiana",United_States,32.3264,-93.2836,46.049355,-135.13594,29.015411,-110.19292,28.658289,-117.08687,37.83144,-132.96887,30.852217,-100.46355,30.242847,-94.2219
"Rio Branco, Acre",Brazil,-9.97472,-67.81,-31.095238,-51.687603,-7.258312,-50.416542,-18.215553,-7.913434,-4.474579,-49.523476,-12.891882,-51.883373,-6.4880104,-65.646576
Rio Grande do Norte,Brazil,-5.74,-36.55,-15.809322,-25.979792,0.95243645,-50.67511,-9.804466,-62.62922,1.8752766,-50.1623,-9.12195,-58.79095,-18.491035,-57.904705
"Richmond Heights, Florida",United_States,25.6333,-80.3725,19.217865,-82.55446,21.102625,-54.814526,22.895004,-56.902634,22.347233,-61.959618,27.123743,-83.69208,31.470383,-84.52355
Rijeka,Croatia,45.3272,14.4411,47.484222,61.10391,47.78322,21.27769,51.23513,32.61185,33.720604,34.19398,45.744034,7.2806787,43.899193,25.918125
Riohacha,Colombia,11.5442,-72.9069,1.0814285,-79.25366,4.607733,-114.81984,28.844654,5.535123,3.0306473,-61.41552,2.5483875,-54.430317,10.52809,-72.80699
"Ridgewood, Queens",United_States,40.7047,-73.9019,41.125603,-51.307583,30.375063,-32.95057,26.51578,-9.604676,42.545387,-43.15654,35.61584,-67.90355,43.033142,-77.41958
Riffa,Bahrain,26.13,50.555,11.103916,28.736832,30.555386,10.256487,13.956596,48.673706,20.033337,70.11498,26.889336,24.635002,31.870783,14.966337
Rio de Contas,Brazil,-13.5789,-41.8108,-0.79610825,-0.27060986,-10.146866,-42.91561,-16.857838,-21.545696,-6.132128,-29.980717,-5.4812565,-28.068275,-17.16951,-37.56935
Rio do Sul,Brazil,-27.2167,-49.65,-3.9486294,-12.612625,-5.7748146,-23.059486,-14.637981,-38.056934,-5.5235634,1.4041862,-31.197615,-39.462193,-33.175888,-47.664078
"Richmond, KwaZulu-Natal",South_Africa,-29.8667,30.2667,-13.910656,13.390274,17.386276,-9.066164,0.47278214,27.221815,-10.218292,7.8850136,-36.230186,48.698658,-29.976143,31.631039
"Richhill, County Armagh",United_Kingdom,54.372,-6.551,50.62229,-15.263622,46.601044,-13.330771,40.17368,-8.125685,37.559315,6.5837765,50.950737,7.6272306,52.477394,-6.397006
Rickmansworth,United_Kingdom,51.6383,-0.4659,52.483246,-7.0098305,53.127403,3.161735,38.04911,-5.4101014,54.616516,-36.84108,54.788383,-5.1076565,50.780575,-8.879643
Richard's Castle,United_Kingdom,52.322,-2.744,41.615883,3.1356306,49.700584,-1.5282022,62.81968,23.88226,59.6763,6.481884,46.309658,-2.2816334,50.7401,-0.29568768
Ujjain,India,23.17,75.79,18.83533,107.59619,27.47038,107.20307,19.652355,107.986206,42.18264,93.20671,21.184847,83.694626,24.005634,83.66851
Uijeongbu,South_Korea,37.7486,127.039,41.197044,15.055906,16.704248,115.62263,24.648758,15.879639,36.489407,123.59316,31.031208,112.98291,44.87656,145.85956
Uitenhage,South_Africa,-33.7667,25.4,-37.8831,68.74945,-33.27395,78.94071,-6.980053,99.40958,-28.147812,46.017475,1.7576714,26.641136,-32.907356,33.206245
Udaipur,India,24.58,73.68,11.311048,43.171932,6.7311325,97.68316,26.445435,80.18104,36.10231,29.32865,18.01001,82.449875,27.608027,54.7685
"Uffington, Oxfordshire",United_Kingdom,51.61,-1.56,80.701164,-8.3625145,81.81564,-9.251334,56.419872,10.733519,68.682144,-8.196693,48.331867,6.752245,49.779606,-1.9291458
"Udaipur, Tripura",India,23.5389,91.4917,28.471094,76.47342,8.3484,105.56574,19.009623,76.327354,24.003119,38.807762,22.761051,88.585526,26.28072,66.57173
"Udi, Enugu",Nigeria,6.31667,7.43333,8.591619,38.316826,10.619135,-53.487206,6.7220173,11.81745,8.38097,34.0822,6.4497547,10.080355,7.6897717,-3.0671864
"Riverside South, Ottawa",Canada,45.2817,-75.6833,33.640453,-47.802483,10.401253,-4.7664394,13.928114,3.0056307,17.305023,-11.441277,37.614517,-56.342274,40.551174,-82.421364
Cwm Gwaun,United_Kingdom,51.9688,-4.86661,55.964443,18.279531,39.883423,4.8512774,22.157112,-11.781467,37.712963,-7.123371,43.656776,9.072734,35.801445,19.287811
Ua Pou,France,-9.4,-140.067,0.26062965,22.548937,30.335741,18.94059,34.564896,-16.559753,32.692593,-17.71275,15.7183695,12.040251,-15.913113,-38.113506
"Riverhead, Kent",United_Kingdom,51.2847,0.169988,46.52423,-29.53374,41.749092,-11.459684,62.5123,-4.1660795,50.74923,-16.736275,40.725697,-7.1807957,45.020374,3.0716114
"Rishton, Uzbekistan",Uzbekistan,40.3567,71.2847,35.116966,72.79155,40.472828,63.006496,39.73037,65.21661,36.77585,83.98139,30.214794,33.45304,33.760983,46.90968
"Ripley, Queensland",Australia,-27.6727,152.783,-8.968626,112.28601,-12.077034,96.32849,-18.580761,118.492386,7.8905582,85.212906,-26.621035,154.85504,-24.777378,150.36908
"Risdon Vale, Tasmania",Australia,-42.8122,147.351,-24.191208,126.87448,-16.142235,112.373215,-3.572441,67.06327,-27.019894,109.27455,-33.979637,135.3385,-38.20047,145.40468
"Ripley, Tennessee",United_States,35.7431,-89.5339,61.400097,-133.62851,39.95454,-95.76388,29.581436,-67.77022,49.721077,-71.88393,34.062862,-80.36334,34.81708,-86.45333
Rionegro,Colombia,6.155,-75.3889,12.287245,-81.315,-3.38797,-103.444016,21.316765,-45.970192,-2.1727524,-53.165756,14.435479,-25.466908,5.220333,-80.766525
Rionero in Vulture,Italy,40.9167,15.6667,43.282486,-21.120232,35.855556,-20.540363,40.85839,-10.687879,28.906391,-5.666317,23.564661,39.22094,38.590977,16.95074
"Riosucio, Caldas",Colombia,5.42083,-75.7025,1.8122654,-21.235584,-9.953777,-35.99465,3.1397972,-32.161564,-3.9302063,-67.19021,-0.7899914,-26.935535,8.831898,-65.4583
Riva San Vitale,Switzerland,45.9,8.96667,53.154915,-4.8507214,38.64402,-58.191372,39.514046,-61.724964,29.099043,-40.93656,47.14242,2.1027088,46.99851,1.7090769
"Riverbank, California",United_States,37.7314,-120.944,40.071117,-129.71585,31.035456,-76.65594,33.43245,-77.35198,22.040426,-48.580643,35.975914,-120.08333,35.818428,-118.52151
Rivington,United_Kingdom,53.6255,-2.5664,59.02929,21.931684,38.2976,-2.984345,63.93656,-61.281864,54.044075,-84.69144,42.350487,-0.018190384,54.890434,-19.106037
Riyadh,Saudi_Arabia,24.6333,46.7167,22.09113,44.086338,4.8714943,114.77295,22.307701,17.784512,31.960127,50.646114,22.560047,36.826122,32.824127,44.83164
"Roanoke, Illinois",United_States,40.7975,-89.1997,45.080494,-101.165726,42.340176,-126.42846,37.46045,-104.16911,43.22799,-108.77221,41.31809,-90.26511,40.728645,-91.224625
Roald,Norway,62.5824,6.1247,42.778847,16.178375,45.35355,2.345265,45.82191,-48.23666,74.741745,-25.504944,40.96169,27.630383,31.857706,14.767781
Rivne Oblast,Ukraine,50.74,26.35,32.641376,58.09605,59.90705,63.4862,59.593887,52.647118,51.057198,38.616684,46.107124,32.014473,45.297676,22.747086
"River Grove, Illinois",United_States,41.9258,-87.84,45.014664,-70.63419,32.96955,-57.934162,31.931837,-70.80082,31.884602,-66.729904,40.0722,-86.51877,42.329834,-79.34586
Reynosa,Mexico,26.0922,-98.2778,18.92014,-101.86949,-1.3964977,-75.861916,6.979662,-65.31776,30.747883,-103.971245,24.522966,-81.50937,24.486248,-97.619934
Revúca,Slovakia,48.6831,20.1133,45.715958,-42.26452,39.281208,-39.113304,33.113426,-24.128006,32.366764,1.9102707,17.274632,-25.346039,31.888556,-11.825105
"Rho, Lombardy",Italy,45.5311,9.04056,31.247242,118.61923,46.943916,8.243013,62.75405,-13.508044,45.179825,35.34206,43.193672,14.5756035,44.09362,8.122131
Riau,Indonesia,0.54,101.45,-5.2737885,143.31815,20.857807,71.412025,18.16875,91.259384,9.32023,85.20828,9.41893,100.60837,-0.69846344,78.90772
"Reni, Ukraine",Ukraine,45.4575,28.2711,36.35448,31.409584,32.502735,38.78736,52.944275,-2.555227,32.865498,93.79332,43.30925,33.47918,45.61423,28.768421
"Resia, Friuli",Italy,46.3833,13.3,50.0419,13.462244,57.011055,-3.6235743,27.897432,35.18038,47.434982,-1.9126472,49.712242,8.918487,46.716354,7.649535
"Repentigny, Quebec",Canada,45.7333,-73.4667,52.848625,-100.922,44.41926,-78.35496,35.900642,-66.3689,55.836067,-89.12449,49.3761,-93.25397,44.23965,-74.29547
"Renfrew, Calgary",Canada,51.0622,-114.04,40.59958,-61.089554,49.706833,-93.31273,41.24277,-56.27643,61.5399,-73.11277,51.40277,-97.828995,48.481636,-101.87825
Renfrew–Collingwood,Canada,49.2425,-123.047,30.402409,-52.426964,22.751305,-0.3722146,22.48761,17.615025,39.248135,7.8882446,6.159525,31.252602,49.35176,-107.81559
Remedios de Escalada,Argentina,-34.7167,-58.4,0.757864,-49.12901,3.1356583,-55.369576,11.3220215,-57.47264,16.326698,-57.37526,3.8123302,-53.1459,-27.790459,-52.88895
"Ribnik, Bosnia and Herzegovina",Bosnia_and_Herzegovina,44.45,16.8167,41.564507,34.730453,31.960453,28.613976,34.442963,9.145481,34.932007,27.025198,37.393444,19.121721,39.187126,21.40469
"Richmond, Quebec",Canada,45.6667,-72.15,49.018738,-20.154007,34.487335,-49.626617,37.865532,-58.622505,34.771313,-56.00152,44.509617,-81.73941,45.818806,-73.46033
Richards Bay,South_Africa,-28.8,32.1,-28.761047,47.79189,13.381504,14.102961,23.2691,-8.846298,23.726254,-40.684547,-4.5487957,26.95579,-28.355053,33.227074
Rhymney,United_Kingdom,51.759,-3.283,46.251045,-21.747364,47.717648,20.477201,18.201714,96.790436,29.415009,32.650356,44.286552,6.043272,49.945976,-13.572888
"Rescue, California",United_States,38.7117,-120.951,32.116417,-104.24403,31.29008,-72.881195,36.077175,-81.77396,37.97676,-66.460686,40.81791,-115.97325,35.123207,-117.34196
Renigunta,India,13.65,79.52,18.001047,53.630627,8.876595,80.89705,28.979721,62.517487,23.976786,54.221058,19.545753,108.67944,19.512978,67.46204
Rhoose,United_Kingdom,51.3906,-3.35236,27.028404,16.716951,29.110699,32.493393,38.83611,38.522778,22.694897,44.46478,37.45615,29.621075,56.395515,-19.597881
Houghton on the Hill,United_Kingdom,52.6206,-1.01175,30.304424,0.6713991,33.56734,6.606339,30.918745,1.3435662,28.009544,21.383503,41.771713,9.725934,54.75528,20.487211
Hosh Arab,Syria,33.8142,36.4456,38.775005,13.44603,33.49932,22.305008,33.96427,33.627354,37.580353,30.383675,36.142506,57.454784,25.807755,23.316725
Hosur taluk,India,12.73,77.82,24.52005,54.461468,12.744375,87.79972,14.422573,104.862274,24.616735,71.59763,21.738317,47.904846,16.815418,80.64908
"Hotevilla-Bacavi, Arizona",United_States,35.9231,-110.666,42.65592,-53.178604,41.304028,-152.07307,34.43812,-162.03947,25.266876,-126.59182,30.210577,-109.98093,37.141384,-117.56457
Hotwells,United_Kingdom,51.45,-2.62,41.47698,20.8952,40.17282,53.39812,21.468914,47.209576,30.442959,17.295113,41.25693,5.693036,49.63772,-2.6375103
"Hot Springs, Arkansas",United_States,34.4972,-93.0553,36.766537,-103.14574,38.266678,-92.65792,32.43072,-87.23334,19.30339,-59.125275,41.297714,-107.52985,31.670244,-96.51483
"Hortonville, Wisconsin",United_States,44.3353,-88.6389,45.090836,-97.451935,55.579826,-121.07501,27.848341,-67.60737,55.814354,-138.74802,43.89042,-84.65411,40.536743,-81.705215
Hospet,India,15.2689,76.3909,10.02899,62.438267,7.2006855,64.50649,23.367403,35.663174,17.528437,62.2761,18.227165,55.721977,13.223291,79.63743
Hosur,India,12.7409,77.8253,32.910774,69.36943,21.78646,67.98862,21.745417,69.28548,24.423616,105.03155,11.099091,82.01671,10.758999,78.54047
"Howard, Colorado",United_States,38.4098,-105.842,36.157562,-95.07385,41.465397,-107.9482,24.73539,-76.38322,29.116577,-75.94895,43.03994,-120.82501,39.3733,-104.21867
"Howard, Ohio",United_States,40.4078,-82.3269,34.615437,-62.276855,43.413853,-98.690575,33.91015,-65.92825,22.998142,-50.358055,47.93886,-104.06317,43.123367,-77.78895
"Howe, Indiana",United_States,41.7214,-85.4206,26.884386,-77.25174,32.15122,-71.13909,38.400448,-85.45128,31.083755,-87.62762,37.75332,-74.97011,40.932648,-83.06416
Houghton Estate,South_Africa,-26.15,28.05,-19.52575,31.053421,47.27643,-20.949593,40.78356,-8.888639,30.157246,30.299599,28.69528,17.441471,30.484077,2.7171621
"Houghton, Cambridgeshire",United_Kingdom,52.335,-0.119,52.72617,-24.515362,53.843166,-11.368234,59.89756,-16.862902,50.026527,-0.71660805,49.885998,6.819544,48.842506,2.7522526
Houghton Conquest,United_Kingdom,52.0631,-0.47396,66.28366,-30.321493,42.98574,-29.036736,38.199974,-0.6188921,26.634468,-10.10532,41.91194,9.971598,50.03506,4.3969293
Houmt El Souk,Tunisia,33.8667,10.85,-6.620552,72.64513,17.215946,-6.326378,29.48724,-56.269714,13.530345,-9.583454,32.538048,-7.3116226,31.314304,0.26701164
Hoylake,United_Kingdom,53.39,-3.18,41.03422,2.1980047,40.437992,5.4662857,55.09622,3.5282276,43.89576,56.877792,55.941765,8.253282,54.9239,4.537966
Hoyland,United_Kingdom,53.4985,-1.44057,48.263496,8.434467,32.887165,38.064342,51.057167,-11.402178,54.54361,-39.396896,54.4248,8.667008,60.656067,-2.2397385
Hove,United_Kingdom,50.8352,-0.1758,45.40926,66.134674,43.919407,43.03685,35.974903,47.63159,48.586548,13.9026985,45.84124,2.1289368,53.786987,-12.360976
Hovingham,United_Kingdom,54.1717,-0.97895,59.25678,28.78978,80.66078,-16.588076,50.145115,-1.3833636,57.47283,11.699079,60.17488,15.616716,58.56325,-4.219466
"Horsley, Gloucestershire",United_Kingdom,51.681,-2.235,19.736856,75.97876,42.851257,38.414078,53.0549,33.59605,35.190388,25.701927,50.424133,-0.21590614,52.59734,2.77143
Horsell,Surrey,51.3286,-0.5617,23.240473,15.287956,2.7029133,64.14758,31.657103,-56.88358,43.693,-11.6329,43.45069,8.337199,53.064148,-3.1691399
Hudson Waterfront,Hudson_County,40.716,-74.031,30.440123,-83.99094,29.000862,-22.609758,22.402359,-10.884403,28.050695,-4.399706,31.061804,-42.39684,32.75485,-33.638588
Huehuetenango,Guatemala,15.3147,-91.4761,38.077034,-111.5121,10.098299,-141.00995,9.628365,-32.41702,2.5558205,-91.31926,18.570263,-111.03383,20.734674,-107.39257
Hulin,People's_Republic_of_China,45.7667,132.933,32.20303,106.265625,36.549957,39.04181,11.545271,6.5976048,34.398598,79.11478,31.753435,21.002895,29.285252,71.283875
"Hull, Iowa",United_States,43.1903,-96.1344,16.203255,-69.894875,54.535084,-87.34307,43.83562,-54.033096,56.63669,-72.1541,42.930283,-93.020355,43.57775,-98.71651
"Hughes Springs, Texas",United_States,32.9981,-94.6306,36.88693,-74.687485,27.49815,-72.47712,31.35532,-73.732025,20.988167,-80.32098,31.580484,-106.115845,32.716694,-92.16753
"Hughson, California",United_States,37.6031,-120.867,25.540554,-64.26933,37.58526,-124.78167,31.752836,-93.20576,37.16756,-122.646416,37.45246,-128.54346,36.799416,-112.99613
Hultsfred,Sweden,57.4833,15.8333,30.648113,25.294743,47.004757,26.432764,46.733677,-23.221928,47.092678,12.165973,69.29194,16.73798,61.438026,11.588878
"Humacao, Puerto Rico",Puerto_Rico,18.1497,-65.8275,49.334175,-180.85382,4.1064777,-128.38214,-0.32636642,-90.724236,1.1496162,-86.58365,23.172173,-58.15376,18.668026,-69.15055
Huntspill,United_Kingdom,51.205,-2.982,53.820263,2.4534264,51.984173,28.223816,29.763676,28.347443,44.829918,41.043964,49.28961,-3.6908226,55.777985,-1.741888
Holmbury St Mary,United_Kingdom,51.1862,-0.4101,48.815186,-7.8949494,49.228584,-27.551666,46.37533,14.696468,46.393917,9.426056,55.093346,-12.747898,47.596996,-10.586146
Hollókő,Hungary,47.9962,19.5918,42.696804,54.63054,42.271286,11.201964,31.962502,13.582219,49.198765,-8.793541,49.03875,14.225422,55.09484,11.967755
"Holstein, Iowa",United_States,42.4867,-95.5425,38.422955,-63.15182,46.00322,-50.56729,54.73947,-99.98147,57.237007,-95.22302,44.63459,-90.4081,44.15456,-97.71223
"Holly Hills, Colorado",United_States,39.6677,-104.922,36.822765,-70.79089,29.227848,-65.498634,24.63786,-68.38304,36.015884,-64.543434,42.686794,-112.84102,39.278164,-104.11563
"Holton, Oxfordshire",United_Kingdom,51.756,-1.137,58.76962,8.568024,70.60332,-36.817345,60.402264,-40.428757,70.48735,-45.960655,53.94908,11.699244,50.998817,7.318788
"Hooper, Colorado",United_States,37.7458,-105.877,32.52305,-95.56241,35.91524,-101.551865,40.538494,-119.4424,38.032043,-98.43314,41.530647,-109.7762,39.57945,-111.39748
Hoorn,Netherlands,52.65,5.06667,26.950691,9.16818,23.522339,26.775078,36.566494,-10.485876,11.22443,14.386405,26.307789,39.93699,43.8363,4.0944505
"Hoosick Falls, New York",United_States,42.9006,-73.3525,34.132618,-60.167377,25.563639,-25.857832,26.23254,-15.684141,22.502796,-34.352856,50.686546,-85.419586,42.897194,-72.07556
"Hoover, Alabama",United_States,33.3864,-86.805,23.576382,-95.790634,45.86181,-108.75097,31.114155,-109.31831,49.208004,-87.09966,35.361763,-84.74336,33.554832,-105.85463
"Hopatcong, New Jersey",United_States,40.9516,-74.6624,48.742805,-108.02876,36.368446,-59.44569,33.04432,-52.006718,36.951096,-51.84371,43.15319,-71.21538,40.3989,-78.6902
Honningsvåg,Norway,70.9786,25.9767,55.82883,-35.18038,46.80313,-28.368292,67.60408,-25.633736,43.9765,-54.34012,51.95849,8.145411,77.8055,-4.1889772
Hoofddorp,Netherlands,52.3061,4.6907,43.797173,-28.66954,41.535225,26.95818,47.21801,64.843346,41.327957,20.576647,37.888645,-18.198849,55.588516,12.498415
Horley,United_Kingdom,51.174,-0.172,38.533386,-51.945503,38.605988,-14.173414,46.84916,-4.249361,39.17176,4.387829,57.175182,17.483591,56.607193,-15.706918
"Hopkinton, New Hampshire",United_States,43.1914,-71.6753,32.00933,-25.184193,29.868273,-18.042582,37.434616,-17.7911,32.249317,-39.405228,49.063156,-80.26572,46.649616,-76.489716
"Hope, British Columbia",Canada,49.3858,-121.442,27.12878,-90.08954,25.037483,-36.55895,26.65181,-49.974163,31.293865,-68.18401,44.07451,-87.56735,42.97107,-97.68324
"Hope Township, New Jersey",United_States,40.907,-74.9767,55.960625,-78.90155,27.096964,-28.950832,25.602518,-22.463158,20.889954,-28.013672,38.192204,-75.92261,38.482048,-78.26484
Hopi Reservation,Hopi,35.9117,-110.616,30.843773,-109.53137,41.053295,-90.540436,20.858406,-41.027557,41.410976,-111.80894,34.582397,-90.73068,31.36112,-103.1667
Honiara,Solomon_Islands,-9.43194,159.956,-26.134174,151.90254,-33.83769,147.6411,-22.755405,164.30212,-51.01204,143.66434,-0.8816986,55.1419,-17.674091,119.17554
Holíč,Slovakia,48.8122,17.1606,55.09926,-13.589924,49.02395,-22.329008,57.641075,48.290554,58.44235,0.81920815,50.653282,10.341692,50.462715,22.204567
"Holtsville, New York",United_States,40.8133,-73.0472,41.85975,-39.985443,34.807808,-37.614742,28.4262,-20.150524,29.210825,-28.75011,43.33887,-66.145645,39.210987,-74.373184
"Homestead Base, Florida",United_States,25.49,-80.3928,22.328156,-52.888386,25.167725,-49.634144,29.231068,-62.16932,22.858398,-56.34237,28.153097,-80.36362,29.936611,-96.430725
Honghe Hani and Yi Autonomous Prefecture,China,23.36,103.37,22.712835,116.808365,22.452036,117.23519,21.270462,103.97583,23.36528,93.44532,34.045677,127.18802,31.066023,105.727875
Homs,Syria,34.7308,36.7094,43.810295,-14.7120495,30.1543,18.6528,19.218254,40.557285,46.519154,25.862753,41.4853,43.097908,36.942146,36.997955
Homs Governorate,Syria,34.3,38.3,62.91089,-43.468525,47.47466,3.264193,35.374424,33.83049,35.10438,34.215603,49.073067,20.429651,38.634,37.355488
Hodge Hill,United_Kingdom,52.497,-1.819,48.70575,30.823845,34.663002,-22.001287,26.049192,8.675982,25.312424,2.941967,28.658108,13.092358,54.267284,-9.867415
Hlukhiv,Ukraine,51.6747,33.9133,66.47238,69.509186,80.16759,44.255623,55.44284,27.60638,53.964462,60.27259,45.992928,29.017227,58.50882,29.692528
Hohoe,Ghana,7.1525,0.476667,15.921224,1.1703558,-5.7717323,15.491101,4.078575,51.25071,8.3841915,35.906246,13.832825,49.511333,8.122421,-2.9284954
"Holbrook, Suffolk",United_Kingdom,51.984,1.159,57.80439,29.613258,46.66988,-22.024662,63.38417,-53.977055,39.009827,17.832825,48.961258,-5.3800774,42.6538,6.218709
Horsford,United_Kingdom,52.7007,1.2412,42.626217,-6.187977,50.990566,-22.105501,33.899887,-9.312671,58.578186,-64.69994,48.566452,-19.469223,39.605534,-22.274704
Horsham,United_Kingdom,51.062,-0.325,31.731556,2.5591192,6.8375874,87.32136,52.39721,18.861649,15.834027,79.55473,55.897778,10.258388,44.2971,16.253506
"Horn, Netherlands",Netherlands,51.2167,5.95,23.930124,18.253199,34.005436,-24.093433,34.801586,-10.8467,34.640877,-21.228539,37.78116,9.195909,43.85948,20.192825
"Holsworthy, New South Wales",Australia,-33.9626,150.955,-43.40968,176.80035,-19.411835,133.66208,-17.730427,112.31498,-14.608822,123.476776,-30.166918,142.10916,-37.371017,161.4882
"Holme, Cumbria",United_Kingdom,54.204,-2.731,42.922806,-1.7216425,68.95862,-5.543602,61.06163,9.930506,67.373985,-6.361107,57.429947,2.0140076,54.746803,-6.1582994
Honiton,Devon,50.8,-3.19,60.73211,-21.976528,61.400574,-38.860195,45.7095,10.02969,66.11607,-37.629364,47.09768,16.292608,46.9644,0.095713615
Hoo Peninsula,United_Kingdom,51.45,0.55,64.53386,17.817219,42.7403,50.287926,41.556374,36.03514,33.26484,101.83839,20.246826,52.263466,45.944756,71.06783
Hoole,United_Kingdom,53.197,-2.862,37.937584,-5.4626236,10.52566,32.6427,49.282547,-10.292849,-1.7431297,108.82313,45.338875,8.77564,44.113773,7.7894053
Honeybourne,Worcestershire,52.095,-1.831,59.395046,8.04258,69.06424,15.853379,34.45169,59.23222,72.09884,-38.157417,59.388084,-32.075134,49.246555,-1.8971682
Hooton Pagnell,United_Kingdom,53.5674,-1.2688,52.085747,5.6317606,54.089745,35.14265,40.606083,37.191357,48.83365,1.0219955,51.18304,10.450862,54.742813,3.6982641
"Hornick, Iowa",United_States,42.2308,-96.0967,46.880253,-86.21344,42.511173,-77.110596,31.788502,-51.39977,48.173653,-100.03019,41.05281,-85.16484,42.712868,-89.328896
"Hornitos, California",United_States,37.5022,-120.238,10.918503,-136.11964,25.407764,-154.85147,31.63489,-156.80975,21.700209,-119.52618,31.937643,-137.62132,37.436966,-130.15178
"Holland Park, Queensland",Australia,-27.5194,153.073,-4.8528023,119.036865,-3.2316284,94.01898,-1.9743958,80.9174,1.5439434,78.91124,-22.747736,152.50133,-26.183788,156.20192
"Holloways Beach, Queensland",Australia,-16.8383,145.732,-8.373693,90.00632,-0.71315765,70.29109,1.719162,87.21026,-8.297417,70.32855,-23.712439,142.5771,-24.052094,145.97867
Homna Upazila,Bangladesh,23.0,90.0,24.601414,55.692192,20.213627,90.0258,21.264744,80.37732,22.604053,73.27338,22.068602,89.035385,23.368746,88.02869
Horbury,United_Kingdom,53.6595,-1.5566,47.755936,1.8527308,51.82663,27.608538,45.177193,16.271717,59.233128,14.260473,56.096,17.034063,56.533592,-20.909897
"Hormuz, Iran",Iran,27.095,56.4528,27.412786,55.648422,44.36699,18.38277,56.532448,36.72855,44.767273,18.911385,28.515024,42.398617,29.894209,46.698807
Hornchurch,United_Kingdom,51.5565,0.2128,75.95128,30.590416,55.15603,14.73708,56.761528,30.008862,76.74019,-26.032887,52.387737,4.4266663,50.159737,0.5284691
"Hope Island, Queensland",Australia,-27.8669,153.362,-24.803898,135.8606,-10.288387,83.61449,-10.85601,90.23046,-9.2444,71.8987,-22.860514,135.32724,-25.08411,150.50989
Little Downham,Cambridgeshire,52.433,0.233,43.9693,19.320124,47.305595,14.023982,42.26542,-3.1725898,63.772472,-17.921814,53.997414,0.4819908,53.834915,4.1623197
Little Dunmow,United_Kingdom,51.8663,0.404606,67.06673,-11.053776,55.836636,5.1467137,49.134434,2.1600218,56.73291,-12.083401,54.356155,1.3707447,55.025135,-7.404334
Little Easton,United_Kingdom,51.8926,0.33534,65.44458,15.066517,36.906612,-24.9567,32.470814,-12.505337,49.617683,-42.626587,42.55362,-44.577072,51.287575,-8.511859
"Little Mountain, Queensland",Australia,-26.7855,153.093,-9.999084,102.514694,3.561676,60.68688,6.3631516,56.718086,11.794134,48.50628,-20.84585,142.60114,-22.11237,142.3956
Little Ponton,United_Kingdom,52.8812,-0.62553,65.07938,16.267643,33.698696,-20.655886,10.593164,13.502678,37.484497,-14.7298355,32.12655,-26.214207,53.069965,-17.878609
Little Hulton,United_Kingdom,53.53,-2.418,46.26064,-1.3962703,55.897552,-7.585685,45.970737,-28.438175,54.30108,-21.93805,51.48133,-8.919115,54.448586,-11.571996
Little Gaddesden,United_Kingdom,51.8047,-0.553889,61.614227,-56.738617,64.182175,-46.88417,52.85446,-29.72283,49.836037,-26.791634,61.608078,-14.685028,54.046394,-7.6927786
Jošanička Banja,Serbia,43.3892,20.7522,34.993263,41.671272,27.460339,59.33266,31.934614,60.793613,24.026608,85.36891,40.794422,11.316542,50.285263,24.32677
Little Snoring,United_Kingdom,52.854,0.899,64.47062,22.501257,46.873028,-6.1388974,40.599533,-26.927032,51.222336,-14.118961,33.447136,15.771058,51.41043,7.1529
Jukkasjärvi,Sweden,67.85,20.6167,65.59082,-3.7018023,14.419059,37.56115,20.26207,-30.521946,25.136848,27.230537,65.386444,3.7142878,72.56857,9.198382
Jumeirah,United_Arab_Emirates,25.202,55.244,11.456932,41.0743,36.054005,36.707153,42.16831,52.51603,12.782213,91.52203,30.529379,20.41955,33.55346,44.809097
"Juigalpa, Chontales",Nicaragua,12.1,-85.3667,14.568731,-37.673786,-3.0031853,-60.598816,12.512541,-9.674352,7.680294,-58.610855,11.093693,-114.92435,14.004002,-78.8993
Juan Fernández Islands,Chile,-33.6414,-78.8411,-44.909184,-75.04979,13.663277,-7.5126457,-6.614357,12.107932,15.156258,-55.933662,-1.8066502,40.317795,-32.395782,-64.23093
Juazeiro,Brazil,-9.43056,-40.5028,-18.168129,-40.821644,-22.265667,-73.970406,11.050695,-50.013878,-11.701958,-17.230179,-9.924768,-66.18489,-15.549736,-57.91531
Juba,South_Sudan,4.85,31.6,-4.9159946,40.097313,0.84173965,21.529099,0.24346161,93.40091,-13.38961,-6.417362,22.56133,27.753468,1.7590752,28.711582
"Little Falls, New Jersey",United_States,40.8756,-74.2174,55.019466,-101.485886,24.882208,-22.455957,30.045938,-33.044197,21.60527,-31.137993,43.451336,-81.743866,39.15965,-73.359474
Little Brak River (town),South_Africa,-34.0878,22.1478,-1.4706593,19.751144,23.322495,18.782602,15.034929,14.198463,21.42764,13.050505,19.930275,61.128918,-16.901947,28.277565
Patuakhali Sadar Upazila,Bangladesh,22.0,90.0,22.765898,56.758404,11.617783,114.86967,9.274168,91.36689,26.499952,93.13759,18.747635,84.8945,19.585073,93.11875
Little Waltham,United_Kingdom,51.8,0.4833,76.651474,-22.076025,47.45462,-29.67526,55.09835,-70.83049,51.5707,-60.905792,43.421135,-16.181,53.17153,-4.1793127
"Payson, Illinois",United_States,39.8169,-91.2425,39.409874,-97.44293,46.50804,-120.1197,41.50009,-113.24728,37.75112,-112.38172,37.450203,-91.39259,39.14313,-88.456055
Pataliputra Housing Colony,India,25.6294,85.1083,25.706713,74.722916,24.288727,37.28994,-1.8847046,52.73399,17.986404,45.976845,22.866611,87.7708,24.356468,96.92534
Paulton,United_Kingdom,51.3069,-2.5027,55.734547,-0.14392996,31.869843,-2.5808945,46.034492,-22.440275,51.36208,-83.42743,40.262825,23.701843,51.513664,-10.273173
Paveh,Iran,35.0433,46.3564,50.645805,-4.3340397,46.825333,60.622307,39.85028,31.340075,40.52774,21.260658,18.323696,59.31305,33.75077,43.886246
"Patonga, New South Wales",Australia,-33.549,151.268,-23.924274,120.325836,-20.720665,118.22177,-22.67606,119.11796,-16.476757,110.69668,-35.525726,153.82039,-28.444866,146.44563
"Payal, India",India,30.7363,76.0665,34.728127,74.91196,21.980639,48.85604,20.679016,68.61222,9.576476,92.97186,19.139511,81.328156,24.535477,79.70588
"Paxton, Illinois",United_States,40.4586,-88.0958,49.093376,-82.96373,40.083466,-77.83806,52.628265,-99.62204,36.405895,-72.484726,41.234608,-95.01877,39.782448,-89.878265
Pavlodar,Kazakhstan,52.3,76.95,31.795916,33.956944,32.445866,78.56255,15.530233,57.046253,51.84648,22.851202,40.90304,52.181732,41.376377,63.918274
"Littlefield, Texas",United_States,33.9172,-102.325,22.31984,-78.31117,36.09257,-117.34606,44.694553,-84.19997,39.879417,-145.11475,35.07713,-109.58284,32.157646,-98.69546
Patrasayer (community development block),India,23.2167,87.5167,31.21871,52.334442,24.51717,38.263462,24.229246,40.716446,27.217255,51.87406,17.438625,74.242935,28.158745,53.584625
Patiala,India,30.34,76.38,18.984646,96.473724,40.512226,58.984535,33.814014,51.155365,48.507893,72.599014,28.105759,80.438065,30.037996,64.190994
"Huxley, Iowa",United_States,41.8961,-93.6028,37.22677,-40.038605,34.6164,-67.94016,26.247957,-42.723896,34.081123,-47.159477,40.73399,-85.272156,41.662323,-88.41225
"Hwaseong, Gyeonggi",South_Korea,37.1997,126.831,13.184099,111.58252,24.498047,143.83412,10.766636,77.71378,26.866287,153.30222,34.396027,126.20882,31.81974,120.34248
"Hyattsville, Maryland",United_States_of_America,38.9569,-76.9514,53.62487,-142.81908,47.237335,-102.478035,38.058018,-99.49501,49.713024,-102.02686,43.224358,-82.895676,39.182835,-71.89005
"Johnson Creek, Wisconsin",United_States,43.0792,-88.7711,55.85878,-115.515,37.30604,-78.79589,36.357906,-87.98563,28.811655,-84.97333,47.730366,-99.39557,40.321934,-89.38293
"Hydesville, California",United_States,40.5475,-124.097,32.16246,-100.09291,44.323814,-133.0884,31.63489,-156.80975,33.39147,-111.88358,40.31651,-117.88696,39.30198,-115.33509
Hyesan,North_Korea,41.4,128.183,33.218494,72.47029,31.850296,112.51933,1.0484734,91.789604,42.064987,89.56142,32.441963,109.78058,46.250546,132.11371
"Hurley, Mississippi",United_States_of_America,30.6633,-88.4994,27.195398,-47.972782,31.183651,-71.17111,37.23533,-96.39806,24.316725,-67.62735,33.889305,-80.93793,32.947376,-86.04598
"Hunters Hill, New South Wales",Australia,-33.8337,151.144,-35.80526,162.67706,-5.042042,76.55513,-0.8823166,71.315315,-2.014925,71.58603,-34.149918,156.00943,-34.247414,157.79836
Hughenden Valley,United_Kingdom,51.6558,-0.749,54.007305,-15.239828,13.502377,25.193842,19.6301,-5.482128,8.509865,23.91645,31.918425,41.120846,33.502743,11.035514
"Huari, Peru",Peru,-9.36889,-77.2369,5.60297,-19.748512,-6.2113266,-63.947224,6.0337296,-1.4591496,-4.2616177,-45.649498,-13.043901,-58.845562,1.8248901,-60.728428
Humahuaca,Argentina,-23.2,-65.35,2.5225163,-61.84237,-13.789448,-50.691967,18.490162,-5.479252,-11.103874,-35.29247,-13.881956,-101.04646,-28.791035,-56.42187
Joinville,Brazil,-26.3204,-48.8437,-6.021845,-113.43021,4.403948,-48.86967,11.6734085,19.040264,-0.88274384,-2.479927,23.990784,-25.927265,-13.405716,-4.0918093
"Hydaburg, Alaska",United_States,55.2047,-132.821,43.042408,-68.923996,48.190018,-100.89256,45.23306,-119.75738,45.690567,-86.75596,51.33377,-128.00694,57.122208,-129.63231
"Jonesboro, Louisiana",United_States,32.2411,-92.7158,54.5054,-120.80336,36.35546,-131.45499,42.820095,-129.05508,41.03652,-111.87464,34.27218,-103.44797,32.721874,-98.36576
Jolanda di Savoia,Italy,44.8833,11.9833,37.51334,-4.8950744,40.021973,15.012828,37.414047,60.24912,46.15987,18.4744,34.12377,29.078674,39.277172,-1.5359125
Joliette,Canada,46.0167,-73.45,42.207527,-94.71181,37.70472,-86.96023,54.479332,-84.16022,53.219963,-142.70117,35.723633,-57.54553,38.058704,-63.60426
Jombang Regency,Indonesia,-7.46667,112.233,9.510416,129.94177,5.566057,134.78943,24.790535,92.34565,7.1116085,84.57589,3.2321053,109.99695,-6.84404,121.61576
"Joyner, Queensland",Australia,-27.2741,152.938,-14.343178,100.239914,-19.183693,108.10304,-24.627434,111.38399,-15.179157,110.43005,-28.721579,157.10052,-18.03867,135.28458
"Victoria, Guyana",Guyana,6.751,-57.9661,-6.4420395,-7.2791286,-34.324104,31.578722,-36.985813,53.410194,-30.198017,22.862957,-8.004263,-15.510555,3.4861794,-53.980724
"Vicente Guerrero, Durango",Mexico,23.75,-103.983,15.041756,-27.36301,11.572952,-60.60082,13.860735,-109.0643,10.08245,-70.86264,28.745964,-106.03693,22.026054,-102.57993
Vijayawada,India,16.5193,80.6305,-5.062681,97.73572,-2.7954788,96.553154,6.867214,76.6559,10.319301,119.474846,9.631029,84.80757,13.727827,85.54388
"Victoria, Texas",United_States,28.8169,-96.9933,12.083874,-72.295334,-16.345978,7.265197,-9.90163,-4.396304,-18.546364,5.893469,20.71606,-96.36499,27.618723,-104.11359
"Victorville, California",United_States,34.5361,-117.291,37.39019,-144.41693,44.229645,-160.35103,32.993122,-98.1547,37.197193,-121.24055,32.889767,-118.87189,35.91346,-111.80087
"Victoria, Gozo",Malta,36.0436,14.2431,19.803099,67.83035,-24.216286,160.84679,-24.012493,128.36745,-34.658127,147.54623,36.855892,29.987514,33.57108,30.203987
"Vidalia, Louisiana",United_States,31.5653,-91.4258,38.82051,-111.07477,34.716106,-115.05382,35.222355,-117.3652,46.38363,-135.64282,30.267082,-96.59154,31.697172,-93.04217
"Videm, Dobrepolje",Slovenia,45.8484,14.6945,54.76972,-9.182688,46.3126,6.3076963,24.265352,19.997576,42.214706,19.31806,50.0029,28.430933,44.16017,10.98272
Vico del Gargano,Italy,41.9,15.9667,27.287504,58.813694,28.329338,-13.918288,16.975924,-14.594706,19.598927,21.456753,48.155525,18.652712,45.265762,17.15252
Vietri di Potenza,Italy,40.6,15.5,19.71769,-13.624081,25.705286,28.38398,32.73293,36.934982,35.99288,32.593395,33.70158,23.489235,40.871914,15.986368
Vigevano,Italy,45.3167,8.86667,54.53643,36.742878,56.35063,17.88593,59.681957,-11.535587,55.944653,4.947872,49.43039,20.557487,46.031418,-1.8468962
Vidin,Bulgaria,44.0,22.8667,60.701298,26.90878,58.56397,9.63873,17.110085,27.766773,50.321823,12.069315,33.492397,36.33033,43.59373,30.7571
Viareggio,Italy,43.8667,10.2333,36.565804,43.4378,40.676155,55.311543,41.66685,106.52699,56.860153,26.270195,31.70491,22.816269,41.276886,-0.56016445
Vicenza,Italy,45.55,11.55,29.926687,53.90772,62.724556,11.701386,56.332214,-27.562197,70.68413,-11.350552,45.46872,27.711199,46.01756,21.615398
Villa Gobernador Gálvez,Argentina,-33.0256,-60.6336,-8.375479,-89.061676,25.291502,-51.665695,27.93893,-3.4621687,25.312977,-40.079315,5.413513,-96.1241,-45.49228,-77.15413
Vilathikulam,India,9.1316,78.1646,14.460235,75.812515,6.3239155,68.287,11.78817,100.57879,17.627827,88.56163,10.876995,94.00606,4.129204,96.78088
"Villanueva, Casanare",Colombia,4.60874,-72.9288,12.763393,-45.777973,-2.6547165,-32.767025,21.483028,-83.83218,3.9485378,-54.11995,7.3233585,-103.44681,9.2861595,-67.24471
Villa Epecuén,Argentina,-37.1308,-62.8075,-3.174759,4.882618,26.771095,-29.392271,22.703075,-17.258217,27.185226,-42.388756,9.789034,-83.38634,-29.447487,-44.71602
"Villa Mercedes, San Luis",Argentina,-33.6667,-65.4667,-17.049599,-34.004707,17.432617,-53.720688,18.145306,-55.97189,12.170111,-43.76146,-19.432344,-30.251213,-32.883293,-52.170155
Villa de Leyva,Colombia,5.63333,-73.5333,3.621809,-49.76523,22.69298,-65.346886,16.964058,-52.740585,29.6818,-75.03968,20.20216,-84.9565,-2.135933,-82.20733
Villa Purificación,Mexico,19.5667,-104.383,21.23484,-46.94191,26.771095,-29.392271,22.703075,-17.258217,27.185226,-42.388756,-6.153925,-51.479244,-9.756897,-78.05779
"Villalba, Sicily",Italy,37.65,13.8333,41.97568,-40.26074,21.385532,-14.356124,23.411121,51.576614,27.6972,-14.953087,37.44626,17.515812,38.45649,9.467571
"Villa Hidalgo, Jalisco",Mexico,21.6667,-102.6,17.05191,-34.271523,17.326385,-73.51115,15.132582,-85.14992,15.0940695,-63.70887,21.436092,-86.685104,18.750145,-97.95117
Villa Altagracia,Dominican_Republic,18.67,-70.17,23.20971,-41.248947,-0.05262947,-32.04103,20.032822,-21.104443,10.773006,-40.196503,7.0597744,-40.496933,2.289772,-72.923836
"Vilano Beach, Florida",United_States,29.9349,-81.303,20.68127,-53.64796,19.512424,-80.07568,21.581995,-80.793686,18.265709,-33.0404,24.475544,-80.82057,31.081503,-83.289764
Vela Luka,Croatia,42.95,16.7167,43.1982,-27.880209,32.30681,18.297781,21.487562,61.770634,23.397566,36.887924,38.426064,-9.877691,42.88816,19.184673
Venise-en-Québec,Canada,45.0833,-73.1333,46.80452,-54.463104,36.77129,25.450396,29.476837,19.879019,11.546353,9.517094,55.529907,-104.31714,48.112274,-54.61974
Venafro,Italy,41.4844,14.0458,49.803833,17.463337,63.63341,26.942093,69.758934,-31.059084,51.684982,11.363323,33.284954,-12.751883,30.832582,19.864075
Venaria Reale,Italy,45.1167,7.63333,38.23697,39.552277,45.53163,30.436302,32.14452,30.962084,60.507465,-41.11666,49.394928,24.230984,40.15187,20.271645
Veroli,Italy,41.6833,13.4167,30.155714,50.57342,57.53746,17.50567,37.77426,43.230053,46.265198,10.89229,43.152878,11.528669,42.802914,17.364643
"Verona, Mississippi",United_States,34.1883,-88.7181,40.418144,-61.685326,53.714745,-75.73663,50.24978,-104.71618,47.97177,-108.21589,35.593147,-86.033676,33.901695,-84.36745
"Verona, New Jersey",United_States,40.8325,-74.2429,80.54292,-104.30699,38.684277,-37.41566,37.12547,-46.106148,33.84833,-42.420982,40.268974,-71.6702,41.656628,-71.43051
"Verona, Wisconsin",United_States,42.9897,-89.5356,41.35855,-100.84381,58.39987,-88.33014,52.142822,-91.49131,54.94789,-102.15995,42.211998,-86.400085,43.09016,-90.21906
Vetlanda,Sweden,57.4333,15.0667,50.21688,-31.516005,57.16844,-14.859345,40.709404,-11.769887,45.543823,36.528355,57.67148,27.248459,56.68683,2.9004278
"Vestal, New York",United_States,42.0844,-76.0533,40.243126,-67.61713,24.690151,-31.655823,21.332787,-23.62201,28.992294,-29.823074,44.27288,-76.13519,43.269783,-76.80736
Vestmannaeyjar,Iceland,63.4167,-20.2833,72.895615,-68.789246,66.58316,-76.634056,21.620644,10.3593445,53.22514,-50.03224,61.679085,-17.00156,64.448204,-32.276237
"Vero Beach South, Florida",United_States,27.6197,-80.4117,22.28129,-39.90412,6.559561,-14.924462,12.240047,-6.775777,-4.1431656,11.221073,26.001331,-89.48358,32.060238,-92.2804
Veresegyház,Hungary,47.6505,19.283,35.591286,8.372223,49.46128,-12.103852,37.13894,-6.3577967,62.19527,-39.99568,51.474297,17.73517,52.68042,12.890427
"Vernon Hills, Illinois",United_States,42.2311,-87.9692,55.357105,-102.511856,31.021917,-56.25446,36.321423,-71.73283,35.540268,-70.14408,34.894943,-89.97717,41.63487,-83.01252
"Vernon Township, New Jersey",United_States,41.1952,-74.4888,30.702188,-87.46478,32.946148,-37.452515,28.58835,-35.79042,27.12279,-40.82154,36.775932,-69.59314,38.709164,-76.679886
"Verna, Goa",India,15.3492,73.9314,22.399515,49.44673,9.292076,50.414402,13.913906,30.699278,21.698315,-0.10553169,20.339754,47.671406,17.763897,65.202194
"Verdun, Quebec",Canada,45.45,-73.5667,57.402676,-142.3647,48.9451,-64.36681,47.588734,-58.150597,49.594658,-70.578064,45.14969,-75.23375,45.303986,-86.171906
Vlkolínec,Slovakia,49.0417,19.275,54.91962,0.7512827,48.16614,-27.012638,43.859962,45.723072,4.4115925,50.676193,41.446358,-0.8944473,48.415108,13.325849
Vlodrop,Netherlands,51.1333,6.07361,39.01902,21.61499,40.489616,39.731728,61.97322,4.4914875,39.45033,22.969412,40.621914,41.4842,36.582157,38.196743
Voghera,Italy,44.9925,9.00917,43.81182,-12.076104,46.163826,68.08909,61.85527,3.4724448,52.252693,0.74155617,45.307808,34.085262,39.074066,20.439808
Vogošća,Bosnia_&_Herzegovina,43.9,18.35,45.635895,13.164244,31.825577,23.709015,33.019485,-36.971035,32.15954,-7.374012,47.059227,4.0831614,46.706184,19.722157
Voltri,Italy,44.4283,8.75222,52.067978,-28.13119,26.514132,52.786034,23.591064,83.71405,36.66871,40.02348,44.18505,15.206238,15.628582,35.256252
Vordingborg,Denmark,55.008,11.911,53.87666,50.4424,63.796013,24.815796,35.596794,36.77903,63.960297,27.068027,69.469925,15.290213,57.662735,8.896443
"Voluntown, Connecticut",United_States,41.5833,-71.8333,42.474144,-44.141003,46.07129,-94.61874,70.3909,-196.68399,54.63739,-96.66,39.216442,-76.83444,38.65178,-69.36329
"Volusia, Florida",United_States,29.1686,-81.5208,22.907997,-63.13761,32.136284,-137.04404,38.625755,-114.972305,23.4417,-86.99599,30.247944,-93.60115,29.527313,-84.81428
"Vona, Colorado",United_States,39.3028,-102.744,35.927822,-65.31349,56.09493,-106.2354,45.253757,-86.749664,53.476162,-82.66079,39.15042,-114.77759,39.806427,-103.88424
Vopnafjörður,Iceland,65.75,-14.8333,53.333626,-24.262377,41.687702,14.042269,37.87814,6.2547283,43.86679,9.529507,53.01657,-9.555262,72.12233,-23.364178
Lhaviyani Atoll,Maldives,5.38333,73.4833,26.920702,70.25551,7.7365646,80.690475,5.6550217,85.76086,6.732605,87.47055,4.1925793,109.388565,4.419237,93.43983
"East Walnut Hills, Cincinnati",United_States,39.125,-84.4778,32.406216,-58.032322,29.3138,-26.866806,28.179634,-35.919983,27.399555,-29.06736,46.363388,-96.08827,39.932453,-81.04201
Downtown Cincinnati,United_States,39.1,-84.5167,50.66529,-79.77315,36.374325,-87.69721,33.901703,-80.41167,28.452429,-59.87252,41.66611,-80.537704,36.318787,-78.89907
Muaro Jambi Regency,Indonesia,-1.64028,103.744,15.639494,123.26616,13.456047,71.973175,-3.7959633,115.12254,7.221407,54.36106,3.5639648,105.18765,-1.2737083,98.260826
"Villeneuve, Vaud",Switzerland,46.4,6.91667,42.39051,7.155942,39.849316,-37.012768,66.434616,-51.244736,47.065613,-23.141727,30.150543,-4.082283,46.11617,2.336751
Villedieu-les-Poêles,France,48.84,-1.22,70.96873,-68.89769,25.04549,15.072599,31.198732,-57.001194,17.335371,20.456541,47.8963,-86.381195,47.18948,9.379193
Viramgam,India,23.12,72.03,16.917736,67.9986,26.965576,55.081257,33.6471,100.55201,30.979065,61.07416,20.15163,71.67445,18.053558,76.34128
Virginia–Highland,United_States,33.7824,-84.3543,30.924656,-47.68833,37.692707,-66.00221,31.586626,-74.879234,36.194202,-75.797386,36.913994,-38.06533,31.819427,-40.3727
"Vina, California",United_States,39.9336,-122.052,38.98388,-90.403305,18.265667,-80.55604,24.307003,-102.37829,20.632341,-77.85461,34.489285,-117.90355,37.80453,-129.01677
"Vincentown, New Jersey",United_States,39.9339,-74.7486,16.678993,-35.720726,31.239733,-49.54448,28.349155,-52.41872,21.59857,-29.685051,37.45536,-67.397095,39.89367,-74.00222
"Vinci, Tuscany",Italy,43.7833,10.9167,57.635376,-49.862225,32.34223,47.16701,33.149662,37.213974,26.635262,43.053032,42.385586,16.186316,43.081623,13.973362
Vinnytsia,Ukraine,49.2333,28.4833,74.50047,-52.722404,56.952545,8.218315,50.12878,42.261097,40.36297,71.163025,59.541565,42.720215,49.58583,24.177
"Vinegar Hill, Brooklyn",United_States,40.702,-73.981,38.402832,-40.969406,37.25832,-29.788223,38.150787,-22.50696,35.722626,-20.589497,35.24301,-56.43556,41.94767,-66.94575
"Vinita, Oklahoma",United_States,36.6411,-95.1567,30.182423,-85.2583,28.235033,-124.20263,30.360859,-45.236286,34.3381,-95.89156,37.29773,-93.01221,41.105904,-99.13398
Viqueque,East_Timor,-8.8575,126.365,-21.665836,116.308624,-26.566551,103.07221,16.496994,58.31978,-21.68694,96.448654,9.742542,-3.3338585,-20.892456,74.13243
Vinto,Bolivia,-17.3833,-66.3,2.9689922,-35.424816,2.8908672,40.472626,29.210913,-1.9632126,11.892792,-20.074886,24.937914,-1.4828224,29.497713,34.56424
"Vittoria, Sicily",Italy,36.95,14.5333,37.95061,4.0397797,29.05741,46.286346,45.392017,16.741972,20.166336,78.24375,40.24714,11.797098,36.841,10.103654
Vitacura,Chile,-33.3833,-70.575,-12.856117,-84.07385,-11.310375,-60.89778,-2.703308,-9.893089,-8.946049,-26.117619,2.1731853,13.442574,-22.479103,-98.48263
Viterbo,Italy,42.4167,12.1,56.432552,-6.4585485,35.343533,-9.224439,51.81974,-46.25254,47.290234,-59.598045,37.055305,-8.936401,43.20092,-21.415047
"Vita, Maharashtra",India,17.2711,74.5378,11.005364,71.46976,13.069075,75.7637,15.759584,54.216198,26.617981,68.76666,15.93016,93.6136,23.023241,71.64866
"Upton, Merseyside",United_Kingdom,53.385,-3.099,92.13924,-5.943548,62.037956,-4.2331343,49.739243,20.436974,60.766655,2.370779,46.353256,-2.5205574,50.043724,9.292917
"Upton, West Yorkshire",United_Kingdom,53.62,-1.29,41.31181,-2.6522546,46.79873,7.43797,42.725784,13.847655,46.55989,14.891575,49.02594,4.263098,53.48632,-2.3237896
Upton Magna,United_Kingdom,52.708,-2.66,33.12627,92.37628,57.570953,-6.6594424,59.541103,-34.603558,57.540974,-3.2732449,40.948883,22.877596,54.0775,-10.154658
Upper Eastside,United_States,25.829,-80.185,17.762152,-48.820625,28.826412,-10.857517,27.424065,-22.522114,33.00715,-37.896088,40.503777,-48.423687,18.430561,-57.72688
Upper Kirby,United_States,29.736,-95.419,45.56131,-74.47212,33.587635,10.666198,34.937366,-3.8380466,38.11634,3.774088,31.012371,15.655748,21.891989,-45.537876
Upper Rissington,United_Kingdom,51.8764,-1.70507,37.841103,16.01424,55.560734,1.4082263,46.87587,12.917783,44.2995,-6.0352325,45.20892,23.399113,52.126465,-7.700982
Upper Slaughter,United_Kingdom,51.906,-1.777,51.752823,27.100212,33.790646,9.711585,42.529205,-32.055122,43.82853,-66.31568,27.538275,29.331505,52.168163,-5.0987062
Uvea (Wallis and Futuna),France,-13.2833,-176.2,4.0144215,50.957977,1.46805,30.387753,24.568491,4.8701468,2.4814472,57.982437,14.921195,23.30689,8.856983,29.663685
"Utrecht, KwaZulu-Natal",South_Africa,-27.66,30.33,-7.914568,29.097763,52.21895,-30.866682,15.89592,32.36633,3.5368042,8.874575,-23.15684,26.487968,-23.714214,27.898129
Urswick,United_Kingdom,54.158,-3.122,71.26057,-2.8963628,83.64816,10.458804,47.48809,46.621048,62.745728,9.921143,50.053013,8.927077,57.55371,-9.86984
Uttarkashi,India,30.73,78.45,34.08355,58.71269,26.05383,81.9561,6.335703,38.05417,10.426605,89.79636,30.490856,67.42464,26.693592,86.50656
"Uxbridge, Ontario",Canada,44.1167,-79.1333,44.20302,-84.96736,54.119373,-82.61814,54.519485,-75.22329,58.717903,-70.2735,42.085163,-75.88074,48.099358,-81.38674
"Upper Chichester Township, Delaware County, Pennsylvania",United_States,39.8383,-75.4406,57.143623,-80.45848,39.363903,-44.74676,44.236862,-42.289433,44.0415,-63.40399,46.096684,-80.88107,37.80687,-76.65185
"Upper Deerfield Township, New Jersey",United_States,39.4949,-75.2169,36.830956,-39.73533,32.599533,-33.03842,32.56805,-26.445068,32.16087,-42.19268,39.377735,-69.8806,38.730453,-77.58855
"Ushiku, Ibaraki",Japan,35.9794,140.15,15.661883,150.23952,37.15058,139.6785,44.954872,115.47984,39.631126,124.827034,37.502964,140.5951,36.452003,143.31021
Uruma,Japan,26.3792,127.857,31.009718,114.01265,34.379837,106.73017,9.184345,82.29822,38.11212,133.3075,26.135202,62.244904,30.045612,99.69167
Utena,Lithuania,55.5,25.6,62.556904,-22.701014,60.437492,23.811134,61.92577,48.72055,65.17599,101.355995,23.800882,73.763016,28.55395,54.173016
Urtijëi,Italy,46.5667,11.6667,82.589615,-66.51675,44.026768,28.839546,33.35588,23.857994,34.80902,26.944462,38.7501,11.356003,41.558178,31.438618
"Upper Township, New Jersey",United_States,39.2581,-74.7269,40.94085,-69.78711,30.549948,-25.093624,29.649496,-22.744293,24.79015,-22.065262,39.52853,-71.7265,39.26645,-78.12703
Upper West Side,United_States,40.787,-73.975,48.123543,-121.9478,21.153248,27.582655,23.101719,33.687023,31.685123,8.100422,33.57648,-67.8145,36.094322,-67.227776
"Urakawa, Hokkaido",Japan,42.1667,142.767,36.468132,93.02254,46.800537,135.68584,58.924988,117.52957,33.81715,123.40862,41.244736,119.52443,41.307354,139.59985
Upper Nile (state),South_Sudan,9.76667,32.7333,19.33079,-2.6655984,11.989267,19.1409,9.90369,1.2829652,13.116644,-2.5066357,7.138773,22.066427,8.236954,30.451778
Urayasu,Japan,35.6539,139.902,53.529686,17.817873,49.90322,114.85223,45.02314,71.76617,27.592558,134.24045,22.572641,109.01085,34.857864,131.48842
Urgell,Spain,41.6622,1.08583,52.116116,-3.276936,25.060753,-0.6587302,49.97451,-3.9683263,62.53083,-53.996376,46.219772,-35.055336,42.604156,10.590563
"Vail, Arizona",United_States,32.0019,-110.7,29.05655,-96.026245,55.163788,-135.49791,51.27733,-150.33032,40.398964,-141.9993,34.666813,-113.31546,31.839603,-106.98738
Vadul lui Vodă,Moldova,47.0917,29.0756,33.24579,22.037086,48.086445,25.849577,31.863829,11.242339,19.291538,54.401367,39.48795,34.479168,44.40998,28.450432
"Underwood, Iowa",United_States,41.3869,-95.6786,34.931545,-56.92457,33.36126,-70.69201,27.476995,-62.77213,41.28469,-66.594185,43.041542,-78.50624,42.997124,-89.40325
Umlazi,South_Africa,-29.9667,30.8833,-27.950478,89.20555,-26.865978,50.554974,10.404478,74.59219,-16.396397,12.035753,-14.750906,41.609047,-26.05925,26.781637
Umzinyathi District Municipality,South_Africa,-28.1667,30.2167,-17.359901,65.00653,2.1154976,34.571323,16.39829,35.876865,6.661623,45.51767,-26.801989,21.254093,-28.980919,29.161644
Uniejów,Poland,51.97,18.8003,50.448986,-0.10967207,44.566128,-5.400293,48.581436,-2.3997393,43.251152,13.877645,45.356606,19.61187,55.437378,13.897644
"Union, Connecticut",United_States,41.9881,-72.1614,27.622555,-60.78769,36.885986,-74.88729,47.11921,-88.29869,46.0114,-74.744736,36.754433,-68.13924,40.62183,-72.92183
Umag,Croatia,45.4333,13.5167,57.185226,-50.401882,12.514406,14.889651,68.07282,-75.81102,28.073524,79.066086,35.466175,26.176762,38.261974,20.582237
Uman,Ukraine,48.75,30.2167,78.52658,-65.62022,35.003395,2.0877862,40.42365,-3.168417,38.982964,50.7411,32.924217,-6.061985,36.477234,56.920185
Robat Karim,Iran,35.4847,51.0828,34.04779,47.738415,33.901085,33.761337,36.40571,25.173038,26.684645,25.768755,26.945206,41.401237,26.616276,66.36014
"Unanderra, New South Wales",Australia,-34.4536,150.845,-25.21201,132.45978,-22.013378,132.95068,-12.609207,96.360725,-15.713066,124.56508,-29.36474,138.28223,-29.29601,136.72844
Upper Barton Creek,Belize,17.1,-88.94,31.02267,-95.33803,27.914288,-4.026567,32.78858,-12.9835005,20.708746,-14.303993,7.6012974,-29.516945,24.747503,-47.71321
Upper Beeding,United_Kingdom,50.8823,-0.30515,55.435898,-8.957387,50.679325,-5.307169,41.898228,2.297998,45.114838,-23.091831,33.85787,32.344425,47.1991,-4.6613894
Ulundi,South_Africa,-28.3167,31.4167,-6.989664,70.90994,-28.217606,98.48108,11.473589,42.94702,-26.79359,50.9944,-11.227312,64.625946,-23.466152,46.218918
"University Gardens, New York",United_States,40.7742,-73.7267,32.580082,-61.661404,23.405907,-9.258127,19.995255,-8.883483,21.32425,-6.4606514,41.83434,-59.753803,37.076714,-46.369278
"University Heights, Bronx",United_States,40.86,-73.909,9.518091,-52.069317,27.587118,-39.799484,27.246101,-26.938276,22.464636,-35.187233,39.52528,-72.39076,41.8315,-78.454636
"University Heights, Iowa",United_States,41.6536,-91.5581,42.45878,-51.51592,29.672953,-59.349297,29.388287,-52.846542,27.29378,-43.936485,38.104805,-96.59325,44.255077,-92.84195
Unnao,India,26.55,80.49,10.057815,67.24063,11.209978,67.539604,31.482285,60.94261,16.126755,82.48485,34.779102,99.792435,18.968527,90.88695
"Umm Haratayn, Hama",Syria,35.3869,36.8611,43.305813,23.731213,27.830744,49.47441,22.468576,55.241707,27.251827,81.876595,39.446556,22.958843,43.5523,27.175987
Ulundurpet taluka,India,11.7,79.28,25.076662,50.337154,5.4454727,103.53482,28.436253,68.66601,27.572996,69.17929,24.441956,65.287346,22.614151,58.333572
"Una, Himachal Pradesh",India,31.468,76.271,30.024313,87.14938,18.88788,81.64122,24.086678,35.415028,20.667765,34.21286,22.690346,65.5308,26.816212,79.40081
"Underwood, Nottinghamshire",United_Kingdom,53.05,-1.29,50.610012,-31.010834,41.324165,6.262989,33.78849,9.49749,44.35853,-2.1647854,53.25741,3.8343363,56.54007,-2.645917
Umeå,Sweden,63.825,20.2639,54.05981,-1.9340305,32.536148,14.996653,32.63051,48.839027,37.610023,90.50853,62.465096,23.597197,58.489086,32.000534
Upernavik,Kingdom_of_Denmark,72.7869,-56.1472,40.577324,-53.857056,57.97069,-39.136967,26.53896,88.69144,55.389523,-56.310074,58.387745,-25.00214,59.502502,-5.0765676
"Union Bay, British Columbia",Canada,49.5847,-124.886,33.08259,-36.64096,22.456694,-20.976288,25.050455,-36.435287,33.077503,-47.40851,37.28077,-79.56174,47.08457,-103.41699
Unorganized Kenora District,Canada,53.0,-89.0,47.00453,-87.4536,38.468086,-54.453316,16.765919,25.170145,36.413864,-17.088867,47.249687,-60.98337,46.55491,-90.32837
Unorganized North Algoma District,Canada,47.5,-84.25,26.109509,-37.70242,29.318316,-14.019563,23.617558,22.635841,29.756973,2.0637245,50.20635,-60.185284,44.56944,-70.63438
Unorganized North Sudbury District,Canada,46.5,-80.9667,41.324867,-81.26126,30.847176,-19.761627,25.351505,14.602694,33.626534,-9.737118,45.04795,-54.212177,44.104023,-53.564716
Unorganized West Manitoulin District,Canada,45.8667,-83.0,30.73864,-48.526577,25.679756,-18.206245,17.120937,33.562405,22.883904,-10.2061615,47.35547,-73.177444,44.566265,-70.01487
"Varosha, Famagusta",Cyprus,35.1108,33.9536,50.29448,-9.498435,45.00849,13.482061,23.747854,60.70259,40.104477,40.99654,42.814713,20.245205,39.698727,31.903984
Varėna,Lithuania,54.2111,24.5722,53.303787,53.19922,36.500984,-0.32735667,20.406761,26.291605,29.120695,52.25007,55.972214,36.60182,56.297768,28.793499
"Vara, Sweden",Sweden,58.2667,12.95,38.79045,17.62256,45.83596,-10.440624,42.838604,31.402609,54.334175,-13.726368,48.69613,21.90169,48.874702,20.65457
Varese,Italy,45.8167,8.83333,39.21996,23.226942,44.610268,1.3326366,50.15051,-31.069145,45.04384,-6.86887,41.917305,7.401883,42.184265,-0.51051617
Varanasi,India,25.3189,83.0128,25.586262,106.64641,39.079323,67.058426,40.371914,63.624947,27.604164,97.6822,24.923124,79.48071,29.214272,100.620514
Varazze,Italy,44.3667,8.58333,41.415596,2.9536066,45.611366,21.786526,38.20705,-33.82016,35.988667,17.918287,43.9336,14.566271,46.71055,13.8275
Veliko Tarnovo,Bulgaria,43.0778,25.6167,49.79161,73.30461,35.0923,51.5098,46.899014,-1.5030408,62.252068,34.646446,44.469944,48.01554,40.454605,26.861734
Vella,Switzerland,46.7167,9.16667,50.495132,57.29968,16.941143,141.97864,40.065773,47.386513,13.298064,66.59068,39.00565,25.803925,28.300337,23.1195
Velletri,Italy,41.6867,12.7775,40.421745,17.59393,51.99648,19.348736,20.286129,8.376838,30.920866,-0.38391495,40.192,-5.9099674,43.666817,10.335513
"Veen, Netherlands",Netherlands,51.7769,5.10972,26.365177,19.169619,42.595215,5.2576303,37.654186,-6.770774,35.121098,12.454792,35.169525,9.952949,46.158287,20.542938
Vahdat,Tajikistan,38.5531,69.0206,25.215635,60.366886,77.70622,22.590893,58.43518,33.211227,58.1727,18.98499,30.155363,36.954475,34.306396,43.533646
"Valdese, North Carolina",United_States,35.7433,-81.5586,42.190838,-100.80272,25.330141,-47.95772,28.762056,-59.722572,23.361258,-54.661407,34.472057,-91.80119,36.61181,-82.16487
Vallipuram,Sri_Lanka,9.78333,80.2333,4.519375,84.2231,-0.8058739,86.35609,13.505617,59.452473,10.134278,122.35369,12.31254,86.37265,2.198635,86.495
Valparai,India,10.3276,76.9553,-1.4323769,68.944336,-7.918789,72.3348,29.114511,78.593834,6.923296,64.38025,-0.40694618,64.15806,4.3981857,78.37988
Vallegrande,Bolivia,-18.4833,-64.1,-3.2832127,-95.63063,-1.242775,-97.905106,20.417112,-0.08087158,15.00359,-64.63562,12.8995075,-32.507565,-1.1271973,-70.91357
Vandalur,India,12.89,80.08,6.240142,79.623856,17.820728,49.238503,17.637135,86.438065,-1.7154026,100.86353,-3.278242,88.82756,9.767782,91.59961
"Van Horn, Texas",United_States,31.0425,-104.833,58.104103,-159.23125,28.630617,-67.69195,35.877293,-90.387054,28.116114,-80.2832,29.67335,-103.11125,34.609047,-99.33814
"Valley Stream, New York",United_States,40.6647,-73.7033,41.94579,-127.98357,24.25705,-21.838339,24.367798,-30.81074,21.479622,-12.750763,42.348656,-81.44266,40.179173,-78.74033
Valle de Ángeles,Honduras,14.15,-87.0333,2.7675323,-65.55502,14.424657,-59.44529,0.92458725,-82.15977,25.111053,-114.83759,4.0254326,-91.1566,6.31378,-76.6745
"Vallecito, California",United_States,38.0903,-120.474,21.822548,-69.96687,25.81193,-131.51297,29.079077,-71.970375,26.969349,-140.99786,32.742233,-126.54631,37.188354,-122.55816
Valsad,India,20.61,72.926,-6.0065174,127.035065,32.00489,74.2747,14.654928,100.352745,14.59228,79.62943,19.59636,71.43794,16.551918,78.5978
Vallès Occidental,Spain,41.5639,2.03972,34.220795,-2.7018065,33.36633,-2.63,28.298353,-39.512585,35.865314,-43.005653,17.327885,-21.997238,38.806908,-5.421485
Valmontone,Italy,41.7833,12.9167,64.321106,-19.660688,52.12747,25.98421,31.1662,-3.2168663,42.98748,11.7222395,44.820812,14.181514,43.144173,10.42437
"Valparaiso, Florida",United_States,30.5,-86.5,44.337513,-136.64156,9.180241,-138.87236,11.157316,-116.98769,7.4877243,-112.87902,24.979033,-86.6241,28.5391,-94.32544
Gulf of Honduras,Belize,16.1514,-88.2517,44.02594,-125.05989,18.20316,-17.02937,12.132687,-23.43309,13.959839,-27.743786,13.339249,-67.86624,19.387596,-85.335304
Mount Makaturing,Philippines,7.65,124.317,17.623936,66.54231,12.7293625,74.581795,1.0232334,73.6405,7.434025,75.04669,15.393084,76.4559,8.6716385,129.41597
Mount San Cristobal,Philippines,14.0644,121.427,12.048205,33.063377,14.099647,-28.557257,14.045149,-37.66101,11.747802,-22.677277,4.64143,-53.175716,5.2883263,85.595535
Mount Pinatubo,Philippines,15.1417,120.35,17.340591,68.31128,17.107998,53.68836,29.93888,56.328648,4.2376194,70.59621,3.192583,101.58765,18.476137,82.84899
Babuyan Claro Volcano,Philippines,19.5233,121.94,13.003884,62.732548,12.496624,11.163513,22.155785,-29.952469,-4.132103,18.288713,11.180983,44.756714,13.832352,130.73264
Chimborazo,Ecuador,-1.46917,-78.8175,5.744108,-20.869003,-7.5432663,-60.43478,9.009491,-2.7911372,-3.630537,-87.675606,5.0522385,-64.434235,11.243122,-66.9246
River Gannel,Conrwall,50.3492,-5.0256,47.693672,8.069279,27.073866,18.318605,3.5442371,-14.363304,5.6522026,7.96739,32.53988,12.389123,55.97612,-17.417152
Argentine Sea,Uruguay,-46.0,-63.0,-8.472818,-22.284626,10.12607,-30.217268,11.812523,-19.959244,20.620632,-38.441414,3.755598,-20.425182,-27.980087,-27.782814
Flores Sea,Indonesia,-8.0,121.0,-6.071657,127.422455,13.019598,-0.15393755,17.817799,21.821926,9.251773,6.857584,13.717592,-39.903908,6.905382,52.791756
Kara Sea,Russia,77.0,77.0,71.49219,-1.6917706,30.819407,60.212505,28.845978,51.368114,40.632412,47.988747,44.819576,58.50668,63.50079,46.24193
Natuna Sea,Indonesia,1.0,107.0,4.618738,113.939514,16.983353,88.41637,22.660381,74.49696,21.598148,82.92539,13.662558,115.42117,11.872385,130.58154
Loch Striven,Scotland,55.9288,-5.07076,41.654293,10.638699,44.65071,11.625719,29.665827,4.1633625,48.443336,38.793465,55.932995,-21.800919,63.45318,-3.5154219
Loch Eriboll,Scotland,58.505,-4.67,48.504883,53.49002,48.78258,21.050001,37.168003,29.315155,47.346504,32.820374,54.08835,-25.957851,59.328796,-6.2682867
Loch Goil,Scotland,56.132,-4.8923,53.407967,-1.1248207,54.00479,-17.43898,40.3716,34.065044,51.390663,21.828289,47.981342,20.732597,58.854137,7.512368
Loch Long,Scotland,56.0344,-4.88558,51.87953,-10.86531,42.451065,3.8387852,40.598717,13.597478,46.555496,17.771538,47.830246,-22.441265,43.725826,8.531763
Loch Ryan,Scotland,54.986,-5.055,70.92109,-31.717344,41.667614,0.83331335,35.904533,4.1227274,42.08779,14.59315,51.760864,21.680616,58.452164,-0.17255116
Andaman Sea,Myanmar,10.0,96.0,0.3615036,158.63303,17.218456,77.220856,35.10127,51.775963,15.138342,81.37601,17.72366,93.01982,10.203278,93.298904
Camotes Sea,Philippines,10.5,124.333,20.54362,82.70929,29.522785,44.715042,32.726723,44.466953,24.38559,68.9525,9.7854,-5.7988834,11.652012,112.567314
Coral Sea,Solomon_Islands,-18.0,158.0,-25.110107,173.06194,18.895964,24.557621,17.69477,44.396954,24.367105,19.4657,6.413002,31.242233,-7.7674522,70.30044
Holy Loch,Scotland,55.987,-4.933,60.927044,-64.610756,50.426933,19.467842,38.041046,60.434914,50.142605,49.136,50.180347,-18.141865,59.01337,-3.093585
Molucca Sea,Indonesia,-0.416667,125.417,-6.493347,113.21883,15.00804,62.725193,24.303753,85.41842,19.73998,67.55174,31.051182,14.273267,10.096544,106.45888
Lincoln Sea,Greenland,83.0,-58.0,37.323536,-61.8302,37.190563,-12.844906,35.894867,-14.57076,38.477863,-16.28844,33.087532,-19.937939,44.15767,-18.595356
Black Sea,Turkey,44.0,35.0,49.97068,6.3797607,33.529045,-7.0039024,32.370987,-12.202171,35.221565,1.9416008,52.64411,43.735634,40.55349,12.100234
Palk Strait,India,10.0,79.75,8.011487,55.30758,25.014626,77.46335,15.333633,74.153275,14.722564,89.41786,25.714512,61.04018,-1.016674,110.20597
Great Australian Bight,Australia,-33.0,130.0,-38.84466,150.59201,-11.62899,56.9198,-4.3180466,87.13797,-6.688427,71.58818,-39.844414,149.73212,-24.727074,81.36216
Gulf of Guinea,Nigeria,0.0,0.0,24.48383,-55.04823,8.076662,56.76472,7.813957,22.85871,8.627672,22.67991,10.110779,-3.9221096,1.7147484,-1.4889536
Buckhorn Lake (Ontario),Canada,44.4856,-78.3911,36.186905,-29.712397,39.60361,-67.70392,31.019222,-34.587097,50.389507,-74.83656,42.23162,-81.93669,43.4708,-80.074486
Qiongzhou Strait,China,20.15,110.267,19.593668,109.63481,17.518847,109.117424,5.136326,95.58773,14.065775,110.60062,28.493143,99.27188,28.568863,131.57812
Putrajaya Lake,Malaysia,2.94194,101.689,14.371214,68.769226,6.1665688,55.06735,21.191711,52.357124,13.132824,74.368835,4.7321835,96.62097,9.677406,105.88619
Owen Stanley Range,Papua_New_Guinea,-9.33333,148.0,-30.941402,124.9906,29.383928,-19.472412,19.927265,8.934781,20.59621,-5.6395035,5.498108,26.942337,-20.961761,141.67984
Owl Mountains,Poland,50.6667,16.4869,41.853725,29.752853,26.23338,-25.009224,25.536903,-14.712966,38.140182,-42.58529,25.211308,-27.710201,56.14983,18.37944
Tantalus Range,Canada,49.8181,-123.329,37.122437,-60.34039,18.421669,9.065669,7.4727936,54.639088,12.726073,9.992199,16.795906,-14.203835,26.81538,-49.766273
La Garita Mountains,United_States,37.9868,-106.931,26.767826,-62.457615,12.909536,-38.775238,16.147861,-51.520435,20.77156,-39.642204,22.892834,-69.01546,37.823807,-113.094315
Taurus Mountains,Turkey,37.0,33.0,49.62879,2.161807,29.485958,3.129856,35.936302,-9.517513,29.538486,-15.192715,25.703665,-29.771343,38.787098,6.7296844
Chilcotin Ranges,Canada,51.1667,-123.25,20.564232,-68.8727,18.137482,-19.073225,-5.96476,48.09748,5.1112175,9.715132,37.21607,-70.283035,59.50316,-132.80951
Wicklow Mountains,Republic_of_Ireland,52.9658,-6.46278,51.210327,50.57759,35.681587,4.1649394,34.5777,-1.2185844,37.945793,-10.105446,32.99757,-2.2075977,52.27069,6.0499973
Tweed Range,Australia,-28.4167,153.167,-21.677792,133.82166,26.827324,33.22553,19.814938,24.036192,4.9405518,45.40415,4.513504,63.253304,-28.370895,150.53738
Dartry Mountains,Republic_of_Ireland,54.3333,-8.41667,50.94027,-25.574692,29.050827,19.690928,20.067642,-13.828927,33.49378,6.225168,22.601778,22.843887,52.800552,0.6527977
Shehy Mountains,Republic_of_Ireland,51.8667,-9.44444,46.602547,2.5784616,27.2746,19.237392,25.155752,-20.165157,30.829746,-20.112877,25.616837,31.952639,51.85715,-23.31218
Sentinel Range,Antarctica,-78.5255,-85.6171,36.67018,-62.307354,16.743788,-15.45526,24.260826,16.511435,21.17915,-20.132786,22.619442,-39.306103,29.448141,-77.09575
Southern Carpathians,Romania,45.5,24.25,51.503487,-10.452612,21.317017,61.203667,27.647108,41.78335,23.880894,55.787735,51.18947,33.652824,49.7459,13.634193
Imatong Mountains,South_Sudan,3.95,32.9,-3.1054459,61.973034,-0.64757156,28.967781,26.263733,12.697436,16.149162,3.878292,10.594965,45.001488,-1.2355003,38.845726
Aberdare Range,Kenya,-0.62765,36.7083,-13.309502,23.715996,19.224113,15.247814,17.237246,30.197859,4.483261,52.332363,25.20158,34.203304,4.5515614,27.99958
Rif,Morocco,35.0,-4.0,52.353973,-42.907963,53.51271,-87.26353,33.384624,0.63371396,31.931171,-53.275482,22.952684,25.811405,39.28274,17.61922
Rila,Bulgaria,42.1,23.55,45.60984,2.8300982,71.53545,70.23191,50.045975,-12.742909,58.227997,91.577225,33.577057,18.330452,41.219414,14.983738
Boulder Mountains (Idaho),United_States,43.9,-114.41,39.95143,-62.41322,35.44279,-71.91902,36.834362,-79.20948,42.040886,-75.817696,43.123016,-94.79622,35.752644,-67.7545
Rwenzori Mountains,Democratic_Republic_of_the_Congo,0.385833,29.8717,21.921003,15.9546585,-0.41250038,41.724293,12.913,3.2850802,5.307249,23.338049,12.328351,23.099316,-1.4050903,14.75466
Boise Mountains,United_States,43.7371,-114.977,32.042984,-69.72514,31.511044,-79.51614,35.914696,-79.49659,36.356754,-74.58282,42.99593,-115.622986,40.48359,-107.12699
Vancouver Island Ranges,Canada,49.6622,-125.817,30.89177,-59.932915,18.347992,-6.2296515,12.075588,20.114544,13.112392,10.508728,24.706343,-38.15322,44.56488,-76.61851
San Emigdio Mountains,United_States,34.8733,-119.179,40.374397,-88.59566,24.688974,-58.60832,27.793814,-43.435013,22.261341,-58.29425,13.211666,-45.945866,31.4817,-139.04166
Caha Mountains,Ireland,51.75,-9.71667,39.238266,8.965902,33.57149,-27.377146,31.56876,-9.571807,35.56385,-9.380913,27.766533,12.228528,50.305473,-11.204328
Cantabrian Mountains,Spain,43.0,-5.0,38.738884,-5.6301475,32.380344,-25.468864,24.324036,-44.954395,36.69857,-21.128662,40.88234,-22.632347,41.877693,2.7030725
Sawtooth Range (Idaho),United_States,44.1415,-115.01,39.37162,-82.62428,48.722275,-88.29827,32.21635,-30.968094,45.754593,-61.014725,49.410656,-92.21776,33.251083,-62.62386
Mission Mountains,United_States,47.3828,-113.919,55.555084,-101.28638,24.374008,-11.038492,27.428108,-40.770126,24.915812,-32.94634,21.032127,-57.3446,47.024796,-129.40367
Bavarian Forest,Germany,49.0,12.6667,55.181477,22.184118,37.368473,10.405949,56.41466,6.7785225,40.733112,-2.6127815,58.64041,12.028402,52.72505,15.284454
Bear Lodge Mountains,United_States,44.4758,-104.444,31.173489,-63.39677,37.87076,-27.795341,35.945953,-22.687748,46.291348,-46.495613,27.430908,-66.644714,44.366432,-108.89431
Saint-Gotthard Massif,Switzerland,46.6411,8.41833,37.54483,9.598648,23.380968,-16.60785,7.5962677,34.230495,12.785817,62.63633,35.911102,7.8993244,40.906013,18.577957
Smoky Mountains (Idaho),United_States,43.8219,-114.713,43.886868,-74.49428,36.849735,-68.28331,34.868378,-68.92612,45.88064,-69.91355,44.199337,-102.242966,35.62706,-83.80777
Stauning Alps,Greenland,72.0,-25.0,44.24495,-10.166382,45.09491,42.863766,34.43499,18.056246,46.54603,58.17633,48.567764,-2.7930107,53.913445,18.462437
Zabarwan Range,India,34.1409,74.9689,41.2561,86.27295,31.243992,23.935417,16.766617,43.82468,19.356682,35.10629,17.967808,29.120264,41.223495,86.06759
Galician Massif,Spain,42.2425,-6.79583,41.816307,-56.494175,36.78481,-45.354706,31.18069,-5.9366903,24.570581,3.4490547,36.51325,5.6046066,45.608025,0.6044493
Gorce Mountains,Poland,49.5433,20.1131,63.506176,-17.040789,34.973785,-34.537273,33.111366,-19.69287,39.864014,-41.725555,24.770733,-6.276018,46.484806,13.028538
Front Range,United_States,39.6339,-105.817,38.712204,-65.87611,37.596645,-1.2867064,23.263386,32.326103,31.56488,33.06617,40.005196,-74.64458,27.002476,-54.616573
French Prealps,France,43.9833,6.11083,28.953375,-22.91554,39.18724,-34.57281,42.490517,9.242811,50.755447,-6.0572014,37.765015,-0.92759514,44.69857,-9.716863
Elk Mountains (Colorado),United_States,39.0097,-106.854,52.055527,-90.098145,43.822136,-108.69947,39.773914,-110.03336,46.41989,-120.60786,42.029724,-101.84369,28.560984,-67.49726
Ellsworth Mountains,Antarctica,-78.5255,-85.6171,-1.0094624,-30.323126,21.818459,-28.869167,35.5301,-59.734417,32.321026,-44.177803,33.3229,-67.598526,15.73081,-60.641262
Lyngen Alps,Norway,69.4858,19.8767,43.06263,14.441608,53.157074,25.346241,41.800465,48.420925,53.719784,16.586216,56.03546,1.2475395,70.812485,11.144593
Appenzell Alps,Switzerland,46.6411,8.41833,46.795307,20.360573,38.254658,67.39975,39.531643,23.631626,49.518776,54.648354,47.31465,4.5919285,52.426697,8.748375
Misquah Hills,United_States,47.98,-90.56,45.019302,-69.12669,24.127447,-3.5440965,26.126171,-6.0605516,23.706062,1.8468494,-3.9047146,54.64585,38.714306,-67.71242
Mummy Range,United_States,40.4844,-105.646,40.081703,-65.12257,30.407114,-11.606393,28.04231,16.802502,16.93029,30.87598,19.297304,24.355818,24.895124,-52.11356
Muskwa Ranges,Canada,57.3464,-124.093,52.732796,-107.416275,14.546963,-35.5634,-0.2528534,45.209263,-0.29558945,25.299791,-14.987989,95.86224,63.661755,-112.8822
Navesink Highlands,United_States,40.3996,-74.0365,49.303722,-31.600977,18.56216,-58.118736,8.71718,-44.952465,23.567781,-59.75226,26.833992,-5.921467,44.77528,-64.83524
Gabal El Uweinat,Libya,21.9167,25.0167,12.287093,30.605652,15.42754,-10.360553,27.108294,-34.854053,10.740276,8.556101,30.784954,11.367139,30.280695,13.136046
Elkhorn Mountains (Oregon),United_States,44.8722,-118.104,26.093596,-47.384964,33.750275,-78.78473,24.37328,-66.524635,40.265118,-104.72727,37.258293,-89.32448,32.08092,-71.806885
Cordillera Central (Costa Rica),Costa_Rica,9.97694,-83.8542,8.2649555,-51.984188,6.5729923,-45.393238,10.083628,-40.28397,-3.535612,-16.389687,12.490002,-47.354748,10.056076,-8.19753
Cordillera Darwin,Chile,-54.75,-69.48,-7.5392113,-37.40737,-14.701534,16.027973,-2.8048477,50.319893,-34.009933,71.411545,-15.276648,-6.2092323,-26.271233,-64.71217
Mount Athos,Greece,40.1583,24.3272,26.027788,105.04057,16.444252,61.47696,17.876871,70.95207,18.089426,76.43779,35.71299,50.71442,39.554466,12.096079
Mount Dulang-dulang,Philippines,8.11528,124.921,4.861511,71.87343,5.7899895,69.1075,1.0232334,73.6405,7.434025,75.04669,3.2646618,171.30948,5.9999046,150.85147
Gornergrat,Switzerland,45.9833,7.78472,32.21093,-1.7770281,48.765987,-14.39591,46.31211,-20.633904,43.199776,15.413631,48.56083,44.177612,39.227097,-0.5919275
Glen Croe,Scotland,56.2,-4.833,50.854218,9.720457,30.038094,-1.338156,14.339582,-21.282354,14.369409,-15.216305,45.60016,5.827011,61.83953,-16.583073
Moosic Mountains,United_States,41.495,-75.473,34.855732,-10.110502,30.691576,-37.973976,34.29605,-15.665229,45.850235,-67.147675,39.85388,-16.427048,35.068157,-64.94696
Ruby Mountain,Canada,59.68,-123.33,28.635431,-33.371895,29.563995,-18.718622,38.20013,-9.058007,40.5925,-33.737186,32.506863,-25.682781,38.434414,-89.46387
Beaufort Range,Canada,49.4147,-124.92,22.16672,-30.893728,17.815231,8.724142,34.13699,24.482803,19.851517,28.651978,27.114504,-46.177692,10.744205,37.023693
Cape St. Vincent,Portugal,37.025,-8.99444,69.4682,-78.64838,15.144733,-3.6156397,16.413235,5.0256605,14.989696,20.619524,-10.247038,21.205976,30.930191,-2.208685
Putorana Plateau,Russia,69.0,93.5,30.392338,85.85149,26.517685,35.195534,8.498974,1.4476476,17.975605,8.923653,21.298668,64.78899,39.12971,47.046425
Pentland Hills,United_Kingdom,55.7667,-3.41667,38.15757,35.901638,18.220787,6.55486,28.179893,-6.400366,23.233114,-4.5281124,33.59662,-9.043564,59.23986,-28.629002
Blue Mountains (Pacific Northwest),United_States,44.8167,-118.104,41.288246,-51.732315,20.386047,-2.0972633,23.56464,-11.258663,25.290838,-25.066372,33.627373,-85.41954,31.708958,-78.78583
Black Mountains (North Carolina),United_States,35.7647,-82.2653,40.5803,-79.43448,21.115524,-39.210552,25.591402,-56.850105,20.823076,-34.262386,39.315815,-82.71504,27.138187,-70.8849
Blackall Range,Australia,-26.7,152.883,-17.871223,145.37224,3.2262993,40.452763,18.20712,74.15422,-0.71920395,87.29343,3.5279045,67.71598,-28.512112,140.18517
Jarbidge Mountains,United_States,41.8106,-115.374,35.065834,-81.43416,22.863209,-34.3793,28.160316,-50.31101,37.527786,-66.996254,23.804792,-40.889572,46.99762,-122.31501
The Bugaboos,Canada,50.7458,-116.789,42.661438,-65.152245,37.498486,-3.7884278,24.844683,-24.993935,36.06607,-32.331093,28.676437,-33.84524,44.183586,-109.56067
Temblor Range,United_States,35.3239,-119.797,35.332245,-70.48607,30.470116,-46.93593,30.58565,13.6976185,16.981762,-2.8557034,23.77924,-25.915112,27.595095,-87.30375
Pare Mountains,Tanzania,-4.2678,-37.9315,3.8742218,33.507645,10.288267,42.22015,22.533215,6.16179,23.105137,-12.097626,-8.840368,24.165174,-12.935188,18.60972
Outeniqua Mountains,South_Africa,-33.75,23.0,-24.19931,27.661568,2.961361,8.331921,11.9490185,-14.865154,7.267967,7.538393,-6.237524,-16.912235,-33.728302,18.157541
Nuba Mountains,South_Sudan,12.0167,31.1,14.091811,20.983849,20.585358,18.785267,15.817699,26.722843,32.917763,-19.215485,24.265457,-5.8157425,21.304737,20.925617
Groot Winterhoek,South_Africa,-33.03,19.1047,-8.225946,22.210382,11.218958,-16.877808,24.344929,-36.120415,-13.255489,28.27686,-22.606619,20.10478,-38.636826,4.7240133
Niyamgiri,India,19.5833,83.4,6.2360296,94.806015,8.055103,92.48841,15.5459,58.08246,6.3287334,75.593506,18.267351,111.890366,19.804161,70.41619
Swartberg,South_Africa,-33.3667,22.3542,-10.265865,23.777575,-15.291363,-7.9278207,6.097128,19.474749,-7.2814903,13.370782,31.77934,13.153828,-24.795933,21.13295
Serranía del Baudó,Colombia,6.2,-77.2,-6.044092,-19.679756,25.516647,-35.996708,29.054436,-36.69835,20.366104,-8.598835,12.160581,-29.99128,-8.827061,-70.16033
Rangrim Mountains,North_Korea,41.3061,127.677,23.313152,57.252666,25.500349,57.06897,25.155752,-20.165157,30.829746,-20.112877,22.038721,53.08361,40.43496,-52.77538
Yablonoi Mountains,Russia,53.9131,115.693,31.394669,79.68469,30.819338,15.904986,25.155752,-20.165157,30.829746,-20.112877,33.001034,9.898951,44.651016,57.454338
Kuznetsk Alatau,Russia,53.8594,89.3003,47.3619,21.802256,51.67227,9.852167,9.435308,52.41594,45.04939,57.950638,58.342186,51.00644,47.72815,73.95186
Kuskokwim Mountains,United_States,60.1158,-159.324,38.41665,-56.46493,43.96956,-49.270073,31.49436,-20.72654,33.418266,-42.203857,47.427734,-82.94287,50.359184,-98.72729
Fairview Mountain (Alberta),Canada,51.3994,-116.223,43.76677,-53.818428,45.2359,-67.92949,40.430916,-71.815956,38.87318,-70.70861,52.452927,-102.32199,48.91822,-88.000015
Animas Mountains,United_States,31.5695,-108.789,43.842842,-127.23091,22.770847,-68.565674,21.726166,-53.35146,28.004005,-87.995224,14.598509,-23.73056,36.667477,-106.62989
Namcha Barwa,China,29.6292,95.0558,38.40922,78.548325,44.638332,49.390144,30.854445,-5.820465,24.073233,90.901886,17.706894,81.79451,26.5234,91.3843
Mount Manunggal,Philippines,10.4532,123.816,13.515614,33.674423,8.882437,78.6944,1.0232334,73.6405,3.818367,79.87233,-5.8734035,137.25516,-1.190937,160.9403
Mount Mantalingajan,Philippines,8.81833,117.67,6.546919,90.34515,7.2832813,80.28859,1.0232334,73.6405,7.434025,75.04669,18.633488,79.92791,7.4011574,115.873955
Mount Myōgi,Japan,36.2986,138.749,30.961777,128.03798,36.53861,36.423553,28.00671,28.857626,32.263634,36.13337,25.768646,159.21323,27.45649,143.6474
Mount Lafayette,United_States,44.1607,-71.6444,52.1923,-94.637695,22.713284,-35.04216,13.2728615,-12.802825,29.996693,-46.513,34.315887,-44.761692,39.875916,-53.37295
Mount Kitanglad,Philippines,8.14278,124.912,-0.46805573,103.39613,2.9794025,89.23516,12.813892,57.194614,11.0714245,58.37302,19.061981,77.0966,9.500345,130.72038
Mount Kailash,China,31.0667,81.3125,19.324375,71.3858,10.481453,72.454124,-3.2736397,98.3151,7.369692,67.34345,42.031677,92.48004,17.645077,76.19774
Mount Roraima,Guyana,5.14333,-60.7625,-0.8682575,-21.789318,-1.8223896,-12.865184,-9.028179,17.174524,-17.162872,16.961626,-2.819767,-56.03606,-9.178318,-29.071564
Mount Sir Sandford,Canada,51.6567,-117.868,40.663643,-84.22093,15.164296,14.246795,22.014227,16.33324,19.303434,8.496159,34.849575,3.4431887,4.8905106,-49.20179
Mount McClintock,Antarctica,-80.2167,157.433,-2.159418,65.16821,9.293943,0.38821775,12.076838,-14.598335,8.4102955,30.062124,20.626345,1.4865379,33.86606,-115.8258
Sierra del Carmen,Mexico,29.0316,-102.615,19.979048,-106.70575,8.94413,-52.37191,2.258604,-37.08372,9.045565,-30.196789,27.997356,-75.75137,15.730122,-58.216938
Tödi,Switzerland,46.8111,8.91472,43.403427,3.0887146,34.692684,13.074724,48.20124,27.34327,36.941463,31.945198,34.99622,29.280197,51.081055,-0.15748024
Wah Wah Mountains,United_States,38.3541,-113.587,34.116905,-38.459564,35.286068,47.517254,22.589058,79.70274,26.91387,69.78076,26.051607,-34.023384,41.175285,-106.21432
Adamawa Plateau,Nigeria,9.8,14.0833,2.1605186,27.29004,5.851063,7.2333727,2.3465996,35.83264,6.02512,57.15618,14.645558,61.09404,4.8744183,8.28226
Acarai Mountains,Guyana,1.36667,-59.1833,1.9867249,-28.092953,14.324842,1.1518426,25.155752,-20.165157,30.829746,-20.112877,4.5464573,20.740482,-11.5900955,-29.378906
Alabama Hills,United_States,36.6147,-118.096,30.265427,-78.32008,28.739298,-66.91894,33.34468,-78.73367,33.525383,-43.85119,31.413012,-59.119495,31.44738,-100.074646
Tianmu Mountain,China,30.3333,119.417,21.48421,150.17279,24.960001,61.0423,39.86575,-19.297043,37.81257,47.975548,39.000015,93.08725,31.801048,107.58896
Lácar Lake,Argentina,-40.1833,-71.5333,-12.212257,-56.62522,34.894196,-16.25125,42.051094,-23.254166,41.316467,-15.078056,21.923042,-35.79566,-24.968727,-51.324394
Lough Derravaragh,Republic_of_Ireland,53.6333,-7.35,64.084595,-23.832964,56.057114,-5.6566896,60.56761,15.92317,61.289993,-12.868248,60.73767,-35.19467,57.50357,-14.310439
Lough Eske,Ireland,54.6996,-8.0399,55.33794,-58.684513,65.71151,-11.325309,43.9671,29.188345,52.62624,3.0317516,62.434013,5.262142,54.847725,-14.627534
"Loon Lake (Lake County, Illinois)",United_States,42.453,-88.0855,26.007534,-90.283646,41.409805,-61.782223,39.659218,-47.334526,42.103477,-56.766914,44.1129,-92.625015,44.161957,-106.04795
Lough Gur,Republic_of_Ireland,52.5164,-8.53328,49.03058,10.831167,56.922302,-14.281248,52.87657,41.649845,54.08811,-12.337822,41.9392,58.106495,49.47997,-1.0224876
Lough Key,Republic_of_Ireland,54.0,-8.25,55.418568,-47.994183,47.73088,-1.4040164,39.111374,25.972473,38.709976,3.984129,49.138508,17.98445,49.6159,15.676731
Lough Lene,Ireland,53.6647,-7.23694,71.25428,-15.410848,70.43359,6.7276,54.415627,21.681602,57.45419,3.677639,62.96116,-9.5775795,52.907475,8.764992
Soap Lake,United_States,47.405,-119.497,37.699154,-78.82272,16.705605,-11.959738,21.173151,1.398216,35.505707,-8.717136,33.80677,-52.329754,40.643444,-105.75567
Skaneateles Lake,United_States,42.8625,-76.3728,46.147957,-47.346893,39.6854,-46.75988,38.33646,-44.86052,42.03743,-57.004433,41.999744,-75.84625,44.930004,-73.755424
Skagerrak,Sweden,58.0,9.0,56.840046,24.871979,74.13387,-48.025043,49.801376,7.988302,62.293472,16.678017,62.159492,19.193018,66.579834,21.612148
Siltcoos Lake,United_States,43.8817,-124.113,34.481083,-72.302765,38.761112,-47.253445,29.194946,-21.63709,30.385822,-27.964813,49.78972,-100.72058,49.54764,-125.60166
Thirlmere,England,54.5333,-3.06667,16.529129,56.0415,-21.929337,134.77145,21.228632,37.58841,-5.8949986,140.46387,66.41832,-9.451895,39.547462,20.140802
Moraine Lake,Canada,51.3225,-116.186,38.551964,-93.81961,30.649744,-45.08709,23.991936,-32.191124,33.81912,-37.096085,51.263695,-107.72374,48.87463,-103.0417
Moqua Well,Nauru,-0.5466,166.92,3.1286182,73.715836,30.930813,30.26556,29.217903,14.510443,49.68625,-41.260445,22.022718,16.545034,11.916973,60.04375
Miscanti Lake,Chile,-23.7333,-67.7833,-7.0545864,-13.52586,15.270307,-30.319424,29.194946,-21.63709,30.035984,-21.078506,31.913336,-43.740593,-16.451862,-75.04367
Lejía Lake,Chile,-23.5,-67.7,3.5291061,-28.49411,35.932354,-6.2793236,32.230286,-13.820414,29.483868,-0.62602806,31.0582,-30.269451,1.6448002,-35.480118
Lisi Lake,Georgia_(country),41.7428,44.7356,39.42822,-9.165626,32.929543,-19.067175,23.037477,-17.422674,33.991856,-22.755074,31.693644,-9.896606,31.533295,-35.73884
Loch Morar,Scotland,56.95,-5.67222,67.65329,-35.03115,37.827656,23.948702,35.078903,19.76411,48.34464,31.157873,51.031036,9.498803,44.93747,-25.086777
Tokyo Bay,Japan,35.5225,139.91,23.367277,86.29895,18.09759,75.52311,25.075344,61.709213,22.07034,70.4821,31.299517,86.3353,30.141403,129.31966
Tonlé Sap,Cambodia,12.8833,104.067,3.5505333,97.38498,31.334215,-16.499619,37.212566,-29.20179,49.56368,-34.210926,10.413574,8.806363,16.231472,79.75642
Buttle Lake,Canada,49.6831,-125.55,30.733318,-47.063488,37.992462,-0.6797614,44.193703,-43.823124,48.109676,-13.266464,39.176003,-37.303474,52.74399,-120.984886
Bristol Lake,United_States,34.4622,-115.674,32.497166,-80.6886,42.747757,-30.564653,37.980366,9.00563,35.817772,-37.46232,44.234818,-83.05138,32.75208,-32.672062
Briones Reservoir,United_States,37.915,-122.205,25.57946,-78.072586,13.5076065,-16.048632,15.739735,-43.299877,30.023521,-19.60802,23.344723,-78.246445,32.578537,-105.727425
Trinity Bay (Texas),United_States,29.6825,-94.7919,34.061783,-64.74673,29.556414,-38.462273,34.458958,-70.83487,31.55338,-65.30867,25.179243,-87.7547,26.653023,-69.42631
West Hawk Lake,Canada,49.765,-95.1878,34.622917,-37.382984,23.435028,-14.881176,28.69508,-2.2134538,26.909357,-20.814087,48.703026,-109.213776,53.16559,-106.16835
Wallowa Lake,United_States,45.3089,-117.211,28.92428,-34.906963,44.345432,-71.03081,28.781372,-20.25169,39.16442,-76.0092,36.58865,-105.61986,53.879074,-109.48893
Walchensee,Germany,47.5939,11.3461,51.57924,19.55986,50.091755,-11.461731,14.439465,28.92697,47.85309,0.8551121,39.988388,-0.4385414,48.994026,7.63331
Tulsi Lake,India,19.1901,72.9179,5.9791613,66.638794,26.703629,10.8309765,29.006939,47.30599,42.202362,6.4887447,32.187042,18.434269,25.30711,50.628914
Burnaby Lake Regional Park,Canada,49.2424,-122.946,26.87685,-64.50579,28.40157,-22.053802,18.16158,12.236292,28.892126,-8.841747,34.368347,-106.57944,51.75337,-118.3093
Étang de Berre,France,43.4458,5.11389,34.10798,-15.678812,29.790997,21.912378,24.048264,6.95743,42.059944,12.488427,36.13204,24.74399,44.405025,-1.0938663
Ba Bể Lake,Vietnam,22.4167,105.617,21.004515,57.1069,29.85698,3.2589922,31.70794,-4.98345,26.405201,11.655924,32.075203,71.863205,19.949688,107.38007
Storm Bay,Australia,-43.17,147.44,-12.307404,116.292694,23.327578,19.251776,22.298851,5.315361,28.214272,16.845507,34.510803,-49.16395,-16.564209,79.85858
Ōkārito Lagoon,New_Zealand,-43.2,170.217,-11.704586,86.26846,18.81149,6.517943,19.028458,10.812571,18.47683,31.68318,16.250559,97.974014,-46.256287,155.76596
Bakhtegan Lake,Iran,29.3654,53.8385,19.574377,19.480797,38.31059,10.092913,29.194946,-21.63709,30.035984,-21.078506,45.66974,38.185745,35.31747,23.879337
"Stickle Tarn, Langdale",United_Kingdom,54.4586,-3.1025,47.449066,15.651688,49.429466,-31.331903,26.62922,15.41987,56.3266,-5.852913,60.36582,-28.731945,54.008507,-28.092213
Blue Lake (Tasman),New_Zealand,-42.0585,172.657,1.5166855,47.326763,10.33725,25.72311,16.557156,11.442931,8.629692,7.2960873,-23.813913,98.37613,-26.489716,145.09654
Bhalswa Horseshoe Lake,India,28.743,77.171,14.878258,59.989407,31.71928,-21.232876,27.847782,-12.702328,33.13816,-50.161804,36.91992,-49.91865,32.014652,58.60643
Bishazari Tal,Nepal,27.6181,84.4364,22.72563,55.557655,24.580603,55.08981,29.097195,8.643009,31.567005,6.2711906,25.733767,40.077896,39.098137,70.818245
Big Lake (Alberta),Canada,53.5972,-113.716,21.457159,-66.913025,39.2174,-59.119045,32.037968,-49.672787,37.076607,-51.717857,49.456947,-96.137314,44.13806,-94.556305
Patricia Lake (Alberta),Canada,52.9028,-118.102,52.794556,-48.66591,38.25348,-70.7026,35.14956,-58.59923,30.1861,-49.837517,42.65231,-75.38576,42.831078,-72.30591
Pulicat Lake,India,13.5658,80.1747,13.325127,43.825348,27.033772,1.6915694,33.187588,-5.905674,20.109415,23.784985,22.490097,18.979336,11.193195,77.72438
Cami Lake,Chile,-54.5433,-67.9833,9.943623,-70.9449,38.309586,-32.3047,48.00271,-13.37833,46.50899,-49.992653,30.330042,-59.2152,38.673813,-79.81792
Cahora Bassa,Mozambique,-15.6667,31.8333,4.0356293,4.5960217,3.571352,30.822996,-13.226765,147.09995,5.886404,15.792184,-0.8106804,-53.192524,-9.690361,3.6025572
Round Lake (Saskatchewan),Canada,50.5333,-102.367,39.110374,-66.50224,36.82497,-49.410614,28.98318,-18.322224,28.511889,-39.74543,42.525578,-76.58046,45.701656,-95.83813
English Channel,Jersey,50.2,-2.0,73.170204,-91.512634,39.283527,1.9261533,36.19177,22.762693,28.142605,3.0502415,39.714325,24.729511,43.55862,-15.882443
Cross Lake,United_States,43.1161,-76.4753,36.26575,-101.1481,29.029898,-9.507012,34.123356,5.8701544,32.809944,2.8829594,35.34224,-54.95602,41.794212,-80.74773
Chott el Djerid,Tunisia,33.7,8.43,8.157252,-1.6315064,19.451408,-72.40446,14.944164,-52.522728,34.17421,-24.99907,23.50856,-6.7690487,33.84673,1.6970043
Christina Lake (Alberta),Canada,55.6225,-110.878,56.285492,-110.41734,39.388092,-54.669724,36.049976,-42.516426,40.733513,-36.776764,45.397766,-85.084076,46.713554,-101.74539
Galveston Bay,United_States,29.5697,-94.9367,32.771076,-128.22063,22.028011,-34.776962,24.191912,-38.937496,21.850866,-57.990326,23.114025,-36.052868,31.459578,-82.5797
Glenrock Lagoon,Australia,-32.9667,151.733,-22.814087,114.03552,-4.8164406,27.742428,1.9447975,43.81625,5.683275,15.637861,20.824593,-46.499783,-43.209656,157.88672
Gippsland Lakes,Australia,-38.0,147.65,-31.274231,158.66492,-26.046082,90.13429,-19.711613,38.57244,-15.27449,63.738308,-23.169554,121.09596,-25.61575,152.58395
Gazivoda Lake,Serbia,42.9617,20.5669,42.60621,15.91094,38.319363,13.042614,29.194946,-21.63709,30.035984,-21.078506,48.008194,23.06825,40.867393,24.51046
Rewalsar Lake,India,31.6339,76.8333,46.393257,112.34343,42.798973,12.443811,29.194946,-21.63709,29.661503,24.499935,25.80881,63.05303,30.780918,74.119286
Columbia Lake,Canada,50.2333,-115.867,40.280357,-76.015396,31.78168,-61.66738,34.993816,-88.53939,34.499477,-78.80388,39.273487,-92.094376,40.014645,-95.87153
Menindee Lakes,Australia,-32.3497,142.369,-26.452934,140.16446,-8.135784,52.738777,19.962019,-47.919872,-12.573555,34.155327,-23.691458,91.18646,-29.070042,132.84677
Cree Lake,Canada,57.5,-106.5,50.32716,-84.714096,43.84288,-63.192375,34.412857,-20.062086,39.951344,-53.80555,48.007523,-108.99536,57.31077,-104.9968
Crescent Lake (Florida),United_States,29.4635,-81.5007,33.491722,-80.44261,26.14674,-61.843773,32.397713,-59.030773,33.604183,-50.635765,32.190796,-85.67226,31.532135,-85.32822
Uzungöl,Turkey,40.6192,40.295,32.63489,3.3222742,41.083817,3.504087,57.835747,-35.54485,36.571045,-28.917206,39.49166,53.615936,38.353592,50.354458
Gaube Lake,France,42.8311,-0.139732,32.916172,-23.14711,33.53421,-40.635227,29.194946,-21.63709,31.531559,-13.803204,39.70649,-33.11659,33.31443,-24.055046
Lake Parón,Peru,-8.99167,-77.6833,18.393892,-55.70811,30.236172,-24.107903,27.250086,-28.851667,34.49305,-45.78647,-11.238264,-42.478916,-25.259892,-60.44778
Lake Rotoiti (Bay of Plenty),New_Zealand,-38.039,176.428,-2.5688438,100.21088,8.923843,26.213148,19.860943,9.081661,14.780474,3.6950626,-22.537287,79.626465,-27.536186,137.92119
Lake Singkarak,Indonesia,-0.62,100.54,4.5897045,95.546875,21.449493,20.634848,29.194946,-21.63709,21.791576,25.027546,-5.484026,85.856766,-3.4484825,98.628136
Lake Snagov,Romania,44.73,26.18,23.324303,28.643654,40.025307,2.9945488,41.6838,-0.4285519,36.886444,11.911982,49.695988,31.694977,44.984818,38.53248
Lake Solina,Poland,49.3742,22.4522,32.92217,25.1959,36.166626,15.137013,15.6421585,35.335247,38.452698,14.128557,34.819885,1.2996769,46.916164,32.382423
Lake Nakuru,Kenya,-0.366667,36.0833,-6.4444923,32.015232,14.633157,-19.029251,8.781837,16.794561,15.383398,5.84947,-11.670313,29.727009,-0.7842674,46.572388
Lake Nasser,Sudan,22.5,31.86,32.998985,-24.298256,23.040028,7.2247353,20.4193,29.81655,14.517252,43.86998,15.273962,7.7606964,23.663399,29.543762
Lake Ngami,Botswana,-20.4825,22.7725,-13.73761,12.069841,2.0999737,2.5119843,29.194946,-21.63709,13.464376,8.6825485,-12.063131,52.466095,-28.376148,36.189133
Lake Oroville,United_States,39.5372,-121.483,37.122856,-86.30441,35.386463,-79.63223,25.09184,-19.45633,30.682484,-55.754196,27.16667,-71.621506,36.572826,-107.95495
Lake Misurina,Italy,46.5819,12.2539,66.188736,-19.845423,47.29641,2.0615373,29.194946,-21.63709,30.035984,-21.078506,15.645499,29.614239,48.269135,13.692534
Lake Pamvotida,Greece,39.6625,20.885,43.27901,54.50144,29.929115,8.510825,29.194946,-21.63709,30.035984,-21.078506,37.267727,30.98154,39.94508,31.990303
Lake Peipus,Russia,58.6833,27.4833,73.16981,48.40941,51.79382,15.568128,28.4729,-7.2762365,38.913208,9.792269,51.642838,38.65799,59.717854,14.484758
Lake Plastiras,Greece,39.2972,21.7525,30.697445,37.803215,29.544292,-14.979046,33.9089,-9.247122,29.520494,30.285574,27.001936,7.7224407,39.145508,21.666414
Yellow Sea,North_Korea,38.0,123.0,38.744194,106.05986,32.416718,11.803913,39.34301,31.214819,31.965652,39.306274,23.112692,65.5766,36.14272,100.36664
Lake Vico,Italy,42.3167,12.1667,42.30049,27.24807,25.742998,-29.569572,45.060677,-25.609434,27.003815,2.8228493,22.718285,5.7922153,3.766985,42.508343
Lake Victoria,Uganda,-1.0,33.0,-5.775728,25.838467,-16.221703,70.11888,-13.609997,74.8837,-16.11129,76.42528,-23.629454,80.540955,-17.123363,70.45214
Lake Tōya,Japan,42.5789,140.854,30.88774,136.86441,32.23437,-9.395275,37.981037,0.20321202,27.241154,-5.802925,34.724945,144.51204,45.82766,107.30718
Lake Tohopekaliga,United_States,28.1689,-81.39,27.61895,-71.192245,28.130913,-31.851906,29.194946,-21.63709,30.035984,-21.078506,25.188866,-45.024654,32.474514,-96.23514
Lake Trichonida,Greece,38.5725,21.5525,35.15268,36.573654,32.37404,-2.0705462,29.194946,-21.63709,30.035984,-21.078506,31.453476,25.915604,43.87676,27.280212
Lake Techirghiol,Romania,44.0417,28.6333,30.757088,15.707279,38.79302,-20.387337,29.194946,-21.63709,33.848217,8.667627,42.188885,15.130003,42.77018,25.082054
Lake Tegel,Germany,52.5833,13.2667,30.108772,0.48483086,42.667053,-45.7201,25.773092,-9.734839,28.805458,6.9916725,35.857662,19.19526,50.154724,19.299437
Lake Thompson (South Dakota),United_States,44.285,-97.4619,16.077084,-30.044159,18.090366,-19.1422,10.406563,-4.524995,10.664609,-19.129066,40.202824,-93.159485,40.372528,-85.16188
Lake Turkana,Ethiopia,3.58333,36.1167,-2.5225067,27.063507,17.106522,-3.4912448,24.597368,23.708675,25.819586,0.5806389,-5.70809,17.416645,4.396885,20.248009
Lake Traverse,United_States,45.7692,-96.6389,34.683105,-95.75568,33.480198,-28.855068,34.07998,-30.582888,41.919052,-44.200577,27.510632,-53.22069,34.762753,-58.928432
Lake Shinji,Japan,35.45,132.967,38.0259,93.35683,38.590195,32.47269,42.884598,20.535841,28.393873,79.9593,32.06564,130.97609,33.27538,150.48534
Lake Tengiz,Kazakhstan,50.4397,68.9,43.4672,48.152637,39.49414,-19.86834,41.83856,-15.875147,36.740616,-19.859314,44.58561,52.406242,33.06657,42.591034
Lake Titicaca,Bolivia,-15.825,-69.325,17.785648,-68.06575,9.019814,-37.425014,13.307844,-5.4965425,16.256962,-48.14708,0.090932846,-64.57231,-18.230122,-67.39409
Lake Temagami,Canada,46.95,-80.0833,28.502485,-45.729942,36.85998,-40.514503,31.401451,-27.404228,31.866129,-43.43724,61.346085,-96.22803,52.040115,-79.2829
Lake Overholser,United_States,35.4977,-97.6796,34.363537,-72.56967,40.591686,-43.419678,24.56622,-0.047133207,44.93147,-37.55452,36.40044,-53.049816,44.519924,-89.245255
Lake Huron,United_States,44.8,-82.4,37.08619,-80.754486,39.012486,-72.09362,35.61204,-45.60977,36.518883,-80.7814,46.290447,-66.86426,37.486454,-81.40569
Lake Ikeda,Japan,31.2333,130.567,28.562656,77.21213,38.376335,25.888895,27.823326,2.1450884,16.962801,41.04491,30.943626,113.291855,35.190315,36.389923
Lake Isabella,United_States,35.6716,-118.427,29.519547,-101.10295,20.19518,-10.4865265,28.90054,2.9403179,23.362894,-10.516331,20.315208,-27.1955,28.901213,-108.65826
Lake Issyk,Kazakhstan,43.2531,77.4847,32.32164,27.761166,37.196796,15.174376,34.441113,-1.0840896,44.270042,13.861671,52.1233,30.325886,45.79562,51.826405
Lake Decatur,United_States,39.8167,-88.9333,31.190365,-74.794525,36.687416,-65.69414,35.453224,-58.522953,38.18382,-64.74279,25.541977,-41.42805,33.660084,-77.89286
Lake Chagan,Kazakhstan,49.9353,79.0083,31.259705,36.14816,32.437786,37.849064,27.473242,-6.6033993,43.214867,39.47374,35.68507,35.632034,41.97849,82.17527
Lake Hayes,New_Zealand,-44.9833,168.8,10.874914,74.747894,33.821835,-34.53985,29.19754,-56.83066,32.491516,-31.206436,31.59559,-26.060894,-37.23011,152.56528
Lake Cuitzeo,Mexico,19.9333,-101.083,35.53751,-79.22011,21.848644,-54.619167,29.194946,-21.63709,26.590294,-38.043816,-3.6733036,-40.409283,18.582142,-91.28699
Lake Ewauna,United_States,42.2133,-121.779,36.23055,-43.956398,34.159122,-39.330734,29.194946,-21.63709,30.035984,-21.078506,7.395567,33.7714,37.31041,-83.36631
Lake Eyasi,Tanzania,-3.58333,35.0,4.9383354,9.0356655,17.932919,-3.962943,29.194946,-21.63709,30.035984,-21.078506,0.96951866,22.47306,0.6740074,29.19093
Lake Kezenoyam,Russia,42.7833,46.1333,50.97335,13.466122,29.955673,-34.33669,29.194946,-21.63709,30.035984,-21.078506,22.330107,46.193726,38.239952,86.85674
Lake Khasan,Russia,42.4486,130.608,41.625828,105.93025,39.522408,42.097775,39.43848,16.770264,42.45487,30.87522,50.20199,77.67207,46.23154,80.41129
Lake Matano,Indonesia,-2.48528,121.333,2.9252987,73.9379,17.550415,48.203793,21.542698,-3.7260141,34.327957,24.318924,-16.452333,117.85445,19.151958,92.02061
Lake Manchar,Pakistan,26.41,67.68,24.56617,52.716747,18.505613,21.286402,29.194946,-21.63709,25.331097,26.805939,26.047153,60.631622,21.90167,73.41364
Lake Mai-Ndombe,DR_Congo,-2.0,18.33,-10.319315,21.42774,29.955673,-34.33669,29.194946,-21.63709,20.062527,2.1598701,2.0833836,22.86177,2.6083412,18.752205
Lake Michigan,United_States,44.0,-87.0,55.944836,-101.59906,40.3319,-86.13187,37.65164,-89.64796,41.16572,-60.271713,43.106956,-79.453415,44.643227,-81.14845
Lake Maninjau,Indonesia,-0.316667,100.2,-7.119625,120.84743,10.199896,41.40943,29.194946,-21.63709,30.035984,-21.078506,-22.901579,107.015884,0.40764618,92.89075
Lake Manych-Gudilo,Russia,46.3358,42.7994,33.746944,50.16465,29.955673,-34.33669,29.194946,-21.63709,30.035984,-21.078506,42.202377,26.965755,34.687668,54.65436
Lake Nicaragua,Nicaragua,11.6167,-85.35,21.970245,-99.82602,15.071026,-53.711845,16.17227,-36.962822,17.526493,-51.98857,12.00759,-91.45416,13.190811,-85.75605
Lake Orta,Italy,45.8172,8.40667,53.837563,25.452496,35.87943,-19.762562,32.40137,-18.78015,49.359894,-58.67192,32.50351,-6.3294125,44.82394,1.0463552
Lake Oscawana,United_States,41.3967,-73.8483,45.64928,-83.422,33.65215,-53.073105,29.194946,-21.63709,30.035984,-21.078506,38.566498,-45.97221,48.03017,-85.29579
Lake Omodeo,Italy,40.136,8.915,40.501938,-12.716492,34.85147,-23.185472,29.194946,-21.63709,30.035984,-21.078506,30.11309,-2.6678505,44.905533,8.897316
Lake Morat,Switzerland,46.9333,7.08333,34.940533,7.404107,28.232542,-35.85325,33.35884,12.984752,32.994053,-14.528896,36.261703,29.92039,28.37418,42.567284
Lake Murray (Papua New Guinea),Papua_New_Guinea,-7.0,141.5,-19.659134,90.784775,-3.6169891,58.75379,-2.6409645,39.23348,-2.728531,33.13923,7.165533,29.432682,-4.9144287,40.658028
Lake Nemi,Italy,41.7122,12.7025,45.191597,3.418252,29.666185,13.805494,21.321617,6.4956636,28.260868,22.405895,54.6312,-2.9731865,40.46151,24.760479
Lake Kussharo,Japan,43.6275,144.329,29.748083,73.65086,30.178389,9.787557,29.194946,-21.63709,30.035984,-21.078506,30.209702,58.928814,44.60534,116.30012
Lake Klopein,Austria,46.6044,14.5831,47.751472,38.096844,35.240257,-3.191307,29.194946,-21.63709,30.035984,-21.078506,33.82196,-7.9447193,42.2439,12.110806
Lake Louise (Alberta),Canada,51.4117,-116.228,57.397167,-75.92616,40.805763,-57.365833,39.256813,-52.015213,36.139507,-34.208324,48.85472,-95.18887,37.98544,-60.507984
Taal Lake,Philippines,13.9847,121.016,18.112202,64.39494,20.488308,19.617376,27.04494,-32.353615,16.947495,3.9651852,27.384222,51.482742,13.864368,95.04864
Sylvan Lake (Alberta),Canada,52.3553,-114.155,38.647842,-25.68582,45.279724,-81.55752,40.638786,-69.38382,38.813442,-69.436,53.148197,-102.77223,39.633587,-76.59234
Phoksundo Lake,Nepal,29.2083,82.9583,33.89721,66.83057,27.739384,21.986685,29.194946,-21.63709,30.035984,-21.078506,41.706768,46.31134,25.442,86.12706
Swan Lake (Montana),United_States,47.9589,-113.895,33.69182,-65.02265,28.305387,-56.013058,20.714466,-32.79838,32.956684,-37.579727,49.061028,-113.07753,44.340855,-109.1505
Mary Lake (Ontario),Canada,45.2378,-79.2618,35.383186,-39.083298,35.612434,-55.77071,36.047176,-39.273956,40.2182,-37.338165,44.530716,-89.32901,43.869766,-72.54273
Mar Chiquita Lake (Córdoba),Argentina,-30.5,-62.6667,-1.1905117,-50.01771,26.419735,-38.961475,33.082344,-28.153894,24.01075,-45.759186,7.071249,-79.15709,5.6881027,-53.1069
Lake Washington,United_States,47.6167,-122.267,42.17919,-57.444115,34.87884,-74.06985,33.15799,-67.56024,33.069977,-59.62049,49.69808,-111.87927,36.298397,-87.75498
Lake Zaysan,Kazakhstan,48.0,84.0,40.70986,49.785088,39.437634,4.0331244,29.194946,-21.63709,33.800842,6.2462616,28.67849,17.143091,51.354424,61.958508
Shannon Pot,Republic_of_Ireland,54.2347,-7.919,49.876106,-23.889719,35.932335,-38.329643,30.20555,-60.417202,46.05209,-86.38183,32.611366,21.173779,34.419846,9.608562
Port Phillip,Australia,-38.15,144.867,-47.703228,139.14922,-6.8350677,67.81943,-20.204578,95.801544,-16.772045,69.612656,-21.440214,116.14569,-32.766335,141.07492
Ranco Lake,Chile,-40.2475,-72.3853,-15.74118,-32.09343,6.73538,-22.179455,29.400557,-13.7642565,19.589321,-26.23367,25.844788,-81.95595,39.971794,-85.452835
Millstätter See,Austria,46.795,13.5797,56.02149,67.002014,28.8411,11.223535,29.8055,-12.899565,34.58729,12.65948,50.431213,23.010439,51.984528,21.72897
Rattlesnake Lake,United_States,47.43,-121.775,33.266182,-46.203903,25.527903,-90.37489,28.248447,-34.25983,28.293602,-64.79941,36.42955,-90.52577,50.541874,-121.804085
Rara Lake,Nepal,29.5292,82.0931,33.212383,42.41799,10.279861,5.6284313,25.906431,1.5528276,7.070383,3.0826416,26.69862,28.41671,13.352863,64.8753
Inks Lake,United_States,30.731,-98.3847,15.736061,-65.43625,26.241531,-21.000011,31.089272,-2.6774669,39.119045,-23.611473,38.13577,-60.651676,33.491604,-76.81706
Indian Lake (Ohio),United_States,40.4675,-83.8753,41.93749,-99.64961,33.523003,-75.95831,30.904388,-50.226315,28.328854,-56.40419,38.69883,-76.422134,42.049603,-93.79227
Imperial Reservoir,United_States,32.8833,-114.468,27.623333,-67.14526,28.371695,35.038296,28.2536,27.317186,36.49782,19.85302,25.542034,13.719661,40.666504,-106.45789
Gulf of Trieste,Croatia,45.6667,13.5833,43.296944,17.63413,35.357986,21.384758,37.895226,2.6515243,27.696396,13.709824,34.47784,11.527666,38.41613,18.60419
Gull Lake (Alberta),Canada,52.5417,-114.007,40.083588,-63.535168,43.678566,-71.418205,38.20667,-49.31039,40.699326,-30.427135,51.74643,-98.73602,46.07605,-97.307755
Gull Lake (Michigan),United_States,42.3998,-85.4114,31.47521,-80.114746,40.899685,-75.21514,39.624447,-66.77244,43.089867,-37.215424,45.73951,-93.16571,40.775257,-97.18277
Gulf of Tadjoura,Somaliland,11.7,43.0,15.152302,29.102066,20.743465,34.68065,34.3142,-16.496109,18.915268,18.729336,13.407762,57.21456,6.232708,35.895535
Investigator Strait,Australia,-35.4,137.6,-16.480148,109.39201,18.657013,24.802488,11.349882,52.223007,0.35433197,74.854515,25.491268,27.688936,13.567747,69.649864
Großer Plöner See,Germany,54.1303,10.4142,46.220257,70.9774,43.550224,21.34039,39.298927,-2.3119545,48.642746,2.6633778,53.305576,29.085657,52.248642,2.416541
Osoyoos Lake,United_States,49.0003,-119.446,31.054207,-97.70386,28.828972,-77.95076,19.165012,-32.2221,28.541885,-94.17522,52.15628,-114.84302,42.107307,-117.39327
Tasman Lake,New_Zealand,-43.6833,170.167,-3.9723644,65.627625,-6.194889,45.053425,6.3650303,33.947968,-7.009636,24.528664,-6.015543,38.862362,-32.832985,115.67557
Tempe Town Lake,United_States,33.4322,-111.932,24.19636,-36.189598,14.359568,9.02628,19.840422,-14.252043,9.14121,14.892348,30.843397,-96.15819,30.527702,-103.28693
Chip Lake (Alberta),Canada,53.6667,-115.383,46.31816,-79.30066,48.302773,-72.217354,34.277653,-45.99406,39.354355,-60.631004,44.86745,-85.41283,45.12357,-93.28628
Chipping Norton Lake,Australia,-33.9,150.95,-19.998852,102.04152,36.945145,0.30138475,40.63342,-15.901911,46.82804,-30.018555,36.164394,-17.06089,21.933022,4.6713195
Jagdishpur Reservoir,Nepal,27.5833,83.0833,-0.29705048,112.437515,26.896757,25.530407,43.22075,-26.8559,23.132797,47.081123,33.18445,67.43257,20.581347,74.713005
Hardangerfjord,Norway,60.1667,6.0,46.33376,45.077473,42.320457,53.43674,39.0301,21.916298,49.990578,57.66414,71.33577,-2.2160873,58.21727,-8.552682
Harrington Sound,Bermuda,32.3292,-64.7233,44.538567,-48.79578,46.01922,-44.921764,36.514133,4.8165674,43.72663,-44.618645,33.38969,-9.589319,24.970137,-34.09333
Eagle Lake (Lassen County),United_States,40.645,-120.744,42.34658,-109.146164,42.198227,-53.314335,42.530235,-27.427542,49.02231,-49.720673,38.777355,-119.423584,37.62531,-107.73102
Erhai Lake,China,25.7633,100.188,37.855476,82.50429,22.286922,56.38932,27.846828,-6.009041,32.271217,33.0393,39.31765,4.5671053,30.511017,112.52412
Alta Lake (British Columbia),Canada,50.1147,-122.982,40.04087,-79.69412,31.117891,-61.74088,31.743397,-62.927307,37.56087,-85.835075,39.78517,-84.09253,40.329956,-78.10902
White Bear Lake (Minnesota),United_States,45.0747,-92.9781,24.723995,-42.10252,42.121887,-66.88863,38.037354,-57.79384,47.077446,-75.56476,46.770424,-101.911514,39.266495,-86.775246
West Lake (Hanoi),Vietnam,21.055,105.82,24.170824,81.534515,18.599106,34.974163,15.965767,32.721813,20.510456,43.298836,23.302805,93.57599,23.963573,100.73282
Oulujärvi,Finland,64.3333,27.25,32.52972,54.153667,14.419059,37.56115,20.26207,-30.521946,25.136848,27.230537,67.892136,-4.232458,65.7681,24.029972
Paravur Lake,India,8.822,76.659,18.739594,31.906265,25.295237,16.603493,42.650486,4.5516415,19.18362,33.511795,16.116653,71.020454,13.510567,79.31306
Alouette Lake,Canada,49.3333,-122.417,40.314545,-51.42329,28.804764,-48.34205,29.639486,-14.056197,27.399403,-72.0298,37.04804,-77.426834,50.94948,-115.04574
Laguna de Bay,Philippines,14.3833,121.25,15.603099,55.11739,5.991783,-21.278622,7.054846,-34.004704,9.388639,-21.214806,8.780062,-51.564243,9.279463,93.98949
Lac de Grand-Lieu,France,47.0833,-1.66667,47.38119,-12.747446,19.006516,-49.425404,13.629562,-49.892384,29.656029,-28.119057,31.464674,-15.830593,37.15308,-4.4983816
Lake Bogoria,Kenya,0.25,36.1,5.569433,-6.8066607,28.317848,-11.279012,34.97362,-6.4671993,30.34089,-0.25975227,0.76566887,39.109093,0.6320114,28.793957
Lake Bracciano,Italy,42.1211,12.2319,30.922527,3.1999607,41.28081,-14.378595,56.786552,-23.11113,38.896202,0.23575401,37.176056,13.869204,44.259727,7.367022
Lake Corangamite,Australia,-38.1808,143.404,-33.902596,149.64668,-6.4715385,67.32662,23.57095,-2.146626,-0.9086323,64.7863,1.7408257,24.774784,-48.203506,163.22318
Lake Cushman,United_States,47.48,-123.25,27.396473,-49.10307,37.1127,-32.13988,32.225292,-33.379314,38.745914,-33.754745,31.620232,-36.36569,40.75165,-106.796745
Lake Czorsztyn,Poland,49.44,20.2625,43.23085,12.642508,48.15796,-29.7321,33.079994,-14.39994,43.120705,-3.2775536,52.496902,18.42356,52.700428,25.975681
Lake Davos,Switzerland,46.8197,9.85417,40.069656,9.389633,42.30127,8.533441,35.792988,4.0883627,35.487053,3.2048187,34.953648,-19.501411,39.80377,11.860175
Lake Chala,Tanzania,-3.31667,37.7,-8.326864,52.46562,16.452564,0.58344793,21.472002,11.725367,4.8940735,21.238895,19.09634,12.751368,-10.930061,38.26948
Lake Chany,Russia,54.8833,77.5,47.39292,-4.311846,37.22299,-24.810032,37.37624,-32.684143,33.177048,-17.113693,25.2175,36.82714,15.160393,36.102135
Lake Agnes (Alberta),Canada,51.4147,-116.247,46.401688,-64.027016,39.129326,-48.908325,42.810715,-41.24163,37.104156,-32.300373,50.101173,-90.296234,44.80303,-77.47095
Laguna Salada (Mexico),Mexico,32.36,-115.65,31.334793,-85.21042,9.293612,-61.712097,13.856913,-38.506733,9.720125,-61.519173,17.648727,-56.32194,13.3724,8.018144
Lake Bemidji,United_States,47.4719,-94.8764,50.866085,-71.322495,53.13907,-109.44185,37.887108,-17.901428,53.999115,-83.86833,52.871044,-107.47014,50.124283,-76.36634
Lake Athapapuskow,Canada,54.55,-101.667,50.380203,-91.95303,41.256104,-48.6219,29.194946,-21.63709,30.035984,-21.078506,29.264503,-4.9170284,55.585056,-80.187325
Lake Aviemore,New_Zealand,-44.6208,170.302,3.3464584,54.150787,34.25639,-16.331106,31.690304,-11.030057,55.27591,-20.743256,45.30562,-3.2807941,-28.98508,141.86023
Lake Amadeus,Australia,-24.75,130.917,-16.932713,107.90509,31.267677,-20.323555,44.908775,-22.835073,28.328392,-9.286907,34.78238,-23.662556,-19.573368,70.86951
Lake Apopka,United_States,28.6206,-81.6219,20.288548,-91.07135,35.701717,-58.224022,28.276714,-18.877142,29.386433,-55.166466,27.979288,-61.96175,31.105583,-66.852974
Lake Artemesia,United_States,38.9867,-76.9222,37.182526,-43.949226,29.017563,-18.926191,30.041674,4.0102396,32.087013,-11.874477,41.329422,15.615372,36.59355,-90.19598
Kapchagay Reservoir,Kazakhstan,43.8667,77.5,30.627188,63.38278,36.13993,10.822654,28.642677,-23.614687,32.712784,10.188955,38.974495,20.78258,49.01851,55.30687
Karanji Lake,India,12.3028,76.6736,6.3285103,54.728153,17.165688,30.936775,29.194946,-21.63709,27.54386,15.584591,25.382103,76.57068,33.439068,67.8132
June Lake (California),United_States,37.7885,-119.075,46.036617,-97.98532,30.8198,-56.842842,36.994072,-77.51356,24.347265,-32.575752,30.95435,-101.07829,40.022278,-90.71199
Jökulsárlón,Iceland,64.0703,-16.2117,53.305992,-55.208992,34.341373,5.7312403,25.93398,26.421595,37.826694,-6.8648987,49.891136,19.129242,53.642433,-6.0697203
Khabikki Lake,Pakistan,32.6219,72.2141,29.72241,53.669735,27.084072,11.158335,29.194946,-21.63709,30.035984,-21.078506,47.294968,47.336105,45.686684,-11.993787
Kakagi Lake,Canada,49.2408,-93.8325,37.170296,-62.569935,30.338902,-34.691376,29.194946,-21.63709,30.035984,-21.078506,29.231886,30.643919,50.955235,-36.160923
Lac d'Aiguebelette,France,45.5528,5.79722,26.759285,40.854816,26.59486,-34.497597,31.766863,-12.143798,47.972168,-12.621948,32.27748,0.69940186,47.264576,-2.4102812
Lac de Gras,Canada,64.5,-110.5,31.053633,-34.538246,15.970575,-32.84314,16.047234,-60.305122,27.087624,-49.655396,27.005274,-2.9295578,51.21264,-54.031017
Gunnamatta Bay,Australia,-34.0653,151.151,-25.055325,104.75888,-8.971928,98.420044,19.178211,-14.868404,5.0725765,40.662373,10.642971,64.99237,-40.21778,138.65298
Gulf of Zula,Eritrea,15.2667,39.75,10.97034,69.496765,33.258156,-1.9206717,31.315649,-7.947277,17.086266,6.3463764,25.149586,35.576614,24.250492,33.137234
Tasman Bay,New_Zealand,-41.0,173.333,-15.143215,42.17155,-16.03709,71.93215,1.3566628,37.332325,-14.709526,34.222748,-30.232271,94.262344,-43.132057,153.07935
Jackson Bay,New_Zealand,-43.9667,168.617,-16.374207,41.964333,21.956112,-26.053633,26.898308,-24.511322,21.62547,-37.293854,0.26861763,29.618141,9.606052,-18.27082
Gulf of Morbihan,France,47.6,-2.8,48.30789,-49.133713,32.111786,8.231641,24.21083,7.1504498,27.142578,-1.0137291,47.823166,-11.647858,42.333183,-1.8670464
Hesaraghatta Lake,India,13.15,77.49,25.385946,90.92644,24.012625,28.052216,29.194946,-21.63709,24.96713,16.133419,20.684988,81.04471,16.214838,69.543076
Herrington Lake,United_States,37.7366,-84.7043,33.422905,-38.377464,40.175194,-55.224575,26.120934,-36.262222,47.260704,-79.470024,37.982635,-70.55011,38.901417,-73.81643
Chitta Katha Lake,Pakistan,34.9189,74.5217,31.790565,28.96706,24.277992,50.572792,24.685955,31.483194,23.833023,57.337883,26.803698,64.35658,30.633278,75.39992
Bungo Channel,Japan,32.909,132.25,34.04175,95.27762,33.851967,46.243088,41.90242,35.508854,9.155155,67.35968,8.340477,137.86201,24.191494,135.34613
Cenderawasih Bay,Indonesia,-2.5,135.333,-8.726809,122.34657,7.035528,66.48314,33.14756,16.545603,0.6038513,59.273335,7.2792664,119.44339,-2.3284187,119.52031
Tunulliarfik Fjord,Greenland,60.9833,-45.5833,42.36477,-42.68186,43.62791,-1.3589716,37.404118,73.80791,52.599335,-34.327206,48.39734,23.264156,54.992916,-17.438778
Singapore Strait,Malaysia,1.22,103.92,-4.6729565,121.64879,2.7676296,111.43471,4.3518524,142.37532,-1.258688,125.660614,22.114988,84.02458,9.032454,104.754585
Strait of Hormuz,United_Arab_Emirates,26.5667,56.25,29.59432,-8.102889,24.751669,38.839207,31.033632,54.250954,24.71172,55.139107,27.582405,36.180603,31.42652,25.059717
Strait of Magellan,Chile,-53.4667,-70.7833,-19.348335,-90.93553,5.70315,30.18489,19.08376,28.343384,4.7292347,47.843544,-16.224707,11.916215,-35.176155,-48.821022
Turtle Lake (Tbilisi),Georgia_(country),41.7003,44.7542,36.80515,28.452103,33.303295,-13.845017,36.523823,-18.61864,35.443333,-21.22625,42.41653,36.365818,44.41838,19.869741
Green Lake (Whistler),Canada,50.15,-122.933,33.11499,-42.663635,35.7447,-14.213609,35.597065,-6.593608,39.71456,-45.17469,41.84929,-86.764404,44.480247,-87.19004
Grinnell Lake,United_States,48.7658,-113.705,41.496216,-104.685745,35.30063,-77.433174,36.886044,-51.47057,32.638447,-85.795975,35.23477,-100.582535,35.81013,-98.20067
Nicola Lake,Canada,50.1667,-120.517,37.350594,-44.992546,33.880173,-13.848226,29.833942,-13.954484,34.628128,8.922855,37.862408,-33.57352,38.86357,-77.72109
Nigeen Lake,India,34.1139,74.8322,40.036514,43.039127,34.503017,9.971321,29.194946,-21.63709,30.035984,-21.078506,32.047745,-9.9455185,40.19853,64.28339
Firth of Clyde,Scotland,55.6667,-5.0,54.18134,-6.0088654,25.924145,12.061665,24.88911,5.0611286,19.673876,31.575726,46.57087,17.215984,61.288155,4.2940774
Guadeloupe Passage,Montserrat,16.5667,-61.7167,28.654522,-33.73932,25.19025,-57.60779,22.547688,-38.266777,21.401005,-52.341217,4.070072,-2.0783272,13.722944,-74.605774
North Star Bay,Greenland,76.5614,-68.8275,37.94158,-35.31669,16.204124,11.801625,17.939022,10.30332,16.037663,25.000242,23.79978,-37.51251,37.407173,-45.687565
Walker Bay,South_Africa,-34.5,19.3333,-15.619297,-25.64189,23.058239,-3.219479,22.49057,-28.572504,12.096733,-17.507946,4.005064,16.371624,-14.891869,15.135448
Alas Strait,Indonesia,-8.66667,116.667,5.043976,75.46797,8.594236,49.79584,30.381819,0.80195737,9.3691,40.608513,16.522766,47.528793,18.584007,85.73697
Algoa Bay,South_Africa,-33.8333,25.8333,-23.92377,38.004208,1.9472618,-9.306171,12.229029,2.1197026,2.325714,-10.66655,-25.039553,83.16435,-29.91586,24.18003
Windward Passage,Cuba,20.0,-74.0,42.98683,-126.792145,19.30957,-48.483,23.865704,-4.0391808,20.889908,-28.425568,9.004265,-10.760639,19.550571,-94.68089
American Lake,United_States,47.13,-122.567,27.660095,-60.21602,35.487137,-72.71891,30.48079,-75.1422,35.727818,-60.407738,43.88697,-87.38248,36.622295,-84.734924
Fourth Lake (New York),United_States,43.7492,-74.8729,38.534428,-60.438095,27.82714,-26.46542,27.032446,-32.193558,24.225464,-5.2334557,41.473816,-65.53305,43.977528,-85.3761
Nimpo Lake,Canada,52.3331,-125.177,31.20467,-74.20262,27.505346,-47.13143,29.194946,-21.63709,30.035984,-21.078506,35.558304,-72.89357,53.93713,-129.06691
Indawgyi Lake,Myanmar,25.1333,96.3333,24.604769,79.12486,21.501171,28.747837,29.194946,-21.63709,30.035984,-21.078506,8.731741,100.82057,21.00789,98.388145
Lake of No Return,Myanmar,27.2192,96.1439,30.854336,40.353046,26.110142,8.528803,21.172077,-1.4349535,24.839693,8.772879,23.69961,-25.029469,34.56491,-63.762997
Lake İznik,Turkey,40.43,29.52,28.343483,14.756054,29.955673,-34.33669,29.194946,-21.63709,30.035984,-21.078506,43.58738,30.583527,41.20726,31.987724
Lake Volvi,Greece,40.6817,23.4672,30.345184,28.122795,26.144257,-50.842552,29.194946,-21.63709,26.971806,-14.056648,33.416756,21.762917,41.180527,38.484722
Lake Verret,United_States,29.8848,-91.1517,26.502007,-62.057384,35.87408,-51.883034,34.071507,-32.444023,26.851032,-50.49671,17.277895,-29.025383,25.028324,-55.58209
Table Bay,South_Africa,-33.8833,18.45,-23.134327,36.385784,26.415182,4.062936,20.172964,16.175215,27.027487,-21.327854,28.699047,-1.1908207,-22.90155,5.6411214
Rangeley Lake,United_States,44.9474,-70.6929,56.19913,-86.721954,27.99548,-56.550648,30.962656,-55.476948,34.86219,-63.242912,38.806946,-64.446335,40.55216,-61.405537
Orange Lake (New York),United_States,41.5492,-74.1033,37.837425,-41.47594,21.311068,-28.929544,25.808111,-40.15222,20.109047,-10.312244,38.39955,-73.01453,43.987755,-85.56809
Old Bahama Channel,Cuba,22.7672,-78.4003,40.517784,-88.837845,38.59934,-38.130642,37.307316,35.980076,27.169632,-15.214352,3.2610836,-11.449652,19.300245,-67.505394
Wonder Lake (Alaska),United_States,63.4761,-150.877,40.854668,-46.71682,37.348465,-53.332016,33.351177,-59.732986,43.485527,-54.610863,39.227543,-86.921875,37.411263,-81.98278
Yos Sudarso Bay,Indonesia,-2.58333,140.75,-13.202103,77.20508,9.866236,45.178806,10.58102,6.616292,3.10223,74.31115,8.345739,15.581508,-13.78463,75.1118
Kodaikanal Lake,India,10.2344,77.4863,12.7222805,39.554474,20.52238,38.273277,24.133842,46.262352,16.12502,36.94197,13.713407,67.64346,17.231094,66.66322
Kåfjorden (Alta),Norway,69.9353,23.0454,60.465126,18.3973,46.305367,-36.129433,43.31344,-36.084427,42.04957,-48.341034,50.451996,-7.465761,59.31542,1.6793289
Lake Bosumtwi,Ghana,6.50556,-1.40917,12.233526,-15.824814,17.882446,-42.71784,29.194946,-21.63709,22.221565,-2.764162,-3.3911514,55.789085,6.1272144,-0.73416233
Lake Horowhenua,New_Zealand,-40.61,175.255,-1.126337,79.03363,1.3345051,33.40083,17.263683,12.935759,6.0833683,41.00142,-37.72738,105.44371,-39.320282,124.80131
Lake Hauroko,New_Zealand,-46.0,167.333,1.5968571,36.084995,15.754872,8.175421,29.194946,-21.63709,30.035984,-21.078506,8.73431,38.178627,-59.098824,164.21384
Lake Hamana,Japan,34.7411,137.57,17.170734,190.91283,23.593838,42.443954,36.57382,11.860783,23.802393,45.073017,28.997509,8.745962,35.196617,113.55296
Lake Kanawauke,United_States,41.2208,-74.1258,32.88778,-76.69737,35.50081,-44.72096,29.194946,-21.63709,30.035984,-21.078506,29.92558,-30.553295,46.256195,-79.15874
Lake Afton,United_States,37.6114,-97.6272,24.941776,-47.687325,35.025852,-41.412407,41.78953,-12.608123,52.357876,-87.24298,37.196873,-15.635597,37.035843,-64.876755
Lake Arpi,Armenia,41.05,43.6167,31.831429,32.86306,52.357376,-38.209362,29.194946,-21.63709,36.088173,-6.279312,22.755537,25.1277,24.917213,27.237274
Lake Saroma,Japan,44.1667,143.717,25.071991,92.82585,38.99201,20.706137,21.205807,38.021572,29.523205,31.056425,12.034803,55.301746,56.001972,144.32259
Lake Tyrrell,Australia,-35.3439,142.833,-15.102474,103.2962,35.489708,-38.865982,46.17806,-9.266187,24.836395,-19.439487,11.008282,43.815002,-44.20215,141.02742
Lake Sibinacocha,Peru,-13.8567,-71.025,20.04065,-45.664562,20.56392,-17.651794,29.194946,-21.63709,30.035984,-21.078506,-7.8998585,-82.057236,-10.6879425,-79.72859
Rehoboth Bay,United_States,38.6641,-75.1045,23.285666,-40.126366,11.575855,-17.935097,28.835289,-24.990408,8.375603,-43.021812,36.449165,-71.870224,31.179047,-70.49588
Bonne Bay,Newfoundland_and_Labrador,49.5533,-57.9314,31.102898,2.9169216,19.354538,-4.5583277,32.37506,-48.36366,23.270475,-42.95849,-8.733988,40.748734,48.730824,-83.77552
Blackwattle Bay,Australia,-33.8726,151.189,-28.111156,128.3265,-3.1381721,61.688248,19.178211,-14.868404,1.9348087,33.67756,-20.903269,104.71289,-29.28751,132.52347
Hooker Lake,New_Zealand,-43.6792,170.108,6.557871,35.609333,19.38853,-11.858277,15.840229,12.928876,13.317634,12.871104,35.552933,-76.688965,38.291748,-106.18453
Connecticut Lakes,United_States,45.0936,-71.2478,32.248566,-55.15627,34.291504,-90.76764,48.131588,-133.2127,39.545708,-96.35223,39.369785,-56.507008,35.3375,-41.825348
Vermilion Lakes,Canada,51.1781,-115.599,33.78634,-57.59413,36.18747,-63.437603,36.294926,-78.084946,44.18518,-59.557007,29.73324,-58.64124,48.242218,-83.143974
Penang Strait,Malaysia,5.3371,100.35,9.435899,101.17137,6.292843,104.82883,6.6787434,127.63079,-0.7605171,118.034874,13.447523,118.23491,9.57539,109.38258
Canada Bay,Australia,-33.8567,151.118,-22.65879,75.04956,23.335484,-25.649103,28.149544,-60.566326,22.326622,-41.910767,27.231695,-51.80125,-23.081226,128.06741
Castle Semple Loch,Scotland,55.7833,-4.6,45.80227,-26.243404,50.121407,-15.0393095,47.422794,11.076724,56.2414,-3.7425117,59.629707,-35.12448,52.6482,-11.914378
Carska Bara,Serbia,45.263,20.399,45.988052,23.69946,32.90493,76.907455,35.431652,79.29478,55.48716,-43.373413,49.331535,17.929777,41.578854,12.74328
"Bay of Islands, Newfoundland and Labrador",Canada,49.1658,-58.2642,34.8099,-2.398439,27.457672,-9.343225,22.7354,-21.341911,23.946766,-7.807934,46.536198,-54.35001,51.400436,-68.44333
Bay of Arguin,Mauritania,20.08,-16.62,12.7684965,8.686449,15.555387,11.661958,21.00516,17.4077,15.906368,0.88884735,14.150967,18.862234,15.799093,-17.812695
Batlava Lake,Kosovo,42.8211,21.3078,37.184273,45.36109,36.94585,1.9161061,29.194946,-21.63709,30.035984,-21.078506,41.083603,19.34327,28.203686,-7.532336
Boračko jezero,Bosnia_and_Herzegovina,43.5524,18.0312,38.94417,4.469343,26.693562,50.42663,37.01963,35.300552,30.785673,83.46323,52.356888,19.348173,49.95337,18.996761
Birkenhead Lake Provincial Park,Canada,50.5333,-122.683,32.228073,-35.380444,21.559132,15.625983,18.694778,35.28593,24.490267,7.134657,36.31231,-92.389496,44.83423,-86.71328
Lough Leane,Ireland,52.0417,-9.55,35.041378,16.490213,31.275373,87.2127,48.82086,28.30508,38.885185,49.850357,59.20684,-9.906488,51.56026,-13.473046
Lonar Lake,India,19.975,76.5075,12.760374,50.105682,21.722355,13.299132,32.762444,6.401657,23.629866,8.136343,40.51439,-2.602724,16.044899,71.500786
Conception Bay,Canada,47.75,-53.0,34.552563,-74.954605,14.85858,15.118072,25.04134,-7.3728275,14.492533,-19.848064,12.885358,-31.008915,45.687233,-75.98397
Fættenfjord,Norway,63.56,10.9233,49.874695,18.527227,42.05551,-17.662184,47.670807,-26.891935,47.940266,-32.511486,72.35967,5.781188,64.28157,4.357399
Fuxian Lake,China,24.5023,102.889,33.844658,85.06122,30.566673,27.832674,29.194946,-21.63709,30.035984,-21.078506,29.36751,124.118546,22.548643,128.76253
Frying Pan Lake,New_Zealand,-38.2836,176.395,11.0963335,67.72769,38.33124,-47.07616,33.13199,-38.513584,35.372528,-57.36702,42.2845,-66.55986,39.167915,-79.33762
Angle Lake (Washington),United_States,47.4281,-122.286,39.753407,-68.870186,35.528435,-64.05605,31.024025,-34.73421,39.71781,-43.521126,36.722298,-99.29213,34.268112,-82.663956
Simandou,Guinea,8.53333,-8.9,1.8208008,20.117487,-20.650505,64.991325,-20.010921,108.049164,-20.538425,36.289055,-4.0886784,30.528023,-0.48249054,21.208416
King Edward Cove,United_Kingdom,-54.2833,-36.5,8.448887,5.474448,23.79765,-1.4533527,21.733025,7.5298014,20.723148,-3.8102455,24.267859,1.7199211,28.269657,-55.322178
Lac Le Jeune,Canada,50.483,-120.477,32.817253,-43.71629,31.38102,-23.337618,36.999218,-21.762121,25.293697,0.21089935,21.896364,-18.462372,46.451134,-115.30698
Khatanga Gulf,Russia,73.75,109.0,37.15072,46.392708,43.294796,40.787617,37.649498,-19.713406,32.53261,9.646456,14.667453,83.14044,54.631195,43.270546
Karimata Strait,Indonesia,-2.08333,108.667,0.8260231,80.58238,12.481537,93.12889,16.678381,105.52215,7.183172,120.53656,8.739508,101.534836,-2.1222305,129.45459
