name,continent,wikipedia,dbpedia,qid,lat,lon,src_coord,wd_lat,wd_lon,dbp_lat,dbp_lon,population,src_pop,pop_asof,dbp_population,elevation,src_elev,dbp_elevation,year_founded,src_found,dbp_year_founded,wd_first_record,country,iso3,gdp_pc,gdp_year,src_gdp,wd_year_founded,old_lat,old_lon,old_temp,old_year,old_elev,old_gdp,old_pop,temp_c,src_temp
Anchorage,North America,"Anchorage, Alaska","http://dbpedia.org/resource/Anchorage,_Alaska",Q39450,61.21666717529297,-149.8936157226562,DBpedia,61.21666666666667,-149.8936111111111,61.21666717529297,-149.8936157226562,291247.0,Wikidata P1082,2020-04-01,291247.0,31.0,Wikidata P2044,31.0896,0,dropped (not used),1920,,United States,USA,82586.7847707894,2023,World Bank NY.GDP.PCAP.CD,1914,61.22,-149.9,-2.5,1914,30,76300,291000,2.62,WorldClim 2.1 tavg 1970-2000 2.5m (cell)
Fairbanks,North America,"Fairbanks, Alaska","http://dbpedia.org/resource/Fairbanks,_Alaska",Q79638,64.84361267089844,-147.7230529785156,DBpedia,64.843611111111,-147.72305555556,64.84361267089844,-147.7230529785156,32515.0,Wikidata P1082,2020-04-01,32515.0,137.0,Wikidata P2044,135.9408,0,dropped (not used),1903,,United States,USA,82586.7847707894,2023,World Bank NY.GDP.PCAP.CD,1901,64.84,-147.72,-2.4,1901,136,76300,32000,-2.55,WorldClim 2.1 tavg 1970-2000 2.5m (cell)
Juneau,North America,"Juneau, Alaska","http://dbpedia.org/resource/Juneau,_Alaska",Q29445,58.30194,-134.41972,Wikidata P625 (DBpedia disagrees by >0.2 deg),58.30194,-134.41972,58.29999923706055,-154.2781982421875,32255.0,Wikidata P1082,2020-04-01,32255.0,17.0,Wikidata P2044,10.0584,0,dropped (not used),1963,,United States,USA,82586.7847707894,2023,World Bank NY.GDP.PCAP.CD,1881,58.3,-134.42,4.8,1881,17,76300,32000,4.32,WorldClim 2.1 tavg 1970-2000 2.5m (cell)
Vancouver,North America,Vancouver,http://dbpedia.org/resource/Vancouver,Q24639,49.26083374023438,-123.1138916015625,DBpedia,49.26083333333333,-123.1138888888889,49.26083374023438,-123.1138916015625,662248.0,Wikidata P1082,2021-00-00,662248.0,2.0,Wikidata P2044,,0,dropped (not used),1870,,Canada,CAN,54847.5370112652,2023,World Bank NY.GDP.PCAP.CD,1886,49.28,-123.12,10.4,1886,0,52100,631000,10.57,WorldClim 2.1 tavg 1970-2000 2.5m (cell)
Seattle,North America,Seattle,http://dbpedia.org/resource/Seattle,Q5083,47.605,-122.33,Wikidata P625 (DBpedia disagrees by >0.2 deg),47.605,-122.33,39.82805633544922,-122.3300018310547,737015.0,Wikidata P1082,2020-04-01,737015.0,40.0,Wikidata P2044,45.1104,0,dropped (not used),1851,,United States,USA,82586.7847707894,2023,World Bank NY.GDP.PCAP.CD,1851,47.61,-122.33,11.3,1851,53,76300,737000,10.99,WorldClim 2.1 tavg 1970-2000 2.5m (cell)
Portland,North America,"Portland, Oregon","http://dbpedia.org/resource/Portland,_Oregon",Q6106,45.52000045776367,-122.6819458007812,DBpedia,45.515,-122.67916666666666,45.52000045776367,-122.6819458007812,652503.0,Wikidata P1082,2020-04-01,652503.0,152.0,Wikidata P2044,49.0728,0,dropped (not used),1851,1845,United States,USA,82586.7847707894,2023,World Bank NY.GDP.PCAP.CD,,45.52,-122.68,12.4,1845,15,76300,652000,11.51,WorldClim 2.1 tavg 1970-2000 2.5m (cell)
San Francisco,North America,San Francisco,http://dbpedia.org/resource/San_Francisco,Q62,37.78333282470703,-122.4166641235352,DBpedia,37.775,-122.41944444444445,37.78333282470703,-122.4166641235352,873965.0,Wikidata P1082,2020-04-01,873965.0,30.0,Wikidata P2044,15.8496,0,dropped (not used),1776,,United States,USA,82586.7847707894,2023,World Bank NY.GDP.PCAP.CD,1776,37.77,-122.42,14.6,1776,16,76300,874000,14.3,WorldClim 2.1 tavg 1970-2000 2.5m (cell)
Los Angeles,North America,Los Angeles,http://dbpedia.org/resource/Los_Angeles,Q65,34.04999923706055,-118.25,DBpedia,34.05223,-118.24368,34.04999923706055,-118.25,3898747.0,Wikidata P1082,2020-04-01,3898747.0,106.0,Wikidata P2044,71.0184,0,dropped (not used),1781,,United States,USA,82586.7847707894,2023,World Bank NY.GDP.PCAP.CD,1781,34.05,-118.24,18.3,1781,71,76300,3900000,18.82,WorldClim 2.1 tavg 1970-2000 2.5m (cell)
San Diego,North America,San Diego,http://dbpedia.org/resource/San_Diego,Q16552,32.71500015258789,-117.1624984741211,DBpedia,32.715,-117.1625,32.71500015258789,-117.1624984741211,1386932.0,Wikidata P1082,2020-00-00,1386932.0,128.62560000000002,Wikidata P2044,,0,dropped (not used),1769,,United States,USA,82586.7847707894,2023,World Bank NY.GDP.PCAP.CD,1769,32.72,-117.16,17.8,1769,20,76300,1420000,17.96,WorldClim 2.1 tavg 1970-2000 2.5m (cell)
Las Vegas,North America,Las Vegas,http://dbpedia.org/resource/Las_Vegas,Q23768,36.25,-115.25,DBpedia,36.16722222222222,-115.14861111111111,36.25,-115.25,641903.0,Wikidata P1082,2020-04-01,641903.0,610.0,Wikidata P2044,610.0,0,dropped (not used),1905,,United States,USA,82586.7847707894,2023,World Bank NY.GDP.PCAP.CD,1905,36.17,-115.14,20.3,1905,620,76300,641000,19.12,WorldClim 2.1 tavg 1970-2000 2.5m (cell)
Phoenix,North America,"Phoenix, Arizona","http://dbpedia.org/resource/Phoenix,_Arizona",Q16556,33.44833374023438,-112.0738983154297,DBpedia,33.44833333333333,-112.07388888888889,33.44833374023438,-112.0738983154297,1608139.0,Wikidata P1082,2020-04-01,1608139.0,331.0128,Wikidata P2044,331.0128,0,dropped (not used),1881,1867,United States,USA,82586.7847707894,2023,World Bank NY.GDP.PCAP.CD,1868,33.45,-112.07,24.2,1867,331,76300,1608000,22.77,WorldClim 2.1 tavg 1970-2000 2.5m (cell)
Salt Lake City,North America,Salt Lake City,http://dbpedia.org/resource/Salt_Lake_City,Q23337,40.76083374023438,-111.9211120605469,DBpedia,40.75,-111.88333333333,40.76083374023438,-111.9211120605469,199723.0,Wikidata P1082,2020-04-01,199723.0,1288.0,Wikidata P2044,1300.0,0,dropped (not used),,,United States,USA,82586.7847707894,2023,World Bank NY.GDP.PCAP.CD,1847,40.76,-111.89,11.5,1847,1288,76300,200000,11.65,WorldClim 2.1 tavg 1970-2000 2.5m (cell)
Denver,North America,Denver,http://dbpedia.org/resource/Denver,Q16554,39.73920059204102,-104.9849014282227,DBpedia,39.739166666667,-104.98472222222,39.73920059204102,-104.9849014282227,715522.0,Wikidata P1082,2020-00-00,715522.0,1609.0,Wikidata P2044,1609.344,0,dropped (not used),1858,,United States,USA,82586.7847707894,2023,World Bank NY.GDP.PCAP.CD,1858,39.74,-104.99,10.4,1858,1609,76300,715000,10.66,WorldClim 2.1 tavg 1970-2000 2.5m (cell)
Albuquerque,North America,"Albuquerque, New Mexico","http://dbpedia.org/resource/Albuquerque,_New_Mexico",Q34804,35.08499908447266,-106.6500015258789,DBpedia,35.08444444444444,-106.65027777777777,35.08499908447266,-106.6500015258789,564559.0,Wikidata P1082,2020-04-01,564559.0,1619.0,Wikidata P2044,1619.0976,0,dropped (not used),,,United States,USA,82586.7847707894,2023,World Bank NY.GDP.PCAP.CD,1706,35.08,-106.65,14.0,1706,1520,76300,564000,13.73,WorldClim 2.1 tavg 1970-2000 2.5m (cell)
El Paso,North America,"El Paso, Texas","http://dbpedia.org/resource/El_Paso,_Texas",Q16562,31.7591667175293,-106.4886093139648,DBpedia,31.759166666667,-106.48861111111,31.7591667175293,-106.4886093139648,678815.0,Wikidata P1082,2020-04-01,681723.0,1140.0,Wikidata P2044,1185.0624,0,dropped (not used),,,United States,USA,82586.7847707894,2023,World Bank NY.GDP.PCAP.CD,1680,31.76,-106.49,18.4,1659,1140,76300,678000,17.82,WorldClim 2.1 tavg 1970-2000 2.5m (cell)
Dallas,North America,Dallas,http://dbpedia.org/resource/Dallas,Q16557,32.77916717529297,-96.80889129638672,DBpedia,32.779166666667,-96.808888888889,32.77916717529297,-96.80889129638672,1304379.0,Wikidata P1082,2020-04-01,1304379.0,131.0,Wikidata P2044,146.9136,0,dropped (not used),1856,,United States,USA,82586.7847707894,2023,World Bank NY.GDP.PCAP.CD,1841,32.78,-96.8,18.9,1841,131,76300,1304000,19.16,WorldClim 2.1 tavg 1970-2000 2.5m (cell)
Houston,North America,Houston,http://dbpedia.org/resource/Houston,Q16555,29.76277732849121,-95.383056640625,DBpedia,29.762777777778,-95.383055555556,29.76277732849121,-95.383056640625,2304580.0,Wikidata P1082,2020-04-01,2304580.0,13.0,Wikidata P2044,32.0,0,dropped (not used),1837,,United States,USA,82586.7847707894,2023,World Bank NY.GDP.PCAP.CD,1836,29.76,-95.37,20.7,1836,15,76300,2300000,20.87,WorldClim 2.1 tavg 1970-2000 2.5m (cell)
San Antonio,North America,San Antonio,http://dbpedia.org/resource/San_Antonio,Q975,29.425,-98.49388888888889,Wikidata P625,29.425,-98.49388888888889,,,1434625.0,Wikidata P1082,2020-04-01,1434625.0,198.0,Wikidata P2044,220.0656,0,dropped (not used),1718,,United States,USA,82586.7847707894,2023,World Bank NY.GDP.PCAP.CD,1718,29.42,-98.49,20.3,1718,198,76300,1434000,20.71,WorldClim 2.1 tavg 1970-2000 2.5m (cell)
Austin,North America,"Austin, Texas","http://dbpedia.org/resource/Austin,_Texas",Q16559,30.3,-97.733333333333,Wikidata P625 (DBpedia disagrees by >0.2 deg),30.3,-97.733333333333,39.5,-98.34999847412109,961855.0,Wikidata P1082,2020-04-01,,149.0,Wikidata P2044,,0,dropped (not used),,,United States,USA,82586.7847707894,2023,World Bank NY.GDP.PCAP.CD,1835,30.27,-97.74,20.6,1839,149,76300,964000,19.98,WorldClim 2.1 tavg 1970-2000 2.5m (cell)
New Orleans,North America,New Orleans,http://dbpedia.org/resource/New_Orleans,Q34404,29.99984931945801,-89.92427825927734,DBpedia,29.976111111111113,-90.07833333333333,29.99984931945801,-89.92427825927734,383997.0,Wikidata P1082,2020-04-01,383997.0,11.0,Wikidata P2044,-1.9812,0,dropped (not used),,,United States,USA,82586.7847707894,2023,World Bank NY.GDP.PCAP.CD,1718,29.95,-90.07,20.7,1718,0,76300,383000,20.25,WorldClim 2.1 tavg 1970-2000 2.5m (cell)
Minneapolis,North America,Minneapolis,http://dbpedia.org/resource/Minneapolis,Q36091,44.981944444444444,-93.26916666666666,Wikidata P625 (DBpedia disagrees by >0.2 deg),44.981944444444444,-93.26916666666666,44.9819450378418,-93.48583221435547,429954.0,Wikidata P1082,2020-04-01,429954.0,264.0,Wikidata P2044,252.984,0,dropped (not used),,,United States,USA,82586.7847707894,2023,World Bank NY.GDP.PCAP.CD,1850,44.98,-93.27,7.8,1856,264,76300,429000,7.71,WorldClim 2.1 tavg 1970-2000 2.5m (cell)
Chicago,North America,Chicago,http://dbpedia.org/resource/Chicago,Q1297,41.88194274902344,-87.62777709960938,DBpedia,41.88194444444444,-87.62777777777778,41.88194274902344,-87.62777709960938,2746388.0,Wikidata P1082,2020-04-01,2746388.0,179.0,Wikidata P2044,182.020464,0,dropped (not used),1833,,United States,USA,82586.7847707894,2023,World Bank NY.GDP.PCAP.CD,1837,41.88,-87.63,10.0,1833,176,76300,2697000,9.91,WorldClim 2.1 tavg 1970-2000 2.5m (cell)
Detroit,North America,Detroit,http://dbpedia.org/resource/Detroit,Q12439,42.33333206176758,-83.05000305175781,DBpedia,42.331666666667,-83.0475,42.33333206176758,-83.05000305175781,639111.0,Wikidata P1082,2020-04-01,639111.0,183.0,Wikidata P2044,199.9488,0,dropped (not used),1701,,United States,USA,82586.7847707894,2023,World Bank NY.GDP.PCAP.CD,1701,42.33,-83.05,10.1,1701,183,76300,639000,9.78,WorldClim 2.1 tavg 1970-2000 2.5m (cell)
Indianapolis,North America,Indianapolis,http://dbpedia.org/resource/Indianapolis,Q6346,39.76861190795898,-86.1580581665039,DBpedia,39.768611111111,-86.158055555556,39.76861190795898,-86.15805816650391,887642.0,Wikidata P1082,2020-04-01,887642.0,218.0,Wikidata P2044,219.0,0,dropped (not used),1821,,United States,USA,82586.7847707894,2023,World Bank NY.GDP.PCAP.CD,1821,39.77,-86.16,11.8,1821,218,76300,887000,11.66,WorldClim 2.1 tavg 1970-2000 2.5m (cell)
Columbus,North America,"Columbus, Ohio","http://dbpedia.org/resource/Columbus,_Ohio",Q16567,39.96222305297852,-83.00055694580078,DBpedia,39.96222222222222,-83.00055555555555,39.96222305297852,-83.00055694580078,905748.0,Wikidata P1082,2020-04-01,905748.0,275.0,Wikidata P2044,241.0968,0,dropped (not used),1812,1797,United States,USA,82586.7847707894,2023,World Bank NY.GDP.PCAP.CD,1812,39.96,-82.99,11.6,1812,275,76300,906000,11.71,WorldClim 2.1 tavg 1970-2000 2.5m (cell)
Cleveland,North America,Cleveland,http://dbpedia.org/resource/Cleveland,Q37320,41.5,-81.6875,DBpedia,41.49916666666667,-81.69472222222223,41.5,-81.6875,372624.0,Wikidata P1082,2020-04-01,372624.0,199.0,Wikidata P2044,199.0344,0,dropped (not used),1796,,United States,USA,82586.7847707894,2023,World Bank NY.GDP.PCAP.CD,1796,41.5,-81.69,10.6,1796,199,76300,373000,10.59,WorldClim 2.1 tavg 1970-2000 2.5m (cell)
Pittsburgh,North America,Pittsburgh,http://dbpedia.org/resource/Pittsburgh,Q1342,40.43972396850586,-79.98999786376953,DBpedia,40.44166666666667,-80,40.43972396850586,-79.98999786376953,302971.0,Wikidata P1082,2020-04-01,302971.0,373.0,Wikidata P2044,,0,dropped (not used),1758,1758,United States,USA,82586.7847707894,2023,World Bank NY.GDP.PCAP.CD,1758,40.44,-79.99,10.8,1758,230,76300,303000,11.4,WorldClim 2.1 tavg 1970-2000 2.5m (cell)
Nashville,North America,"Nashville, Tennessee","http://dbpedia.org/resource/Nashville,_Tennessee",Q23197,36.16222381591797,-86.77444458007812,DBpedia,36.16222222222222,-86.77444444444444,36.16222381591797,-86.77444458007812,689447.0,Wikidata P1082,2020-00-00,715884.0,182.0,Wikidata P2044,169.0,0,dropped (not used),1806,,United States,USA,82586.7847707894,2023,World Bank NY.GDP.PCAP.CD,1779,36.16,-86.78,15.4,1779,169,76300,689000,15.32,WorldClim 2.1 tavg 1970-2000 2.5m (cell)
Memphis,North America,"Memphis, Tennessee","http://dbpedia.org/resource/Memphis,_Tennessee",Q16563,35.14611053466797,-90.05194091796875,DBpedia,35.14611111111111,-90.05194444444444,35.14611053466797,-90.05194091796875,633104.0,Wikidata P1082,2020-04-01,633104.0,103.0,Wikidata P2044,103.0,0,dropped (not used),1819,,United States,USA,82586.7847707894,2023,World Bank NY.GDP.PCAP.CD,1819,35.15,-90.05,16.8,1819,84,76300,633000,16.38,WorldClim 2.1 tavg 1970-2000 2.5m (cell)
Atlanta,North America,Atlanta,http://dbpedia.org/resource/Atlanta,Q23556,33.7488899230957,-84.38999938964844,DBpedia,33.754444444444445,-84.38972222222222,33.7488899230957,-84.38999938964844,498715.0,Wikidata P1082,2020-04-01,498715.0,225.0,Wikidata P2044,320.04,0,dropped (not used),1847,,United States,USA,82586.7847707894,2023,World Bank NY.GDP.PCAP.CD,1845,33.75,-84.39,16.9,1837,320,76300,499000,16.55,WorldClim 2.1 tavg 1970-2000 2.5m (cell)
Miami,North America,Miami,http://dbpedia.org/resource/Miami,Q8652,25.78000068664551,-80.20999908447266,DBpedia,25.774166666666666,-80.19361111111111,25.78000068664551,-80.20999908447266,442241.0,Wikidata P1082,2020-04-01,442241.0,2.0,Wikidata P2044,1.8288,0,dropped (not used),1896,1825,United States,USA,82586.7847707894,2023,World Bank NY.GDP.PCAP.CD,1825,25.76,-80.19,25.0,1896,2,76300,442000,24.6,WorldClim 2.1 tavg 1970-2000 2.5m (cell)
Tampa,North America,"Tampa, Florida","http://dbpedia.org/resource/Tampa,_Florida",Q49255,27.94750022888184,-82.45861053466797,DBpedia,27.9475,-82.45861111111111,27.94750022888184,-82.45861053466797,384959.0,Wikidata P1082,2020-04-01,384959.0,30.0,Wikidata P2044,14.6304,0,dropped (not used),1849,,United States,USA,82586.7847707894,2023,World Bank NY.GDP.PCAP.CD,1823,27.95,-82.46,22.8,1849,14,76300,384000,22.73,WorldClim 2.1 tavg 1970-2000 2.5m (cell)
Orlando,North America,"Orlando, Florida","http://dbpedia.org/resource/Orlando,_Florida",Q49233,28.54000091552734,-81.37999725341797,DBpedia,28.533611111111,-81.386666666667,28.54000091552734,-81.37999725341797,334854.0,Wikidata P1082,2024-07-01,307573.0,34.0,Wikidata P2044,27.1272,0,dropped (not used),1875,,United States,USA,82586.7847707894,2023,World Bank NY.GDP.PCAP.CD,1875,28.54,-81.38,22.4,1875,34,76300,307000,22.33,WorldClim 2.1 tavg 1970-2000 2.5m (cell)
Jacksonville,North America,"Jacksonville, Florida","http://dbpedia.org/resource/Jacksonville,_Florida",Q16568,30.33694458007812,-81.66139221191406,DBpedia,30.316666666667,-81.65,30.33694458007812,-81.66139221191406,949611.0,Wikidata P1082,2020-04-01,,11.0,Wikidata P2044,,0,dropped (not used),,,United States,USA,82586.7847707894,2023,World Bank NY.GDP.PCAP.CD,1791,30.33,-81.66,20.7,1791,4,76300,949000,20.87,WorldClim 2.1 tavg 1970-2000 2.5m (cell)
Charlotte,North America,"Charlotte, North Carolina","http://dbpedia.org/resource/Charlotte,_North_Carolina",Q16565,35.22722244262695,-80.84305572509766,DBpedia,35.226944444444,-80.843333333333,35.22722244262695,-80.84305572509766,874579.0,Wikidata P1082,2020-04-01,874579.0,229.0,Wikidata P2044,205.1304,0,dropped (not used),1768,,United States,USA,82586.7847707894,2023,World Bank NY.GDP.PCAP.CD,1768,35.23,-80.84,16.0,1768,229,76300,874000,16.13,WorldClim 2.1 tavg 1970-2000 2.5m (cell)
Washington,North America,"Washington, D.C.","http://dbpedia.org/resource/Washington,_D.C.",Q61,38.90472412109375,-77.01638793945312,DBpedia,38.895,-77.036666666667,38.90472412109375,-77.01638793945312,689545.0,Wikidata P1082,2020-04-01,689545.0,72.0,Wikidata P2044,,0,dropped (not used),1790,,United States,USA,82586.7847707894,2023,World Bank NY.GDP.PCAP.CD,1790,38.91,-77.04,14.6,1790,22,76300,689000,13.84,WorldClim 2.1 tavg 1970-2000 2.5m (cell)
Baltimore,North America,Baltimore,http://dbpedia.org/resource/Baltimore,Q5092,39.28944396972656,-76.61528015136719,DBpedia,39.286388888889,-76.615,39.28944396972656,-76.61528015136719,585708.0,Wikidata P1082,2020-04-01,585708.0,10.0,Wikidata P2044,0.0,0,dropped (not used),1729,,United States,USA,82586.7847707894,2023,World Bank NY.GDP.PCAP.CD,1729,39.29,-76.61,13.1,1729,10,76300,576000,13.76,WorldClim 2.1 tavg 1970-2000 2.5m (cell)
Philadelphia,North America,Philadelphia,http://dbpedia.org/resource/Philadelphia,Q1345,39.952777777778,-75.163611111111,Wikidata P625,39.952777777778,-75.163611111111,,,1603797.0,Wikidata P1082,2020-04-01,1603797.0,12.0,Wikidata P2044,12.0,0,dropped (not used),1701,,United States,USA,82586.7847707894,2023,World Bank NY.GDP.PCAP.CD,1682,39.95,-75.17,12.8,1682,12,76300,1576000,12.94,WorldClim 2.1 tavg 1970-2000 2.5m (cell)
New York,North America,New York City,http://dbpedia.org/resource/New_York_City,Q60,40.71277777777778,-74.00611111111111,Wikidata P625,40.71277777777778,-74.00611111111111,,,8804190.0,Wikidata P1082,2020-04-01,8804190.0,25.0,Wikidata P2044,,0,dropped (not used),,,United States,USA,82586.7847707894,2023,World Bank NY.GDP.PCAP.CD,1624,40.71,-74.01,12.9,1624,10,76300,8336000,12.17,WorldClim 2.1 tavg 1970-2000 2.5m (cell)
Newark,North America,"Newark, New Jersey","http://dbpedia.org/resource/Newark,_New_Jersey",Q25395,40.72999954223633,-74.18000030517578,DBpedia,40.73555555555556,-74.17222222222222,40.72999954223633,-74.18000030517578,311549.0,Wikidata P1082,2020-04-01,311549.0,3.0,Wikidata P2044,3.9624,0,dropped (not used),1693,,United States,USA,82586.7847707894,2023,World Bank NY.GDP.PCAP.CD,1666,40.74,-74.17,12.6,1666,10,76300,311000,12.1,WorldClim 2.1 tavg 1970-2000 2.5m (cell)
Boston,North America,Boston,http://dbpedia.org/resource/Boston,Q100,42.31861114501953,-71.05777740478516,DBpedia,42.360277777777775,-71.05777777777777,42.31861114501953,-71.05777740478516,675647.0,Wikidata P1082,2020-04-01,675647.0,43.0,Wikidata P2044,14.0208,0,dropped (not used),1630,,United States,USA,82586.7847707894,2023,World Bank NY.GDP.PCAP.CD,1630,42.36,-71.06,10.9,1630,6,76300,675000,10.29,WorldClim 2.1 tavg 1970-2000 2.5m (cell)
Montreal,North America,Montreal,http://dbpedia.org/resource/Montreal,Q340,45.50888824462891,-73.55416870117188,DBpedia,45.5033426,-73.5868411,45.50888824462891,-73.55416870117188,1895211.0,Wikidata P1082,2024-00-00,1762949.0,31.0,Wikidata P2044,,0,dropped (not used),1642,,Canada,CAN,54847.5370112652,2023,World Bank NY.GDP.PCAP.CD,1642,45.5,-73.57,6.8,1642,36,52100,1762000,6.77,WorldClim 2.1 tavg 1970-2000 2.5m (cell)
Toronto,North America,Toronto,http://dbpedia.org/resource/Toronto,Q172,43.65250015258789,-79.38166809082031,DBpedia,43.670277777778,-79.386666666667,43.65250015258789,-79.38166809082031,2794356.0,Wikidata P1082,2021-00-00,2794356.0,76.0,Wikidata P2044,,0,dropped (not used),1793,,Canada,CAN,54847.5370112652,2023,World Bank NY.GDP.PCAP.CD,1750,43.65,-79.38,9.4,1793,76,52100,2794000,8.61,WorldClim 2.1 tavg 1970-2000 2.5m (cell)
Ottawa,North America,Ottawa,http://dbpedia.org/resource/Ottawa,Q1930,45.42472076416016,-75.69499969482422,DBpedia,45.424722222222,-75.695,45.42472076416016,-75.69499969482422,1017449.0,Wikidata P1082,2021-00-00,1017449.0,70.0,Wikidata P2044,70.104,0,dropped (not used),2001,,Canada,CAN,54847.5370112652,2023,World Bank NY.GDP.PCAP.CD,1855,45.42,-75.7,6.6,1826,70,52100,1000000,6.29,WorldClim 2.1 tavg 1970-2000 2.5m (cell)
Calgary,North America,Calgary,http://dbpedia.org/resource/Calgary,Q36312,51.0475,-114.0625,Wikidata P625,51.0475,-114.0625,,,1306784.0,Wikidata P1082,2021-00-00,1306784.0,1045.0,Wikidata P2044,1045.0,0,dropped (not used),1884,1875,Canada,CAN,54847.5370112652,2023,World Bank NY.GDP.PCAP.CD,1884,51.05,-114.07,4.4,1884,1045,52100,1336000,4.37,WorldClim 2.1 tavg 1970-2000 2.5m (cell)
Edmonton,North America,Edmonton,http://dbpedia.org/resource/Edmonton,Q2096,53.53444290161133,-113.4902801513672,DBpedia,53.533333333333,-113.5,53.53444290161133,-113.4902801513672,1010899.0,Wikidata P1082,2021-00-00,1010899.0,674.0,Wikidata P2044,645.0,0,dropped (not used),1892,1795,Canada,CAN,54847.5370112652,2023,World Bank NY.GDP.PCAP.CD,1795,53.55,-113.49,2.7,1795,668,52100,1010000,3.43,WorldClim 2.1 tavg 1970-2000 2.5m (cell)
Winnipeg,North America,Winnipeg,http://dbpedia.org/resource/Winnipeg,Q2135,49.89555740356445,-97.13861083984375,DBpedia,49.89555555555555,-97.13861111111112,49.89555740356445,-97.13861083984375,749607.0,Wikidata P1082,2021-00-00,749607.0,238.0,Wikidata P2044,239.0,0,dropped (not used),,,Canada,CAN,54847.5370112652,2023,World Bank NY.GDP.PCAP.CD,1738,49.9,-97.14,3.0,1862,238,52100,749000,3.18,WorldClim 2.1 tavg 1970-2000 2.5m (cell)
Quebec City,North America,Quebec City,http://dbpedia.org/resource/Quebec_City,Q2145,46.81388854980469,-71.20805358886719,DBpedia,46.816111,-71.224167,46.81388854980469,-71.20805358886719,574482.0,Wikidata P1082,2024-00-00,549459.0,98.0,Wikidata P2044,98.0,0,dropped (not used),1535,,Canada,CAN,54847.5370112652,2023,World Bank NY.GDP.PCAP.CD,1608,46.81,-71.21,4.9,1608,50,52100,549000,5.13,WorldClim 2.1 tavg 1970-2000 2.5m (cell)
Halifax,North America,"Halifax, Nova Scotia","http://dbpedia.org/resource/Halifax,_Nova_Scotia",Q2141,44.64749908447266,-63.59055709838867,DBpedia,44.647777777778,-63.571388888889,44.64749908447266,-63.59055709838867,440072.0,Wikidata P1082,2021-00-00,439819.0,28.0,Wikidata P2044,,0,dropped (not used),1996,,Canada,CAN,54847.5370112652,2023,World Bank NY.GDP.PCAP.CD,1749,44.65,-63.57,7.0,1749,10,52100,439000,6.81,WorldClim 2.1 tavg 1970-2000 2.5m (cell)
Mexico City,North America,Mexico City,http://dbpedia.org/resource/Mexico_City,Q1489,19.4333324432373,-99.13333129882812,DBpedia,19.353773,-99.13589,19.4333324432373,-99.13333129882812,9209944.0,Wikidata P1082,2020-00-00,9209944.0,2240.0,Wikidata P2044,2240.0,0,dropped (not used),1325,,Mexico,MEX,13830.843848864,2023,World Bank NY.GDP.PCAP.CD,1521,19.43,-99.13,16.0,1325,2240,10400,9210000,16.93,WorldClim 2.1 tavg 1970-2000 2.5m (cell)
Guadalajara,North America,Guadalajara,http://dbpedia.org/resource/Guadalajara,Q9022,20.67666625976562,-103.3475036621094,DBpedia,20.676388888888887,-103.34222222222222,20.67666625976562,-103.3475036621094,1385621.0,Wikidata P1082,2020-00-00,1385629.0,1536.0,Wikidata P2044,1566.0624,0,dropped (not used),1542,,Mexico,MEX,13830.843848864,2023,World Bank NY.GDP.PCAP.CD,1542,20.67,-103.35,19.6,1542,1566,10400,1495000,21.2,WorldClim 2.1 tavg 1970-2000 2.5m (cell)
Monterrey,North America,Monterrey,http://dbpedia.org/resource/Monterrey,Q81033,25.684444444444445,-100.31805555555556,Wikidata P625,25.684444444444445,-100.31805555555556,,,1142952.0,Wikidata P1082,2020-00-00,1142952.0,546.0,Wikidata P2044,540.0,0,dropped (not used),1596,,Mexico,MEX,13830.843848864,2023,World Bank NY.GDP.PCAP.CD,1596,25.67,-100.31,22.1,1596,540,10400,1135000,22.66,WorldClim 2.1 tavg 1970-2000 2.5m (cell)
Havana,North America,Havana,http://dbpedia.org/resource/Havana,Q1563,23.13666725158691,-82.35888671875,DBpedia,23.136666666667,-82.358888888889,23.13666725158691,-82.35888671875,2492618.0,Wikidata P1082,2022-00-00,2137847.0,59.0,Wikidata P2044,59.436,0,dropped (not used),1519,,Cuba,CUB,9605.27914559614,2020,World Bank NY.GDP.PCAP.CD,1515,23.11,-82.37,25.2,1519,30,9500,2130000,25.58,WorldClim 2.1 tavg 1970-2000 2.5m (cell)
Kingston,North America,"Kingston, Jamaica","http://dbpedia.org/resource/Kingston,_Jamaica",Q34692,17.97138977050781,-76.79305267333984,DBpedia,17.971388888889,-76.793055555556,17.97138977050781,-76.79305267333984,937700.0,Wikidata P1082,2025-00-00,662435.0,9.0,Wikidata P2044,9.144,0,dropped (not used),1692,,Jamaica,JAM,7542.39855849054,2023,World Bank NY.GDP.PCAP.CD,1692,18.0,-76.79,27.0,1692,9,5500,670000,26.82,WorldClim 2.1 tavg 1970-2000 2.5m (cell)
San Jose CR,North America,"San José, Costa Rica","http://dbpedia.org/resource/San_José,_Costa_Rica",Q3070,9.932499885559082,-84.08000183105469,DBpedia,9.932738888888888,-84.07961388888889,9.932499885559082,-84.08000183105469,335007.0,Wikidata P1082,2025-00-00,352381.0,1161.0,Wikidata P2044,1172.0,0,dropped (not used),1823,,Costa Rica,CRI,17140.771430122,2023,World Bank NY.GDP.PCAP.CD,1737,9.93,-84.08,20.5,1738,1161,13200,353000,20.78,WorldClim 2.1 tavg 1970-2000 2.5m (cell)
Panama City,North America,Panama City,http://dbpedia.org/resource/Panama_City,Q3306,8.971111111111112,-79.53472222222223,Wikidata P625,8.971111111111112,-79.53472222222223,,,1540000.0,Wikidata P1082,2026-00-00,410354.0,20.0,Wikidata P2044,2.0,0,dropped (not used),1519,,Panama,PAN,18797.1933894611,2023,World Bank NY.GDP.PCAP.CD,1519,8.98,-79.52,27.3,1519,2,17100,880000,27.07,WorldClim 2.1 tavg 1970-2000 2.5m (cell)
Guatemala City,North America,Guatemala City,http://dbpedia.org/resource/Guatemala_City,Q1555,14.65055561065674,-90.49028015136719,DBpedia,14.641666666666667,-90.51333333333334,14.65055561065674,-90.49028015136719,994938.0,Wikidata P1082,2025-00-00,1221739.0,1500.0,Wikidata P2044,1500.0,0,dropped (not used),,1524,Guatemala,GTM,5754.42833909847,2023,World Bank NY.GDP.PCAP.CD,1524,14.63,-90.51,19.5,1776,1500,5000,1000000,19.35,WorldClim 2.1 tavg 1970-2000 2.5m (cell)
Tegucigalpa,North America,Tegucigalpa,http://dbpedia.org/resource/Tegucigalpa,Q3238,14.10583305358887,-87.20471954345703,DBpedia,14.105783333333333,-87.20470555555555,14.10583305358887,-87.20471954345703,1055729.0,Wikidata P1082,2013-00-00,1326460.0,990.0,Wikidata P2044,990.0,0,dropped (not used),1578,,Honduras,HND,3227.45762509776,2023,World Bank NY.GDP.PCAP.CD,1578,14.07,-87.21,21.5,1578,990,2800,1160000,21.49,WorldClim 2.1 tavg 1970-2000 2.5m (cell)
Managua,North America,Managua,http://dbpedia.org/resource/Managua,Q3274,12.13638877868652,-86.25138854980469,DBpedia,12.154680555555556,-86.273725,12.13638877868652,-86.25138854980469,937489.0,Wikidata P1082,2005-00-00,1061054.0,143.0,Wikidata P2044,82.97,0,dropped (not used),,,Nicaragua,NIC,2609.44491147975,2023,World Bank NY.GDP.PCAP.CD,1819,12.13,-86.25,27.1,1819,83,2000,1055000,26.87,WorldClim 2.1 tavg 1970-2000 2.5m (cell)
Bogota,South America,Bogotá,http://dbpedia.org/resource/Bogotá,Q2841,4.711111068725586,-74.07221984863281,DBpedia,4.60971,-74.08175,4.711111068725586,-74.07221984863281,8034649.0,Wikidata P1082,2024-00-00,8034649.0,2582.0,Wikidata P2044,2640.0,0,dropped (not used),1538,,Colombia,COL,7012.49169137756,2023,World Bank NY.GDP.PCAP.CD,1538,4.71,-74.07,14.0,1538,2640,6500,7410000,13.97,WorldClim 2.1 tavg 1970-2000 2.5m (cell)
Medellin,South America,Medellín,http://dbpedia.org/resource/Medellín,Q48278,6.230833530426025,-75.5905532836914,DBpedia,6.250200154878975,-75.56758450069736,6.230833530426025,-75.59055328369141,2529403.0,Wikidata P1082,2018-00-00,2427129.0,1405.0,Wikidata P2044,1495.0,0,dropped (not used),1616,,Colombia,COL,7012.49169137756,2023,World Bank NY.GDP.PCAP.CD,1675,6.25,-75.56,22.0,1616,1495,6500,2530000,21.27,WorldClim 2.1 tavg 1970-2000 2.5m (cell)
Quito,South America,Quito,http://dbpedia.org/resource/Quito,Q2900,-0.2199999988079071,-78.51249694824219,DBpedia,-0.22,-78.5125,-0.2199999988079071,-78.51249694824219,1763275.0,Wikidata P1082,2022-00-00,1763275.0,2850.0,Wikidata P2044,2850.0,0,dropped (not used),1534,,Ecuador,ECU,6718.1447938811,2023,World Bank NY.GDP.PCAP.CD,1534,-0.18,-78.47,13.5,1534,2850,6100,1980000,12.86,WorldClim 2.1 tavg 1970-2000 2.5m (cell)
Lima,South America,Lima,http://dbpedia.org/resource/Lima,Q2868,-12.0600004196167,-77.0374984741211,DBpedia,-12.06,-77.0375,-12.0600004196167,-77.03749847412109,9943800.0,Wikidata P1082,2022-00-00,10092000.0,154.0,Wikidata P2044,0.0,0,dropped (not used),1535,1535,Peru,PER,7919.04634828547,2023,World Bank NY.GDP.PCAP.CD,1535,-12.05,-77.04,19.2,1535,154,7000,9750000,19.27,WorldClim 2.1 tavg 1970-2000 2.5m (cell)
La Paz,South America,La Paz,http://dbpedia.org/resource/La_Paz,Q1491,-16.4958324432373,-68.13333129882812,DBpedia,-16.495833333333334,-68.13333333333334,-16.4958324432373,-68.13333129882812,755732.0,Wikidata P1082,2024-00-00,755732.0,3640.0,Wikidata P2044,3650.0,0,dropped (not used),1548,,Bolivia,BOL,4274.70820547613,2023,World Bank NY.GDP.PCAP.CD,1548,-16.5,-68.15,8.5,1548,3640,3600,812000,8.87,WorldClim 2.1 tavg 1970-2000 2.5m (cell)
Santiago,South America,Santiago,http://dbpedia.org/resource/Santiago,Q2887,-33.4375,-70.6500015258789,DBpedia,-33.4375,-70.65,-33.4375,-70.65000152587891,6257516.0,Wikidata P1082,2017-00-00,6269384.0,575.0,Wikidata P2044,570.0,0,dropped (not used),1541,,Chile,CHL,17081.5180740049,2023,World Bank NY.GDP.PCAP.CD,1541,-33.45,-70.67,14.4,1541,520,16300,5614000,15.28,WorldClim 2.1 tavg 1970-2000 2.5m (cell)
Buenos Aires,South America,Buenos Aires,http://dbpedia.org/resource/Buenos_Aires,Q1486,-34.60388946533203,-58.38138961791992,DBpedia,-34.599722222222,-58.381944444444,-34.60388946533203,-58.38138961791992,3121707.0,Wikidata P1082,2022-00-00,3121707.0,25.0,Wikidata P2044,25.0,0,dropped (not used),1580,1536,Argentina,ARG,14261.8465667948,2023,World Bank NY.GDP.PCAP.CD,1580,-34.6,-58.38,17.9,1536,25,13700,3075000,17.33,WorldClim 2.1 tavg 1970-2000 2.5m (cell)
Montevideo,South America,Montevideo,http://dbpedia.org/resource/Montevideo,Q1335,-34.90555572509766,-56.18416595458984,DBpedia,-34.90591666666667,-56.19131111111111,-34.90555572509766,-56.18416595458984,1302954.0,Wikidata P1082,2023-00-00,,41.0,Wikidata P2044,43.0,0,dropped (not used),,,Uruguay,URY,23378.6399733516,2023,World Bank NY.GDP.PCAP.CD,1723,-34.88,-56.16,16.6,1724,43,17300,1382000,16.33,WorldClim 2.1 tavg 1970-2000 2.5m (cell)
Asuncion,South America,Asunción,http://dbpedia.org/resource/Asunción,Q2933,-25.28000068664551,-57.63444519042969,DBpedia,-25.28,-57.63444444444445,-25.28000068664551,-57.63444519042969,462241.0,Wikidata P1082,2022-00-00,462241.0,43.0,Wikidata P2044,120.0912,0,dropped (not used),1537,,Paraguay,PRY,6303.26495017292,2023,World Bank NY.GDP.PCAP.CD,1537,-25.26,-57.58,23.0,1537,64,5900,524000,22.87,WorldClim 2.1 tavg 1970-2000 2.5m (cell)
Brasilia,South America,Brasília,http://dbpedia.org/resource/Brasília,Q2844,-15.79388904571533,-47.88277816772461,DBpedia,-15.793888888889,-47.882777777778,-15.79388904571533,-47.88277816772461,2996899.0,Wikidata P1082,2025-07-01,2982818.0,1171.0,Wikidata P2044,1172.0,0,dropped (not used),1960,,Brazil,BRA,10377.5892792557,2023,World Bank NY.GDP.PCAP.CD,1960,-15.79,-47.88,21.3,1960,1172,8900,3055000,21.02,WorldClim 2.1 tavg 1970-2000 2.5m (cell)
Sao Paulo,South America,São Paulo,http://dbpedia.org/resource/São_Paulo,Q174,-23.54999923706055,-46.63333511352539,DBpedia,-23.550394444444,-46.633947222222,-23.54999923706055,-46.63333511352539,11451999.0,Wikidata P1082,2022-00-00,11895578.0,760.0,Wikidata P2044,762.0,0,dropped (not used),1554,1554,Brazil,BRA,10377.5892792557,2023,World Bank NY.GDP.PCAP.CD,1554,-23.55,-46.63,19.2,1554,760,8900,12330000,18.82,WorldClim 2.1 tavg 1970-2000 2.5m (cell)
Rio de Janeiro,South America,Rio de Janeiro,http://dbpedia.org/resource/Rio_de_Janeiro,Q8678,-22.91111183166504,-43.2055549621582,DBpedia,-22.91111111111111,-43.205555555555556,-22.91111183166504,-43.2055549621582,6211223.0,Wikidata P1082,2022-00-00,6729894.0,31.0,Wikidata P2044,2.1336,0,dropped (not used),1565,1502,Brazil,BRA,10377.5892792557,2023,World Bank NY.GDP.PCAP.CD,1565,-22.91,-43.17,23.8,1565,11,8900,6748000,23.64,WorldClim 2.1 tavg 1970-2000 2.5m (cell)
Caracas,South America,Caracas,http://dbpedia.org/resource/Caracas,Q1533,10.48055553436279,-66.90361022949219,DBpedia,10.50611111111111,-66.91444444444444,10.48055553436279,-66.90361022949219,2245744.0,Wikidata P1082,2017-00-00,3242000.0,920.0,Wikidata P2044,900.0,0,dropped (not used),1567,,Venezuela,VEN,3617.47038396528,2023,World Bank NY.GDP.PCAP.CD,1567,10.48,-66.9,22.0,1567,900,3700,2940000,21.5,WorldClim 2.1 tavg 1970-2000 2.5m (cell)
Georgetown,South America,"Georgetown, Guyana","http://dbpedia.org/resource/Georgetown,_Guyana",Q10717,6.801111221313477,-58.15499877929688,DBpedia,6.805833333333333,-58.15083333333333,6.801111221313477,-58.15499877929688,235017.0,Wikidata P1082,2024-00-00,118363.0,0.0,Wikidata P2044,0.0,0,dropped (not used),1812,,Guyana,GUY,20473.7002190617,2023,World Bank NY.GDP.PCAP.CD,1781,6.8,-58.16,27.0,1781,1,16300,200000,27.05,WorldClim 2.1 tavg 1970-2000 2.5m (cell)
Paramaribo,South America,Paramaribo,http://dbpedia.org/resource/Paramaribo,Q3001,5.852222442626953,-55.20388793945312,DBpedia,5.8666666666667,-55.166666666667,5.852222442626953,-55.20388793945312,223757.0,Wikidata P1082,2019-00-00,240924.0,3.0,Wikidata P2044,3.0,0,dropped (not used),,,Suriname,SUR,5521.97602122638,2023,World Bank NY.GDP.PCAP.CD,1613,5.85,-55.2,27.0,1613,3,6700,240000,27.08,WorldClim 2.1 tavg 1970-2000 2.5m (cell)
Recife,South America,Recife,http://dbpedia.org/resource/Recife,Q48344,-8.050000190734863,-34.90000152587891,DBpedia,-8.0538888888889,-34.880833333333,-8.050000190734863,-34.90000152587891,1488920.0,Wikidata P1082,2022-00-00,1710000.0,6.0,Wikidata P2044,10.0584,0,dropped (not used),1537,,Brazil,BRA,10377.5892792557,2023,World Bank NY.GDP.PCAP.CD,1537,-8.05,-34.87,25.8,1537,4,8900,1654000,25.5,WorldClim 2.1 tavg 1970-2000 2.5m (cell)
Salvador,South America,"Salvador, Bahia","http://dbpedia.org/resource/Salvador,_Bahia",Q36947,-12.97472190856934,-38.47666549682617,DBpedia,-12.983055555555556,-38.492777777777775,-12.97472190856934,-38.47666549682617,2417678.0,Wikidata P1082,2022-00-00,2568928.0,8.0,Wikidata P2044,8.0,0,dropped (not used),1549,,Brazil,BRA,10377.5892792557,2023,World Bank NY.GDP.PCAP.CD,1549,-12.97,-38.51,25.3,1549,8,8900,2886000,25.17,WorldClim 2.1 tavg 1970-2000 2.5m (cell)
Manaus,South America,Manaus,http://dbpedia.org/resource/Manaus,Q40236,-3.118888888888889,-60.02166666666667,Wikidata P625,-3.118888888888889,-60.02166666666667,,,2303732.0,Wikidata P1082,2025-07-01,2279686.0,92.0,Wikidata P2044,92.0496,0,dropped (not used),,,Brazil,BRA,10377.5892792557,2023,World Bank NY.GDP.PCAP.CD,1669,-3.12,-60.02,27.4,1669,92,8900,2220000,27.07,WorldClim 2.1 tavg 1970-2000 2.5m (cell)
Curitiba,South America,Curitiba,http://dbpedia.org/resource/Curitiba,Q4361,-25.42972183227539,-49.27111053466797,DBpedia,-25.429722222222,-49.271944444444,-25.42972183227539,-49.27111053466797,1773718.0,Wikidata P1082,2022-00-00,1830795.0,935.0,Wikidata P2044,934.60824,0,dropped (not used),1693,,Brazil,BRA,10377.5892792557,2023,World Bank NY.GDP.PCAP.CD,1693,-25.43,-49.27,17.1,1693,934,8900,1948000,17.74,WorldClim 2.1 tavg 1970-2000 2.5m (cell)
Cordoba,South America,"Córdoba, Argentina","http://dbpedia.org/resource/Córdoba,_Argentina",Q44210,-31.41666603088379,-64.18333435058594,DBpedia,-31.416666666667,-64.183333333333,-31.41666603088379,-64.18333435058594,1505250.0,Wikidata P1082,2022-00-00,,390.0,Wikidata P2044,544.0,0,dropped (not used),1573,,Argentina,ARG,14261.8465667948,2023,World Bank NY.GDP.PCAP.CD,1573,-31.42,-64.18,18.0,1573,390,13700,1391000,17.25,WorldClim 2.1 tavg 1970-2000 2.5m (cell)
Reykjavik,Europe,Reykjavík,http://dbpedia.org/resource/Reykjavík,Q1764,64.14583587646484,-21.9424991607666,DBpedia,64.1475,-21.935,64.14583587646484,-21.9424991607666,138772.0,Wikidata P1082,2025-01-01,135714.0,8.0,Wikidata P2044,,0,dropped (not used),1786,,Iceland,ISL,82201.2908518078,2023,World Bank NY.GDP.PCAP.CD,1786,64.15,-21.94,4.7,874,14,68100,131000,4.54,WorldClim 2.1 tavg 1970-2000 2.5m (cell)
Oslo,Europe,Oslo,http://dbpedia.org/resource/Oslo,Q585,59.91333389282227,10.73888874053955,DBpedia,59.913333333333334,10.738888888888889,59.91333389282227,10.73888874053955,717710.0,Wikidata P1082,2024-01-01,724290.0,23.0,Wikidata P2044,,0,dropped (not used),,1048,Norway,NOR,90984.4087141111,2023,World Bank NY.GDP.PCAP.CD,1048,59.91,10.75,6.3,1040,23,82800,697000,6.67,WorldClim 2.1 tavg 1970-2000 2.5m (cell)
Stockholm,Europe,Stockholm,http://dbpedia.org/resource/Stockholm,Q1754,59.32944488525391,18.06861114501953,DBpedia,59.329444444444,18.068611111111,59.32944488525391,18.06861114501953,984748.0,Wikidata P1082,2022-12-31,984748.0,28.0,DBpedia elevation,28.0,0,dropped (not used),,1252,Sweden,SWE,54950.2834725622,2023,World Bank NY.GDP.PCAP.CD,1187,59.33,18.07,6.6,1252,28,55600,975000,6.55,WorldClim 2.1 tavg 1970-2000 2.5m (cell)
Helsinki,Europe,Helsinki,http://dbpedia.org/resource/Helsinki,Q1757,60.17083358764648,24.9375,DBpedia,60.170833333333334,24.9375,60.17083358764648,24.9375,694392.0,Wikidata P1082,2025-12-31,,17.0,Wikidata P2044,26.0,0,dropped (not used),1550,,Finland,FIN,52864.6931581216,2023,World Bank NY.GDP.PCAP.CD,1550,60.17,24.94,5.9,1550,8,49200,658000,5.26,WorldClim 2.1 tavg 1970-2000 2.5m (cell)
Tallinn,Europe,Tallinn,http://dbpedia.org/resource/Tallinn,Q1770,59.43722152709961,24.74527740478516,DBpedia,59.437222222222,24.745,59.43722152709961,24.74527740478516,457572.0,Wikidata P1082,2024-01-01,456518.0,28.0,Wikidata P2044,9.0,0,dropped (not used),,1154,Estonia,EST,30264.0064885057,2023,World Bank NY.GDP.PCAP.CD,,59.44,24.75,6.0,1248,40,27700,450000,5.98,WorldClim 2.1 tavg 1970-2000 2.5m (cell)
Riga,Europe,Riga,http://dbpedia.org/resource/Riga,Q1773,56.9475,24.106944444444,Wikidata P625,56.9475,24.106944444444,,,588911.0,Wikidata P1082,2026-01-01,591882.0,6.0,Wikidata P2044,,0,dropped (not used),,,Latvia,LVA,22710.2637544197,2023,World Bank NY.GDP.PCAP.CD,1201,56.95,24.11,6.4,1201,7,21200,615000,6.72,WorldClim 2.1 tavg 1970-2000 2.5m (cell)
Vilnius,Europe,Vilnius,http://dbpedia.org/resource/Vilnius,Q216,54.68722152709961,25.28000068664551,DBpedia,54.687222222222225,25.28,54.68722152709961,25.28000068664551,581475.0,Wikidata P1082,2023-01-01,607667.0,112.0,Wikidata P2044,112.0,0,dropped (not used),,1323,Lithuania,LTU,27983.3658256887,2023,World Bank NY.GDP.PCAP.CD,1201,54.69,25.28,6.7,1323,112,23500,580000,6.75,WorldClim 2.1 tavg 1970-2000 2.5m (cell)
Copenhagen,Europe,Copenhagen,http://dbpedia.org/resource/Copenhagen,Q1748,55.67610931396484,12.56833362579346,DBpedia,55.676111111111,12.568888888889,55.67610931396484,12.56833362579346,667099.0,Wikidata P1082,2025-01-01,667099.0,14.0,Wikidata P2044,,0,dropped (not used),,1001,Denmark,DNK,68043.5466971243,2023,World Bank NY.GDP.PCAP.CD,1167,55.68,12.57,8.7,1167,14,63000,794000,8.76,WorldClim 2.1 tavg 1970-2000 2.5m (cell)
Dublin,Europe,Dublin,http://dbpedia.org/resource/Dublin,Q1761,53.34999847412109,-6.26027774810791,DBpedia,53.34972222222222,-6.260277777777778,53.34999847412109,-6.26027774810791,592713.0,Wikidata P1082,2022-04-03,592713.0,20.0,Wikidata P2044,,0,dropped (not used),,140,Ireland,IRL,106818.917130804,2023,World Bank NY.GDP.PCAP.CD,841,53.35,-6.26,9.8,841,20,100200,554000,10.03,WorldClim 2.1 tavg 1970-2000 2.5m (cell)
Edinburgh,Europe,Edinburgh,http://dbpedia.org/resource/Edinburgh,Q23436,55.95000076293945,-3.183333396911621,DBpedia,55.95333333333333,-3.1891666666666665,55.95000076293945,-3.183333396911621,488050.0,Wikidata P1082,2016-00-00,,47.0,Wikidata P2044,,0,dropped (not used),1996,,United Kingdom,GBR,49919.6896621586,2023,World Bank NY.GDP.PCAP.CD,601,55.95,-3.19,8.9,1125,47,46500,525000,8.71,WorldClim 2.1 tavg 1970-2000 2.5m (cell)
London,Europe,London,http://dbpedia.org/resource/London,Q84,51.50722122192383,-0.1274999976158142,DBpedia,51.507222222222,-0.1275,51.50722122192383,-0.1274999976158142,8799728.0,Wikidata P1082,2021-00-00,9841000.0,4.0,Wikidata P2044,,0,dropped (not used),,,United Kingdom,GBR,49919.6896621586,2023,World Bank NY.GDP.PCAP.CD,47,51.51,-0.13,11.3,43,11,46500,8982000,10.78,WorldClim 2.1 tavg 1970-2000 2.5m (cell)
Amsterdam,Europe,Amsterdam,http://dbpedia.org/resource/Amsterdam,Q727,52.37277603149414,4.893610954284668,DBpedia,52.36666666666667,4.883333333333333,52.37277603149414,4.893610954284668,921468.0,Wikidata P1082,2023-01-00,933680.0,-2.0,Wikidata P2044,-2.0,0,dropped (not used),,1275,Netherlands,NLD,63515.6030780019,2023,World Bank NY.GDP.PCAP.CD,1300,52.37,4.9,10.2,1275,-2,57100,873000,9.98,WorldClim 2.1 tavg 1970-2000 2.5m (cell)
Brussels,Europe,Brussels,http://dbpedia.org/resource/Brussels,Q240,50.8466682434082,4.352499961853027,DBpedia,50.846666666666664,4.3525,50.8466682434082,4.352499961853027,1255795.0,Wikidata P1082,2025-01-01,1249597.0,13.0,Wikidata P2044,13.0,0,dropped (not used),1229,,Belgium,BEL,55244.68145811,2023,World Bank NY.GDP.PCAP.CD,1989,50.85,4.35,10.5,979,13,51800,185000,10.84,WorldClim 2.1 tavg 1970-2000 2.5m (cell)
Paris,Europe,Paris,http://dbpedia.org/resource/Paris,Q90,48.85666666666667,2.352222222222222,Wikidata P625,48.85666666666667,2.352222222222222,,,2103778.0,Wikidata P1082,2023-01-01,2048472.0,48.0,Wikidata P2044,78.0,0,dropped (not used),,,France,FRA,44700.1384177544,2023,World Bank NY.GDP.PCAP.CD,-300,48.86,2.35,11.3,-250,35,42300,2161000,11.94,WorldClim 2.1 tavg 1970-2000 2.5m (cell)
Berlin,Europe,Berlin,http://dbpedia.org/resource/Berlin,Q64,52.52000045776367,13.40499973297119,DBpedia,52.516666666667,13.383333333333,52.52000045776367,13.40499973297119,3700577.0,Wikidata P1082,2025-12-31,3596999.0,34.0,Wikidata P2044,34.0,0,dropped (not used),,1237,Germany,DEU,54776.7668235491,2023,World Bank NY.GDP.PCAP.CD,1244,52.52,13.41,9.6,1237,34,51200,3645000,9.81,WorldClim 2.1 tavg 1970-2000 2.5m (cell)
Hamburg,Europe,Hamburg,http://dbpedia.org/resource/Hamburg,Q1055,53.54999923706055,10.0,DBpedia,53.55,10,53.54999923706055,10.0,1869473.0,Wikidata P1082,2025-12-31,,6.0,Wikidata P2044,,0,dropped (not used),,810,Germany,DEU,54776.7668235491,2023,World Bank NY.GDP.PCAP.CD,,53.55,9.99,9.0,810,6,51200,1845000,9.55,WorldClim 2.1 tavg 1970-2000 2.5m (cell)
Munich,Europe,Munich,http://dbpedia.org/resource/Munich,Q1726,48.13750076293945,11.57499980926514,DBpedia,48.1375,11.575,48.13750076293945,11.57499980926514,1505036.0,Wikidata P1082,2025-12-31,,519.0,Wikidata P2044,,0,dropped (not used),,1158,Germany,DEU,54776.7668235491,2023,World Bank NY.GDP.PCAP.CD,1158,48.14,11.58,8.7,1158,520,51200,1472000,9.42,WorldClim 2.1 tavg 1970-2000 2.5m (cell)
Frankfurt,Europe,Frankfurt,http://dbpedia.org/resource/Frankfurt,Q1794,50.11055374145508,8.682222366333008,DBpedia,50.11055555555556,8.682222222222222,50.11055374145508,8.682222366333008,760656.0,Wikidata P1082,2025-12-31,,112.0,Wikidata P2044,,0,dropped (not used),,794,Germany,DEU,54776.7668235491,2023,World Bank NY.GDP.PCAP.CD,100,50.11,8.68,10.4,794,112,51200,753000,10.47,WorldClim 2.1 tavg 1970-2000 2.5m (cell)
Zurich,Europe,Zurich,http://dbpedia.org/resource/Zurich,Q72,47.37444305419922,8.54111099243164,DBpedia,47.37444444444444,8.54111111111111,47.37444305419922,8.541110992431641,452421.0,Wikidata P1082,2025-12-31,,408.0,Wikidata P2044,,0,dropped (not used),,929,Switzerland,CHE,104449.75451772,2023,World Bank NY.GDP.PCAP.CD,200,47.38,8.54,9.3,-15,408,93500,421000,9.52,WorldClim 2.1 tavg 1970-2000 2.5m (cell)
Geneva,Europe,Geneva,http://dbpedia.org/resource/Geneva,Q71,46.20166778564453,6.146944522857666,DBpedia,46.2,6.15,46.20166778564453,6.146944522857666,209061.0,Wikidata P1082,2024-12-31,,368.0,Copernicus DEM GLO-90 (Open-Meteo elevation API),,0,dropped (not used),,,Switzerland,CHE,104449.75451772,2023,World Bank NY.GDP.PCAP.CD,,46.2,6.14,10.5,-500,375,93500,203000,10.15,WorldClim 2.1 tavg 1970-2000 2.5m (cell)
Vienna,Europe,Vienna,http://dbpedia.org/resource/Vienna,Q1741,48.208333333333336,16.3725,Wikidata P625,48.208333333333336,16.3725,,,2028289.0,Wikidata P1082,2025-01-01,,151.0,Wikidata P2044,151.0,0,dropped (not used),,-100,Austria,AUT,56579.504175468,2023,World Bank NY.GDP.PCAP.CD,-100,48.21,16.37,10.4,-500,171,53600,1911000,10.37,WorldClim 2.1 tavg 1970-2000 2.5m (cell)
Prague,Europe,Prague,http://dbpedia.org/resource/Prague,Q1085,50.08750152587891,14.42138862609863,DBpedia,50.0875,14.421388888888888,50.08750152587891,14.42138862609863,1397880.0,Wikidata P1082,2025-01-01,1397880.0,235.0,Wikidata P2044,,0,dropped (not used),,965,Czech Republic,CZE,31761.5944102491,2023,World Bank NY.GDP.PCAP.CD,800,50.08,14.44,8.4,885,235,27200,1309000,10.05,WorldClim 2.1 tavg 1970-2000 2.5m (cell)
Warsaw,Europe,Warsaw,http://dbpedia.org/resource/Warsaw,Q270,52.22999954223633,21.01111030578613,DBpedia,52.23,21.011111111111113,52.22999954223633,21.01111030578613,1862402.0,Wikidata P1082,2024-06-31,1862402.0,118.0,Wikidata P2044,99.9744,0,dropped (not used),,1313,Poland,POL,22145.2660647429,2023,World Bank NY.GDP.PCAP.CD,,52.23,21.01,8.5,1300,100,17800,1794000,8.34,WorldClim 2.1 tavg 1970-2000 2.5m (cell)
Krakow,Europe,Kraków,http://dbpedia.org/resource/Kraków,Q31487,50.0613899230957,19.93722152709961,DBpedia,50.061388888889,19.937222222222,50.0613899230957,19.93722152709961,804237.0,Wikidata P1082,2023-06-30,804237.0,219.0,Wikidata P2044,,0,dropped (not used),1257,966,Poland,POL,22145.2660647429,2023,World Bank NY.GDP.PCAP.CD,,50.06,19.94,8.5,965,219,17800,780000,9.14,WorldClim 2.1 tavg 1970-2000 2.5m (cell)
Budapest,Europe,Budapest,http://dbpedia.org/resource/Budapest,Q1781,47.49250030517578,19.05138969421387,DBpedia,47.498333333333,19.040833333333,47.49250030517578,19.05138969421387,1685209.0,Wikidata P1082,2025-01-01,1685209.0,117.0,Wikidata P2044,96.012,0,dropped (not used),1873,,Hungary,HUN,22208.6509820466,2023,World Bank NY.GDP.PCAP.CD,1873,47.5,19.04,11.3,1873,96,18900,1752000,11.46,WorldClim 2.1 tavg 1970-2000 2.5m (cell)
Bucharest,Europe,Bucharest,http://dbpedia.org/resource/Bucharest,Q19660,44.43249893188477,26.10388946533203,DBpedia,44.41336111111111,26.09777777777778,44.43249893188477,26.10388946533203,1716961.0,Wikidata P1082,2021-12-01,1877155.0,70.0,Wikidata P2044,55.80888,0,dropped (not used),,,Romania,ROU,18244.4186876321,2023,World Bank NY.GDP.PCAP.CD,1459,44.43,26.1,10.8,1459,55,14800,1794000,10.78,WorldClim 2.1 tavg 1970-2000 2.5m (cell)
Sofia,Europe,Sofia,http://dbpedia.org/resource/Sofia,Q472,42.70000076293945,23.32999992370605,DBpedia,42.697886,23.321726,42.70000076293945,23.32999992370605,1213134.0,Wikidata P1082,2025-12-31,1291591.0,560.0,Wikidata P2044,500.0,0,dropped (not used),,,Bulgaria,BGR,15854.0192893772,2023,World Bank NY.GDP.PCAP.CD,,42.7,23.32,10.6,-500,550,12200,1241000,10.16,WorldClim 2.1 tavg 1970-2000 2.5m (cell)
Belgrade,Europe,Belgrade,http://dbpedia.org/resource/Belgrade,Q3711,44.81777954101562,20.45694351196289,DBpedia,44.81777777777778,20.456944444444446,44.81777954101562,20.45694351196289,1197714.0,Wikidata P1082,2022-10-01,1197714.0,117.0,Wikidata P2044,117.0432,0,dropped (not used),,-201,Serbia,SRB,12281.707946167,2023,World Bank NY.GDP.PCAP.CD,,44.79,20.47,11.8,-279,117,8900,1166000,12.12,WorldClim 2.1 tavg 1970-2000 2.5m (cell)
Zagreb,Europe,Zagreb,http://dbpedia.org/resource/Zagreb,Q1435,45.81305694580078,15.97749996185303,DBpedia,45.81305555555556,15.977222222222222,45.81305694580078,15.97749996185303,767131.0,Wikidata P1082,2021-08-31,767131.0,127.0,Wikidata P2044,158.0,0,dropped (not used),,1094,Croatia,HRV,22183.4982258492,2023,World Bank NY.GDP.PCAP.CD,1094,45.81,15.98,11.3,1094,122,17400,790000,11.34,WorldClim 2.1 tavg 1970-2000 2.5m (cell)
Ljubljana,Europe,Ljubljana,http://dbpedia.org/resource/Ljubljana,Q437,46.05138778686523,14.50611114501953,DBpedia,46.05138888888889,14.50611111111111,46.05138778686523,14.50611114501953,284293.0,Wikidata P1082,2022-01-01,300354.0,309.0,Wikidata P2044,295.0464,0,dropped (not used),1461,1144,Slovenia,SVN,32660.4753581346,2023,World Bank NY.GDP.PCAP.CD,,46.06,14.51,10.4,-2000,295,28400,286000,9.63,WorldClim 2.1 tavg 1970-2000 2.5m (cell)
Rome,Europe,Rome,http://dbpedia.org/resource/Rome,Q220,41.89333343505859,12.48277759552002,DBpedia,41.893055555556,12.482777777778,41.89333343505859,12.48277759552002,2748109.0,Wikidata P1082,2023-01-01,2746984.0,21.0,Wikidata P2044,21.0,0,dropped (not used),-753,,Italy,ITA,39279.699782164,2023,World Bank NY.GDP.PCAP.CD,-753,41.9,12.5,15.7,-753,21,34500,2873000,15.68,WorldClim 2.1 tavg 1970-2000 2.5m (cell)
Milan,Europe,Milan,http://dbpedia.org/resource/Milan,Q490,45.46694564819336,9.1899995803833,DBpedia,45.466944444444,9.19,45.46694564819336,9.189999580383301,1354196.0,Wikidata P1082,2023-01-01,1366155.0,138.0,Wikidata P2044,120.0,0,dropped (not used),,,Italy,ITA,39279.699782164,2023,World Bank NY.GDP.PCAP.CD,-600,45.46,9.19,13.1,-400,120,34500,1372000,13.06,WorldClim 2.1 tavg 1970-2000 2.5m (cell)
Naples,Europe,Naples,http://dbpedia.org/resource/Naples,Q2634,40.83583333333333,14.248611111111112,Wikidata P625,40.83583333333333,14.248611111111112,,,913462.0,Wikidata P1082,2023-01-01,908082.0,17.0,Wikidata P2044,99.8,0,dropped (not used),,,Italy,ITA,39279.699782164,2023,World Bank NY.GDP.PCAP.CD,,40.85,14.27,16.0,-470,17,34500,967000,15.4,WorldClim 2.1 tavg 1970-2000 2.5m (cell)
Florence,Europe,Florence,http://dbpedia.org/resource/Florence,Q2044,43.77138900756836,11.25416660308838,DBpedia,43.771388888889,11.254166666667,43.77138900756836,11.25416660308838,360930.0,Wikidata P1082,2023-01-01,362353.0,50.0,Wikidata P2044,50.0,0,dropped (not used),,,Italy,ITA,39279.699782164,2023,World Bank NY.GDP.PCAP.CD,,43.77,11.25,14.6,-59,50,34500,382000,15.06,WorldClim 2.1 tavg 1970-2000 2.5m (cell)
Venice,Europe,Venice,http://dbpedia.org/resource/Venice,Q641,45.4375,12.33583354949951,DBpedia,45.439722222222,12.331944444444,45.4375,12.33583354949951,250369.0,Wikidata P1082,2023-01-01,249466.0,2.0,Wikidata P2044,1.0,0,dropped (not used),,,Italy,ITA,39279.699782164,2023,World Bank NY.GDP.PCAP.CD,421,45.44,12.32,13.0,421,1,34500,261000,13.09,WorldClim 2.1 tavg 1970-2000 2.5m (cell)
Madrid,Europe,Madrid,http://dbpedia.org/resource/Madrid,Q2807,40.41694259643555,-3.703333377838135,DBpedia,40.41694444444445,-3.703333333333333,40.41694259643555,-3.703333377838135,3506730.0,Wikidata P1082,2025-01-01,3322416.0,663.0,Wikidata P2044,650.0,0,dropped (not used),,871,Spain,ESP,33493.2225409111,2023,World Bank NY.GDP.PCAP.CD,,40.42,-3.7,14.5,852,650,30100,3223000,14.29,WorldClim 2.1 tavg 1970-2000 2.5m (cell)
Barcelona,Europe,Barcelona,http://dbpedia.org/resource/Barcelona,Q1492,41.3825,2.1769444444444,Wikidata P625 (DBpedia disagrees by >0.2 deg),41.3825,2.1769444444444,39.5,-3.700000047683716,1731649.0,Wikidata P1082,2025-01-01,1686208.0,9.0,Wikidata P2044,12.0,0,dropped (not used),,,Spain,ESP,33493.2225409111,2023,World Bank NY.GDP.PCAP.CD,,41.39,2.17,15.5,-230,12,30100,1620000,15.93,WorldClim 2.1 tavg 1970-2000 2.5m (cell)
Seville,Europe,Seville,http://dbpedia.org/resource/Seville,Q8717,37.38999938964844,-5.989999771118164,DBpedia,37.38861111111111,-5.995,37.38999938964844,-5.989999771118164,689423.0,Wikidata P1082,2025-00-00,686741.0,18.0,Wikidata P2044,7.0,0,dropped (not used),,,Spain,ESP,33493.2225409111,2023,World Bank NY.GDP.PCAP.CD,,37.39,-5.99,18.6,-206,7,30100,688000,18.63,WorldClim 2.1 tavg 1970-2000 2.5m (cell)
Lisbon,Europe,Lisbon,http://dbpedia.org/resource/Lisbon,Q597,38.72527694702148,-9.149999618530273,DBpedia,38.708042,-9.139016,38.72527694702148,-9.149999618530273,545796.0,Wikidata P1082,2021-00-00,575739.0,100.0,Wikidata P2044,2.0,0,dropped (not used),,-205,Portugal,PRT,27634.6183139773,2023,World Bank NY.GDP.PCAP.CD,,38.72,-9.14,16.3,-1200,2,24500,545000,16.83,WorldClim 2.1 tavg 1970-2000 2.5m (cell)
Porto,Europe,Porto,http://dbpedia.org/resource/Porto,Q36433,41.15,-8.610833333333334,Wikidata P625 (DBpedia disagrees by >0.2 deg),41.15,-8.610833333333334,39.29999923706055,-8.0,273476.0,Wikidata P1082,2025-00-00,252687.0,104.0,Wikidata P2044,104.0,0,dropped (not used),,,Portugal,PRT,27634.6183139773,2023,World Bank NY.GDP.PCAP.CD,,41.15,-8.61,14.4,-300,85,24500,249000,14.7,WorldClim 2.1 tavg 1970-2000 2.5m (cell)
Athens,Europe,Athens,http://dbpedia.org/resource/Athens,Q1524,37.98416519165039,23.72805595397949,DBpedia,37.98416666666667,23.728055555555557,37.98416519165039,23.72805595397949,643452.0,Wikidata P1082,2021-00-00,643452.0,74.0,Wikidata P2044,,0,dropped (not used),,,Greece,GRC,23343.7103964562,2023,World Bank NY.GDP.PCAP.CD,-7000,37.98,23.73,17.8,-3000,70,20200,664000,17.93,WorldClim 2.1 tavg 1970-2000 2.5m (cell)
Thessaloniki,Europe,Thessaloniki,http://dbpedia.org/resource/Thessaloniki,Q17151,40.640277777777776,22.935555555555556,Wikidata P625,40.640277777777776,22.935555555555556,,,309617.0,Wikidata P1082,2021-00-00,319045.0,6.0,Wikidata P2044,,0,dropped (not used),,-400,Greece,GRC,23343.7103964562,2023,World Bank NY.GDP.PCAP.CD,-315,40.64,22.94,15.8,-315,5,20200,325000,14.94,WorldClim 2.1 tavg 1970-2000 2.5m (cell)
Marseille,Europe,Marseille,http://dbpedia.org/resource/Marseille,Q23482,43.2963981628418,5.369999885559082,DBpedia,43.296666666667,5.3763888888889,43.2963981628418,5.369999885559082,886040.0,Wikidata P1082,2023-01-01,,6.0,Wikidata P2044,,0,dropped (not used),,,France,FRA,44700.1384177544,2023,World Bank NY.GDP.PCAP.CD,-600,43.3,5.37,15.0,-600,12,42300,870000,15.44,WorldClim 2.1 tavg 1970-2000 2.5m (cell)
Lyon,Europe,Lyon,http://dbpedia.org/resource/Lyon,Q456,45.7599983215332,4.840000152587891,DBpedia,45.7675,4.835,45.7599983215332,4.840000152587891,519127.0,Wikidata P1082,2023-01-01,,173.0,Wikidata P2044,,0,dropped (not used),,,France,FRA,44700.1384177544,2023,World Bank NY.GDP.PCAP.CD,,45.76,4.84,12.4,-43,175,42300,516000,12.17,WorldClim 2.1 tavg 1970-2000 2.5m (cell)
Minsk,Europe,Minsk,http://dbpedia.org/resource/Minsk,Q2280,53.90055465698242,27.5586109161377,DBpedia,53.902246,27.561837,53.90055465698242,27.5586109161377,1995091.0,Wikidata P1082,2026-01-01,1996730.0,280.0,Wikidata P2044,280.6,0,dropped (not used),,1067,Belarus,BLR,7896.75388295584,2023,World Bank NY.GDP.PCAP.CD,,53.9,27.57,6.7,1067,220,7000,1996000,6.3,WorldClim 2.1 tavg 1970-2000 2.5m (cell)
Kyiv,Europe,Kyiv,http://dbpedia.org/resource/Kyiv,Q1899,50.40000152587891,30.5233325958252,DBpedia,50.45,30.523611111111,50.40000152587891,30.5233325958252,2952301.0,Wikidata P1082,2022-01-01,2952301.0,179.0,Wikidata P2044,179.0,0,dropped (not used),,,Ukraine,UKR,5139.59814453125,2023,World Bank NY.GDP.PCAP.CD,482,50.45,30.52,8.4,482,179,4800,2952000,8.09,WorldClim 2.1 tavg 1970-2000 2.5m (cell)
Moscow,Europe,Moscow,http://dbpedia.org/resource/Moscow,Q649,55.59999847412109,37.59999847412109,DBpedia,55.75055555555556,37.6175,55.59999847412109,37.59999847412109,13274285.0,Wikidata P1082,2025-01-01,13010112.0,156.0,Wikidata P2044,156.0,0,dropped (not used),,1147,Russia,RUS,13986.9951171875,2023,World Bank NY.GDP.PCAP.CD,,55.76,37.62,5.8,1147,156,12100,12636000,5.05,WorldClim 2.1 tavg 1970-2000 2.5m (cell)
Saint Petersburg,Europe,Saint Petersburg,http://dbpedia.org/resource/Saint_Petersburg,Q656,59.9375,30.3086109161377,DBpedia,59.95,30.316666666667,59.9375,30.3086109161377,5652922.0,Wikidata P1082,2025-01-01,5601911.0,3.0,Wikidata P2044,3.0,0,dropped (not used),1703,,Russia,RUS,13986.9951171875,2023,World Bank NY.GDP.PCAP.CD,1703,59.93,30.32,5.8,1703,3,12100,5384000,5.41,WorldClim 2.1 tavg 1970-2000 2.5m (cell)
Cairo,Africa,Cairo,http://dbpedia.org/resource/Cairo,Q85,30.0444450378418,31.2358341217041,DBpedia,30.044444444444444,31.235833333333332,30.0444450378418,31.2358341217041,9801536.0,Wikidata P1082,2023-07-01,9801536.0,23.0,Wikidata P2044,23.0,0,dropped (not used),,969,Egypt,EGY,3456.78965212363,2023,World Bank NY.GDP.PCAP.CD,969,30.04,31.24,21.4,969,75,3900,9500000,21.69,WorldClim 2.1 tavg 1970-2000 2.5m (cell)
Alexandria,Africa,Alexandria,http://dbpedia.org/resource/Alexandria,Q87,31.19750022888184,29.89249992370605,DBpedia,31.1975,29.8925,31.19750022888184,29.89249992370605,5362517.0,Wikidata P1082,2023-07-01,,-1.0,Wikidata P2044,1.0,0,dropped (not used),,-331,Egypt,EGY,3456.78965212363,2023,World Bank NY.GDP.PCAP.CD,-331,31.2,29.92,20.5,-331,5,3900,5200000,20.43,WorldClim 2.1 tavg 1970-2000 2.5m (cell)
Casablanca,Africa,Casablanca,http://dbpedia.org/resource/Casablanca,Q7903,33.53333282470703,-7.583333492279053,DBpedia,33.599166666667,-7.62,33.53333282470703,-7.583333492279053,3215935.0,Wikidata P1082,2024-00-00,3218036.0,115.0,Wikidata P2044,0.0,0,dropped (not used),,,Morocco,MAR,3813.72607421875,2023,World Bank NY.GDP.PCAP.CD,,33.59,-7.59,17.7,768,27,3600,3360000,17.41,WorldClim 2.1 tavg 1970-2000 2.5m (cell)
Marrakech,Africa,Marrakesh,http://dbpedia.org/resource/Marrakesh,Q101625,31.6299991607666,-8.008889198303223,DBpedia,31.62947,-7.98108,31.6299991607666,-8.008889198303223,1002697.0,Wikidata P1082,2024-00-00,1002697.0,465.0,Wikidata P2044,466.0,0,dropped (not used),,,Morocco,MAR,3813.72607421875,2023,World Bank NY.GDP.PCAP.CD,1065,31.63,-8.01,19.6,1062,457,3600,929000,19.39,WorldClim 2.1 tavg 1970-2000 2.5m (cell)
Tunis,Africa,Tunis,http://dbpedia.org/resource/Tunis,Q3572,36.80638885498047,10.18166637420654,DBpedia,36.800833333333,10.18,36.80638885498047,10.18166637420654,602560.0,Wikidata P1082,2022-01-01,693210.0,4.0,Wikidata P2044,,0,dropped (not used),,,Tunisia,TUN,3951.11683376921,2023,World Bank NY.GDP.PCAP.CD,,36.81,10.18,18.4,-814,4,3800,639000,18.69,WorldClim 2.1 tavg 1970-2000 2.5m (cell)
Algiers,Africa,Algiers,http://dbpedia.org/resource/Algiers,Q3561,36.73249816894531,3.087222337722778,DBpedia,36.776388888889,3.0586111111111,36.73249816894531,3.087222337722778,2364230.0,Wikidata P1082,2008-04-14,4325000.0,0.0,Wikidata P2044,,0,dropped (not used),,,Algeria,DZA,5370.477235078,2023,World Bank NY.GDP.PCAP.CD,944,36.75,3.04,17.6,-944,0,4000,3415000,17.88,WorldClim 2.1 tavg 1970-2000 2.5m (cell)
Tripoli,Africa,"Tripoli, Libya","http://dbpedia.org/resource/Tripoli,_Libya",Q3579,32.88722229003906,13.1913890838623,DBpedia,32.8875,13.1875,32.88722229003906,13.1913890838623,1293016.0,Wikidata P1082,2020-01-01,1183000.0,81.0,Wikidata P2044,81.0768,0,dropped (not used),,,Libya,LBY,6026.51518708812,2023,World Bank NY.GDP.PCAP.CD,-601,32.9,13.18,20.0,-700,7,6100,1170000,20.06,WorldClim 2.1 tavg 1970-2000 2.5m (cell)
Lagos,Africa,Lagos,http://dbpedia.org/resource/Lagos,Q8673,6.455027103424072,3.384082078933716,DBpedia,6.456111111111111,3.3936111111111114,6.455027103424072,3.384082078933716,15070000.0,Wikidata P1082,2022-03-21,8048430.0,34.0,Wikidata P2044,41.148,0,dropped (not used),,,Nigeria,NGA,2138.76383718757,2023,World Bank NY.GDP.PCAP.CD,1472,6.52,3.38,27.0,1472,41,2100,9000000,27.07,WorldClim 2.1 tavg 1970-2000 2.5m (cell)
Abuja,Africa,Abuja,http://dbpedia.org/resource/Abuja,Q3787,9.066666603088379,7.483333110809326,DBpedia,9.0555555555556,7.4913888888889,9.066666603088379,7.483333110809326,1693400.0,Wikidata P1082,2022-00-00,1693400.0,360.0,Wikidata P2044,360.0,0,dropped (not used),1984,1700,Nigeria,NGA,2138.76383718757,2023,World Bank NY.GDP.PCAP.CD,1828,9.06,7.49,25.7,1828,476,2100,1236000,26.57,WorldClim 2.1 tavg 1970-2000 2.5m (cell)
Accra,Africa,Accra,http://dbpedia.org/resource/Accra,Q3761,5.550000190734863,-0.2000000029802322,DBpedia,5.55602,-0.1969,5.550000190734863,-0.2000000029802322,1782150.0,Wikidata P1082,2021-00-00,284124.0,61.0,Wikidata P2044,61.0,0,dropped (not used),,1500,Ghana,GHA,2383.90410476221,2023,World Bank NY.GDP.PCAP.CD,,5.56,-0.19,27.1,1877,61,2400,2291000,27.3,WorldClim 2.1 tavg 1970-2000 2.5m (cell)
Dakar,Africa,Dakar,http://dbpedia.org/resource/Dakar,Q3718,14.69277763366699,-17.4466667175293,DBpedia,14.672555555555556,-17.432,14.69277763366699,-17.4466667175293,1438725.0,Wikidata P1082,2021-00-00,1278469.0,10.0,Wikidata P2044,22.0,0,dropped (not used),,1857,Senegal,SEN,1698.03387300843,2023,World Bank NY.GDP.PCAP.CD,,14.69,-17.44,25.0,1857,22,1600,1146000,24.29,WorldClim 2.1 tavg 1970-2000 2.5m (cell)
Bamako,Africa,Bamako,http://dbpedia.org/resource/Bamako,Q3703,12.63916683197021,-8.002778053283691,DBpedia,12.645833333333,-7.9922222222222,12.63916683197021,-8.002778053283691,4227569.0,Wikidata P1082,2023-00-00,4227569.0,350.0,Wikidata P2044,350.0,0,dropped (not used),,,Mali,MLI,1042.44223444837,2023,World Bank NY.GDP.PCAP.CD,,12.65,-8.0,28.2,1640,350,900,2446000,27.97,WorldClim 2.1 tavg 1970-2000 2.5m (cell)
Abidjan,Africa,Abidjan,http://dbpedia.org/resource/Abidjan,Q1515,5.316666603088379,-4.033333301544189,DBpedia,5.3363888888889,-4.0266666666667,5.316666603088379,-4.033333301544189,5616633.0,Wikidata P1082,2021-00-00,6321017.0,18.0,Wikidata P2044,18.0,0,dropped (not used),,1896,Ivory Coast,CIV,2591.9659048119,2023,World Bank NY.GDP.PCAP.CD,1898,5.36,-4.01,26.4,1898,18,2500,4707000,26.45,WorldClim 2.1 tavg 1970-2000 2.5m (cell)
Kinshasa,Africa,Kinshasa,http://dbpedia.org/resource/Kinshasa,Q3838,-4.321944236755371,15.31194400787354,DBpedia,-4.321944444444444,15.311944444444444,-4.321944236755371,15.31194400787354,14565700.0,Wikidata P1082,2020-07-01,17071000.0,240.0,Wikidata P2044,240.0,0,dropped (not used),,,Democratic Republic of the Congo,COD,660.21205238997,2023,World Bank NY.GDP.PCAP.CD,1881,-4.44,15.27,25.3,1881,240,580,14970000,25.63,WorldClim 2.1 tavg 1970-2000 2.5m (cell)
Brazzaville,Africa,Brazzaville,http://dbpedia.org/resource/Brazzaville,Q3844,-4.266666889190674,15.26666641235352,DBpedia,-4.269444444444445,15.27111111111111,-4.266666889190674,15.26666641235352,2145783.0,Wikidata P1082,2023-00-00,2138236.0,320.0,Wikidata P2044,320.0,0,dropped (not used),,1880,Republic of the Congo,COG,2477.97845544866,2023,World Bank NY.GDP.PCAP.CD,1880,-4.27,15.28,25.0,1880,317,2400,1838000,25.43,WorldClim 2.1 tavg 1970-2000 2.5m (cell)
Luanda,Africa,Luanda,http://dbpedia.org/resource/Luanda,Q3897,-8.838333129882812,13.2344446182251,DBpedia,-8.838333333333333,13.234444444444444,-8.838333129882812,13.2344446182251,2487444.0,Wikidata P1082,2018-07-01,2831280.0,6.0,Wikidata P2044,6.0,0,dropped (not used),1576,,Angola,AGO,2885.51349130806,2023,World Bank NY.GDP.PCAP.CD,1575,-8.84,13.23,25.8,1575,6,3500,2776000,25.29,WorldClim 2.1 tavg 1970-2000 2.5m (cell)
Nairobi,Africa,Nairobi,http://dbpedia.org/resource/Nairobi,Q3870,-1.286388874053955,36.81722259521484,DBpedia,-1.2863888888889,36.817222222222,-1.286388874053955,36.81722259521484,5545000.0,Wikidata P1082,2016-00-00,4397073.0,1661.0,Wikidata P2044,1795.0,0,dropped (not used),,,Kenya,KEN,1942.58802756191,2023,World Bank NY.GDP.PCAP.CD,1899,-1.29,36.82,17.8,1899,1795,2100,4397000,19.42,WorldClim 2.1 tavg 1970-2000 2.5m (cell)
Kampala,Africa,Kampala,http://dbpedia.org/resource/Kampala,Q3894,0.3136111199855804,32.58111190795898,DBpedia,0.31361111111111,32.581111111111,0.3136111199855804,32.58111190795898,1680600.0,Wikidata P1082,2019-00-00,4265160.0,1190.0,Wikidata P2044,1200.0,0,dropped (not used),,,Uganda,UGA,1002.30913917142,2023,World Bank NY.GDP.PCAP.CD,,0.35,32.58,21.5,1890,1190,860,1650000,21.67,WorldClim 2.1 tavg 1970-2000 2.5m (cell)
Dar es Salaam,Africa,Dar es Salaam,http://dbpedia.org/resource/Dar_es_Salaam,Q1960,-6.816111087799072,39.28027725219727,DBpedia,-6.816111111111111,39.280277777777776,-6.816111087799072,39.28027725219727,4715000.0,Wikidata P1082,2016-00-00,7776000.0,12.0,Wikidata P2044,,0,dropped (not used),,,Tanzania,TZA,1224.00219726563,2023,World Bank NY.GDP.PCAP.CD,1862,-6.79,39.28,26.0,1862,24,1100,4365000,26.28,WorldClim 2.1 tavg 1970-2000 2.5m (cell)
Addis Ababa,Africa,Addis Ababa,http://dbpedia.org/resource/Addis_Ababa,Q3624,9.029999732971191,38.7400016784668,DBpedia,9.035833333333333,38.7525,9.029999732971191,38.7400016784668,5704000.0,Wikidata P1082,2024-00-00,,2355.0,Wikidata P2044,2355.0,0,dropped (not used),,,Ethiopia,ETH,1055.81091593061,2023,World Bank NY.GDP.PCAP.CD,1886,9.02,38.75,16.3,1886,2355,960,3352000,16.13,WorldClim 2.1 tavg 1970-2000 2.5m (cell)
Khartoum,Africa,Khartoum,http://dbpedia.org/resource/Khartoum,Q1963,15.60000038146973,32.5,DBpedia,15.60308,32.52654,15.60000038146973,32.5,5345000.0,Wikidata P1082,2018-00-00,1410858.0,382.0,Wikidata P2044,381.0,0,dropped (not used),,,Sudan,SDN,797.283447265625,2023,World Bank NY.GDP.PCAP.CD,,15.5,32.56,29.9,1821,382,600,1975000,29.63,WorldClim 2.1 tavg 1970-2000 2.5m (cell)
Mogadishu,Africa,Mogadishu,http://dbpedia.org/resource/Mogadishu,Q2449,2.039166688919067,45.34194564819336,DBpedia,2.0391666666666666,45.341944444444444,2.039166688919067,45.34194564819336,2120000.0,Wikidata P1082,2015-00-00,,9.0,Wikidata P2044,,0,dropped (not used),,1331,Somalia,SOM,596.885985135589,2023,World Bank NY.GDP.PCAP.CD,,2.05,45.34,27.1,900,12,500,2590000,26.98,WorldClim 2.1 tavg 1970-2000 2.5m (cell)
Johannesburg,Africa,Johannesburg,http://dbpedia.org/resource/Johannesburg,Q34647,-26.20444488525391,28.04555511474609,DBpedia,-26.204361111111,28.041638888889,-26.20444488525391,28.04555511474609,4803262.0,Wikidata P1082,2022-00-00,4803262.0,1753.0,Wikidata P2044,1753.0,0,dropped (not used),,,South Africa,ZAF,6034.27208964673,2023,World Bank NY.GDP.PCAP.CD,1886,-26.2,28.04,16.0,1886,1753,6000,957000,15.35,WorldClim 2.1 tavg 1970-2000 2.5m (cell)
Cape Town,Africa,Cape Town,http://dbpedia.org/resource/Cape_Town,Q5465,-33.92527770996094,18.42388916015625,DBpedia,-33.92527777777778,18.42388888888889,-33.92527770996094,18.42388916015625,3776313.0,Wikidata P1082,2021-00-00,,5.0,Wikidata P2044,,0,dropped (not used),1652,,South Africa,ZAF,6034.27208964673,2023,World Bank NY.GDP.PCAP.CD,1652,-33.93,18.42,16.7,1652,0,6000,433000,16.77,WorldClim 2.1 tavg 1970-2000 2.5m (cell)
Durban,Africa,Durban,http://dbpedia.org/resource/Durban,Q5468,-29.88333320617676,31.04999923706055,DBpedia,-29.858333333333,31.025,-29.88333320617676,31.04999923706055,595061.0,Wikidata P1082,2011-00-00,595061.0,22.0,Wikidata P2044,,0,dropped (not used),1824,,South Africa,ZAF,6034.27208964673,2023,World Bank NY.GDP.PCAP.CD,1835,-29.86,31.02,20.5,1835,8,6000,595000,20.61,WorldClim 2.1 tavg 1970-2000 2.5m (cell)
Pretoria,Africa,Pretoria,http://dbpedia.org/resource/Pretoria,Q3926,-25.7461109161377,28.18805503845215,DBpedia,-25.746388888889,28.188055555556,-25.7461109161377,28.18805503845215,741651.0,Wikidata P1082,2011-00-00,2818100.0,1339.0,Wikidata P2044,1339.0,0,dropped (not used),1855,,South Africa,ZAF,6034.27208964673,2023,World Bank NY.GDP.PCAP.CD,1855,-25.75,28.19,17.5,1855,1339,6000,742000,18.41,WorldClim 2.1 tavg 1970-2000 2.5m (cell)
Harare,Africa,Harare,http://dbpedia.org/resource/Harare,Q3921,-17.82916641235352,31.05222129821777,DBpedia,-17.829166666667,31.052222222222,-17.82916641235352,31.05222129821777,2150000.0,Wikidata P1082,2012-00-00,1491740.0,1492.0,Wikidata P2044,1490.0,0,dropped (not used),1890,,Zimbabwe,ZWE,2195.22502010174,2023,World Bank NY.GDP.PCAP.CD,1890,-17.83,31.05,18.0,1890,1490,1200,1530000,18.65,WorldClim 2.1 tavg 1970-2000 2.5m (cell)
Lusaka,Africa,Lusaka,http://dbpedia.org/resource/Lusaka,Q3881,-15.41666698455811,28.28333282470703,DBpedia,-15.416666666667,28.283333333333,-15.41666698455811,28.28333282470703,2467563.0,Wikidata P1082,2017-00-00,2204059.0,1279.0,Wikidata P2044,1279.0,0,dropped (not used),1960,,Zambia,ZMB,1330.72780576709,2023,World Bank NY.GDP.PCAP.CD,1905,-15.39,28.32,20.5,1905,1280,1200,2526000,20.39,WorldClim 2.1 tavg 1970-2000 2.5m (cell)
Maputo,Africa,Maputo,http://dbpedia.org/resource/Maputo,Q3889,-25.96666717529297,32.58333206176758,DBpedia,-25.968888888888888,32.57333333333333,-25.96666717529297,32.58333206176758,1133200.0,Wikidata P1082,2023-07-01,1088449.0,31.0,Wikidata P2044,47.0,0,dropped (not used),1876,,Mozambique,MOZ,622.191133245967,2023,World Bank NY.GDP.PCAP.CD,1781,-25.97,32.57,22.8,1781,47,500,1102000,22.98,WorldClim 2.1 tavg 1970-2000 2.5m (cell)
Antananarivo,Africa,Antananarivo,http://dbpedia.org/resource/Antananarivo,Q3915,-18.90999984741211,47.52500152587891,DBpedia,-18.91,47.525,-18.90999984741211,47.52500152587891,1275207.0,Wikidata P1082,2018-00-00,1274225.0,1276.0,Wikidata P2044,1276.0,0,dropped (not used),,,Madagascar,MDG,514.064076551927,2023,World Bank NY.GDP.PCAP.CD,1625,-18.91,47.52,18.4,1625,1276,530,1275000,18.99,WorldClim 2.1 tavg 1970-2000 2.5m (cell)
Windhoek,Africa,Windhoek,http://dbpedia.org/resource/Windhoek,Q3935,-22.56999969482422,17.08361053466797,DBpedia,-22.57,17.083611111111,-22.56999969482422,17.08361053466797,486169.0,Wikidata P1082,2023-00-00,486169.0,1650.0,Wikidata P2044,1655.064,0,dropped (not used),1890,,Namibia,NAM,4225.99102418102,2023,World Bank NY.GDP.PCAP.CD,1840,-22.56,17.08,20.0,1840,1655,4900,431000,19.28,WorldClim 2.1 tavg 1970-2000 2.5m (cell)
Gaborone,Africa,Gaborone,http://dbpedia.org/resource/Gaborone,Q3919,-24.65805625915527,25.91222190856934,DBpedia,-24.656944444444,25.908611111111,-24.65805625915527,25.91222190856934,235884.0,Wikidata P1082,2013-00-00,246325.0,1014.0,Wikidata P2044,1014.0,0,dropped (not used),,,Botswana,BWA,7827.30027960734,2023,World Bank NY.GDP.PCAP.CD,1965,-24.63,25.91,21.0,1964,1010,7000,232000,21.28,WorldClim 2.1 tavg 1970-2000 2.5m (cell)
Douala,Africa,Douala,http://dbpedia.org/resource/Douala,Q132830,4.050000190734863,9.683333396911621,DBpedia,4.05,9.7,4.050000190734863,9.683333396911621,2768436.0,Wikidata P1082,2015-00-00,4346000.0,13.0,Wikidata P2044,13.0,0,dropped (not used),,,Cameroon,CMR,1720.47510154506,2023,World Bank NY.GDP.PCAP.CD,,4.05,9.77,26.7,1884,13,1700,2768000,26.53,WorldClim 2.1 tavg 1970-2000 2.5m (cell)
Yaounde,Africa,Yaoundé,http://dbpedia.org/resource/Yaoundé,Q3808,3.866666555404663,11.51666641235352,DBpedia,3.8577777777778,11.518055555556,3.866666555404663,11.51666641235352,2440462.0,Wikidata P1082,2012-01-01,4854000.0,764.0,Wikidata P2044,726.0,0,dropped (not used),,,Cameroon,CMR,1720.47510154506,2023,World Bank NY.GDP.PCAP.CD,1888,3.87,11.52,23.8,1888,726,1700,2765000,23.97,WorldClim 2.1 tavg 1970-2000 2.5m (cell)
Conakry,Africa,Conakry,http://dbpedia.org/resource/Conakry,Q3733,9.509166717529297,-13.7122220993042,DBpedia,9.5091666666667,-13.712222222222,9.509166717529297,-13.7122220993042,1667864.0,Wikidata P1082,2014-01-01,1660973.0,13.0,Wikidata P2044,,0,dropped (not used),,,Guinea,GIN,1555.49375806861,2023,World Bank NY.GDP.PCAP.CD,,9.64,-13.58,26.8,1884,6,1300,1668000,27.94,WorldClim 2.1 tavg 1970-2000 2.5m (cell)
Freetown,Africa,Freetown,http://dbpedia.org/resource/Freetown,Q3780,8.487222671508789,-13.23555564880371,DBpedia,8.487222222222222,-13.235555555555555,8.487222671508789,-13.23555564880371,951000.0,Wikidata P1082,2014-01-01,1347559.0,26.0,Wikidata P2044,26.0,0,dropped (not used),1792,,Sierra Leone,SLE,758.329137301888,2023,World Bank NY.GDP.PCAP.CD,1792,8.48,-13.23,26.6,1792,14,500,1056000,26.44,WorldClim 2.1 tavg 1970-2000 2.5m (cell)
Istanbul,Asia,Istanbul,http://dbpedia.org/resource/Istanbul,Q406,41.01361083984375,28.95499992370605,DBpedia,41.01,28.960277777778,41.01361083984375,28.95499992370605,15655924.0,Wikidata P1082,2023-00-00,15701602.0,100.0,Wikidata P2044,,0,dropped (not used),330,,Turkey,TUR,13375.0947282864,2023,World Bank NY.GDP.PCAP.CD,1453,41.01,28.98,14.1,-660,39,10600,15460000,14.55,WorldClim 2.1 tavg 1970-2000 2.5m (cell)
Ankara,Asia,Ankara,http://dbpedia.org/resource/Ankara,Q3640,39.93000030517578,32.84999847412109,DBpedia,39.93576,32.83869,39.93000030517578,32.84999847412109,5803482.0,Wikidata P1082,2023-00-00,5864049.0,938.0,Wikidata P2044,938.0,0,dropped (not used),,,Turkey,TUR,13375.0947282864,2023,World Bank NY.GDP.PCAP.CD,,39.93,32.87,12.0,-1200,938,10600,5663000,11.16,WorldClim 2.1 tavg 1970-2000 2.5m (cell)
Tehran,Asia,Tehran,http://dbpedia.org/resource/Tehran,Q3616,35.68888854980469,51.38972091674805,DBpedia,35.68888888888889,51.389722222222225,35.68888854980469,51.38972091674805,8693706.0,Wikidata P1082,2016-00-00,8693706.0,1179.0,Wikidata P2044,1040.0,0,dropped (not used),,,Iran,IRN,5049.29931642754,2023,World Bank NY.GDP.PCAP.CD,1794,35.69,51.39,17.0,-3000,1191,3800,8694000,16.81,WorldClim 2.1 tavg 1970-2000 2.5m (cell)
Baghdad,Asia,Baghdad,http://dbpedia.org/resource/Baghdad,Q1530,33.31527709960938,44.36611175537109,DBpedia,33.31527777777778,44.36611111111111,33.31527709960938,44.36611175537109,8126755.0,Wikidata P1082,2018-00-00,,34.0,Wikidata P2044,34.0,0,dropped (not used),762,,Iraq,IRQ,5965.31835077761,2023,World Bank NY.GDP.PCAP.CD,762,33.31,44.37,22.8,-762,34,5000,7144000,22.81,WorldClim 2.1 tavg 1970-2000 2.5m (cell)
Riyadh,Asia,Riyadh,http://dbpedia.org/resource/Riyadh,Q3692,24.63333320617676,46.71666717529297,DBpedia,24.65,46.71,24.63333320617676,46.71666717529297,7009100.0,Wikidata P1082,2022-00-00,7009100.0,612.0,Wikidata P2044,612.0,0,dropped (not used),,,Saudi Arabia,SAU,36156.8562500172,2023,World Bank NY.GDP.PCAP.CD,1746,24.71,46.68,26.0,1737,612,23200,7676000,26.3,WorldClim 2.1 tavg 1970-2000 2.5m (cell)
Jeddah,Asia,Jeddah,http://dbpedia.org/resource/Jeddah,Q374365,21.54333305358887,39.17277908325195,DBpedia,21.529166666666665,39.16111111111111,21.54333305358887,39.17277908325195,4697000.0,Wikidata P1082,2021-00-00,3751722.0,12.0,Wikidata P2044,12.0,0,dropped (not used),,,Saudi Arabia,SAU,36156.8562500172,2023,World Bank NY.GDP.PCAP.CD,,21.49,39.19,28.5,647,12,23200,4076000,28.32,WorldClim 2.1 tavg 1970-2000 2.5m (cell)
Dubai,Asia,Dubai,http://dbpedia.org/resource/Dubai,Q612,25.20472145080566,55.27083206176758,DBpedia,25.269722222222,55.309444444444,25.20472145080566,55.27083206176758,3944751.0,Wikidata P1082,2025-00-00,3944751.0,0.0,Wikidata P2044,,0,dropped (not used),,,United Arab Emirates,ARE,49850.6945082084,2023,World Bank NY.GDP.PCAP.CD,1833,25.2,55.27,27.2,1833,5,43100,3331000,27.46,WorldClim 2.1 tavg 1970-2000 2.5m (cell)
Doha,Asia,Doha,http://dbpedia.org/resource/Doha,Q3861,25.28666687011719,51.53333282470703,DBpedia,25.28611111111111,51.529444444444444,25.28666687011719,51.53333282470703,1186023.0,Wikidata P1082,2020-00-00,1186023.0,0.0,Wikidata P2044,,0,dropped (not used),,,Qatar,QAT,80195.8746508549,2023,World Bank NY.GDP.PCAP.CD,1850,25.29,51.53,27.1,1825,10,66000,1186000,27.03,WorldClim 2.1 tavg 1970-2000 2.5m (cell)
Muscat,Asia,Muscat,http://dbpedia.org/resource/Muscat,Q3826,23.58888816833496,58.40833282470703,DBpedia,23.613888888889,58.592222222222,23.58888816833496,58.40833282470703,1421409.0,Wikidata P1082,2019-00-00,,69.0,Wikidata P2044,,0,dropped (not used),,,Oman,OMN,21027.7384572657,2023,World Bank NY.GDP.PCAP.CD,,23.59,58.54,28.3,-2000,5,19300,797000,27.42,WorldClim 2.1 tavg 1970-2000 2.5m (cell)
Kuwait City,Asia,Kuwait City,http://dbpedia.org/resource/Kuwait_City,Q35178,29.36972236633301,47.97833251953125,DBpedia,29.375,47.98,29.36972236633301,47.97833251953125,2989000.0,Wikidata P1082,2018-00-00,,16.0,Wikidata P2044,,0,dropped (not used),,,Kuwait,KWT,34091.9714813002,2023,World Bank NY.GDP.PCAP.CD,1752,29.38,47.99,26.3,1613,5,32000,510000,25.96,WorldClim 2.1 tavg 1970-2000 2.5m (cell)
Beirut,Asia,Beirut,http://dbpedia.org/resource/Beirut,Q3820,33.89805603027344,35.50583267211914,DBpedia,33.886944444444,35.513055555556,33.89805603027344,35.50583267211914,2421354.0,Wikidata P1082,2023-00-00,,0.0,Wikidata P2044,,0,dropped (not used),,-1500,Lebanon,LBN,3477.72489842684,2023,World Bank NY.GDP.PCAP.CD,,33.89,35.5,20.4,-3000,0,4100,361000,20.08,WorldClim 2.1 tavg 1970-2000 2.5m (cell)
Damascus,Asia,Damascus,http://dbpedia.org/resource/Damascus,Q3766,33.51305389404297,36.30944442749023,DBpedia,33.513055555556,36.291944444444,33.51305389404297,36.30944442749023,2685360.0,Wikidata P1082,2024-00-00,,680.0,Wikidata P2044,680.0,0,dropped (not used),,-2500,Syria,SYR,1056.78264718197,2022,World Bank NY.GDP.PCAP.CD,,33.51,36.29,17.0,-8000,680,500,1711000,16.62,WorldClim 2.1 tavg 1970-2000 2.5m (cell)
Amman,Asia,Amman,http://dbpedia.org/resource/Amman,Q3805,31.94972229003906,35.93277740478516,DBpedia,31.95,35.933333333333,31.94972229003906,35.93277740478516,4007526.0,Wikidata P1082,2015-01-01,4061150.0,776.0,Wikidata P2044,,0,dropped (not used),,,Jordan,JOR,4906.23543006639,2023,World Bank NY.GDP.PCAP.CD,,31.95,35.93,17.5,-7000,757,4200,1148000,16.76,WorldClim 2.1 tavg 1970-2000 2.5m (cell)
Jerusalem,Asia,Jerusalem,http://dbpedia.org/resource/Jerusalem,Q1218,31.78333282470703,35.21666717529297,DBpedia,31.776679,35.234156,31.78333282470703,35.21666717529297,1050151.0,Wikidata P1082,2024-00-00,,754.0,Wikidata P2044,754.0,0,dropped (not used),,,Israel,ISR,52126.4489280033,2023,World Bank NY.GDP.PCAP.CD,-4000,31.77,35.23,17.4,-4000,754,51400,936000,16.49,WorldClim 2.1 tavg 1970-2000 2.5m (cell)
Tel Aviv,Asia,Tel Aviv,http://dbpedia.org/resource/Tel_Aviv,Q33935,32.08000183105469,34.77999877929688,DBpedia,32.08,34.78,32.08000183105469,34.77999877929688,467875.0,Wikidata P1082,2021-00-00,,5.0,Wikidata P2044,5.0,0,dropped (not used),1909,,Israel,ISR,52126.4489280033,2023,World Bank NY.GDP.PCAP.CD,1909,32.08,34.78,20.1,1909,5,51400,460000,19.87,WorldClim 2.1 tavg 1970-2000 2.5m (cell)
Karachi,Asia,Karachi,http://dbpedia.org/resource/Karachi,Q8660,24.86000061035156,67.01000213623047,DBpedia,24.86,67.01,24.86000061035156,67.01000213623047,14910352.0,Wikidata P1082,2017-00-00,18868021.0,8.0,Wikidata P2044,10.0,0,dropped (not used),,,Pakistan,PAK,1360.32417758419,2023,World Bank NY.GDP.PCAP.CD,1729,24.86,67.01,26.0,1729,14,1500,14910000,26.38,WorldClim 2.1 tavg 1970-2000 2.5m (cell)
Lahore,Asia,Lahore,http://dbpedia.org/resource/Lahore,Q11739,31.54972267150879,74.34361267089844,DBpedia,31.549722222222,74.343611111111,31.54972267150879,74.34361267089844,11126285.0,Wikidata P1082,2017-00-00,13004135.0,217.0,Wikidata P2044,,0,dropped (not used),1206,901,Pakistan,PAK,1360.32417758419,2023,World Bank NY.GDP.PCAP.CD,,31.55,74.35,24.3,-2000,217,1500,11130000,24.18,WorldClim 2.1 tavg 1970-2000 2.5m (cell)
Islamabad,Asia,Islamabad,http://dbpedia.org/resource/Islamabad,Q1362,33.69305419921875,73.06388854980469,DBpedia,33.698888888889,73.036944444444,33.69305419921875,73.06388854980469,1014825.0,Wikidata P1082,2017-00-00,1108872.0,490.0,Wikidata P2044,666.0,0,dropped (not used),1967,,Pakistan,PAK,1360.32417758419,2023,World Bank NY.GDP.PCAP.CD,1960,33.69,73.04,21.3,1960,507,1500,1015000,21.3,WorldClim 2.1 tavg 1970-2000 2.5m (cell)
Kabul,Asia,Kabul,http://dbpedia.org/resource/Kabul,Q5838,34.52527618408203,69.17833709716797,DBpedia,34.532777777778,69.165833333333,34.52527618408203,69.17833709716797,5333284.0,Wikidata P1082,2025-00-00,4950000.0,1790.0,Wikidata P2044,1791.0,0,dropped (not used),,,Afghanistan,AFG,413.757894705303,2023,World Bank NY.GDP.PCAP.CD,1200,34.53,69.17,12.1,-1500,1791,500,4222000,12.55,WorldClim 2.1 tavg 1970-2000 2.5m (cell)
New Delhi,Asia,New Delhi,http://dbpedia.org/resource/New_Delhi,Q987,28.613888888888887,77.2088888888889,Wikidata P625,28.613888888888887,77.2088888888889,,,249998.0,Wikidata P1082,2011-01-01,249998.0,216.0,Wikidata P2044,230.0,0,dropped (not used),1911,,India,IND,2434.44826340989,2023,World Bank NY.GDP.PCAP.CD,1911,28.61,77.21,25.2,1911,216,2400,11035000,25.12,WorldClim 2.1 tavg 1970-2000 2.5m (cell)
Mumbai,Asia,Mumbai,http://dbpedia.org/resource/Mumbai,Q1156,19.07611083984375,72.87750244140625,DBpedia,19.075833333333332,72.8775,19.07611083984375,72.87750244140625,15414288.0,Wikidata P1082,2018-00-00,12442373.0,14.0,Wikidata P2044,14.0,0,dropped (not used),,,India,IND,2434.44826340989,2023,World Bank NY.GDP.PCAP.CD,1507,19.08,72.88,27.2,1507,14,2400,12442000,27.55,WorldClim 2.1 tavg 1970-2000 2.5m (cell)
Kolkata,Asia,Kolkata,http://dbpedia.org/resource/Kolkata,Q1348,22.5675,88.37,Wikidata P625,22.5675,88.37,,,4496694.0,Wikidata P1082,2011-00-00,2011.0,9.0,Wikidata P2044,9.144,0,dropped (not used),,,India,IND,2434.44826340989,2023,World Bank NY.GDP.PCAP.CD,,22.57,88.36,26.8,1690,9,2400,4497000,26.96,WorldClim 2.1 tavg 1970-2000 2.5m (cell)
Chennai,Asia,Chennai,http://dbpedia.org/resource/Chennai,Q1352,12.98222255706787,80.16361236572266,DBpedia,13.0825,80.275,12.98222255706787,80.16361236572266,6599000.0,Wikidata P1082,2024-00-00,6748026.0,6.0,Wikidata P2044,7.0104,0,dropped (not used),,,India,IND,2434.44826340989,2023,World Bank NY.GDP.PCAP.CD,1639,13.08,80.27,28.6,1639,6,2400,7088000,28.64,WorldClim 2.1 tavg 1970-2000 2.5m (cell)
Bangalore,Asia,Bengaluru,http://dbpedia.org/resource/Bengaluru,Q1355,12.97888851165771,77.59166717529297,DBpedia,12.9791198,77.5912997,12.97888851165771,77.59166717529297,12327000.0,Wikidata P1082,2020-00-00,8443675.0,920.0,Wikidata P2044,920.0,0,dropped (not used),,890,India,IND,2434.44826340989,2023,World Bank NY.GDP.PCAP.CD,1537,12.97,77.59,24.0,1537,920,2400,8443000,24.02,WorldClim 2.1 tavg 1970-2000 2.5m (cell)
Hyderabad,Asia,Hyderabad,http://dbpedia.org/resource/Hyderabad,Q1361,17.361666666666668,78.47472222222223,Wikidata P625,17.361666666666668,78.47472222222223,,,9191000.0,Wikidata P1082,2025-00-00,6809970.0,564.0,Wikidata P2044,536.0,0,dropped (not used),,,India,IND,2434.44826340989,2023,World Bank NY.GDP.PCAP.CD,1592,17.39,78.49,26.6,1591,542,2400,6810000,26.96,WorldClim 2.1 tavg 1970-2000 2.5m (cell)
Dhaka,Asia,Dhaka,http://dbpedia.org/resource/Dhaka,Q1354,23.76444435119629,90.38888549804688,DBpedia,23.72888888888889,90.39444444444445,23.76444435119629,90.38888549804688,16800000.0,Wikidata P1082,2017-00-00,10278882.0,4.0,Wikidata P2044,32.0,0,dropped (not used),,,Bangladesh,BGD,2551.01773827307,2023,World Bank NY.GDP.PCAP.CD,,23.81,90.41,25.7,1608,4,2500,8907000,26.08,WorldClim 2.1 tavg 1970-2000 2.5m (cell)
Colombo,Asia,Colombo,http://dbpedia.org/resource/Colombo,Q35381,6.934444427490234,79.84278106689453,DBpedia,6.926666666666667,79.86055555555555,6.934444427490234,79.84278106689453,647557.0,Wikidata P1082,2025-00-00,752993.0,1.0,Wikidata P2044,1.0,0,dropped (not used),,,Sri Lanka,LKA,3815.41531767474,2023,World Bank NY.GDP.PCAP.CD,,6.93,79.84,27.5,-500,1,3900,752000,27.75,WorldClim 2.1 tavg 1970-2000 2.5m (cell)
Kathmandu,Asia,Kathmandu,http://dbpedia.org/resource/Kathmandu,Q3037,27.70999908447266,85.31999969482422,DBpedia,27.71,85.32,27.70999908447266,85.31999969482422,845767.0,Wikidata P1082,2021-00-00,856767.0,1300.0,Wikidata P2044,1400.0,0,dropped (not used),,,Nepal,NPL,1382.38300895424,2023,World Bank NY.GDP.PCAP.CD,723,27.72,85.32,18.1,723,1400,1200,1003000,18.53,WorldClim 2.1 tavg 1970-2000 2.5m (cell)
Yangon,Asia,Yangon,http://dbpedia.org/resource/Yangon,Q37995,16.79500007629395,96.16000366210938,DBpedia,16.795,96.16,16.79500007629395,96.16000366210938,6874000.0,Wikidata P1082,2022-00-00,,15.0,Wikidata P2044,,0,dropped (not used),,,Myanmar,MMR,1233.19666209269,2023,World Bank NY.GDP.PCAP.CD,1035,16.87,96.2,27.4,1755,4,1200,5160000,27.44,WorldClim 2.1 tavg 1970-2000 2.5m (cell)
Bangkok,Asia,Bangkok,http://dbpedia.org/resource/Bangkok,Q1861,13.7524995803833,100.4941635131836,DBpedia,13.75,100.51666666667,13.7524995803833,100.4941635131836,5676648.0,Wikidata P1082,2018-12-31,8305218.0,2.0,Wikidata P2044,1.5,0,dropped (not used),1782,,Thailand,THA,7210.54130832685,2023,World Bank NY.GDP.PCAP.CD,1782,13.76,100.5,28.6,1782,2,7200,5676000,28.36,WorldClim 2.1 tavg 1970-2000 2.5m (cell)
Hanoi,Asia,Hanoi,http://dbpedia.org/resource/Hanoi,Q1858,21.0,105.8499984741211,DBpedia,21.0245,105.84117,21.0,105.8499984741211,8717600.0,Wikidata P1082,2024-00-00,8807523.0,16.0,Wikidata P2044,,0,dropped (not used),1873,,Vietnam,VNM,4322.82572261566,2023,World Bank NY.GDP.PCAP.CD,1010,21.03,105.85,23.5,1010,12,3700,8054000,23.85,WorldClim 2.1 tavg 1970-2000 2.5m (cell)
Ho Chi Minh City,Asia,Ho Chi Minh City,http://dbpedia.org/resource/Ho_Chi_Minh_City,Q1854,10.77555561065674,106.7019424438477,DBpedia,10.775555555555556,106.70194444444445,10.77555561065674,106.7019424438477,14002598.0,Wikidata P1082,2024-12-31,14002598.0,13.0,Wikidata P2044,19.0,0,dropped (not used),,,Vietnam,VNM,4322.82572261566,2023,World Bank NY.GDP.PCAP.CD,1976,10.82,106.63,27.8,1698,19,3700,8993000,27.76,WorldClim 2.1 tavg 1970-2000 2.5m (cell)
Phnom Penh,Asia,Phnom Penh,http://dbpedia.org/resource/Phnom_Penh,Q1850,11.56944465637207,104.9211120605469,DBpedia,11.569583333333,104.92102777778,11.56944465637207,104.9211120605469,2129371.0,Wikidata P1082,2019-00-00,2352851.0,11.0,Wikidata P2044,11.89,0,dropped (not used),,,Cambodia,KHM,2429.74853452838,2023,World Bank NY.GDP.PCAP.CD,1372,11.56,104.92,28.3,1434,12,1700,2129000,28.18,WorldClim 2.1 tavg 1970-2000 2.5m (cell)
Kuala Lumpur,Asia,Kuala Lumpur,http://dbpedia.org/resource/Kuala_Lumpur,Q1865,3.147777795791626,101.6952743530273,DBpedia,3.1477777777778,101.69527777778,3.147777795791626,101.6952743530273,9000280.0,Wikidata P1082,2025-00-00,2075600.0,66.0,Wikidata P2044,63.0,0,dropped (not used),1972,,Malaysia,MYS,11386.0395636528,2023,World Bank NY.GDP.PCAP.CD,1857,3.14,101.69,27.7,1857,22,11400,1982000,27.54,WorldClim 2.1 tavg 1970-2000 2.5m (cell)
Singapore,Asia,Singapore,http://dbpedia.org/resource/Singapore,Q334,1.283333301544189,103.8333358764648,DBpedia,1.3,103.8,1.283333301544189,103.8333358764648,5866139.0,Wikidata P1082,2021-07-00,6040000.0,15.0,Copernicus DEM GLO-90 (Open-Meteo elevation API),,0,dropped (not used),,,Singapore,SGP,86382.5900499252,2023,World Bank NY.GDP.PCAP.CD,1965,1.35,103.82,27.4,1819,15,65200,5454000,26.76,WorldClim 2.1 tavg 1970-2000 2.5m (cell)
Jakarta,Asia,Jakarta,http://dbpedia.org/resource/Jakarta,Q3630,-6.175277777777778,106.82694444444445,Wikidata P625,-6.175277777777778,106.82694444444445,,,11135191.0,Wikidata P1082,2024-06-30,11350328.0,91.0,Wikidata P2044,8.0,0,dropped (not used),1527,397,Indonesia,IDN,4876.2992959843,2023,World Bank NY.GDP.PCAP.CD,1527,-6.21,106.85,27.0,1527,8,4300,10560000,27.66,WorldClim 2.1 tavg 1970-2000 2.5m (cell)
Manila,Asia,Manila,http://dbpedia.org/resource/Manila,Q1461,14.59583377838135,120.9772186279297,DBpedia,14.595833333333333,120.97722222222222,14.59583377838135,120.9772186279297,1902590.0,Wikidata P1082,2024-07-01,,9.0,Wikidata P2044,,0,dropped (not used),1571,,Philippines,PHL,3804.08274131718,2023,World Bank NY.GDP.PCAP.CD,1571,14.6,120.98,28.4,1571,5,3500,1846000,27.36,WorldClim 2.1 tavg 1970-2000 2.5m (cell)
Beijing,Asia,Beijing,http://dbpedia.org/resource/Beijing,Q956,39.90666580200195,116.3974990844727,DBpedia,39.90403,116.407526,39.90666580200195,116.3974990844727,21893095.0,Wikidata P1082,2020-00-00,21893095.0,43.0,Wikidata P2044,43.5,0,dropped (not used),,,People's Republic of China,CHN,12951.1782397043,2023,World Bank NY.GDP.PCAP.CD,,39.9,116.4,12.9,-1045,43,12600,21540000,12.49,WorldClim 2.1 tavg 1970-2000 2.5m (cell)
Shanghai,Asia,Shanghai,http://dbpedia.org/resource/Shanghai,Q8686,31.22861099243164,121.474723815918,DBpedia,31.2325,121.46916666666667,31.22861099243164,121.474723815918,24870895.0,Wikidata P1082,2020-00-00,24874500.0,4.0,Wikidata P2044,4.0,0,dropped (not used),,,People's Republic of China,CHN,12951.1782397043,2023,World Bank NY.GDP.PCAP.CD,1292,31.23,121.47,16.1,1074,4,12600,24870000,16.49,WorldClim 2.1 tavg 1970-2000 2.5m (cell)
Guangzhou,Asia,Guangzhou,http://dbpedia.org/resource/Guangzhou,Q16572,23.1299991607666,113.2600021362305,DBpedia,23.13,113.26,23.1299991607666,113.2600021362305,18676605.0,Wikidata P1082,2020-00-00,18676605.0,21.0,Wikidata P2044,21.0,0,dropped (not used),,,People's Republic of China,CHN,12951.1782397043,2023,World Bank NY.GDP.PCAP.CD,,23.13,113.26,22.0,-214,11,12600,18680000,22.24,WorldClim 2.1 tavg 1970-2000 2.5m (cell)
Shenzhen,Asia,Shenzhen,http://dbpedia.org/resource/Shenzhen,Q15174,22.54150009155273,114.0596008300781,DBpedia,22.546666666666667,114.05444444444444,22.54150009155273,114.0596008300781,17494398.0,Wikidata P1082,2020-00-00,17560000.0,0.0,Wikidata P2044,0.0,0,dropped (not used),1979,1410,People's Republic of China,CHN,12951.1782397043,2023,World Bank NY.GDP.PCAP.CD,1979,22.54,114.06,22.5,1979,0,12600,17560000,22.89,WorldClim 2.1 tavg 1970-2000 2.5m (cell)
Hong Kong,Asia,Hong Kong,http://dbpedia.org/resource/Hong_Kong,Q8646,22.29999923706055,114.1999969482422,DBpedia,22.278333333333,114.15861111111,22.29999923706055,114.1999969482422,7413070.0,Wikidata P1082,2021-00-00,,7.0,Wikidata P2044,,0,dropped (not used),,,People's Republic of China,HKG,50525.1119312663,2023,World Bank NY.GDP.PCAP.CD,1997,22.32,114.17,23.3,1841,32,49800,7413000,22.85,WorldClim 2.1 tavg 1970-2000 2.5m (cell)
Chengdu,Asia,Chengdu,http://dbpedia.org/resource/Chengdu,Q30002,30.65999984741211,104.0633316040039,DBpedia,30.66,104.06333333333333,30.65999984741211,104.0633316040039,20937757.0,Wikidata P1082,2020-00-00,20937757.0,500.0,Wikidata P2044,500.0,0,dropped (not used),,,People's Republic of China,CHN,12951.1782397043,2023,World Bank NY.GDP.PCAP.CD,-311,30.57,104.07,16.3,-311,500,12600,16330000,16.92,WorldClim 2.1 tavg 1970-2000 2.5m (cell)
Wuhan,Asia,Wuhan,http://dbpedia.org/resource/Wuhan,Q11746,30.59339904785156,114.3046035766602,DBpedia,30.595,114.2975,30.59339904785156,114.3046035766602,12326518.0,Wikidata P1082,2020-00-00,13739000.0,37.0,Wikidata P2044,,0,dropped (not used),1927,,People's Republic of China,CHN,12951.1782397043,2023,World Bank NY.GDP.PCAP.CD,1500,30.59,114.31,16.8,-1500,37,12600,12327000,17.31,WorldClim 2.1 tavg 1970-2000 2.5m (cell)
Chongqing,Asia,Chongqing,http://dbpedia.org/resource/Chongqing,Q11725,29.56369972229004,106.5503997802734,DBpedia,29.55,106.50694444444,29.56369972229004,106.5503997802734,32054159.0,Wikidata P1082,2020-00-00,32054159.0,237.0,Wikidata P2044,244.0,0,dropped (not used),1997,,People's Republic of China,CHN,12951.1782397043,2023,World Bank NY.GDP.PCAP.CD,1929,29.56,106.55,18.3,-316,244,12600,8700000,18.67,WorldClim 2.1 tavg 1970-2000 2.5m (cell)
Taipei,Asia,Taipei,http://dbpedia.org/resource/Taipei,Q1867,25.03750038146973,121.5625,DBpedia,25.0375,121.5625,25.03750038146973,121.5625,2429429.0,Wikidata P1082,2026-04-00,,10.0,Wikidata P2044,,0,dropped (not used),,,Taiwan,TWN,32319.0,2023,"DGBAS (Taiwan), via CEIC",1967,25.03,121.57,22.7,1709,9,32700,2602000,21.81,WorldClim 2.1 tavg 1970-2000 2.5m (cell)
Seoul,Asia,Seoul,http://dbpedia.org/resource/Seoul,Q8684,37.56000137329102,126.9899978637695,DBpedia,37.56,126.99,37.56000137329102,126.9899978637695,9668465.0,Wikidata P1082,2020-00-00,9602826.0,38.0,Wikidata P2044,38.0,0,dropped (not used),,-301,South Korea,KOR,35674.095995632,2023,World Bank NY.GDP.PCAP.CD,1395,37.57,126.98,12.5,-18,38,33200,9776000,12.0,WorldClim 2.1 tavg 1970-2000 2.5m (cell)
Busan,Asia,Busan,http://dbpedia.org/resource/Busan,Q16520,35.18000030517578,129.0749969482422,DBpedia,35.18,129.075,35.18000030517578,129.0749969482422,3453198.0,Wikidata P1082,2018-07-00,3343903.0,30.0,Wikidata P2044,,0,dropped (not used),,,South Korea,KOR,35674.095995632,2023,World Bank NY.GDP.PCAP.CD,,35.18,129.08,14.7,1876,20,33200,3449000,14.04,WorldClim 2.1 tavg 1970-2000 2.5m (cell)
Pyongyang,Asia,Pyongyang,http://dbpedia.org/resource/Pyongyang,Q18808,39.01666641235352,125.7474975585938,DBpedia,39.016666666666666,125.7475,39.01666641235352,125.7474975585938,2863000.0,Wikidata P1082,2015-00-00,3157538.0,38.0,Wikidata P2044,,0,dropped (not used),,,North Korea,PRK,590.0,2022,UN Statistics Division AMA (UN Statistical Yearbook 67),,39.02,125.74,10.8,-1122,27,1800,3255000,10.49,WorldClim 2.1 tavg 1970-2000 2.5m (cell)
Tokyo,Asia,Tokyo,http://dbpedia.org/resource/Tokyo,Q1490,35.68972396850586,139.6922149658203,DBpedia,35.68944444444445,139.69166666666666,35.68972396850586,139.6922149658203,14264798.0,Wikidata P1082,2022-00-00,14254039.0,6.0,Wikidata P2044,,0,dropped (not used),,,Japan,JPN,35215.003535366,2023,World Bank NY.GDP.PCAP.CD,1868,35.68,139.69,15.4,1457,40,33800,13960000,15.6,WorldClim 2.1 tavg 1970-2000 2.5m (cell)
Osaka,Asia,Osaka,http://dbpedia.org/resource/Osaka,Q35765,34.69388961791992,135.5022277832031,DBpedia,34.69375,135.5021111111111,34.69388961791992,135.5022277832031,2751862.0,Wikidata P1082,2021-03-01,2753862.0,20.0,Wikidata P2044,,0,dropped (not used),,,Japan,JPN,35215.003535366,2023,World Bank NY.GDP.PCAP.CD,1889,34.69,135.5,16.9,-645,5,33800,2753000,16.44,WorldClim 2.1 tavg 1970-2000 2.5m (cell)
Sapporo,Asia,Sapporo,http://dbpedia.org/resource/Sapporo,Q37951,43.06194305419922,141.3544464111328,DBpedia,43.06194444444444,141.35444444444445,43.06194305419922,141.3544464111328,1959313.0,Wikidata P1082,2020-01-01,1959750.0,5.0,Wikidata P2044,,0,dropped (not used),,,Japan,JPN,35215.003535366,2023,World Bank NY.GDP.PCAP.CD,1922,43.06,141.35,8.9,1868,29,33800,1973000,8.66,WorldClim 2.1 tavg 1970-2000 2.5m (cell)
Ulaanbaatar,Asia,Ulaanbaatar,http://dbpedia.org/resource/Ulaanbaatar,Q23430,47.92194366455078,106.9152755737305,DBpedia,47.921357,106.905515,47.92194366455078,106.9152755737305,1396288.0,Wikidata P1082,2015-00-00,1672627.0,1350.0,Wikidata P2044,1350.0,0,dropped (not used),,,Mongolia,MNG,5838.63108083902,2023,World Bank NY.GDP.PCAP.CD,1639,47.91,106.91,-0.4,1639,1350,4500,1540000,-0.79,WorldClim 2.1 tavg 1970-2000 2.5m (cell)
Novosibirsk,Asia,Novosibirsk,http://dbpedia.org/resource/Novosibirsk,Q883,55.04999923706055,82.94999694824219,DBpedia,55.033333333333,82.916666666667,55.04999923706055,82.94999694824219,1637266.0,Wikidata P1082,2025-01-01,,153.0,Wikidata P2044,,0,dropped (not used),,,Russia,RUS,13986.9951171875,2023,World Bank NY.GDP.PCAP.CD,1893,55.01,82.93,1.8,1893,152,12100,1612000,1.71,WorldClim 2.1 tavg 1970-2000 2.5m (cell)
Vladivostok,Asia,Vladivostok,http://dbpedia.org/resource/Vladivostok,Q959,43.115,131.8852777777778,Wikidata P625,43.115,131.8852777777778,,,591628.0,Wikidata P1082,2024-01-01,,12.0,Wikidata P2044,,0,dropped (not used),1860,1860,Russia,RUS,13986.9951171875,2023,World Bank NY.GDP.PCAP.CD,1860,43.12,131.87,5.0,1860,8,12100,605000,5.41,WorldClim 2.1 tavg 1970-2000 2.5m (cell)
Almaty,Asia,Almaty,http://dbpedia.org/resource/Almaty,Q35493,43.23333358764648,76.94999694824219,DBpedia,43.24,76.915,43.23333358764648,76.94999694824219,2228675.0,Wikidata P1082,2024-00-00,2249500.0,893.0,Wikidata P2044,,0,dropped (not used),,,Kazakhstan,KAZ,12879.4275257974,2023,World Bank NY.GDP.PCAP.CD,1854,43.24,76.95,10.0,1854,776,10100,1916000,9.19,WorldClim 2.1 tavg 1970-2000 2.5m (cell)
Tashkent,Asia,Tashkent,http://dbpedia.org/resource/Tashkent,Q269,41.31111145019531,69.27972412109375,DBpedia,41.31111111111111,69.27972222222222,41.31111145019531,69.27972412109375,2956384.0,Wikidata P1082,2023-01-01,3095498.0,455.0,Wikidata P2044,455.0,0,dropped (not used),,-101,Uzbekistan,UZB,3015.97705069457,2023,World Bank NY.GDP.PCAP.CD,,41.3,69.28,14.2,-200,455,1900,2571000,14.53,WorldClim 2.1 tavg 1970-2000 2.5m (cell)
Tbilisi,Asia,Tbilisi,http://dbpedia.org/resource/Tbilisi,Q994,41.72249984741211,44.79249954223633,DBpedia,41.7225,44.7925,41.72249984741211,44.79249954223633,1331485.0,Wikidata P1082,2024-11-14,1330217.0,575.0,Wikidata P2044,,0,dropped (not used),,301,Georgia,GEO,8283.66960652261,2023,World Bank NY.GDP.PCAP.CD,455,41.69,44.8,13.3,458,380,5000,1118000,12.74,WorldClim 2.1 tavg 1970-2000 2.5m (cell)
Yerevan,Asia,Yerevan,http://dbpedia.org/resource/Yerevan,Q1953,40.18138885498047,44.51444625854492,DBpedia,40.181388888889,44.514444444444,40.18138885498047,44.51444625854492,1106300.0,Wikidata P1082,2024-00-00,1086677.0,987.0,Wikidata P2044,,0,dropped (not used),1879,-782,Armenia,ARM,8159.08720967996,2023,World Bank NY.GDP.PCAP.CD,-782,40.18,44.51,12.4,-782,990,4700,1075000,10.45,WorldClim 2.1 tavg 1970-2000 2.5m (cell)
Baku,Asia,Baku,http://dbpedia.org/resource/Baku,Q9248,40.39527893066406,49.88222122192383,DBpedia,40.366655555556,49.835183333333,40.39527893066406,49.88222122192383,2300500.0,Wikidata P1082,2021-01-01,2344900.0,-28.0,Wikidata P2044,-28.0,0,dropped (not used),,,Azerbaijan,AZE,7133.02838048328,2023,World Bank NY.GDP.PCAP.CD,,40.41,49.87,14.2,-3000,0,5800,2262000,14.12,WorldClim 2.1 tavg 1970-2000 2.5m (cell)
Sydney,Oceania,Sydney,http://dbpedia.org/resource/Sydney,Q3130,-33.86666488647461,151.1999969482422,DBpedia,-33.867777777777775,151.21,-33.86666488647461,151.1999969482422,5450496.0,Wikidata P1082,2023-06-30,5557233.0,6.0,Wikidata P2044,,0,dropped (not used),,,Australia,AUS,65058.3773146674,2023,World Bank NY.GDP.PCAP.CD,1788,-33.87,151.21,17.7,1788,3,55100,5312000,17.81,WorldClim 2.1 tavg 1970-2000 2.5m (cell)
Melbourne,Oceania,Melbourne,http://dbpedia.org/resource/Melbourne,Q3141,-37.81416702270508,144.9630584716797,DBpedia,-37.814166666666665,144.96305555555554,-37.81416702270508,144.9630584716797,5350705.0,Wikidata P1082,2024-06-30,5350705.0,31.0,Wikidata P2044,,0,dropped (not used),,,Australia,AUS,65058.3773146674,2023,World Bank NY.GDP.PCAP.CD,1835,-37.81,144.96,14.5,1835,31,55100,5078000,15.1,WorldClim 2.1 tavg 1970-2000 2.5m (cell)
Brisbane,Oceania,Brisbane,http://dbpedia.org/resource/Brisbane,Q34932,-27.46777725219727,153.0280609130859,DBpedia,-27.467777777778,153.02777777778,-27.46777725219727,153.0280609130859,2706966.0,Wikidata P1082,2023-00-00,2780063.0,0.0,Wikidata P2044,,0,dropped (not used),,,Australia,AUS,65058.3773146674,2023,World Bank NY.GDP.PCAP.CD,1824,-27.47,153.03,20.4,1825,5,55100,2514000,20.65,WorldClim 2.1 tavg 1970-2000 2.5m (cell)
Perth,Oceania,Perth,http://dbpedia.org/resource/Perth,Q3183,-31.955833333333334,115.85972222222222,Wikidata P625,-31.955833333333334,115.85972222222222,,,2141834.0,Wikidata P1082,2021-06-30,2309338.0,2.0,Wikidata P2044,,0,dropped (not used),,,Australia,AUS,65058.3773146674,2023,World Bank NY.GDP.PCAP.CD,1829,-31.95,115.86,18.5,1829,0,55100,2085000,18.81,WorldClim 2.1 tavg 1970-2000 2.5m (cell)
Adelaide,Oceania,Adelaide,http://dbpedia.org/resource/Adelaide,Q5112,-34.9275016784668,138.6000061035156,DBpedia,-34.9275,138.6,-34.9275016784668,138.6000061035156,1387290.0,Wikidata P1082,2021-08-10,1469163.0,1.0,Wikidata P2044,,0,dropped (not used),,,Australia,AUS,65058.3773146674,2023,World Bank NY.GDP.PCAP.CD,1836,-34.93,138.6,16.7,1836,50,55100,1346000,16.52,WorldClim 2.1 tavg 1970-2000 2.5m (cell)
Auckland,Oceania,Auckland,http://dbpedia.org/resource/Auckland,Q37100,-36.84916666666667,174.76527777777778,Wikidata P625,-36.84916666666667,174.76527777777778,,,1470100.0,Wikidata P1082,2020-06-30,,196.0,Wikidata P2044,,0,dropped (not used),,,New Zealand,NZL,49302.341876493,2023,World Bank NY.GDP.PCAP.CD,1840,-36.85,174.76,15.1,1840,0,47300,1657000,15.24,WorldClim 2.1 tavg 1970-2000 2.5m (cell)
Wellington,Oceania,Wellington,http://dbpedia.org/resource/Wellington,Q23661,-41.28888702392578,174.7772216796875,DBpedia,-41.288888888889,174.77722222222,-41.28888702392578,174.7772216796875,216200.0,Wikidata P1082,2023-06-30,,0.0,Wikidata P2044,,0,dropped (not used),,,New Zealand,NZL,49302.341876493,2023,World Bank NY.GDP.PCAP.CD,1839,-41.29,174.78,12.8,1840,0,47300,215000,12.68,WorldClim 2.1 tavg 1970-2000 2.5m (cell)
Christchurch,Oceania,Christchurch,http://dbpedia.org/resource/Christchurch,Q79990,-43.53111111111111,172.63611111111112,Wikidata P625,-43.53111111111111,172.63611111111112,,,383200.0,Wikidata P1082,2020-06-30,,20.0,Wikidata P2044,6.0,0,dropped (not used),,,New Zealand,NZL,49302.341876493,2023,World Bank NY.GDP.PCAP.CD,1848,-43.53,172.64,11.7,1850,20,47300,380000,12.39,WorldClim 2.1 tavg 1970-2000 2.5m (cell)
Darwin,Oceania,"Darwin, Northern Territory","http://dbpedia.org/resource/Darwin,_Northern_Territory",Q11568,-12.43805599212646,130.8411102294922,DBpedia,-12.438055555556,130.84111111111,-12.43805599212646,130.8411102294922,139902.0,Wikidata P1082,2021-08-09,139902.0,0.0,Wikidata P2044,,0,dropped (not used),,,Australia,AUS,65058.3773146674,2023,World Bank NY.GDP.PCAP.CD,1869,-12.46,130.84,27.6,1869,37,55100,148000,27.34,WorldClim 2.1 tavg 1970-2000 2.5m (cell)
Hobart,Oceania,Hobart,http://dbpedia.org/resource/Hobart,Q40191,-42.88055419921875,147.3249969482422,DBpedia,-42.883333333333,147.31666666667,-42.88055419921875,147.3249969482422,197451.0,Wikidata P1082,2021-08-10,254930.0,1270.0,Wikidata P2044,,0,dropped (not used),,,Australia,AUS,65058.3773146674,2023,World Bank NY.GDP.PCAP.CD,1803,-42.88,147.33,12.0,1804,10,55100,240000,11.63,WorldClim 2.1 tavg 1970-2000 2.5m (cell)
Canberra,Oceania,Canberra,http://dbpedia.org/resource/Canberra,Q3114,-35.29305648803711,149.1269378662109,DBpedia,-35.293055555556,149.12694444444,-35.29305648803711,149.1269378662109,381488.0,Wikidata P1082,2014-00-00,473855.0,578.0,Wikidata P2044,,0,dropped (not used),,,Australia,AUS,65058.3773146674,2023,World Bank NY.GDP.PCAP.CD,1913,-35.28,149.13,13.1,1913,577,55100,457000,13.25,WorldClim 2.1 tavg 1970-2000 2.5m (cell)
Suva,Oceania,Suva,http://dbpedia.org/resource/Suva,Q38807,-18.14159965515137,178.44189453125,DBpedia,-18.133333333333,178.43333333333,-18.14159965515137,178.44189453125,88271.0,Wikidata P1082,2009-01-01,101166.0,0.0,Wikidata P2044,,0,dropped (not used),,,Fiji,FJI,5926.20586394763,2023,World Bank NY.GDP.PCAP.CD,,-18.14,178.44,25.6,1849,6,6100,93000,25.05,WorldClim 2.1 tavg 1970-2000 2.5m (cell)
Port Moresby,Oceania,Port Moresby,http://dbpedia.org/resource/Port_Moresby,Q36526,-9.478888511657715,147.1494445800781,DBpedia,-9.4788888888889,147.14944444444,-9.478888511657715,147.1494445800781,317374.0,Wikidata P1082,2012-00-00,420000.0,74.0,Wikidata P2044,35.0,0,dropped (not used),,,Papua New Guinea,PNG,2966.06455045333,2023,World Bank NY.GDP.PCAP.CD,1873,-6.21,147.0,26.9,1873,35,2800,365000,26.71,WorldClim 2.1 tavg 1970-2000 2.5m (cell)
Omaha,North America,"Omaha, Nebraska","http://dbpedia.org/resource/Omaha,_Nebraska",Q43199,41.25860977172852,-96.05000305175781,DBpedia,41.25861111111111,-95.9375,41.25860977172852,-96.05000305175781,486051.0,Wikidata P1082,2020-04-01,486051.0,332.0,Wikidata P2044,323.088,0,dropped (not used),,,United States,USA,82586.7847707894,2023,World Bank NY.GDP.PCAP.CD,1854,41.26,-95.94,10.6,1854,332,76300,486000,10.56,WorldClim 2.1 tavg 1970-2000 2.5m (cell)
Kansas City,North America,"Kansas City, Missouri","http://dbpedia.org/resource/Kansas_City,_Missouri",Q41819,39.09450149536133,-94.57833099365234,DBpedia,39.05,-94.583333333333,39.09450149536133,-94.57833099365234,508090.0,Wikidata P1082,2020-04-01,508090.0,277.0,Wikidata P2044,277.368,0,dropped (not used),1850,1831,United States,USA,82586.7847707894,2023,World Bank NY.GDP.PCAP.CD,1853,39.1,-94.58,12.5,1838,247,76300,508000,13.13,WorldClim 2.1 tavg 1970-2000 2.5m (cell)
St Louis,North America,St. Louis,http://dbpedia.org/resource/St._Louis,Q38022,38.62722396850586,-90.24629974365234,DBpedia,38.62638888888889,-90.19944444444444,38.62722396850586,-90.24629974365234,301578.0,Wikidata P1082,2020-04-01,301578.0,149.0,Wikidata P2044,142.0368,0,dropped (not used),1764,,United States,USA,82586.7847707894,2023,World Bank NY.GDP.PCAP.CD,1764,38.63,-90.2,13.3,1764,142,76300,302000,13.48,WorldClim 2.1 tavg 1970-2000 2.5m (cell)
Milwaukee,North America,Milwaukee,http://dbpedia.org/resource/Milwaukee,Q37836,43.04999923706055,-87.94999694824219,DBpedia,43.05,-87.95,43.04999923706055,-87.94999694824219,577222.0,Wikidata P1082,2020-04-01,577222.0,188.0,Wikidata P2044,188.0616,0,dropped (not used),1846,,United States,USA,82586.7847707894,2023,World Bank NY.GDP.PCAP.CD,1846,43.04,-87.91,8.6,1846,188,76300,577000,8.62,WorldClim 2.1 tavg 1970-2000 2.5m (cell)
Cincinnati,North America,Cincinnati,http://dbpedia.org/resource/Cincinnati,Q43196,39.09999847412109,-84.53250122070312,DBpedia,39.1,-84.5125,39.09999847412109,-84.53250122070312,309317.0,Wikidata P1082,2020-04-01,309317.0,147.0,Wikidata P2044,226.1616,0,dropped (not used),1802,,United States,USA,82586.7847707894,2023,World Bank NY.GDP.PCAP.CD,1788,39.1,-84.51,12.5,1788,264,76300,309000,12.67,WorldClim 2.1 tavg 1970-2000 2.5m (cell)
Richmond,North America,"Richmond, Virginia","http://dbpedia.org/resource/Richmond,_Virginia",Q43421,37.54083251953125,-77.4366683959961,DBpedia,37.54083333333333,-77.43666666666667,37.54083251953125,-77.43666839599609,226610.0,Wikidata P1082,2020-04-01,,59.0,Wikidata P2044,,0,dropped (not used),,,United States,USA,82586.7847707894,2023,World Bank NY.GDP.PCAP.CD,1607,37.54,-77.44,14.2,1737,63,76300,226000,14.95,WorldClim 2.1 tavg 1970-2000 2.5m (cell)
Raleigh,North America,"Raleigh, North Carolina","http://dbpedia.org/resource/Raleigh,_North_Carolina",Q41087,35.85416793823242,-78.76194763183594,DBpedia,35.78,-78.64,35.85416793823242,-78.76194763183594,467665.0,Wikidata P1082,2020-00-00,467665.0,96.0,Wikidata P2044,100.8888,0,dropped (not used),1792,,United States,USA,82586.7847707894,2023,World Bank NY.GDP.PCAP.CD,1770,35.78,-78.64,15.5,1792,96,76300,468000,15.4,WorldClim 2.1 tavg 1970-2000 2.5m (cell)
Birmingham,North America,"Birmingham, Alabama","http://dbpedia.org/resource/Birmingham,_Alabama",Q79867,33.51750183105469,-86.8094482421875,DBpedia,33.5175,-86.80944444444444,33.51750183105469,-86.8094482421875,200733.0,Wikidata P1082,2020-00-00,200733.0,187.0,Wikidata P2044,181.9656,0,dropped (not used),1871,,United States,USA,82586.7847707894,2023,World Bank NY.GDP.PCAP.CD,1871,33.52,-86.8,17.1,1871,196,76300,200000,17.09,WorldClim 2.1 tavg 1970-2000 2.5m (cell)
Oklahoma City,North America,Oklahoma City,http://dbpedia.org/resource/Oklahoma_City,Q34863,35.46861267089844,-97.5213851928711,DBpedia,35.48222222222222,-97.53527777777778,35.46861267089844,-97.52138519287109,681054.0,Wikidata P1082,2020-04-01,681054.0,366.0,Wikidata P2044,365.1504,0,dropped (not used),1889,,United States,USA,82586.7847707894,2023,World Bank NY.GDP.PCAP.CD,1889,35.47,-97.52,15.9,1889,366,76300,681000,16.17,WorldClim 2.1 tavg 1970-2000 2.5m (cell)
Tucson,North America,"Tucson, Arizona","http://dbpedia.org/resource/Tucson,_Arizona",Q18575,32.2216682434082,-110.9263916015625,DBpedia,32.221666666667,-110.92638888889,32.2216682434082,-110.9263916015625,542629.0,Wikidata P1082,2020-00-00,542629.0,728.0,Wikidata P2044,728.1672,0,dropped (not used),1775,1768,United States,USA,82586.7847707894,2023,World Bank NY.GDP.PCAP.CD,1775,32.22,-110.93,22.0,1775,728,76300,542000,20.97,WorldClim 2.1 tavg 1970-2000 2.5m (cell)
Honolulu,North America,Honolulu,http://dbpedia.org/resource/Honolulu,Q18094,21.29999923706055,-157.8500061035156,DBpedia,21.30472222222222,-157.85722222222222,21.29999923706055,-157.8500061035156,350964.0,Wikidata P1082,2020-04-01,350964.0,12.0,Wikidata P2044,5.0,0,dropped (not used),1907,,United States,USA,82586.7847707894,2023,World Bank NY.GDP.PCAP.CD,,21.31,-157.86,25.1,1907,5,76300,350000,24.71,WorldClim 2.1 tavg 1970-2000 2.5m (cell)
Nice,Europe,Nice,http://dbpedia.org/resource/Nice,Q33959,43.70339965820312,7.266300201416016,DBpedia,43.701944444444,7.2683333333333,43.70339965820312,7.266300201416016,357737.0,Wikidata P1082,2023-01-01,,0.0,Wikidata P2044,,0,dropped (not used),,,France,FRA,44700.1384177544,2023,World Bank NY.GDP.PCAP.CD,,43.71,7.26,15.5,-350,10,42300,342000,15.34,WorldClim 2.1 tavg 1970-2000 2.5m (cell)
Palermo,Europe,Palermo,http://dbpedia.org/resource/Palermo,Q2656,38.11111068725586,13.35166645050049,DBpedia,38.115658055555556,13.361261944444445,38.11111068725586,13.35166645050049,630167.0,Wikidata P1082,2023-01-01,625956.0,14.0,Wikidata P2044,14.0,0,dropped (not used),,,Italy,ITA,39279.699782164,2023,World Bank NY.GDP.PCAP.CD,,38.12,13.36,18.0,-734,14,34500,663000,18.36,WorldClim 2.1 tavg 1970-2000 2.5m (cell)
Bologna,Europe,Bologna,http://dbpedia.org/resource/Bologna,Q1891,44.49388885498047,11.34277820587158,DBpedia,44.493888888889,11.342777777778,44.49388885498047,11.34277820587158,387971.0,Wikidata P1082,2023-01-01,390734.0,54.0,Wikidata P2044,54.0,0,dropped (not used),,,Italy,ITA,39279.699782164,2023,World Bank NY.GDP.PCAP.CD,,44.49,11.34,13.6,-510,54,34500,394000,13.67,WorldClim 2.1 tavg 1970-2000 2.5m (cell)
Gdansk,Europe,Gdańsk,http://dbpedia.org/resource/Gdańsk,Q1792,54.34749984741211,18.64527702331543,DBpedia,54.3482907,18.6540233,54.34749984741211,18.64527702331543,487834.0,Wikidata P1082,2024-06-30,487371.0,11.0,Wikidata P2044,,0,dropped (not used),,997,Poland,POL,22145.2660647429,2023,World Bank NY.GDP.PCAP.CD,997,54.35,18.65,7.9,997,7,17800,471000,8.23,WorldClim 2.1 tavg 1970-2000 2.5m (cell)
Bratislava,Europe,Bratislava,http://dbpedia.org/resource/Bratislava,Q1780,48.14389038085938,17.10972213745117,DBpedia,48.1516988,17.1093063,48.14389038085938,17.10972213745117,480902.0,Wikidata P1082,2025-12-31,475503.0,152.0,Wikidata P2044,124.0,0,dropped (not used),,907,Slovakia,SVK,24614.8734642794,2023,World Bank NY.GDP.PCAP.CD,907,48.15,17.11,10.3,-400,134,21200,475000,10.1,WorldClim 2.1 tavg 1970-2000 2.5m (cell)
Nicosia,Europe,Nicosia,http://dbpedia.org/resource/Nicosia,Q3856,35.17250061035156,33.3650016784668,DBpedia,35.1725,33.365,35.17250061035156,33.3650016784668,56848.0,Wikidata P1082,2021-00-00,56848.0,220.0,Wikidata P2044,220.0,0,dropped (not used),,,Cyprus,CYP,36623.70703125,2023,World Bank NY.GDP.PCAP.CD,,35.19,33.38,19.5,-2500,149,31000,326000,19.73,WorldClim 2.1 tavg 1970-2000 2.5m (cell)
Valletta,Europe,Valletta,http://dbpedia.org/resource/Valletta,Q23800,35.89833450317383,14.51249980926514,DBpedia,35.897777777778,14.5125,35.89833450317383,14.51249980926514,6444.0,Wikidata P1082,2014-03-31,5157.0,56.0,Wikidata P2044,56.0,0,dropped (not used),1566,,Malta,MLT,40932.5238774461,2023,World Bank NY.GDP.PCAP.CD,1566,35.9,14.51,19.0,1566,15,32200,6000,19.17,WorldClim 2.1 tavg 1970-2000 2.5m (cell)
Tirana,Europe,Tirana,http://dbpedia.org/resource/Tirana,Q19689,41.32722091674805,19.81861114501953,DBpedia,41.32833333333333,19.818055555555556,41.32722091674805,19.81861114501953,389323.0,Wikidata P1082,2023-09-18,,110.0,Wikidata P2044,110.0,0,dropped (not used),,,Albania,ALB,9740.7023414631,2023,World Bank NY.GDP.PCAP.CD,1614,41.33,19.82,15.2,1614,110,6300,418000,15.12,WorldClim 2.1 tavg 1970-2000 2.5m (cell)
Skopje,Europe,Skopje,http://dbpedia.org/resource/Skopje,Q384,41.99611282348633,21.43166732788086,DBpedia,41.99611111111111,21.431666666666665,41.99611282348633,21.43166732788086,422540.0,Wikidata P1082,2021-00-00,526502.0,251.0,Wikidata P2044,240.0,0,dropped (not used),,,North Macedonia,MKD,8674.35846327485,2023,World Bank NY.GDP.PCAP.CD,,42.0,21.43,12.4,-400,240,6700,544000,12.06,WorldClim 2.1 tavg 1970-2000 2.5m (cell)
Sarajevo,Europe,Sarajevo,http://dbpedia.org/resource/Sarajevo,Q11194,43.85638809204102,18.41305541992188,DBpedia,43.85638888888889,18.413055555555555,43.85638809204102,18.41305541992188,275524.0,Wikidata P1082,2013-00-00,275524.0,527.0,Wikidata P2044,550.0,0,dropped (not used),,,Bosnia and Herzegovina,BIH,8663.02326458629,2023,World Bank NY.GDP.PCAP.CD,1462,43.86,18.41,10.1,1461,518,7000,275000,10.25,WorldClim 2.1 tavg 1970-2000 2.5m (cell)
Podgorica,Europe,Podgorica,http://dbpedia.org/resource/Podgorica,Q23564,42.44138888888889,19.262777777777778,Wikidata P625,42.44138888888889,19.262777777777778,,,150977.0,Wikidata P1082,2011-01-01,,49.0,Wikidata P2044,40.0,0,dropped (not used),,,Montenegro,MNE,12258.1600477339,2023,World Bank NY.GDP.PCAP.CD,,42.44,19.26,15.3,1326,44,9500,187000,15.21,WorldClim 2.1 tavg 1970-2000 2.5m (cell)
Nanjing,Asia,Nanjing,http://dbpedia.org/resource/Nanjing,Q16666,32.06083297729492,118.7788925170898,DBpedia,32.060833333333335,118.77888888888889,32.06083297729492,118.7788925170898,9314685.0,Wikidata P1082,2020-00-00,9341685.0,15.0,Wikidata P2044,15.24,0,dropped (not used),,,People's Republic of China,CHN,12951.1782397043,2023,World Bank NY.GDP.PCAP.CD,-495,32.06,118.8,15.7,-495,20,12600,9314000,16.01,WorldClim 2.1 tavg 1970-2000 2.5m (cell)
Xian,Asia,Xi'an,http://dbpedia.org/resource/Xi'an,Q5826,34.26111221313477,108.9422225952148,DBpedia,34.26111111111111,108.94222222222223,34.26111221313477,108.9422225952148,12952907.0,Wikidata P1082,2020-00-00,12952907.0,405.0,Wikidata P2044,405.0,0,dropped (not used),,,People's Republic of China,CHN,12951.1782397043,2023,World Bank NY.GDP.PCAP.CD,,34.26,108.94,14.1,-1100,405,12600,8700000,13.96,WorldClim 2.1 tavg 1970-2000 2.5m (cell)
Hangzhou,Asia,Hangzhou,http://dbpedia.org/resource/Hangzhou,Q4970,30.26700019836426,120.1529998779297,DBpedia,30.25,120.1675,30.26700019836426,120.1529998779297,11936010.0,Wikidata P1082,2020-00-00,11936010.0,19.0,Wikidata P2044,,0,dropped (not used),,,People's Republic of China,CHN,12951.1782397043,2023,World Bank NY.GDP.PCAP.CD,,30.27,120.15,16.6,-2200,19,12600,10360000,16.85,WorldClim 2.1 tavg 1970-2000 2.5m (cell)
Surabaya,Asia,Surabaya,http://dbpedia.org/resource/Surabaya,Q11462,-7.245833396911621,112.7377777099609,DBpedia,-7.246283611111111,112.73776722222222,-7.245833396911621,112.7377777099609,3009286.0,Wikidata P1082,2023-00-00,3018022.0,5.0,Wikidata P2044,5.0,0,dropped (not used),1293,,Indonesia,IDN,4876.2992959843,2023,World Bank NY.GDP.PCAP.CD,1293,-7.25,112.75,27.3,1293,5,4300,2874000,28.16,WorldClim 2.1 tavg 1970-2000 2.5m (cell)
Bandung,Asia,Bandung,http://dbpedia.org/resource/Bandung,Q10389,-6.912000179290771,107.6097030639648,DBpedia,-6.921944444444445,107.60694444444445,-6.912000179290771,107.6097030639648,2875673.0,Wikidata P1082,2010-00-00,2528163.0,768.0,Wikidata P2044,708.0,0,dropped (not used),1810,1488,Indonesia,IDN,4876.2992959843,2023,World Bank NY.GDP.PCAP.CD,1810,-6.91,107.61,23.5,1810,768,4300,2444000,22.77,WorldClim 2.1 tavg 1970-2000 2.5m (cell)
Nagoya,Asia,Nagoya,http://dbpedia.org/resource/Nagoya,Q11751,35.18333435058594,136.8999938964844,DBpedia,35.18138888888889,136.9063888888889,35.18333435058594,136.8999938964844,2326844.0,Wikidata P1082,2021-02-01,2331078.0,23.0,Copernicus DEM GLO-90 (Open-Meteo elevation API),,0,dropped (not used),1889,,Japan,JPN,35215.003535366,2023,World Bank NY.GDP.PCAP.CD,1889,35.18,136.91,15.8,1610,17,33800,2296000,15.73,WorldClim 2.1 tavg 1970-2000 2.5m (cell)
Fukuoka,Asia,Fukuoka,http://dbpedia.org/resource/Fukuoka,Q26600,33.59000015258789,130.4016723632812,DBpedia,33.59013888888889,130.40172222222222,33.59000015258789,130.4016723632812,1603043.0,Wikidata P1082,2020-09-01,1603543.0,8.0,Wikidata P2044,,0,dropped (not used),1889,,Japan,JPN,35215.003535366,2023,World Bank NY.GDP.PCAP.CD,1889,33.59,130.4,17.0,57,3,33800,1603000,16.52,WorldClim 2.1 tavg 1970-2000 2.5m (cell)
Pune,Asia,Pune,http://dbpedia.org/resource/Pune,Q1538,18.52027702331543,73.8566665649414,DBpedia,18.52111111111111,73.85527777777777,18.52027702331543,73.85666656494141,6200000.0,Wikidata P1082,2021-00-00,,561.0,Wikidata P2044,570.62,0,dropped (not used),,,India,IND,2434.44826340989,2023,World Bank NY.GDP.PCAP.CD,1436,18.52,73.86,25.0,847,560,2400,3124000,24.82,WorldClim 2.1 tavg 1970-2000 2.5m (cell)
Ahmedabad,Asia,Ahmedabad,http://dbpedia.org/resource/Ahmedabad,Q1070,23.02249908447266,72.5713882446289,DBpedia,23.021944444444443,72.57972222222222,23.02249908447266,72.57138824462891,7645000.0,Wikidata P1082,2016-00-00,5577940.0,53.0,Wikidata P2044,69.65,0,dropped (not used),,,India,IND,2434.44826340989,2023,World Bank NY.GDP.PCAP.CD,1411,23.02,72.57,27.0,1411,55,2400,5577000,27.46,WorldClim 2.1 tavg 1970-2000 2.5m (cell)
Jaipur,Asia,Jaipur,http://dbpedia.org/resource/Jaipur,Q66485,26.91500091552734,75.81999969482422,DBpedia,26.915,75.82,26.91500091552734,75.81999969482422,3073350.0,Wikidata P1082,2011-01-01,3046163.0,431.0,Wikidata P2044,431.0,0,dropped (not used),1727,,India,IND,2434.44826340989,2023,World Bank NY.GDP.PCAP.CD,1727,26.92,75.79,25.5,1727,431,2400,3046000,25.18,WorldClim 2.1 tavg 1970-2000 2.5m (cell)
Lucknow,Asia,Lucknow,http://dbpedia.org/resource/Lucknow,Q47916,26.85000038146973,80.94999694824219,DBpedia,26.847,80.947,26.85000038146973,80.94999694824219,3382000.0,Wikidata P1082,2017-00-00,4000000.0,123.0,Wikidata P2044,123.0,0,dropped (not used),,,India,IND,2434.44826340989,2023,World Bank NY.GDP.PCAP.CD,,26.85,80.95,25.8,1775,123,2400,2815000,25.82,WorldClim 2.1 tavg 1970-2000 2.5m (cell)
Chittagong,Asia,Chittagong,http://dbpedia.org/resource/Chittagong,Q376749,22.33499908447266,91.8324966430664,DBpedia,22.335,91.8325,22.33499908447266,91.83249664306641,3230507.0,Wikidata P1082,2020-01-01,3230507.0,6.0,Wikidata P2044,29.0,0,dropped (not used),,,Bangladesh,BGD,2551.01773827307,2023,World Bank NY.GDP.PCAP.CD,,22.36,91.78,25.7,1340,9,2500,2582000,26.11,WorldClim 2.1 tavg 1970-2000 2.5m (cell)
Chiang Mai,Asia,Chiang Mai,http://dbpedia.org/resource/Chiang_Mai,Q52028,18.79527854919434,98.99861145019531,DBpedia,18.788888888889,98.983333333333,18.79527854919434,98.99861145019531,1198000.0,Wikidata P1082,2022-00-00,,310.0,Wikidata P2044,,0,dropped (not used),,,Thailand,THA,7210.54130832685,2023,World Bank NY.GDP.PCAP.CD,1201,18.79,98.98,25.4,1296,310,7200,131000,25.81,WorldClim 2.1 tavg 1970-2000 2.5m (cell)
Vientiane,Asia,Vientiane,http://dbpedia.org/resource/Vientiane,Q9326,17.97999954223633,102.629997253418,DBpedia,17.98,102.63,17.97999954223633,102.629997253418,948487.0,Wikidata P1082,2020-00-00,840940.0,174.0,Wikidata P2044,174.0,0,dropped (not used),,,Laos,LAO,2066.94979776957,2023,World Bank NY.GDP.PCAP.CD,1560,17.97,102.63,26.5,1560,174,2600,820000,26.44,WorldClim 2.1 tavg 1970-2000 2.5m (cell)
