new -0.62333 -0.42434 -0.035321 -0.026693 0.2312 0.17631 0.28722 -0.24921 0.22212 -1.678 0.37103 -0.11762 0.077491 0.090667 0.3979 0.62393 -0.46144 -0.095078 0.092384 -0.014494 -0.36806 0.37096 0.49309 0.36888 0.10793 0.17544 0.2503 0.44187 -0.11506 0.10503 0.20957 0.19104 -0.1709 0.89148 -1.0973 0.45797 0.17506 -0.00014931 0.35701 0.1561 -0.20892 0.53822 -0.31083 0.39404 0.029395 0.34538 -0.02304 0.36526 -0.091282 -0.24338 -0.09749 -0.59859 -0.15199 -0.27588 -0.044608 0.013343 -0.17576 0.066883 0.1244 -0.41805 0.091045 0.10094 0.2768 -0.34494 0.38171 0.16173 0.33254 -0.25571 0.11421 0.11263 -0.06487 0.18191 -0.040583 0.0044194 -0.4028 0.22875 -0.48651 0.20342 -0.13837 -0.027807 -0.40996 0.17771 -0.0058229 -0.10168 0.021132 0.14129 0.11464 -0.40138 0.37798 -0.19581 0.13855 -0.30581 0.20365 -0.37313 -0.71853 -0.34696 -0.79949 -0.43267 0.18972 -0.58428 -0.089209 0.23599 0.22807 -0.12161 -0.078572 -0.29761 0.3576 0.48434 0.05736 0.061779 0.62813 -0.10907 -0.66463 -0.13922 0.13837 -0.11042 -0.17531 0.1453 0.0033204 -0.93726 0.34386 -0.26018 -0.11917 0.20453 -0.11092 -0.351 0.21743 -0.046176 0.094035 -0.14177 0.31232 0.11681 -0.056011 -0.32107 0.11948 -0.029672 0.0091405 -0.024925 -0.19246 0.017617 -0.28366 0.016294 0.16605 0.27107 -0.41828 0.12791 -0.17348 0.045633 -0.21362 -0.098511 0.81756 -0.16544 0.16803 -0.089451 0.17107 -0.029946 -0.8315 0.20279 -0.14591 -0.24494 0.57916 0.026843 -0.60915 0.217 -0.21601 0.09812 0.1869 0.28011 0.11309 0.095148 0.16718 -0.17299 -0.77863 0.49693 -0.088093 -0.1211 0.8159 -0.33868 -0.1579 0.3224 0.10812 0.41685 0.34886 0.20563 0.10629 0.10475 -0.46482 -0.2317 0.17055 -0.36993 0.17078 0.26872 0.00086361 -0.019947 -0.15615 0.053355 -0.078258 -0.13426 -0.03586 0.48269 0.65611 0.37293 -0.12687 -0.20077 -0.12776 -0.11849 -0.073055 0.61109 -0.096248 -0.13414 -0.13632 -0.18696 0.37692 0.14634 -0.12757 -0.33056 0.090971 0.34136 -0.19732 -0.10375 0.64241 0.31729 0.0070839 0.61258 0.30718 -0.066504 0.36865 0.40577 -0.34728 0.37603 -0.19706 0.32046 -0.13319 0.32251 0.32251 -0.046048 0.28165 -0.06755 0.16264 0.0094879 -0.41441 -0.30511 0.58839 0.32493 -0.89047 0.0031496 0.20549 -0.22942 -0.34868 0.027447 0.34776 -0.29882 -0.30771 0.39355 0.26713 -0.22932 0.046594 -0.15041 0.36369 0.11948 -0.37471 -0.21203 0.41945 0.18002 0.28413 -0.095694 -0.072786 0.48981 -0.26203 -0.24184 0.047692 0.10932 0.024465 -0.076462 0.30095 0.67031 -2.0557 0.24284 0.56468 0.45036 -0.25781 -0.027406 -0.048791 0.062385 -0.27711 0.057464 -0.53527 0.78191 -0.0382 -0.5182 -0.36521 -0.90286 -0.42851 0.10705 0.038003 0.68034 -0.040102 -0.13613 0.09868 0.609
city -0.28657 -0.25597 -0.17669 -0.46088 0.317 0.064304 0.52454 0.18383 0.062906 -0.93124 0.23272 -0.16004 0.069447 0.90795 0.73368 0.40592 -0.10002 0.07107 0.43055 -0.013252 -0.37427 -0.30007 0.15565 0.16304 0.053763 -0.44352 -0.30543 0.012331 -0.63027 0.074935 0.20354 0.19314 -0.74728 0.5631 -0.76121 -0.072721 -0.078425 -0.070893 -0.75753 -0.37812 0.28302 0.29649 -0.28665 0.796 0.32265 0.18991 0.50752 0.64971 -0.33452 0.66178 0.24073 -0.028376 -0.019101 0.20698 0.22766 -0.17351 -0.21007 0.16025 0.013241 0.023294 -0.93322 -0.24831 0.33513 -0.30117 0.24962 0.26296 0.085639 0.33565 0.2886 -0.53817 0.61879 -0.38381 0.050317 -0.26699 -0.39905 0.53416 -0.35775 0.79133 0.51253 -0.088401 -0.42185 -0.26924 0.056767 0.17535 -0.11596 -0.15487 -0.18443 0.013699 0.65933 0.86019 0.14774 0.2236 0.67001 -0.13347 -0.042613 0.3182 0.047629 0.2162 0.35402 -0.1964 0.13411 0.1804 -0.35455 -0.095503 0.037513 0.23815 0.84648 0.073411 0.020256 0.15228 0.10236 -0.64007 -0.03209 -0.30111 0.27308 -0.017981 0.16007 -0.39209 0.025596 -0.18904 0.025195 -0.075242 -0.010816 0.15932 -0.049518 -0.088139 0.065475 0.020599 -0.065758 -0.16035 0.39933 0.22775 0.20956 0.39826 0.40835 -0.1036 -0.32605 -0.25023 0.57407 0.074991 -0.38759 -0.08109 -0.40343 0.38626 -0.10184 -0.19685 0.5928 -0.16545 -0.68655 0.18639 1.1777 -0.064025 0.32503 0.22213 0.62068 0.38449 -0.20991 -0.17567 -0.1884 -0.021688 0.63995 0.19934 0.08157 -0.34806 -0.25447 -0.58554 0.3699 -0.086039 0.23028 0.22636 -0.35269 -0.25407 -0.58891 0.19767 0.57243 0.64606 0.033082 -0.33964 -0.51523 0.44029 -0.76478 0.422 -0.59836 0.41935 0.52698 0.03686 -0.38921 -0.33881 0.13258 -0.017273 0.51632 0.047375 -0.17095 0.067344 0.06772 -0.12745 0.039087 -0.33334 -0.20741 0.69557 0.80887 -0.35164 0.41539 -0.048455 -0.41399 -0.33141 0.45662 -0.13149 0.43816 0.014391 -0.72106 0.12109 -0.29333 -0.24395 0.53472 0.31927 -0.21229 0.064088 -0.091685 -0.023769 0.40531 -0.080093 0.19556 0.20375 0.087877 -0.21453 0.60566 -0.57824 -0.15274 -0.35719 0.21558 0.34891 -0.095101 -0.48474 0.12692 0.35057 0.21383 -0.099534 0.029399 0.19956 -0.026928 -0.62526 0.54837 0.46811 -0.71992 0.416 -0.17725 -0.40055 0.35987 -0.056537 0.26459 -0.25755 0.30527 0.28266 0.28799 -0.1106 -0.36371 -0.58022 0.11267 -0.29631 -0.02371 0.23683 0.50093 0.14777 0.0462 -0.32316 -0.094494 0.0080193 -0.39112 -0.135 -0.15205 0.017305 0.16185 0.24032 -0.081876 -0.16558 -2.197 0.20448 0.26173 0.41236 -0.2986 0.1402 -0.16569 0.027927 -0.67993 0.78325 -0.024014 0.64388 0.25133 -0.38615 0.17025 -0.10581 -0.23546 0.31477 0.68705 0.29326 0.39203 -0.46543 -0.58546 0.17404
york -0.41706 -0.64505 0.066489 0.52657 0.26967 0.53167 0.26864 -0.53426 0.1178 -0.78575 0.27685 -0.32979 0.1183 0.51304 0.58556 0.50386 -0.28285 0.094896 -0.22759 -0.11092 -0.52763 0.34212 0.26009 0.13988 0.25684 0.1512 0.30558 0.1048 -0.41013 -0.3462 0.12267 0.25996 0.20507 0.48109 -1.3271 0.15458 -0.08176 0.12608 0.23448 0.019672 -0.38714 0.4932 -0.31065 0.71423 -0.076369 0.7577 0.21124 0.42968 0.054959 0.24637 0.035513 -0.28546 0.20807 -0.27696 0.14085 -0.3152 -0.49981 0.11102 0.20581 -0.91125 0.068908 0.27114 0.35613 -0.19074 0.45083 -0.1982 0.40677 -0.20958 0.14211 -0.44409 0.30049 -0.31978 -0.29644 -0.18461 -0.71054 0.21188 -0.16914 0.57353 0.02097 -0.0046587 -0.58433 0.16817 -0.42773 0.029192 0.039059 0.32906 0.11026 -0.34876 0.14915 0.0061033 0.52194 -0.40287 0.055615 -0.45318 -0.69951 -0.12227 -1.1029 -0.39865 0.072863 -0.50287 0.22299 0.31791 0.22541 -0.2581 0.042551 -0.16901 0.59791 0.26429 0.66779 0.3973 -0.21504 -0.05176 -0.26257 -0.12292 0.19543 0.043034 -0.17391 -0.28031 -0.17587 -0.53604 0.032186 -0.052054 0.025397 0.043166 0.046852 -0.25035 0.54072 -0.51874 -0.088249 -0.13625 0.41025 0.27468 0.036397 -0.58277 -0.20897 0.22027 -0.50274 0.37321 -0.29385 -0.01442 -0.18311 -0.27364 0.041928 0.40802 -0.21754 0.18799 0.042142 -0.26103 -0.42558 -0.16888 0.9984 0.025309 0.31625 -0.016604 -0.17405 -0.075326 -0.37361 -0.19081 0.18642 0.01442 0.58372 0.10784 -0.64318 -0.025963 -0.054931 0.33971 0.27691 -0.18368 -0.17962 0.52817 0.14415 -0.55131 -1.3852 0.67743 -0.16171 -0.4052 0.98576 -0.20715 0.13602 0.71816 0.19529 0.76771 -0.4198 0.14731 -0.1515 0.18704 -0.47654 -0.42809 0.20414 0.11664 0.046603 0.20168 -0.070192 -0.15592 -0.28938 0.025923 -0.11915 -0.29546 -0.26016 0.42225 0.65063 0.61601 0.2894 -0.20419 -0.12653 0.20092 -0.16653 0.60908 -0.1395 -0.41711 -0.20267 -0.015468 0.25985 0.15098 -0.057176 -0.11496 -0.042063 -0.0041965 -0.16626 -0.15697 0.5696 0.13111 0.52982 0.7914 -0.025318 -0.10514 -0.055393 0.20516 -0.34787 0.23784 -0.09266 0.51646 0.0031191 0.09282 0.22924 -0.158 0.033485 0.094792 -0.091241 -0.30206 -0.68554 -0.54956 0.84755 0.3383 -0.41073 -0.50604 -0.25713 -0.2927 0.079769 0.1072 0.81451 -0.38825 -0.387 0.63927 0.38612 -0.080885 -0.34161 -0.25647 0.068439 -0.097264 -0.43855 0.31755 0.48726 0.0878 0.20187 -0.17754 -0.067044 0.57963 -0.5152 -0.13815 0.1403 -0.1455 0.16737 0.087227 0.029472 0.77012 -1.5121 0.242 0.29712 0.25402 -0.91257 -0.04948 0.27945 -0.33204 -0.55051 0.23311 -0.12189 0.82914 0.025837 -0.12757 -0.037517 -0.73572 -0.89697 0.4072 0.29013 0.44406 0.27256 -0.27838 0.11672 0.57483
washington 0.033331 -0.10067 0.00043131 -0.17152 0.023796 0.25452 -0.00031644 -0.39936 0.21069 -1.2219 0.2033 0.44303 0.091053 -0.10403 0.16834 0.76883 -0.14546 -0.2401 -0.3286 0.35112 0.089056 -0.38196 0.68313 0.53744 -0.3657 0.3748 -0.10724 -0.28035 -0.3472 -0.22351 0.59017 -0.1241 -0.13953 0.041067 -0.84066 -0.15135 -0.69448 0.13618 -0.28654 -0.39694 -0.072266 0.35308 -0.39569 0.57517 -0.50743 0.49218 -0.1043 0.039839 -0.40596 0.0078689 0.48756 -0.13813 -0.022667 0.16265 -0.055162 -0.37121 -0.40089 0.44429 0.036911 -0.37175 0.076549 0.43266 0.14576 0.017391 -0.33104 -0.77195 0.34968 0.10552 0.24606 -0.2397 0.034487 -0.085268 0.42034 0.10094 -0.54733 0.29578 0.34922 0.72623 -0.56996 0.15088 0.026733 -0.10369 -0.59844 -0.22628 0.062525 -0.38147 -0.1147 0.48752 -0.3324 -0.61821 -0.086899 0.14567 0.22873 0.5322 -0.70271 -0.044506 -0.40038 0.32228 -0.30419 -0.30567 -0.68619 -0.44456 0.10683 0.083284 -0.11747 0.091429 0.04073 -0.10423 0.44887 0.30046 -0.2805 -0.25872 -0.17026 0.48646 0.00030033 -0.030133 0.087233 -0.026235 -0.03031 -0.30848 0.58966 0.029526 0.12246 -0.078869 -0.67177 0.15523 -0.014412 -0.62114 -0.0058373 -0.093592 -0.0026972 0.18362 0.6263 -0.096144 -0.42971 0.17491 -0.48974 0.37101 0.099142 -0.1047 -0.020968 0.10997 0.11959 -0.039066 -0.50711 0.18041 -0.18391 -0.13262 -0.2568 -0.092253 1.0024 -0.10609 0.025301 0.33484 -0.11435 -0.043735 0.19897 -0.1498 -0.040127 -0.046184 0.32745 -0.0056371 0.070315 -0.47377 0.22608 -0.19832 0.28866 -0.733 -0.71866 0.26121 -0.080521 -0.29431 -0.9951 -0.032993 -0.165 -0.22736 -0.32742 -0.014558 -0.18975 0.31922 0.38181 0.12877 -0.10432 -0.2118 -0.51805 0.45399 -0.50639 0.058066 0.15194 -0.1172 -0.40903 0.058563 0.095754 -0.42389 0.15741 0.13267 0.55511 -0.16956 0.14653 0.34663 1.393 -0.1144 0.42313 -0.17262 -0.13047 0.10198 -0.30059 0.15417 -0.076709 -0.43386 0.0097497 0.65622 -0.14678 0.7313 -0.2336 -0.1115 -0.04136 -0.22217 -0.37478 -0.16644 0.7711 -0.35198 0.22731 0.17878 0.37266 0.5214 0.11242 0.56669 0.22575 -0.14023 -0.46727 0.13611 0.86508 0.0034228 -0.15417 0.067072 -0.21445 -0.074072 0.34697 -0.059321 -0.75178 -0.16959 0.37232 -0.07137 -0.24732 -0.22055 -0.29572 0.43304 0.12892 -0.28737 0.21661 -0.12086 -0.11606 0.43677 0.83941 -0.40945 -0.12306 -0.032839 0.1071 -0.041614 -0.10878 0.44542 0.037523 0.029033 0.33549 -0.21326 0.64308 0.40584 0.036455 -0.11065 -0.20881 0.079361 -0.047844 -0.34547 0.12127 0.10976 -1.6193 0.55259 0.85994 -0.41194 -0.04103 -0.41926 0.68404 -0.36379 0.011101 0.21346 0.046224 0.74384 0.41298 0.097352 0.50441 -0.26528 0.31257 0.83295 -0.1776 0.094953 0.053937 -0.4423 -0.61881 0.15725
town -0.51158 -0.29068 -0.097587 -0.17189 0.19698 -0.0085381 0.070912 0.010709 0.15264 -0.72305 -0.59085 -0.30725 0.014572 0.81772 0.4464 0.42603 0.042254 -0.45597 0.48721 -0.18836 0.072639 0.28533 0.15823 0.30435 -0.2684 -0.64445 -0.19013 0.12434 -0.17342 0.2738 0.30838 -0.061177 -0.64004 0.61668 -0.13424 -0.10904 0.014208 0.46137 -0.36009 -0.94788 0.45293 -0.14532 0.20298 0.35952 0.38398 0.19453 0.50104 0.020195 0.38969 0.50491 0.3497 0.10431 0.34081 0.40928 0.16854 0.36049 -0.18161 0.0628 0.29826 0.1621 -0.090976 -0.7798 -0.036705 -0.51215 0.65329 -0.21499 -0.070507 0.13524 -0.035009 -0.26431 0.35912 -0.62169 0.0057815 -0.3509 -0.4144 -0.17873 0.36024 0.29738 -0.18206 -0.28702 -0.024239 -0.32345 0.11905 0.29593 0.10435 -0.3082 -0.42535 -0.26401 0.58095 0.4693 0.066994 0.006512 0.51564 -0.15114 0.067219 0.23744 0.29847 0.201 -0.11558 0.2364 0.042037 0.44301 0.04863 -0.1472 0.14032 -0.044385 0.92488 0.37869 0.052911 0.10493 0.19653 -0.53618 -0.34115 -0.40701 0.54159 0.42984 0.41606 -0.11065 0.1388 0.033487 0.0057532 0.049622 -0.030145 0.25154 0.1159 0.28659 0.21779 -0.013847 0.15172 0.06836 0.26634 0.088985 -0.18587 -0.12451 0.40395 0.14874 -0.1606 -0.12646 0.21054 -0.79152 -0.2871 -0.51248 -0.54653 0.47816 -0.62607 -0.011748 0.38154 -0.098253 -0.77467 0.11006 0.52427 0.0071138 -0.075176 0.18825 0.75406 0.032093 -0.11387 0.13278 0.42181 0.38553 0.57172 -0.37189 -0.066531 -0.7782 -0.35427 -0.30547 -0.078229 -0.26683 0.20679 -0.66849 -0.51477 0.017633 0.15415 0.44383 0.14959 0.80757 -0.3669 -0.43959 -0.016601 -0.031078 -0.45125 0.48544 -0.021431 0.33168 1.2887 -0.27364 -0.69825 -0.15373 0.12292 0.43901 0.40857 0.51669 -0.14639 0.052728 0.078948 0.23622 -0.40242 -0.65234 -0.22491 0.076513 0.76524 -0.45121 -0.20511 0.25676 0.000369 -0.64951 0.048753 -0.26703 0.45891 0.19853 -0.53387 -0.077537 0.082663 -0.49558 0.59117 0.15715 0.22658 -0.17189 -0.28162 0.099415 0.15734 -0.63445 0.25986 -0.21246 0.038314 -0.51896 0.3369 -0.53444 0.21031 -0.086218 0.29355 0.12088 -0.44579 -0.42211 0.99769 0.052425 0.17754 0.050015 0.069418 0.37494 0.22572 0.24764 0.69958 0.24572 -0.51839 0.30076 -0.077274 -0.0095187 0.18251 -0.22351 0.1063 -0.18191 0.05587 0.031352 0.30367 0.10067 0.18851 -0.41258 -0.15837 -0.24708 0.2925 0.48006 0.21988 0.084735 -0.20258 -0.2441 0.14016 -0.33249 0.1551 -0.028359 -0.4622 -0.46736 -0.048296 -0.27694 -0.084761 0.048965 -2.2223 -0.053242 0.27398 0.53324 -0.62027 0.41924 -0.33742 -0.34844 -0.41311 0.84333 0.21752 0.067472 0.3114 0.38835 0.10776 -0.086123 0.027665 -0.25631 0.051119 0.82253 0.1809 -0.16861 -0.089034 0.8545
de 0.41448 0.37183 -0.54288 -0.27135 0.15284 0.36022 -1.0764 -0.024004 -0.18445 -1.6531 0.57112 -0.18643 -0.058574 -0.72651 -0.0086029 -0.63115 -0.21867 0.45084 0.60867 0.39753 -0.8752 0.69128 0.4408 -0.19983 0.10087 -0.17122 0.53098 0.66427 0.35006 -0.29386 0.6458 0.37171 -0.16801 0.42022 -0.026076 -0.53626 1.032 -0.017245 -0.42955 -0.53427 -0.4332 0.016421 0.5685 0.40968 0.10313 0.034887 0.25668 1.0771 0.26875 0.32428 0.30946 1.0023 0.55752 0.5903 0.12926 0.57999 -1.0379 -0.45901 0.26748 -0.79707 0.0017965 -0.58338 0.46264 0.49495 -0.22877 -0.74364 0.56701 -0.56406 0.10903 -0.71495 -0.26471 0.29522 -0.058993 -0.88959 -0.60917 0.038756 1.2225 -0.68813 0.29255 -0.35849 0.6717 0.53245 0.13624 -0.28097 -0.50283 -0.39963 0.23267 0.037684 -0.075682 0.14355 0.48721 -1.0279 0.12929 0.010412 0.34354 0.18583 -0.0054262 -0.84374 -0.2165 -0.23804 -0.037041 -0.15948 -0.32479 0.68905 0.35138 -0.20924 -0.7504 0.25709 0.1588 0.26403 -0.25668 -0.66041 0.094691 -0.35734 -0.35895 -0.41733 0.34912 -0.10958 -0.77036 0.34732 0.79024 0.24074 -0.26266 -0.5819 -0.79285 -0.14719 0.69302 0.69344 -0.49072 0.11429 0.021838 -0.54908 -1.3582 0.61566 0.1289 -0.71349 0.22562 -0.3613 -0.076056 -0.22253 -0.36856 -0.07549 0.41996 -0.065592 -0.075305 -0.50037 0.72628 -0.20504 -0.057119 0.26549 0.968 0.35881 -0.73894 0.063118 0.49423 -0.22665 0.076426 -0.41287 -0.024135 0.15265 0.19958 -0.27728 -0.45046 0.016738 -0.086939 -0.17039 -0.38913 -0.35308 -0.23524 0.85672 0.54238 -0.11994 0.080483 -0.51495 1.2306 0.20012 -0.55002 0.4413 -0.13329 0.5243 -0.31744 0.82663 -0.042154 0.39334 0.20649 -0.31779 -1.7761 0.12442 -0.17439 0.30113 -0.044302 0.11486 -0.23423 -0.31866 -0.47703 0.11645 -0.54653 0.40859 0.5564 0.1327 0.67052 0.27916 -0.21002 -0.53149 1.0093 -0.045034 -0.42831 0.38832 -0.20181 0.076553 -0.1732 -0.29056 0.37772 0.41038 0.040509 -0.087522 1.2571 -1.546 -0.33626 -0.23727 0.086989 -0.11099 -0.1936 0.48721 -0.034807 -0.20129 0.79211 -0.15873 -0.055829 -0.3564 -0.28852 -0.67595 -0.48818 -0.028992 0.62282 -0.11906 0.093839 0.48218 -0.11346 -0.094869 -0.57355 -0.63212 0.66075 -0.15648 -0.37756 0.57739 -0.037294 -1.2673 0.17808 -0.96523 0.49996 -0.21741 0.39923 0.88803 0.46924 -0.050811 0.45569 -0.40686 0.07708 -0.75749 0.4702 -0.082676 -0.46605 0.75468 0.3396 0.23129 -0.26686 0.29429 -0.26653 -0.1141 -0.59503 -0.095084 -0.15246 -0.23753 0.7209 0.19226 -0.9468 -1.0594 -0.1586 0.49354 0.81132 0.15282 0.25565 -0.6018 0.0020301 0.3442 0.14428 0.026361 0.24592 0.75122 0.35971 0.51706 -0.28249 -0.63969 0.35632 0.090901 0.33853 -0.91931 -0.34436 -0.14252
london -0.04269 -0.512 0.41169 0.58458 0.11428 0.028419 0.51596 0.084272 -0.28982 -1.1916 0.16975 -0.019517 0.4975 0.38886 0.45247 -0.28056 -0.35147 0.25834 -0.57304 -0.44965 -0.46159 -0.0011844 -0.02429 0.22455 0.12634 0.18469 0.14086 0.43781 -0.26498 0.17539 -0.029412 -0.3487 -0.23527 0.70537 -0.58212 -0.41753 -0.34823 0.48648 -0.463 -0.076142 -0.80296 -0.032065 -0.28021 0.49985 0.13855 0.74983 -0.18118 0.17765 -0.11007 -0.21642 0.16892 -0.34766 -0.15311 -0.072877 0.93972 0.055357 -0.40057 0.3379 -0.11447 -0.89988 0.18032 0.54464 -0.038571 0.092775 0.46309 -0.10668 0.40975 -0.24563 -0.63954 -0.68503 0.35688 -0.46585 -0.017685 -0.4788 -0.19252 0.43024 0.36291 0.39396 -0.64826 0.58172 -0.044688 0.11744 -0.30702 0.37242 0.24637 0.042438 0.95846 -0.15373 -0.29518 0.062382 0.59212 -0.317 0.27388 -0.53813 0.19331 -0.013017 0.071838 0.18641 0.35963 -0.62079 -0.54008 -0.32281 -0.23525 0.60151 -0.30172 0.061539 0.60852 0.069575 0.1645 0.21801 -0.014383 -0.31447 0.24501 0.19374 0.12944 -0.0014282 -0.58997 0.30101 -0.031028 -1.172 -0.38868 -0.20631 0.32862 -0.58247 -0.18528 -0.56077 -0.13002 0.0025661 0.013273 -0.46167 0.38523 0.091855 -0.2796 -0.43715 -0.34939 0.41725 -0.40633 -0.41742 -0.53235 0.043421 0.56775 -0.36125 -0.16769 0.40632 -0.34359 -0.20872 0.2982 0.34489 -0.66399 -0.27541 0.5406 0.28234 0.25449 -0.071721 -0.19002 0.2824 -0.4847 -0.33282 0.50771 -0.22646 -0.057335 0.44178 0.13531 -0.47401 -0.28443 0.70781 0.16501 -0.44268 0.67682 -0.040143 -0.090801 -0.064833 -0.42189 0.12972 -0.30532 -0.066566 -0.34995 -0.44689 0.29448 0.37175 -0.14342 0.36355 -0.42145 0.26585 0.43459 0.14217 -0.18259 0.11447 -0.1288 -0.46603 -0.17038 -0.027391 0.26795 -0.53647 -0.53429 -0.24458 -0.068485 -0.29326 -0.32324 -0.17483 1.1826 0.1272 -0.28556 0.34563 -0.005076 0.37473 -0.39141 -0.17048 -0.094062 -0.71038 -0.023429 -0.28223 -0.041953 -0.029076 0.16694 0.59631 0.4323 -0.12085 -0.10056 -0.24157 0.61404 -0.10257 -0.49308 0.03034 -0.55566 -0.14226 -0.57891 -0.25311 -0.11638 0.23098 -0.085467 0.62753 0.43917 -0.65606 0.70938 0.12352 0.3303 0.60062 0.092298 -0.21016 -0.56176 -0.57644 0.50657 0.49062 0.019132 -0.43554 -0.76758 -0.61498 -0.020071 0.60331 0.43755 0.02836 -0.13058 0.077234 0.3265 0.22145 -0.18646 -0.056763 0.55884 -0.33246 -0.40265 0.52858 0.70621 1.2132 0.14049 0.30873 -0.075114 -0.045348 -0.090389 -0.18282 0.22076 0.22727 0.12548 0.097668 -0.5555 -0.023987 -1.4005 -0.15977 0.58102 0.14302 -0.68524 -0.27288 -0.12919 -0.6386 -0.40311 0.091408 0.20136 0.4435 -0.69868 0.063591 -0.10057 -0.20245 -0.5313 0.15467 0.39069 0.82759 -0.086717 0.06403 -0.47121 0.28538
san 0.24465 0.23682 -0.81174 -0.15551 0.16842 0.083311 -0.68355 0.19247 0.13164 -0.32205 -0.012478 0.20714 -0.0030296 0.079768 0.7341 -0.054621 0.57424 -0.17881 0.18427 0.38504 -0.041331 -0.029456 -0.38087 -0.49766 -0.29723 -0.44599 -0.5599 0.03136 -0.26192 -0.57495 0.35037 0.53565 -0.014345 -0.010456 -0.92833 0.26579 0.021702 -0.23996 0.073857 -0.52646 0.15582 0.24452 0.11749 0.81845 0.095253 0.047745 0.5102 0.4064 0.15663 0.31091 0.27401 0.26726 -0.089677 0.64878 0.22009 0.077568 -0.25106 -0.20549 -0.050256 -0.56001 0.026218 -0.69981 0.70546 0.43609 -0.060231 -0.96286 -0.11193 0.49004 0.58043 -0.8502 -0.39056 -0.22577 0.0212 0.34317 -0.71283 -0.044415 0.54454 0.33749 0.22598 0.16304 -0.71983 -0.17077 -1.0791 0.44345 -0.25856 0.16521 -0.24765 0.25186 -0.034377 -0.263 0.74373 0.23489 -0.27731 -0.097229 0.36568 0.6138 -0.19456 -0.28802 -0.40584 -0.52907 0.26378 -0.21157 -1.0072 -0.31243 0.14689 -0.16928 0.24355 0.013219 0.0062935 0.25916 -0.97251 -1.0262 -0.23896 -0.36552 0.10792 0.0054776 0.19931 -0.13935 -0.10964 0.95282 0.8773 -0.078357 0.13608 -0.17354 -0.12415 -0.53236 -0.13548 -0.59095 -0.25565 0.47727 -0.17076 -0.66312 -0.14134 0.68604 0.011664 -0.042826 0.58358 -0.53468 0.0062977 -0.012253 0.26977 -0.010648 -0.037565 0.072983 -0.7736 -0.54997 0.11932 0.52642 -0.19733 -0.019421 1.3593 -0.32921 0.17841 0.25263 0.2069 -0.13494 0.27097 0.14561 -0.56272 -0.058614 0.15389 0.015745 -0.18522 -0.42952 0.032414 -0.50799 -0.060054 -0.62772 -0.48362 0.69156 0.16836 0.28141 -0.40774 0.24003 -0.71121 -0.22539 -0.2765 -0.0506 0.33943 0.12001 -0.06217 0.50819 -0.19738 0.67266 0.4592 0.28998 -0.84983 -0.38275 0.34491 0.077493 -0.047757 0.90566 0.15812 0.33767 0.0055396 -0.73079 0.52311 0.023418 -0.19252 0.85133 0.93133 0.20187 0.38036 -0.13193 -0.044052 0.29318 -0.19346 0.69293 0.65642 -0.073099 0.17131 -0.08466 0.2549 0.077826 -0.30995 0.47703 -0.20833 -0.70839 -0.019485 0.25436 0.59919 0.039561 0.21855 0.50407 -0.034441 -0.17971 0.30235 -0.60057 -0.39644 -0.17058 -0.67156 0.20985 -0.55584 0.097309 0.53608 -0.40338 -0.35502 -0.28439 -0.17412 0.35967 -0.67515 0.083334 0.15606 0.49609 -0.5284 0.40713 -0.11392 0.63341 0.12746 -0.040238 0.30958 0.15433 -0.30441 0.70223 0.29473 -0.16561 0.46492 -0.5749 0.36084 -0.29919 -0.3659 -0.28667 0.27587 -0.087744 -0.029042 -0.17542 0.12027 0.18055 -0.2937 -0.66214 -0.22716 -0.45992 -0.10737 0.18062 -0.15007 -0.29088 -1.3805 -0.15033 0.22856 0.062526 -0.11024 0.35906 0.26263 0.56198 -0.66174 0.51501 -0.37606 0.024926 0.23013 0.1218 0.23677 -0.041981 -0.4734 0.35886 0.2711 0.55307 0.2442 -0.09417 -0.18853 0.31332
kong -0.26004 -0.95868 0.088731 -0.024188 -0.22365 -0.48255 -0.092918 0.4362 -0.19583 -1.3211 0.48489 -0.43318 0.18929 -0.04003 -0.10384 0.087515 -0.097067 0.52369 -0.63227 -0.0070764 -0.71205 0.00064462 -0.34703 -0.10738 -0.2089 0.61846 -0.25098 -0.24946 0.46004 -0.1946 0.15791 0.26041 -0.059094 0.89729 -0.91853 0.049055 -0.023534 0.032079 0.066082 -0.063751 -0.060456 -0.35834 0.20967 0.7672 0.52876 0.052061 0.25494 0.42595 -0.42019 0.54135 -0.5664 -0.27839 -0.12912 0.30781 0.66316 0.822 0.29687 0.33155 -0.73573 -0.44209 0.32779 0.35782 -0.29842 -0.1303 0.33226 -0.29676 -0.35237 0.017618 -0.28112 -0.14137 -0.6294 0.66006 -0.0011947 -0.46005 0.45043 0.15223 0.14018 -0.22972 0.45736 0.13771 -0.41748 -0.12632 -0.53546 -0.035704 0.3033 0.27309 0.14005 -0.58911 -0.094265 -0.23164 -0.5126 -0.55719 -0.27384 -0.29596 0.092976 -0.34821 -0.13908 0.60513 -0.028934 -0.53686 0.23063 -0.14529 -0.71679 -0.12777 0.05856 -0.078674 -0.20998 -0.14507 -0.47137 0.5593 -0.42361 -0.54241 0.077985 0.33301 1.0892 -0.17294 -0.072537 0.26639 -0.73207 -0.97678 0.16645 -0.12142 -0.10806 0.036435 0.15978 0.092253 -0.37141 0.66449 -0.093752 -0.5989 -0.83709 -0.076596 0.45946 -0.18008 0.05292 -0.45561 0.13751 -0.58489 0.041726 0.94701 0.58227 0.42948 -0.45582 -0.52342 -0.24571 -0.49811 -0.44576 -0.37333 -0.75666 0.16936 0.36948 0.12748 0.3091 0.18022 0.8314 0.30711 -1.31 0.39428 -0.13066 -0.046828 -0.15685 0.2369 -0.23036 -0.15769 0.70924 -0.0089351 0.66064 -0.32249 -0.29681 0.64457 0.24807 0.096076 -0.76721 0.32798 -0.65428 -0.18777 -0.51877 -0.26574 0.40401 0.78057 -0.45145 -0.0072087 -0.23086 -0.42136 0.089237 0.06939 -0.0072656 -0.015439 -0.61329 -0.409 0.72305 -0.47839 -0.61685 0.10006 0.57485 -0.18857 0.055467 -0.25167 -0.43398 -0.090226 0.96474 0.93278 -0.6783 -0.15571 -0.83599 0.9296 -0.15575 0.14594 0.32617 -0.10535 -0.43738 -0.20626 -0.089777 0.065756 0.19555 -0.47507 -0.46853 0.30869 0.37633 0.54303 0.55939 0.085893 -0.077495 0.093089 -0.47353 0.16367 -0.031395 0.22526 -0.3261 0.23403 -0.014895 0.10286 0.0083629 0.094412 -0.076003 0.99115 -0.1963 0.14265 -0.028028 0.91749 0.3213 0.19739 0.41362 0.46754 0.18836 0.35385 0.05697 -0.30239 -0.26987 0.23408 0.67789 -0.070761 0.29802 0.53495 -0.20197 -0.45414 -0.41059 -0.27593 -0.090222 -0.57297 -0.33077 -0.35021 0.37289 0.20092 0.54494 0.04536 0.070395 -0.59919 -0.23973 -0.047271 0.19017 0.78444 0.91677 0.19833 -0.43533 0.11652 -1.3588 -0.082608 0.20699 -0.072254 -0.038092 -0.29415 -0.13389 -0.91833 -0.84069 0.31582 0.61905 0.53005 -0.49722 -0.068348 -0.065399 0.63476 -0.17447 -0.34701 0.24718 1.1391 -0.37104 -0.45898 0.44281 -0.30718
hong -0.28105 -0.98823 0.030071 -0.0019631 -0.3659 -0.38696 -0.15427 0.50732 -0.1347 -1.428 0.45123 -0.39216 0.054825 -0.023034 -0.19387 0.11261 -0.040338 0.61337 -0.56936 0.10115 -0.79871 -0.099849 -0.35745 -0.22141 -0.096665 0.62563 -0.23276 -0.17837 0.45232 -0.42217 0.25234 0.32493 0.062238 0.81759 -0.83542 0.03665 -0.031955 0.11036 -0.036141 -0.19493 0.096278 -0.35496 0.073984 0.84523 0.40281 0.073483 0.23191 0.48365 -0.43649 0.51833 -0.50853 -0.2171 -0.093785 0.25792 0.73714 0.84553 0.48736 0.2963 -0.83098 -0.3658 0.31251 0.3163 -0.18579 -0.083353 0.33124 -0.24028 -0.3061 -0.050599 -0.15245 -0.067388 -0.64406 0.50581 -0.009959 -0.48923 0.40008 0.21292 0.1391 -0.25476 0.44628 0.025329 -0.4553 -0.10449 -0.50953 -0.063584 0.25863 0.31654 0.055645 -0.57852 -0.17614 -0.1724 -0.46543 -0.52888 -0.3099 -0.26474 0.19336 -0.34163 -0.17849 0.45679 0.064541 -0.49999 0.10732 -0.2249 -0.63246 -0.15972 -0.056445 -0.065597 -0.28698 -0.1502 -0.47618 0.52446 -0.39618 -0.51521 0.070652 0.18726 1.0236 -0.14874 -0.10815 0.27493 -0.69777 -0.96949 0.17315 -0.10953 -0.093812 0.070895 0.11105 0.1437 -0.33365 0.74608 -0.13113 -0.60606 -0.72852 -0.07477 0.52546 -0.34206 0.11632 -0.40659 0.12124 -0.61113 -0.035078 0.91396 0.47045 0.24438 -0.45484 -0.54253 -0.30734 -0.42806 -0.44441 -0.31605 -0.67868 0.11011 0.42891 0.045863 0.29631 0.29289 0.74566 0.38384 -1.2369 0.48157 0.0073208 -0.1545 -0.32174 0.17593 -0.24953 -0.027682 0.70278 0.023489 0.58189 -0.24009 -0.20068 0.65935 0.15768 0.21199 -0.83024 0.17821 -0.57124 -0.20636 -0.53384 -0.30946 0.34744 0.83685 -0.45122 -0.078467 -0.30624 -0.40791 -0.0040579 0.11991 -0.12515 -0.073858 -0.63426 -0.39734 0.74746 -0.55164 -0.68518 0.2018 0.51126 -0.21187 0.24248 -0.37734 -0.48269 -0.13767 0.97471 0.94331 -0.77983 -0.093211 -0.81072 0.84993 -0.10122 0.32015 0.26159 -0.074014 -0.28178 -0.29949 0.14485 0.20911 0.13793 -0.44677 -0.36783 0.1801 0.27419 0.59009 0.67606 0.017618 -0.22059 0.14143 -0.33883 0.22742 -0.050148 0.207 -0.28886 0.20169 -0.072068 0.060018 -0.011573 0.25963 -0.072741 0.91176 -0.32907 0.19038 0.015909 0.87352 0.20585 0.29072 0.4065 0.479 0.31325 0.32124 0.1957 -0.25685 -0.10346 0.21015 0.69834 -0.13919 0.27108 0.57524 -0.15892 -0.47222 -0.56766 -0.17785 0.00055368 -0.59356 -0.35012 -0.35554 0.24596 0.1224 0.49756 0.08422 0.080977 -0.57433 -0.13495 -0.022658 0.0394 0.78175 0.81631 0.24096 -0.40439 0.078246 -1.2506 -0.087637 0.21114 -0.12694 -0.057986 -0.26485 -0.15191 -0.88093 -0.78955 0.34894 0.69537 0.51372 -0.5344 0.075471 -0.040289 0.6349 -0.042635 -0.3554 0.29695 1.0345 -0.36819 -0.43836 0.32144 -0.27578
los 0.44184 -0.012216 -0.44668 -0.26335 -0.11049 0.17697 -0.22583 0.113 0.14881 -0.18909 0.22517 0.17866 -0.079578 0.060619 0.21123 -0.31811 -0.046261 0.013489 0.32184 0.30381 -0.40026 -0.16555 -0.1033 -0.17151 0.16304 0.13194 0.17196 -0.11607 0.042763 -0.65236 0.011281 0.77479 -0.10803 0.054654 -0.74566 -0.60762 -0.23458 -0.32656 -0.23243 -0.26081 0.20604 -0.30867 0.22127 0.77158 0.3849 0.053323 0.27979 0.50833 0.46518 0.23662 0.34834 -0.017746 -0.16684 -0.122 -0.17411 -0.12219 -1.0786 -0.2452 -0.15044 -1.2143 -1.1101 0.15341 0.36244 0.67312 0.17372 -0.24269 0.0090284 0.23429 0.16218 -0.71508 -0.24102 -0.3907 0.12839 0.71686 -0.77722 0.39485 0.25111 0.16367 0.34454 0.038728 -1.0514 0.054496 -0.48497 -0.27385 -0.42749 -0.13717 0.10285 -0.19158 -0.043566 0.087286 0.36979 0.088402 -0.041588 -0.10105 -0.4491 -0.036794 -0.023929 -0.75554 0.15903 -0.74455 0.28007 0.10781 -0.75501 0.34286 0.25798 -0.41272 0.2518 -0.082832 0.13259 -0.023109 -0.95472 -0.5156 -0.075977 -0.076187 0.074943 0.27545 -0.11341 -0.61814 -0.61608 0.055851 1.2527 -0.18042 -0.4961 -0.43411 -0.66982 0.44269 0.19135 -0.48849 -0.1324 -0.070793 0.085468 -0.93023 -0.14798 0.56984 0.078422 -0.10232 -0.28592 0.18641 0.12178 -0.14846 -0.35423 -0.2431 -0.18204 0.28045 -0.52775 -0.094054 0.74992 0.16214 -0.12795 -0.11086 1.3232 0.33621 0.25762 0.48603 0.32305 -0.31436 -0.0433 -0.0024577 -0.064853 0.46721 0.12329 0.173 -0.38847 -0.16973 0.45072 0.03401 -0.63111 -0.45078 -0.48654 0.73415 0.32327 -0.17216 -0.81343 0.18741 0.19754 0.20068 0.23709 0.048501 0.71615 0.2181 -0.41812 0.82185 -0.52945 0.10998 -0.23863 -0.011756 -0.64243 -0.67153 -0.44907 -0.036226 -0.22323 0.45679 0.026372 -0.14743 -0.18927 -0.083985 -0.16935 -0.23414 -0.12757 0.68418 0.78056 0.52951 0.51663 -0.43555 -0.097576 0.42169 -0.18942 0.31728 -0.2551 -0.32408 -0.23846 0.30551 -0.13561 0.58142 0.23413 -0.15703 0.52093 -0.20246 -0.52961 -0.070866 0.43301 0.015489 -0.01601 0.17689 -0.2788 -0.21218 0.1812 0.087081 -0.39814 -0.058464 0.13064 0.31668 -0.10875 -0.29969 0.21894 -0.071202 0.015137 0.3545 -0.32225 0.14503 -0.12967 -0.078296 0.21574 0.086295 -0.80724 -0.25947 -0.15221 -0.43213 -0.16169 0.29014 0.32154 -0.30178 -0.027919 0.60543 -0.01261 0.20228 0.1368 -0.36759 0.85368 -0.70785 -0.0032249 0.11909 0.30555 -0.2369 0.092486 0.17917 0.45306 0.51907 -0.084038 -0.5537 -0.2005 -0.36069 0.090773 -0.042302 0.63618 0.18804 -1.4745 0.73343 0.54889 -0.18868 0.20563 -0.1939 -0.17559 0.70697 -0.97395 0.56001 0.263 0.17487 -0.18851 0.68696 0.57864 -0.17134 -1.1566 0.57267 0.3138 0.44661 0.51286 -0.85996 -0.17091 0.35081
mexico 0.3 0.80191 -0.72953 -0.42422 -0.27676 0.29602 -0.75357 0.48055 0.25331 -1.0576 0.50552 0.40464 -0.31943 0.22438 -0.37195 -0.55594 -0.088215 -0.069873 0.26719 0.36606 -0.43964 0.15139 0.59775 -0.13251 -0.33206 -0.68432 0.27626 0.38775 -0.45529 -0.27649 0.22889 1.0434 -0.54249 -0.04746 -0.35963 -0.069166 0.44331 -0.1042 -0.35748 -0.41307 -0.18764 -0.25599 0.16438 0.47996 0.044449 -0.28678 0.12063 0.51858 -0.037285 0.32908 -0.32805 -0.36179 -0.042683 0.16944 -0.44437 -0.30547 -0.30861 -0.10594 0.18978 -0.30977 -0.058663 0.17041 0.64294 0.079289 -0.18994 -0.22415 0.36896 0.47998 0.68272 -0.69615 -0.70499 0.66523 0.1769 -0.03684 -0.19351 -0.45357 -0.10044 0.31244 0.2868 -0.24721 0.048415 -0.44822 -0.74104 0.46306 -0.25022 -0.021201 0.050634 -0.6652 0.17546 -0.20901 0.67453 0.03585 0.42998 -0.38306 -0.094949 -0.2262 -0.40629 -0.0076858 0.060979 -0.16557 0.45503 0.37844 -0.29328 -0.074291 0.076807 0.077622 0.17282 0.70865 -0.15264 0.80448 0.2598 -0.67257 0.1035 -0.26086 0.15394 -0.16798 0.47762 -0.043669 -0.01319 0.086372 0.35149 -0.31774 -0.75675 -0.062776 -0.012019 0.71812 -0.12927 -0.080516 -0.21188 0.56961 -0.1898 0.036744 -0.013778 0.29506 0.046315 -0.26927 -0.57851 0.87397 0.40544 -0.010117 -0.3382 -0.5161 -0.66406 0.15809 -0.45226 -0.26229 0.40817 -0.14979 -0.45507 -0.18846 0.47767 0.524 0.30689 0.11513 -0.18847 0.17849 -0.017421 -0.14368 -0.2066 -0.20573 0.3007 0.36612 0.098802 0.29631 0.32784 -0.78008 0.41432 -0.51404 0.0045154 0.41752 0.03962 0.13799 -0.30959 0.20419 0.72348 0.49366 0.064335 0.0069478 0.47527 0.60654 0.19483 -0.032467 0.14299 0.22649 0.5709 -0.67445 -0.81242 -0.0018106 -0.40053 -0.24841 -0.060069 0.23797 -0.7054 -0.14679 -0.09831 -0.041531 0.77919 -0.16717 0.022953 0.17858 0.60304 0.53992 0.067235 0.11875 -0.19957 0.063608 0.039399 0.53734 0.3352 0.24344 -0.55972 0.19736 -0.16989 0.76105 0.08699 0.23825 -0.37542 -0.58958 0.17717 0.56203 0.32146 0.077348 0.32194 0.17451 0.40834 0.30595 0.38017 -0.38866 0.072931 -0.37173 -0.29875 -0.15619 0.095325 0.1149 -0.069104 -0.043677 0.1447 0.34825 0.84658 -0.034697 -0.40165 0.25315 -0.23163 -0.012062 -0.5615 -0.4196 0.23505 -0.46644 -0.042723 -0.11073 0.23496 -0.42196 -0.49026 0.97901 -0.14653 -0.1231 -0.32495 0.34533 -0.075637 -0.22104 -0.089143 -0.0067435 0.37822 -0.13726 0.0059608 0.03565 0.26111 -0.23745 -0.93827 -0.33654 -0.064236 -0.37575 0.014075 0.17602 0.43659 0.074175 -1.925 -0.46658 0.4945 0.29324 0.55339 -0.22202 0.20704 0.13471 -0.47311 0.020161 0.083016 0.45202 -0.27671 0.2281 0.23207 0.28521 0.23596 -0.15614 0.47132 0.61869 0.17178 -0.6537 0.16372 0.40059
angeles 0.27895 -0.14513 -0.33142 -0.011675 0.12969 0.19426 0.044715 -0.071627 0.15415 -0.090665 0.21428 0.1968 -0.051458 0.15618 0.28086 -0.1725 -0.026675 -0.090859 0.064279 0.20549 -0.29068 -0.22891 -0.07253 -0.1294 0.0093061 0.1821 0.030013 -0.26598 -0.1463 -0.58432 -0.041312 0.60036 -0.097986 0.12295 -1.2372 -0.4943 -0.28114 -0.33814 -0.16554 -0.20483 0.19603 -0.32115 0.10596 0.61611 0.37763 -0.040923 0.23409 0.37534 0.33821 0.083361 0.34362 -0.13905 -0.21378 -0.34427 -0.081631 -0.25965 -0.62445 -0.045146 -0.1247 -1.1097 -0.98053 0.14594 0.3279 0.54909 0.11552 -0.41737 -0.23562 0.15824 0.19193 -0.60043 -0.1617 -0.46242 0.123 0.89722 -0.53943 0.41479 0.2133 0.47062 0.10639 0.21855 -1.2063 0.095243 -0.70924 -0.12129 -0.38373 -0.033582 0.10239 -0.076743 -0.038734 0.090539 0.27956 0.20066 -0.14052 -0.10976 -0.46867 -0.12097 -0.09194 -0.49316 0.068744 -0.96921 0.33836 0.061038 -0.60963 0.15977 0.2961 -0.23704 0.39323 -0.16732 0.049149 0.12212 -0.72415 -0.38354 -0.063126 0.032787 0.096758 0.39208 -0.29675 -0.6187 -0.52722 0.056093 1.0755 -0.020365 -0.26383 -0.47747 -0.57598 0.34993 0.036632 -0.69447 -0.039629 -0.054267 0.21686 -0.63569 0.18993 0.57858 0.095191 0.0017138 -0.34839 0.10583 0.11101 0.14332 -0.030318 0.023242 -0.18438 0.32405 -0.35967 -0.18639 0.58693 0.18517 -0.080544 -0.097223 1.482 0.19029 0.5237 0.2442 0.23872 -0.13248 -0.046831 0.031988 -0.17712 0.39332 0.14463 0.23489 -0.27346 -0.25236 0.50736 0.024763 -0.38335 -0.48291 -0.60566 0.72861 0.3665 -0.10538 -0.90454 0.20042 -0.13618 0.11246 0.30436 -0.11219 0.48281 0.12029 -0.37127 0.7132 -0.47305 0.12539 -0.14162 0.23573 -0.47617 -0.55552 -0.33528 -0.1438 -0.27547 0.36317 0.12999 -0.017582 0.025879 -0.35833 -0.036331 -0.25596 -0.23875 0.62206 0.81905 0.18894 0.55535 -0.49004 -0.080261 0.40971 -0.06601 0.20852 -0.048344 -0.33792 -0.19847 0.44351 -0.35738 0.24058 0.23311 -0.039793 0.10293 0.11985 -0.46689 -0.094194 0.60476 -0.05759 -0.12544 0.062045 -0.31844 -0.17978 0.050891 -0.23643 -0.29611 0.12847 0.078564 0.52365 -0.050007 -0.34274 0.040234 0.00015939 0.15667 0.23757 -0.14638 0.13281 -0.19422 -0.066856 0.093948 0.19028 -0.72643 -0.27605 -0.26145 -0.27406 -0.31165 0.40203 0.23627 -0.17404 0.092083 0.44327 0.091325 -0.12573 0.14678 -0.58249 0.78866 -0.54271 -0.29078 0.17056 0.25842 -0.25026 -0.077189 0.045594 0.24316 0.71199 -0.098062 -0.58313 -0.070304 -0.16108 0.066634 0.15102 0.44779 0.14533 -1.4083 0.76357 0.53344 -0.21865 0.20247 -0.16955 -0.065624 0.77408 -0.98282 0.58586 0.19176 0.30635 -0.34317 0.37679 0.44501 -0.41416 -1.1284 0.66603 0.35281 0.42698 0.41485 -0.51585 -0.13457 0.26428
beijing 0.069266 0.071872 0.01913 -0.51634 0.031598 -0.7116 0.4114 0.50205 0.36795 -1.7594 0.35303 -0.0048989 0.36728 0.22745 -0.13863 0.22911 -0.15954 0.20137 -0.15789 0.17822 -0.13295 -0.17161 0.20943 0.014705 -0.12183 0.40628 -0.0081689 -0.30784 0.46656 0.093977 0.47681 -0.035239 -0.088971 0.42366 -0.74024 -0.16747 -0.65768 -0.52502 -0.94801 -0.22037 0.32443 0.17322 -0.19022 0.085198 -0.3282 0.5454 -0.28149 0.48373 -1.2523 0.52605 0.28379 -0.04384 -0.24899 0.3599 0.29223 0.97382 0.0093501 0.15613 -0.28488 -0.030091 -0.28638 1.0243 -0.27473 -0.21594 -0.040208 -0.15044 0.1436 0.44189 -0.55558 -0.15613 -0.39207 0.070989 0.22822 -0.55983 -0.61547 0.60606 -0.2074 -0.17823 0.41674 0.6327 -0.19959 -0.18417 -0.26044 -0.77268 0.42717 -0.19693 -0.10644 -0.29736 0.37485 -0.10102 -0.16231 -0.19819 -0.075571 0.44567 0.036362 0.085696 0.27535 0.53562 -0.49305 -0.38045 -0.1804 -0.55308 -0.76297 0.6309 -0.26926 0.22144 -0.33816 -1.0388 -0.13328 0.50854 -0.31523 -0.28993 -0.014834 -0.038673 0.041909 0.2324 -0.45089 0.25091 -0.13695 -0.4087 -0.21475 -0.07544 0.17671 -0.42467 -0.30733 0.18936 0.088252 0.41188 -0.45122 -0.69457 -0.72516 -0.010471 0.63074 0.12996 0.15544 0.28342 -0.49539 -0.077972 0.36022 0.59803 0.080931 -0.17169 0.14143 -0.90032 -0.36116 0.20251 0.05368 0.58792 -0.14797 -0.046161 0.63285 0.0091864 0.15126 0.10187 0.72306 0.16605 -0.44782 0.709 -0.731 -0.20803 0.058719 0.20175 0.025266 -0.12524 0.55273 -0.4315 0.054179 -0.62791 0.29836 0.22032 -0.51305 0.11458 -0.84756 -0.41831 -0.63544 -0.54355 0.083849 -0.2333 -0.38963 0.60872 -0.48632 -0.30043 -0.42802 -0.14229 0.04947 0.65692 -0.16644 -0.034525 -0.22674 -0.56462 0.11057 -0.87065 -0.3436 -0.058079 0.3701 -0.63139 0.29033 -0.0050023 -0.00037769 0.32687 0.83042 -0.11724 0.18076 0.061148 -0.50829 0.019508 -0.28145 -0.46312 0.027873 0.2359 0.052733 -0.02872 -0.20302 0.11432 0.109 -0.45582 -0.35212 -0.095367 -0.28987 0.48062 1.1706 0.20811 -0.10634 0.34828 0.12952 -0.19644 -0.017833 0.26426 -0.48093 -0.06075 0.15558 -0.46197 0.6472 -0.21716 -0.19205 0.5266 -0.058766 -0.24041 0.51274 -0.10194 -0.084424 -0.29909 -0.48369 0.59746 -0.1988 0.49521 -0.32057 -0.14545 0.15988 0.16251 0.65114 0.35735 0.3016 -0.11334 0.31996 -0.49326 -0.43364 -0.30549 0.064623 -0.67006 -0.33699 -0.32874 0.31005 0.25917 0.44169 -0.018372 0.042493 -0.1699 0.044037 -0.095898 -0.27363 0.29756 -0.20193 0.21365 0.026156 0.018226 -1.9998 -0.2204 0.45478 -0.40917 0.1192 -0.8239 0.37975 -0.14642 -0.3433 0.25424 0.12525 0.35228 -0.62293 0.25809 0.26299 0.16821 0.26029 -0.16721 -0.11988 0.30396 0.040626 -0.12586 0.050744 -0.0486
paris 0.28199 -0.043577 -0.2124 -0.21808 0.011582 0.68073 0.14141 -0.65408 -0.24018 -1.2406 0.25264 0.093059 0.10044 -0.12632 0.28635 -0.41236 -0.20691 1.017 -0.030727 0.068091 -0.68231 0.22978 0.05009 -0.20364 0.0042394 0.16111 0.74833 -0.18374 0.14595 0.11187 0.13203 -0.40161 -0.51074 0.48299 -0.74545 -0.60836 -0.34012 -0.20061 -0.39181 -0.3536 -0.60125 -0.2329 -0.2026 -0.20523 -0.2513 0.60259 0.45206 0.79084 -0.41254 0.0914 0.56369 -0.29844 0.43713 -0.072453 0.71561 -0.035902 -0.34715 -0.25686 0.45094 -0.87308 -0.30307 -0.041459 -0.10798 0.079901 -0.45833 -0.34136 0.36961 -0.22566 -0.35681 -0.96082 0.15329 -0.65339 -0.073236 -0.35196 -0.74962 -0.14861 0.44424 0.30845 -0.76782 -0.087392 -0.077144 0.033204 -0.021112 0.39325 -0.45578 0.19315 0.48686 0.10503 -0.57617 -0.15436 0.039685 -0.88032 0.27731 -0.064281 0.36353 0.025382 -0.063584 0.17464 -0.003299 -0.67672 -0.32986 -0.35535 0.52922 0.42591 0.21324 0.12161 0.11509 -0.2616 0.14117 -0.068901 -0.36677 -0.27057 0.2953 -0.11507 -0.034697 -0.40233 -0.092665 0.64552 0.17514 -0.3962 0.41211 -0.087783 0.26083 -0.65571 -0.40451 -0.052374 0.26116 0.0041911 0.026536 0.12979 0.31309 0.33632 -0.03728 -0.38199 -0.62151 -0.54411 0.26699 -0.44797 0.029755 -0.25068 -0.099179 -0.40216 -0.11195 0.073909 0.26017 -0.57881 -0.27945 0.099043 -0.4292 0.27914 0.9321 0.35248 0.095161 0.071436 0.16385 0.13285 -0.36276 -0.0056114 0.271 -0.35501 -0.025851 0.24935 -0.31442 -0.093796 0.3303 0.17051 0.27681 -0.57356 -0.11241 0.27576 -0.30232 -0.37475 0.14209 -0.44751 -0.0053157 0.010731 0.075897 -0.22542 -0.35983 0.62552 0.32309 0.21527 -0.5578 0.32753 0.42099 0.50895 -1.1412 0.40558 -0.2598 -0.57327 -0.034012 -0.51331 -0.14027 -0.33939 -0.30757 -0.93188 -0.54125 0.074733 -0.031524 0.29254 1.0514 -0.17616 -0.21641 0.50981 0.024619 -0.2868 -0.89685 -0.25872 -0.4239 -0.49851 -0.042724 0.33059 0.11374 0.17112 0.38724 0.50684 0.71124 -0.4483 -0.048771 -0.41469 0.67496 -0.34297 -0.092067 -0.018042 -0.60946 0.13741 -0.22383 0.18953 -0.24921 0.13371 0.1985 -0.035524 0.029243 -0.30643 0.71036 0.19823 -0.038375 0.50772 0.44132 -0.13947 0.0097105 -0.56815 0.1696 -0.067455 0.22953 -0.32922 -0.32905 -0.71275 -0.20758 -0.075005 0.32837 -0.018734 0.80648 0.3881 0.12074 -0.037132 -0.197 -0.1018 0.1372 -0.45974 0.2669 0.11846 -0.02926 1.1152 0.57017 0.076513 -0.32253 0.25632 0.27047 -0.23465 0.33096 0.29227 -0.13961 -0.084516 -0.011688 0.35706 -1.3964 -0.4586 0.19003 -0.0067932 0.040139 0.060358 0.23274 -0.8297 -0.15012 0.64283 0.30071 1.0175 -0.48826 0.091817 0.13126 -0.26877 -0.16728 -0.02417 0.51053 0.056331 0.10423 -0.11613 -0.37809 -0.11996
la -0.28017 0.3885 -0.37328 -0.537 -0.014445 -0.41077 -0.78389 -0.30213 -0.082772 -0.70488 0.19571 -0.016676 0.079031 0.044007 -0.18603 -0.54687 -0.25945 1.0419 0.59219 0.23118 -1.0583 0.63219 0.12014 -0.028775 -0.081256 0.16912 0.13722 -0.12764 0.43571 0.027524 0.60686 0.34545 -0.598 0.24317 -0.099059 -0.43158 0.4604 -0.63147 -0.16819 -0.70795 -0.31157 -0.21209 0.54572 0.32512 -0.17009 0.1642 0.040013 0.96331 0.37849 0.92191 -0.40677 0.16036 0.11255 0.13934 -0.072759 -0.59286 -0.88757 -0.52756 0.84443 -1.2515 -0.73549 -0.020894 0.015456 0.38063 -0.14121 -0.53066 0.045743 -0.12186 -0.058613 -0.79186 -0.58587 0.23075 -0.47416 -0.3147 -0.39431 0.52413 0.84156 -0.41307 0.19199 -0.8138 0.033072 0.28319 0.14348 -0.10907 -0.25477 -0.032741 -0.54794 -0.037258 0.16968 -0.081736 0.69797 -0.82891 0.0071604 -0.24702 0.20666 0.36993 -0.03132 -0.74977 -0.65861 -0.35944 0.18923 0.51372 -0.35086 0.43021 0.55388 0.056033 -0.53691 -0.16154 0.57411 0.20311 -0.52332 -0.89034 0.34848 -0.11937 -0.18023 -0.18514 -0.049134 0.26027 -0.25457 -0.089849 0.3485 -0.32674 0.11963 -0.47912 -0.26534 -0.92055 -0.018541 0.25583 0.1805 0.20072 -0.096429 -0.73716 -0.5142 -0.21979 0.27145 -0.56899 -0.0011523 -0.37868 0.050761 -0.61555 -0.51162 -0.19189 0.12835 0.32654 0.37626 0.035058 0.41646 0.2874 -0.22769 -0.12519 0.60777 0.49385 0.16831 -0.31027 -0.032845 -0.47444 0.52164 0.09924 -0.69796 -0.15855 0.28649 -0.65069 -0.46688 -0.0038475 -0.073461 0.20323 -0.27556 -0.85092 -0.19184 0.39604 0.23389 0.59418 -0.070742 -0.16272 0.98905 0.25362 -0.90803 0.38866 -0.16548 0.12627 0.27098 0.86353 -0.073579 -0.016198 0.27413 -0.89571 -1.0853 -0.13059 -0.4083 -0.28937 -0.21412 0.89204 0.11703 -0.048253 -0.45025 0.51602 -0.46265 -0.59231 0.24514 0.31062 1.2047 0.14451 -0.0070494 -0.052488 0.039384 -0.24779 -0.62198 0.4095 0.051157 0.32793 -0.33148 -0.47068 0.37935 0.61528 0.15101 0.25959 0.67174 -1.0759 -0.0021131 -0.22777 -0.29797 -0.075369 0.086213 1.0654 0.037489 0.35412 0.49577 0.14993 -0.29661 -0.73259 0.04343 -0.56038 -0.69273 -0.26955 0.92912 -0.56158 -0.02099 0.11654 0.032994 0.25066 -0.183 -0.76362 0.26024 -0.50278 -0.38735 0.84375 -0.24148 -0.641 0.14104 -0.037104 0.49895 0.22015 0.42622 1.1308 -0.08157 0.3832 0.52214 0.31596 -0.097763 -1.1125 0.15491 -0.80598 -0.18366 0.27281 -0.0062488 0.14513 -0.35465 0.10806 0.12004 -0.51243 -0.19118 -0.15668 0.1954 -0.073243 0.89946 0.20394 -1.294 -0.28245 0.21397 -0.17058 0.5398 0.24703 -0.087632 0.18274 -0.12805 0.27091 0.51136 -0.085126 0.37615 0.67708 -0.24579 -0.16958 -0.24395 -0.26859 0.31716 0.25592 0.15467 -0.79408 -0.41407 0.3387
atlanta 0.29485 0.23427 -0.13973 0.14887 0.30857 0.46534 0.17406 0.25767 0.44416 0.31201 0.44592 0.3879 -0.36101 0.33844 0.47229 -0.23977 -0.18611 0.37209 0.42159 0.10363 -0.83801 0.2261 0.56286 -0.10068 -0.27719 0.18504 -0.094789 0.11061 -0.098168 -0.38099 0.0040279 0.20553 -0.086324 -0.035575 -1.7588 -0.12368 -0.93191 0.17349 -0.11888 -0.50822 0.24824 0.063028 -0.14072 0.59013 0.23694 -0.49363 -0.13363 0.27489 -0.16827 0.85234 0.55114 -0.077067 -0.1607 -0.14919 -0.20175 0.23528 -0.029373 0.045311 -0.2679 -0.73048 -0.36323 0.42911 0.29174 0.38187 -0.531 -0.20015 0.079563 0.27599 0.33969 -0.50187 0.2176 -0.36393 -0.11247 0.38134 -0.98831 0.15713 0.035002 0.11742 0.28135 0.033054 -0.2486 0.25172 -0.23713 -0.37101 -0.29907 -0.14783 -0.02554 0.034203 0.065845 0.033787 -0.030819 -0.18729 -0.54197 -0.3429 0.64687 -0.038342 -0.4059 0.14141 0.29459 -0.55096 -0.34547 0.065677 0.2084 0.41538 0.15225 -0.48709 0.49455 0.47323 -0.4244 0.42558 -0.30878 -0.076427 -0.37657 0.085563 -0.23953 -0.25092 -0.24405 0.42233 -0.61498 0.18988 -0.15848 -0.16055 0.43564 -0.71935 -0.86033 -0.11911 -0.089899 -0.26939 0.31322 0.42783 0.041575 0.15747 -0.078105 0.30353 -0.41638 -0.43992 -0.32382 -0.34894 -0.34051 0.19667 -0.033526 -0.10237 0.3045 -0.08692 -0.61495 0.11586 -0.56049 0.32825 -0.27961 0.090721 0.86072 -0.27703 0.57718 -0.5306 -0.22717 0.70071 0.011168 0.063288 -0.52164 -0.21186 -0.27359 0.091947 -0.10136 -0.056044 -0.11933 0.10381 0.068433 0.23929 0.0019187 0.3632 -0.29172 0.0070586 -0.87431 0.63705 -0.27 0.075563 -0.075607 -0.5616 -0.30014 0.77533 0.05719 0.40742 -0.15693 -0.29202 -0.46771 0.60497 0.16492 -0.17228 -0.64963 0.099765 -0.065371 -0.036844 -0.65006 0.39975 -0.24283 0.058936 0.14266 0.1143 -0.12387 0.081246 1.1589 -0.51971 0.050272 -0.5256 -0.20046 -1.0672 -0.087104 -0.55834 0.57147 0.15757 -0.32243 -0.077285 -0.056415 0.50763 0.26707 0.40006 0.0010746 0.090106 -0.080035 -0.99129 0.9368 -0.20883 0.25577 0.18676 0.30594 -0.29551 -0.56391 0.14581 0.23453 -0.16433 -0.20764 0.58726 0.27983 -0.21264 -0.77455 -0.18761 0.56953 -0.515 -0.68471 0.45735 0.21659 -0.13944 0.015227 -0.51896 -0.18425 -0.39456 -0.36065 0.23097 0.087394 0.21506 0.063463 -0.04341 0.085492 0.16973 0.32069 -0.3333 0.34283 -0.84723 0.43127 -0.10273 -0.33095 0.083744 -0.065836 -0.0018793 -0.097461 0.045916 0.48948 0.6549 0.30382 -0.31058 -0.030736 -0.20345 0.31098 0.13283 0.0092961 -0.066584 -1.4063 0.47202 -0.040278 0.4017 -0.149 0.27263 -0.075451 0.35696 -0.278 0.16638 0.34797 0.15773 -0.14039 -0.35716 0.72979 -0.40038 -0.41021 0.11906 -1.1164 0.013594 0.22139 0.092433 -0.061763 -0.33754
boston 0.31841 -0.50997 -0.084105 0.20989 0.061184 0.024251 0.13539 0.071814 0.28595 -0.0081734 0.34218 0.091731 -0.20916 -0.12812 0.50266 0.44266 -0.36447 -0.41885 0.070566 -0.065867 -1.1103 -0.42418 -0.045621 0.2314 -0.26118 0.094909 -0.29408 0.09454 -0.27286 -0.21219 -0.43332 -0.19683 -0.11999 -0.036541 -1.4208 0.23025 -0.14954 0.202 0.052842 -0.058625 0.17689 -0.25272 0.019856 1.0982 -0.29225 0.42908 -0.48299 0.35766 -0.52114 0.22425 -0.14048 -0.16526 -0.38262 0.10715 0.15851 -0.34688 0.10517 0.18136 -0.57178 -0.42282 -0.084023 0.21922 0.062391 0.16426 0.232 -0.13933 -0.11745 0.2416 -0.059316 -0.59429 0.39651 -0.22259 0.36971 -0.023947 -0.50398 0.30207 0.30783 0.44442 -0.35147 -0.38554 -0.7818 0.5082 -0.21747 -0.17968 -0.0025082 0.35804 0.099583 -0.37821 -0.15295 -0.094813 0.17606 0.36257 -0.56269 -0.63583 0.0079337 -0.093025 -0.68263 -0.75544 -0.23318 -0.7688 -0.059617 0.20901 -0.37101 -0.40093 0.15418 -0.32628 0.34926 0.42676 0.12357 0.62107 -0.64978 -0.95512 -0.24892 0.1528 -0.010987 -0.23539 -0.11203 -0.35312 0.072124 -0.20504 0.065311 -0.078115 0.0087208 -0.2315 0.041273 -0.27999 0.22129 -0.1442 0.079761 -0.068865 0.5 0.10582 0.20871 -0.45057 -0.21241 0.34834 -0.50167 -0.046061 -0.32784 0.16427 -0.24397 -0.10183 0.19874 0.7844 0.19387 0.56052 -0.46677 -0.067819 -0.30415 -0.089667 1.2114 -0.13425 -0.12158 0.14852 -0.085105 -0.047008 0.4413 -0.0025183 -0.15558 0.13076 0.43458 0.33224 0.04289 -0.65293 -0.15371 -0.12292 0.2356 -0.22939 0.053591 0.30762 -0.44126 -0.13104 -1.0249 1.0167 -0.27217 -0.87569 -0.042528 -0.22567 -0.34527 -0.026879 0.38067 0.53889 0.067471 0.25046 -0.077787 0.39934 -0.14895 -0.041633 -0.20938 0.58838 -0.19116 0.12262 0.29539 -0.03115 0.15828 -0.33561 -0.0010866 0.20863 -0.30899 -0.12058 0.71469 -0.088652 -0.067624 -0.0053225 -0.36039 0.090273 0.12729 0.32217 0.12062 -0.23961 0.19909 0.068728 -0.16307 -0.3793 0.12876 0.16981 -0.057611 -0.48549 -0.16088 -0.91108 0.62204 -0.17072 0.17425 0.28464 -0.20978 -0.35789 -0.16351 -0.58818 0.19478 -0.013324 -0.44237 0.83634 0.29381 -0.11242 -0.43438 -0.64547 -0.15298 0.030366 -0.49426 -0.14729 -0.39603 -0.55887 0.3527 -0.33575 -0.38648 -0.17173 -0.29862 0.50622 0.19244 0.0010219 0.36726 0.45185 -0.26351 0.69743 0.50274 -0.043919 0.16894 -0.31224 0.41467 -0.11554 -0.1723 0.19884 0.17433 0.1662 -0.24375 -0.017402 0.016145 0.33267 -0.27695 0.068004 -0.5269 -0.0099175 0.33656 -0.01972 0.5944 0.1989 -1.4698 0.055924 0.18196 0.16392 -0.54813 0.25882 0.16063 0.007472 -0.031805 0.73052 -0.0096714 0.36467 0.4031 0.44392 0.23737 -0.385 -0.89989 0.90923 -0.16687 -0.19142 0.48204 -0.27848 -0.0069571 0.072473
chicago 0.37692 -0.10618 -0.44225 0.15333 -0.1678 0.45699 -0.39608 0.016068 0.070837 0.12977 0.15717 0.17619 0.15231 0.11057 0.62411 0.037107 0.1652 -0.1529 0.10264 -0.12403 -0.80791 -0.41285 -0.034949 0.035587 0.21259 0.16847 -0.27894 0.064389 -0.49085 -0.67298 0.015538 0.20814 -0.18912 -0.070057 -1.5028 0.039156 0.13115 0.237 -0.38295 -0.18368 0.13609 -0.090485 -0.20953 0.81182 -0.2722 0.29417 -0.0074806 -0.1206 -0.26657 0.21967 0.1094 0.36381 -0.44351 0.12258 0.37327 -0.5311 0.062191 -0.08614 -0.18671 -0.88763 -0.56986 0.64322 0.53241 -0.1324 -0.057253 -0.024162 0.24634 0.025937 0.092236 -0.34064 0.65191 -0.39996 -0.26812 -0.14901 -0.53872 -0.32514 -0.0047088 0.80628 0.14315 0.15366 -0.82966 0.13511 -0.18134 -0.19444 -0.22894 -0.089837 -0.25277 0.019884 -0.39674 0.45762 0.4965 0.21166 0.22275 0.061238 -0.20984 0.010427 -0.49564 -0.14778 -0.4082 -0.86303 0.14691 0.044392 0.038488 -0.14005 -0.29404 0.040919 0.086697 0.38477 0.26583 0.33572 -0.68046 -0.67915 -0.21631 0.036965 -0.020145 0.18438 -0.12363 0.053634 -0.047044 0.21794 0.44687 -0.33515 0.060189 -0.11936 -0.1012 -0.66593 0.63813 -0.11019 0.1371 -0.43708 0.22756 0.041059 0.31386 -0.31223 -0.076634 0.31134 -0.30968 -0.21259 0.1512 0.28623 -0.19029 0.12009 -0.38754 0.50059 0.22772 0.17957 -0.076966 -0.099864 -0.32838 -0.13568 0.97576 0.25664 0.16672 0.098172 0.18665 0.27716 0.35612 -0.043168 -0.21648 -0.02105 0.5382 0.24695 -0.36215 -0.079124 0.22389 0.19967 -0.072162 -0.40156 0.12399 0.25024 -0.047885 -0.22885 -1.0609 0.30483 0.40839 -0.088072 0.42854 -0.22994 -0.54981 0.064667 0.23534 0.77524 -0.24256 0.32131 -0.23095 0.30596 -0.6715 -0.53017 -0.24432 -0.044854 -0.022036 0.14451 -0.043094 0.0063234 -0.36577 -0.91867 0.19973 -0.32619 0.095966 0.082448 0.98079 -0.074722 0.73787 0.078189 -0.64466 0.052939 0.0096951 0.63615 0.16776 -0.49792 0.075412 -0.30745 -0.4247 0.058197 -0.037567 0.38795 -0.055177 -0.11412 -0.049433 -0.90722 0.66266 -0.069863 0.026911 -0.18684 -0.10865 -0.020772 -0.6135 0.34503 0.052312 -0.13749 0.015537 0.49881 -0.23448 0.15751 -0.53532 -0.13938 0.31478 -0.052328 -0.61115 0.21569 -0.37936 0.27377 -0.24892 -0.038522 -0.29133 -0.64109 -0.55138 -0.24495 0.65093 -0.0069848 0.41873 0.050112 -0.22116 0.28887 0.82337 0.20455 -0.22908 -0.54315 0.35053 -0.33815 -0.50246 0.22672 0.18738 0.185 -0.11623 0.038812 0.0076612 0.54322 0.023975 -0.58162 -0.50594 -0.08665 0.37579 0.33068 0.29172 -0.37791 -1.2169 0.50939 -0.064147 0.24145 -0.67614 0.18667 -0.0092105 0.085232 -0.4932 0.41986 0.43313 0.59024 0.12591 -0.084607 0.37461 -0.21939 -1.1322 0.76249 0.4928 0.25288 -0.052133 -0.39413 0.09449 0.51004
baghdad 0.6005 -0.063984 0.41536 -0.63053 -0.39446 0.42729 -0.11568 1.2812 0.45563 -1.8772 -0.37473 -0.25717 0.20034 0.70442 0.042484 0.33959 -0.08503 -0.18632 -0.007619 -0.24181 -0.079761 -0.48365 0.28019 -0.44683 0.5919 0.4224 0.1945 -0.3326 0.028288 0.22019 -0.40216 -0.15828 -0.64423 0.099866 0.44165 -0.052976 -0.46539 -0.32354 -0.6438 0.40498 0.55709 0.038272 -0.37224 0.29679 -0.3885 0.10296 0.46757 -0.37509 -0.23709 -0.063763 0.23431 -0.28522 0.078501 0.47581 0.38172 -0.16616 -0.37364 0.019824 0.043772 -0.065357 -0.62742 0.12407 0.26328 -0.74504 -0.14553 0.19518 0.91961 0.40311 0.27205 -0.087924 0.31205 -0.67464 0.028184 -0.30008 -0.091738 0.80865 0.16493 0.41025 0.049859 -0.36605 0.26331 -0.36303 0.00021524 0.2703 -0.0023817 -0.11755 -0.046007 0.50523 0.61941 0.25241 0.1493 -0.049411 0.28943 0.42584 -0.20408 0.54417 -0.15674 0.0049262 0.63056 0.061925 -0.31588 -0.039371 -0.25878 0.46522 0.23463 -0.41378 0.84265 0.068861 0.163 -0.53582 0.014959 0.047228 -0.30593 0.052913 -0.15694 0.91533 -0.47632 -0.62636 0.49226 -0.59614 0.031462 0.11799 0.39755 0.38817 -0.24961 0.057029 0.41562 0.081145 0.60471 -0.12405 0.40466 -0.1148 -0.06229 -0.4037 -0.53438 -0.10535 0.11232 -0.52542 0.51565 -0.22326 -0.33559 -0.10513 0.16953 0.17744 -0.35921 0.029437 -0.077546 -0.27074 -0.68612 -0.17494 0.45014 0.3665 0.054569 0.4759 0.21382 0.11254 0.39163 -0.052869 0.46179 -0.13887 0.026005 -0.31165 0.32886 -0.57883 -0.24703 -0.4194 0.68607 -0.34863 -0.050043 -0.18487 0.25835 -0.26429 0.31678 -0.28663 0.089129 0.50317 -0.33883 -0.080619 -0.48534 0.37382 -0.16992 -0.079646 -0.97267 0.080353 0.020287 0.84858 -0.28106 -0.10884 0.13618 0.0024448 -0.45512 -0.10529 0.25551 0.22036 -0.12173 0.55058 0.051855 0.96661 -0.29631 0.46839 0.65881 -0.3125 -0.46975 0.1962 -0.377 -0.11857 0.27458 -0.49409 0.25763 0.15305 -0.2373 -0.21062 0.13297 -0.1657 -0.19872 -0.46986 0.2368 -0.19193 -0.54231 0.22396 1.0049 -0.21598 0.24453 0.38161 -0.072465 0.24283 0.0084047 -0.52802 0.64489 -0.88955 0.33089 0.44219 0.87554 -0.22116 0.5314 0.23322 0.59121 0.41107 0.55002 -0.61489 0.57155 -0.48411 0.48082 -0.027802 0.7094 -0.92407 -0.0087675 -0.01664 -0.26349 0.21229 0.259 0.21415 0.23857 -0.14972 0.68327 -0.32986 -0.45384 0.54675 -0.46237 0.095379 -0.022348 0.13332 -0.35473 -0.17635 0.22733 -0.46065 0.021731 -0.67504 -0.15351 -1.0246 -0.79014 -0.15794 -0.30012 0.23423 -0.13449 -0.77267 -2.0491 0.24438 0.31471 0.038322 0.39529 0.0058402 0.90372 -0.89345 -0.29694 0.64108 -0.0049702 -0.082438 0.3858 -0.02521 -0.11637 -0.40488 0.64897 0.55873 -0.12876 0.59834 -0.16971 -0.44548 -1.4521 -0.27033
lake -0.4186 0.017361 -0.65749 -0.39732 0.33808 0.16596 0.48051 -0.016998 -0.037675 -0.72668 -0.13385 0.050642 -0.22875 0.066619 0.43025 0.13015 -0.099723 0.33224 0.38764 0.62455 -1.1957 -0.023615 -0.27713 0.35051 0.41941 0.020734 -0.023298 -0.19893 -0.034736 0.23477 0.59616 0.23532 -0.2697 0.17475 0.02057 0.39363 0.14894 0.090589 -0.34314 -0.53234 -0.71846 0.24249 0.5167 1.0824 0.17141 0.44314 0.64024 0.54674 0.61729 0.83713 -0.29746 0.28616 -0.34417 -0.084678 0.4605 -0.16053 0.24109 0.27499 0.49673 0.43761 -0.0042884 0.091718 0.53948 -0.084846 0.27187 -0.49574 -1.0992 0.090445 -0.45146 -0.37561 0.40558 -0.86557 0.10814 0.53491 -1.0658 0.050386 0.51693 0.56957 0.15728 -0.50728 -0.04899 0.31952 0.078002 -0.35918 0.49001 -0.12893 -0.51774 0.12269 0.097582 -0.64914 -0.073327 0.38678 0.72066 0.02456 0.48015 0.38673 0.29553 -0.13659 0.07973 0.016772 0.49633 0.18243 -0.4006 -0.067198 -0.2382 0.81357 0.33087 -0.018645 -0.27002 -0.057715 0.060399 -0.40629 -0.13617 -0.40775 -0.11369 -0.34256 0.26653 0.68212 -0.4092 0.54315 -0.24935 -0.12125 -0.3596 0.054077 0.016951 -0.063354 0.57114 0.12009 -0.0063279 -0.4793 -0.50789 0.5484 0.89929 -0.30719 0.46688 0.16783 -0.039126 -0.073 -0.19085 -0.036782 0.049616 -0.41215 -0.39929 -0.32747 -0.36229 -0.30137 0.80987 -0.4107 -0.096964 -0.0067218 0.84296 0.56956 -0.076792 -0.32127 0.87275 0.21798 0.44187 -0.033432 -0.1913 0.081186 0.29842 -0.88605 0.18135 0.13924 -0.4695 -0.12599 0.039662 -0.17649 0.1341 0.22144 -0.47163 0.58215 0.046313 0.24244 0.19926 0.29512 0.5078 -0.18264 -0.12926 0.24906 -0.18677 0.84322 -0.03397 -0.15085 0.33215 -0.70801 -0.14695 -0.40003 -0.052589 -0.14813 0.3218 0.56561 -0.24949 -0.056387 -0.32949 0.060143 0.52087 -1.1859 -0.037163 0.41006 1.3078 -0.61961 -0.46476 -0.52073 -0.40366 -0.163 -0.2884 -0.13804 -0.048216 0.24082 0.028552 0.48945 0.17155 -0.63808 0.23083 0.25528 -0.048442 0.10095 0.16175 -0.94722 0.88454 -0.19548 -0.024744 0.074745 0.86634 0.059094 0.0018781 0.10263 0.16605 -0.003299 0.35734 -0.20065 -0.29971 -0.49774 -0.044326 0.20425 -0.0249 0.14331 0.49327 -0.77015 0.23338 0.58576 0.11858 -0.37349 -0.7672 -0.43339 0.40035 0.15305 -0.12823 -0.14102 -0.17986 0.030216 0.5426 -0.5472 0.33298 -0.10107 -0.07327 -0.27885 -0.065037 -0.11939 -0.4634 -0.32606 0.010119 -0.17726 -0.59753 -0.50464 1.1511 -0.060058 0.069971 -0.016747 -0.044483 0.076278 0.35553 1.0546 0.98968 0.25559 -1.2198 0.23477 0.07054 -0.52229 -0.14322 0.90705 -0.083302 -0.68208 -0.45074 -0.43283 0.26034 0.055679 0.45612 0.088786 -0.5658 -0.11925 -0.28726 0.61485 -0.49739 -0.40832 0.28563 0.55781 -0.14098 0.13567
moscow 0.34046 0.0067075 0.10407 -0.47159 -0.038451 -0.40569 0.050789 0.086068 0.44147 -1.6259 0.30036 0.13525 0.34152 0.50257 0.044403 0.21561 0.043295 0.60946 -0.27858 0.32196 0.37938 -1.0679 0.45267 0.16362 -0.12395 0.22403 0.58426 0.19612 -1.1909 0.18696 0.57667 -0.67417 0.24317 -0.27457 -0.12923 -0.65805 -0.36955 0.021092 -0.6856 0.10636 -0.34452 -0.20443 -0.71481 0.11546 -0.491 -0.068764 -0.32059 0.2522 -0.78291 0.46822 1.1068 -0.34398 -0.25918 -0.53467 0.42089 0.15916 -0.35958 0.078136 0.60933 -0.048651 0.097781 0.86197 -0.10499 -0.45992 -0.40746 0.038941 0.29378 -0.20839 -0.21601 -0.82984 0.1096 -0.16664 -0.74237 -0.47848 0.024857 -0.17774 0.014243 0.28331 0.34827 0.2816 0.30796 -0.25265 -0.31113 -0.13412 0.13132 -0.34208 -0.079742 -0.18722 0.22444 0.13282 0.4225 -0.10803 -0.37838 0.12826 -0.074097 0.15024 -0.18246 0.17091 -0.42269 -0.41743 -0.48404 -0.31116 0.10858 0.43172 0.029305 0.18598 0.24951 -0.17172 -0.59371 -0.055782 0.17814 0.47184 0.29381 0.081742 -0.45994 -0.56648 -0.13447 0.28136 -0.064209 -0.20063 0.3608 -0.53213 0.6393 -0.26105 0.036707 0.22654 0.04655 -0.1082 -0.063901 -0.58958 -0.24881 -0.086183 -0.050074 -0.021736 -0.11553 -0.035983 -0.35564 0.12097 0.23738 -0.20628 0.37603 -0.10407 0.010383 -0.23754 -0.11064 -0.22872 0.18037 -0.052021 -0.43229 -0.038609 0.57096 0.0972 -0.1243 0.1198 0.43326 0.7979 -0.0018977 0.084251 0.11943 0.073029 -0.2432 0.40716 0.46609 -0.093069 0.40988 -0.15664 -0.20786 -0.3032 0.32523 -0.39672 -0.70146 -0.73541 -0.23703 -0.46216 -0.021029 0.15126 -0.15755 0.042733 -0.5778 0.21757 -0.22947 -0.16756 -0.42399 -0.16779 0.32742 1.2043 -0.33153 -0.38945 -0.34031 -0.28235 -0.2423 -0.53436 -0.2391 -0.41435 0.094486 -0.68793 0.16618 0.057023 0.31277 0.47559 0.99527 -0.23225 0.11146 -0.12709 -0.76631 -0.4178 -0.46551 -0.48837 -0.48367 -0.19225 -0.11928 0.31515 -0.13678 0.27013 0.069426 0.039802 0.49065 -0.059809 -0.94399 0.18721 0.88315 -0.07706 0.1664 0.043407 0.16519 -0.050013 -0.66541 -0.099828 -0.078091 0.081378 -0.028687 -0.38518 0.91286 -0.7767 0.34729 -0.065752 0.68569 -0.17151 0.022118 0.30719 -0.53224 -0.41888 0.83752 -0.18171 0.31125 0.055514 0.13346 -0.010643 -0.076948 -0.1891 0.38617 0.34339 0.28146 0.42933 0.8477 0.091241 -0.40615 -0.11458 0.8426 0.024438 -0.2175 0.48473 -0.080051 0.33514 0.52942 -0.41694 -0.016497 0.038397 0.36793 0.069684 0.67317 0.0031418 -0.25419 -0.61025 0.26406 0.14553 -1.6191 -0.41008 1.0077 -0.38096 0.0062874 -0.047543 0.34266 -0.62882 -0.21943 0.47929 -0.16259 0.5361 -0.073435 0.25917 -0.11912 0.026769 0.67018 -0.23462 0.43434 0.37217 0.12918 0.20034 -0.41303 0.071765
singapore -0.041204 -0.47508 -0.22726 -0.059088 -0.11204 -0.21334 0.27554 0.56707 0.63278 -1.6646 0.90116 -0.23493 -0.060577 0.058423 0.3383 0.099275 0.26261 0.19004 -0.31919 -1.1185 -0.17801 -0.029856 -0.17171 -0.055381 -0.35572 0.096214 -0.075299 0.41808 0.15782 -0.45435 0.37804 0.060098 0.15938 0.80394 -0.5544 0.083324 0.25383 -0.27466 -0.19622 0.34294 -0.011986 -0.011775 -0.05969 0.54984 -0.24188 0.025078 0.027268 0.35128 0.042603 0.36842 -0.29842 -0.53739 -0.078792 -0.4712 -0.04531 0.41549 0.0757 0.79323 -0.13742 -0.63724 0.051103 -0.052893 -0.44175 -0.0044105 0.98471 -0.16357 0.10752 0.14401 -0.79155 0.27445 -1.055 -0.21845 -0.2194 -0.061702 0.31049 0.081422 0.38187 -0.023703 -0.046328 0.3614 -0.083194 -0.44381 -0.48759 0.39412 0.061772 0.0045069 0.2426 -0.82755 0.038918 -0.29026 -0.34343 0.26151 -0.15507 -0.27673 0.6034 0.18656 -0.30654 0.39696 -0.35464 -0.20577 0.055165 -0.23165 -0.6631 0.014965 -0.0089661 -0.055973 0.22531 0.00022694 -0.54588 -0.1096 0.06689 -0.90056 -0.033789 0.25442 0.76737 -0.22423 -0.10456 0.32291 -1.1537 -0.56664 -0.04007 -0.45636 -0.32557 -0.36593 -0.063141 0.37313 -0.34212 -0.17712 -0.095592 -0.31947 -0.13184 -0.0045027 0.23476 -0.17977 0.2537 0.14268 0.45128 -0.10345 0.17295 0.37734 0.47658 0.21402 0.15345 -0.30515 -0.25985 -0.62621 -0.23842 0.011869 -0.58534 0.30926 0.93888 0.30577 0.31573 0.58884 0.19783 -0.028875 -0.98454 0.74596 -0.10145 -0.11267 -0.18503 0.9835 0.0035972 -0.1676 0.31488 -0.39304 0.45846 0.042377 -0.326 0.36233 -0.20558 -0.14666 -0.2865 0.30102 -0.5921 -0.39972 0.34851 -0.17351 0.56832 0.5934 -0.32776 0.37737 -0.44307 -0.088528 -0.11156 -0.25659 -0.14772 0.58753 0.031367 -0.2256 0.11075 0.059975 -0.24494 -0.072319 -0.3552 0.10603 0.24053 -0.023667 -0.42861 0.024707 0.66602 0.57049 -0.58558 0.16783 -0.68527 1.156 -0.31236 -0.16754 -0.13229 -0.87243 -0.46401 -0.21968 -0.20648 -0.0010842 0.51087 0.17723 -0.13006 -0.017038 -0.2015 0.4174 0.79995 0.19063 -0.25661 0.24148 -0.35778 -0.2694 -0.25809 -0.31974 -0.15982 0.28979 -0.10065 -0.028116 0.22233 0.68069 0.1616 0.537 -0.0034002 -0.1289 0.13296 0.0055581 0.073493 0.030033 -0.1453 0.91261 0.40519 0.46714 0.63968 0.19911 -0.13588 -0.58594 -0.13274 -0.3689 0.061765 0.28902 -0.15274 -0.55878 -0.55552 0.2898 -0.31086 0.21684 -0.38187 -0.036762 0.14038 0.094429 0.47693 -0.17793 0.007892 -0.58296 -0.22256 -0.41236 0.5286 -0.17021 1.1116 -0.41779 -0.1122 0.26859 -0.62499 -0.3015 0.11499 0.032075 -0.71181 -0.63248 -0.23976 -0.54417 -0.079432 -0.2498 0.31208 0.42053 -1.149 -0.029116 0.24205 0.48148 -0.50222 -0.22672 0.50422 1.1129 -0.087125 -0.44345 -0.19066 -0.58964
tokyo 0.098601 0.27441 -0.191 -0.47449 0.32377 0.036325 -0.1794 0.0715 -0.16002 -1.3565 0.054445 0.058587 0.96325 0.64588 0.31832 -0.22093 -0.32938 0.25902 0.038284 0.036803 -0.072783 -0.86109 -0.14331 -0.068163 0.13699 0.34745 0.6794 -0.39183 -0.17969 -0.30863 0.050854 -0.6783 0.20786 0.056981 -0.010946 -0.45238 0.061764 -0.48375 -0.4535 0.36633 0.19866 0.50684 0.0084629 0.25704 -0.59336 0.53967 -0.046738 0.15907 -0.61923 0.71216 0.15731 0.078115 0.065436 0.012679 -0.11812 0.045434 0.11911 0.31346 -0.33378 -0.72048 0.16348 0.37567 0.24608 -0.19863 0.33136 -0.069558 0.032321 -0.011914 0.046053 -0.57834 0.28408 -0.30575 -0.10392 -0.50894 0.20286 -0.51883 0.19081 0.90813 -0.16143 -0.55581 -0.2981 0.011338 -0.69549 0.3706 -0.24571 0.68152 -0.02208 -0.53535 -0.26667 -0.45464 0.53624 -0.48291 -0.011227 -0.46368 -0.053426 -0.11341 -0.33399 0.018974 0.13978 -0.27534 -0.2229 -0.9672 -0.39 0.66004 -0.13951 -0.28494 0.40031 -0.47418 0.11423 0.54769 -0.54861 -0.49663 -0.16145 -0.046406 0.5475 0.37303 0.17157 0.025244 -0.016331 -0.88476 0.65766 -0.78519 0.024987 -0.21502 -0.4689 0.15996 -0.17555 -0.27995 -0.37627 -0.16559 -0.38295 1.1125 0.77546 0.28117 0.50622 0.1783 0.11839 0.052525 0.59884 0.61513 0.1548 0.054971 0.36211 -0.34473 0.20225 -0.30249 0.044324 0.23936 0.1108 -0.11807 0.93929 0.20263 0.23739 0.85676 0.61424 0.53468 -0.8022 -0.32135 -0.087396 0.058967 0.12191 -0.019841 -0.25127 -0.5628 0.65913 0.071932 0.38056 -0.096998 0.25373 -0.10515 -0.31138 -1.2763 -0.59519 -0.19963 -0.44105 -0.19738 0.41205 0.5094 0.05373 0.97082 0.11403 0.23819 -1.1227 0.27666 0.13608 0.78915 0.19753 -0.067116 -0.23772 -0.21532 0.5068 -0.38146 -0.040092 -0.27019 -0.60186 -0.46939 0.083592 -0.018712 -0.5859 0.57434 1.0775 0.28712 -0.14793 0.75426 -1.1862 0.89508 -0.2454 -0.26082 0.35861 -0.30432 -0.25548 -0.21376 -0.16343 -0.17536 -0.38322 0.0035327 -0.12855 0.064825 -0.46896 0.23991 0.8058 -0.22862 0.070653 0.021761 -0.44339 0.37779 -0.88561 0.092389 -0.49615 0.30729 0.3822 -0.33535 0.14134 0.29734 0.67802 0.2839 0.41608 0.41806 0.54032 0.70921 0.037843 -0.33668 -0.27685 0.52396 -0.19763 -0.23426 -0.1787 -0.36219 -0.17823 -0.20024 0.4667 -0.26823 -0.07795 0.80319 -0.77293 -0.49381 -0.37111 0.51082 0.55032 -0.21746 -0.063999 -0.25789 -0.48426 0.43555 0.59306 -0.12925 -0.34708 0.31591 0.26827 -0.5112 -0.42441 0.08333 0.33871 -0.06986 -0.065561 0.13207 -1.1871 -0.1551 0.76769 -0.35147 -0.49877 0.31884 0.11302 -1.1187 -0.64931 -0.25633 -0.30675 0.61263 -0.36169 -0.4735 0.44561 0.0256 -0.10268 -0.035208 0.32269 0.67372 0.097163 0.14781 -0.017222 -0.23901
port -0.1863 -0.67162 0.33008 -0.79238 -0.14595 -0.13134 -0.099697 -0.10602 0.61559 -0.85013 0.08513 -0.32083 0.42189 -0.22662 0.63436 0.058624 0.0034765 -0.39903 -0.116 -0.11226 -1.0627 -0.9545 -0.15091 0.038535 -0.079982 0.56721 -0.30267 0.56102 -0.034778 0.67279 -0.1577 0.77383 -0.24602 0.47909 -0.060866 0.18629 0.75012 0.26729 -0.52174 -0.3072 -0.15909 0.37999 -0.045296 0.09633 -0.078237 0.12612 0.67508 0.84854 -0.10826 0.80219 0.040355 0.29697 -0.34267 -0.23671 -0.061211 0.35881 -0.034608 0.25579 -0.14835 -0.3184 -0.45025 -0.246 0.58782 -0.0532 0.31267 -0.13153 -0.78701 0.32341 0.15685 -0.50958 0.41802 -0.54152 0.55083 -0.48555 -0.40805 -0.017879 0.13618 -0.12709 0.06704 -0.098764 0.17614 -0.17121 0.080375 -0.24515 0.16515 -0.21566 -0.54025 -0.31958 0.22031 -0.18124 -0.22799 0.49188 -0.2038 -0.16604 -0.17573 0.49055 0.38752 -0.23908 0.072402 -0.55249 -0.2762 0.19375 -0.08796 -0.3643 0.082365 0.16789 0.23827 -0.095806 0.085212 0.032951 -0.018982 -0.47189 0.24524 -0.22614 0.18201 -0.40786 0.61669 0.41437 0.035428 0.096026 -0.34836 -0.77526 -0.43862 -0.45103 0.39816 0.20866 -0.33599 -0.16518 0.39658 0.26134 0.65881 0.72755 0.22353 -0.09827 0.4108 0.55399 0.1568 -0.69823 0.31186 -0.28693 -0.39561 0.033442 -0.22615 -0.058563 -0.11425 -0.13886 0.73471 -0.24794 -0.90896 0.17501 0.93874 -0.59888 0.43484 -0.10023 0.56743 0.1341 0.42506 -0.22401 0.60903 -0.15292 0.29252 0.52156 -0.46091 -0.46518 -0.36598 -0.73718 -0.09915 0.028953 0.069475 0.98956 -0.53705 -0.34703 0.031595 -0.19096 0.57648 0.26921 -0.30032 -0.45547 -0.60449 -0.108 -0.32588 0.98982 0.2088 -0.0089607 1.054 -0.21547 0.3664 0.44558 0.18098 0.093575 -0.1635 0.67055 0.027469 -0.23694 0.9872 0.12513 0.35707 -0.43887 -0.98806 0.28417 0.57939 -0.1687 0.43366 -0.39226 0.37033 -0.53035 0.074537 -0.11267 0.75198 -0.44694 -0.0047393 0.19089 -0.29163 0.32949 -0.1602 -0.03894 0.21221 0.17314 -0.47655 -0.20235 0.89079 0.15659 0.66033 0.22441 0.018278 -0.39756 0.60289 -0.82256 0.0309 -0.62003 0.16992 0.21813 -0.33411 0.6334 0.71385 0.48554 -0.22121 0.8101 0.1105 -0.070862 -0.031724 -0.48912 0.19942 -0.15327 0.25201 0.44171 0.042099 0.16861 0.11541 -0.36241 -0.032682 0.50774 0.2725 0.66399 0.043522 -0.10039 -0.27409 0.068998 -0.44261 0.0014457 -0.07816 0.075819 -0.668 0.12246 0.13639 -0.053964 0.27714 -1.0397 -0.38163 -0.5023 0.42128 -0.053404 0.15538 -0.19472 0.018468 0.13862 -1.646 0.33474 0.17743 0.31875 -0.61951 0.49983 -0.50447 -0.60879 -0.1313 0.080853 0.1487 -0.54841 -0.088619 -0.19946 -0.26465 -0.13915 -0.016313 -0.57974 0.23393 1.0083 -0.34506 -0.45803 -0.27998 0.18367
el 0.68835 -0.070514 -0.70131 -0.31497 -0.23681 -0.10058 -0.39898 0.26286 -0.55659 -0.83968 0.55718 0.64289 0.62383 0.24856 0.26477 -0.3248 0.36519 0.34287 0.50268 -0.0077591 -0.3315 -0.30533 0.12307 -0.34113 0.53757 -0.064534 0.75084 -0.30241 0.333 -0.76185 0.47193 0.68149 -0.54031 -0.60331 0.016576 -0.81756 0.46923 -0.21463 -0.65483 -0.16919 0.47577 -0.24742 0.30358 0.56981 0.13055 -0.15707 0.48593 0.32143 0.44213 -0.073869 0.35883 0.024439 -0.19302 -0.33542 -0.36515 0.25623 -0.12979 -0.44669 0.74025 -1.2642 -0.3226 0.10338 0.18377 -0.013512 -0.46481 -0.10426 -0.25252 0.53691 0.35479 -0.59317 0.031518 0.22765 0.15148 -0.19189 -0.16733 -0.40331 0.679 -0.55915 -0.19422 0.043583 0.7445 -0.45958 -0.16607 0.42671 -0.28268 -0.22648 -0.43392 -0.051642 0.22951 -0.067819 0.16003 0.058164 0.60937 0.46467 0.038556 0.6385 -0.22638 -0.85756 0.074906 0.54812 0.28609 -0.1006 0.41084 0.0026731 0.67189 0.35489 -0.047269 0.494 0.071703 -0.52612 -0.29728 -0.65755 0.35992 -0.16702 0.48231 -0.11267 -0.79593 0.16813 0.11269 0.36023 0.77923 -0.1386 0.23551 -0.31035 -0.15846 0.85926 0.40538 0.16636 0.56413 -0.15225 0.03911 -0.47439 -0.46387 0.63495 0.2072 -0.48224 -0.12729 0.48371 -0.53377 -0.65509 -0.093266 -0.6208 -0.70762 0.49617 -0.16514 -0.55921 0.4377 0.40424 -0.67177 -0.13529 0.71166 0.11895 -0.35232 -0.455 -0.50328 0.022035 0.85588 -0.030155 0.0061642 0.33029 0.57641 -0.11579 -0.53428 -0.19593 -0.10687 -0.21112 -0.68143 -0.30715 -0.18992 0.29681 0.32601 0.62148 0.33831 -0.45566 0.91096 0.77011 0.01962 -0.28922 -0.1251 0.24371 0.22056 1.0555 -0.66711 0.80572 -0.57239 -0.54809 -0.97673 -0.021514 -0.34486 0.76998 0.33787 0.44528 0.35061 -0.34666 -0.42219 0.56841 0.00044296 0.10101 -0.70097 0.27549 0.77876 0.44021 -0.01259 0.19279 0.036084 -0.16432 -0.81506 0.7784 -0.19881 -0.95698 0.14865 -0.47298 0.68981 0.21165 0.662 0.15538 0.90282 -0.43222 0.55548 0.11076 0.39978 -0.34101 -0.29178 0.89266 0.4627 0.092948 0.63814 0.42039 -0.3406 -0.29422 0.093866 0.058201 -0.26597 0.1537 0.87092 -0.22905 -0.23621 -0.85064 0.38113 0.24037 -0.11965 0.45582 -0.5156 -0.74612 -0.53635 -0.12223 0.20802 -0.71401 0.11744 -0.083129 0.23034 -0.10981 -0.95258 1.1462 0.23634 0.28497 0.37932 0.2152 -0.69835 -1.2234 0.41999 -0.019975 0.52479 -0.44591 0.15363 0.055318 0.29872 -0.34728 -0.22533 -0.5727 -0.23589 -0.23828 0.70104 -0.29086 0.30743 -0.042649 -1.3983 0.95221 0.20125 0.60113 0.45581 0.24727 -0.3585 0.49585 -0.081482 -0.11734 0.78126 -0.21849 0.30255 0.2985 -0.18166 0.41389 -0.72795 0.022195 0.42823 0.6543 0.093013 -0.26158 -0.83107 0.25179
francisco 0.25947 0.049414 -0.83189 0.074615 0.43921 0.13789 -0.55871 0.35568 0.20268 -0.18768 0.35465 0.46133 -0.17513 0.24043 0.58083 -0.056115 0.73485 -0.37919 -0.0018939 0.46547 -0.12525 0.13601 0.024582 -0.30149 -0.42365 -0.45106 -0.41819 0.17638 -0.37079 -0.42622 0.29583 0.46268 0.26262 -0.15923 -0.9899 -0.13383 -0.049965 -0.28681 -0.032563 -0.2664 -0.12996 0.49847 0.0054059 0.74179 -0.24043 -0.030899 0.43087 0.4879 -0.14832 0.35394 0.14861 0.090907 0.14852 0.55435 0.51137 -0.1485 0.084112 0.062176 -0.51177 -0.75406 0.010635 -0.77139 0.52301 0.54218 -0.22395 -0.89973 0.30056 0.097968 0.36716 -0.95288 -0.16218 -0.13151 -0.17629 0.39198 -0.5195 -0.02522 0.80169 0.37556 0.23801 0.45109 -0.86315 0.05186 -0.87776 0.57462 -0.0791 0.077337 0.12014 0.14307 -0.30049 -0.243 0.67423 0.061651 -0.37193 0.053648 -0.0048524 0.50466 -0.29648 -0.53545 0.078879 -0.56011 0.32449 -0.40029 -0.4021 -0.61764 0.29741 -0.062793 0.057724 0.075199 0.066686 0.41441 -0.57202 -0.56152 0.068595 -0.40563 -0.0017771 0.046569 0.15173 -0.044874 -0.22622 0.50688 0.73325 0.15371 -0.10757 -0.38368 -0.32665 -0.63544 0.46416 -0.39146 -0.56085 0.29092 -0.32128 -0.43871 -0.1416 0.59139 0.031087 -0.33295 0.23258 -0.11688 0.028401 0.44732 0.035384 -0.39649 0.11311 0.24817 -0.2827 -0.36811 0.13447 0.67244 -0.32204 -0.27665 1.0841 -0.31801 0.40024 0.13394 0.35052 -0.21584 0.20445 -0.48937 -0.50359 -0.044758 0.47366 0.2578 -0.049382 -0.45488 -0.053083 -0.57299 0.25805 -0.3166 -0.19388 0.76697 0.15753 0.054945 -0.75268 -0.16905 -0.38826 -0.37164 -0.3404 -0.21305 0.27083 -0.0075025 0.08369 0.56443 0.014507 0.45175 0.2172 0.28797 -0.59947 -0.30923 0.53862 0.053004 -0.23621 0.72149 -0.088223 0.17303 -0.29136 -0.61456 0.28248 0.40865 -0.25091 0.97155 0.33766 0.31377 0.67869 -0.2855 -0.41975 0.27242 -0.094284 0.64253 0.58188 -0.46756 0.13777 -0.19644 0.19986 0.064142 -0.55644 0.43445 -0.174 -0.80807 -0.038692 0.14139 0.66177 0.16487 0.07348 0.60243 0.179 -0.27208 0.42184 -0.74599 -0.33257 0.031767 -0.76476 0.15995 -0.60778 0.16882 0.22758 -0.22957 -0.33469 -0.41441 -0.15414 -0.21535 -0.41371 -0.18547 0.30261 0.54857 -0.51284 0.39742 -0.42871 0.44703 0.1517 -0.14285 0.46936 0.055494 -0.29236 0.63438 0.36094 0.10923 0.29161 -0.49262 0.28917 -0.37113 -0.35701 -0.11329 0.19752 0.0060126 -0.16242 0.0061075 -0.17044 0.53479 -0.31442 -0.45682 -0.20411 0.074944 0.085805 0.25467 -0.099401 -0.11465 -1.0234 0.11672 0.27775 0.078987 -0.21236 0.10891 0.15271 0.64318 -0.98279 0.4442 -0.51919 0.44864 -0.070296 0.38167 0.43323 -0.36568 -0.77188 0.21538 0.29829 0.46901 0.074801 0.15827 -0.13541 0.23049
louis -0.0936 -0.038377 -0.16357 -0.12985 0.028628 0.59064 -0.11476 -0.18997 0.097806 -0.25286 0.41365 -0.58057 -0.62547 -0.25772 0.22844 0.0064183 0.20649 0.58177 0.6955 0.13953 -0.38297 0.069844 -0.47167 -0.29326 -0.4797 0.34916 -0.11117 -0.13647 -0.037436 -0.11915 -0.11116 0.3496 0.23824 -0.032458 -1.253 0.12025 -0.30255 0.32211 0.11954 -0.67615 -0.43735 -0.081906 0.040227 0.65071 -0.56477 0.12778 0.17936 -0.079248 -0.44022 0.23273 0.11119 0.36865 -0.093582 0.24942 0.57509 -0.38242 0.40613 0.28864 0.40723 -0.38175 -0.47616 0.049183 0.16744 0.19914 -0.47595 -1.4683 -0.16598 -0.51998 0.025816 0.095008 0.42404 -0.41201 -0.71528 0.34248 0.062957 -0.36664 0.24526 0.33481 0.020998 0.4399 -0.18889 0.49565 -0.19813 0.3021 -0.40975 -0.28202 -0.027186 0.17042 0.034515 0.11119 0.54566 0.18199 0.44887 0.1437 -0.20882 -0.043519 0.13362 -0.29346 -0.37647 -0.66473 0.062006 0.034853 0.18592 -0.46742 -0.21191 -0.54378 -0.17774 0.40584 0.16726 0.58087 -0.30504 -0.3558 -0.03351 0.13547 -0.20849 -0.4505 0.40275 0.21845 0.18124 0.14495 -0.053339 0.30914 0.28782 -0.49504 -0.058313 -0.13882 0.2065 -0.036364 0.30146 0.30616 0.29089 -0.0026112 -0.080074 0.31969 0.080968 -0.29916 0.36816 -0.54477 -0.16725 0.15562 -0.31175 0.6268 0.43696 0.11357 0.56565 -0.59639 -0.35204 -0.16975 -0.98229 0.23961 0.9753 0.29552 -0.083943 -0.49438 0.28437 0.043022 0.24805 -0.25352 -0.34976 -0.61713 0.5877 0.078103 -0.31735 0.5758 0.25588 0.45027 -0.20383 -0.15302 -0.31757 0.67552 0.21182 -0.1115 -0.72304 -0.47212 -0.073698 -0.054926 -0.2468 0.038023 -0.47972 0.36086 0.31676 0.54879 -0.61192 0.15646 -0.1201 -0.089788 -1.2742 0.40923 -0.64784 0.10462 0.079787 0.35371 0.21944 0.17904 -0.25955 -0.4816 0.4251 -0.15711 0.58594 0.25015 0.84729 -0.15062 0.31506 -0.72427 0.25957 -0.43621 -0.23503 -0.19699 -0.20716 0.21225 0.1354 0.41138 0.21523 -0.09912 -0.27666 -0.043612 0.11193 -0.33905 -0.3449 -0.90843 0.6084 0.46407 0.36124 -0.20255 -0.075884 -0.16637 0.59939 0.21665 -0.10505 -0.40735 -0.50645 0.82539 -0.29144 0.38681 -0.36789 0.10937 0.23799 0.054297 -0.63143 0.4098 -0.51019 0.070966 0.11499 0.1757 0.15585 -0.037396 -0.3239 -0.40685 -0.33149 -0.24899 0.19821 0.68206 0.74592 0.46332 0.7524 0.00064688 0.17474 -0.61133 -0.087367 -0.3334 0.095862 -0.09398 -0.30007 0.61469 -0.18152 0.38643 -0.50761 0.42285 0.26583 -0.3023 -0.30866 -0.2598 0.057025 -0.036182 -0.12842 0.2151 -0.53285 0.21811 -0.27848 -0.0048806 -0.0022201 0.5076 0.48658 -0.70673 -0.043707 0.83446 -0.13549 0.57446 -0.57752 -0.38897 0.037612 -0.8558 -0.32023 0.27271 -0.0027048 0.061204 -0.23515 0.045213 0.03122 0.49748
houston 0.48599 0.08869 -0.14456 0.086742 -0.30803 0.16281 -0.22309 0.014935 0.0019684 0.73736 0.42776 -0.12464 -0.43674 0.27128 0.17642 0.095904 -0.027495 0.35839 0.27559 -0.26681 -0.24886 -0.42608 0.017564 0.32569 -0.014692 0.29906 -0.30917 0.24413 -0.6349 -0.46962 0.23733 0.52199 0.18426 -0.28749 -1.4131 0.074253 0.13032 0.11561 0.00021386 0.11452 -0.19256 -0.45917 0.4491 0.51133 -0.088909 -0.22811 -0.024851 0.24267 -0.16204 0.002831 0.24126 -0.17549 -0.43466 -0.027202 -0.21969 -0.60198 0.037947 0.25103 0.23402 -0.83969 -0.27916 0.38758 0.86648 0.26304 0.34507 -0.52911 -0.2402 -0.12081 0.44647 -0.3838 -0.064314 -0.85453 0.10714 0.35654 0.060658 0.4669 0.49043 0.46382 -0.017077 0.13713 -0.21569 0.25926 -0.79497 0.46468 -0.56786 -0.037022 -0.12075 0.25201 -0.1381 0.13953 0.40609 0.53636 -0.20488 -0.017731 -0.065071 -0.13247 -0.27265 0.079315 0.18453 -1.0869 -0.22949 0.2082 -0.38374 -0.44731 0.20034 0.11047 0.25812 0.068562 -0.06942 0.23616 -0.14071 -0.5694 -0.024994 0.30299 -0.067 0.14144 -0.11403 -0.16462 0.7107 0.64965 0.91744 -0.071028 0.37813 -0.35558 -0.55711 -0.69226 -0.19097 -0.70897 0.49912 0.47524 -0.14876 -0.29347 -0.0091868 0.1349 -0.19828 0.026908 -0.13512 -0.12447 0.13797 0.020659 -0.36001 -0.50871 0.56343 0.46877 -0.59649 -0.1904 0.069016 0.26645 -0.15014 0.50076 0.60132 -0.20334 0.22133 0.079882 -0.2332 0.43888 0.14471 -0.078175 -0.096369 -0.24361 -0.20935 -0.18812 -0.4148 0.031712 -0.063895 -0.1824 -0.25394 -0.044548 -0.35299 0.93505 -0.044763 -0.16919 -0.51574 0.30777 -0.057104 0.4727 0.11042 -0.21099 0.31581 0.010364 -0.11674 0.38717 -0.27416 0.076076 -0.086967 0.07544 -0.04738 -0.048569 -0.35132 0.037444 -0.35837 0.14617 -0.37776 -0.11607 0.17965 -0.065953 0.72394 -0.25376 0.23446 -0.12587 1.1058 -0.12116 0.22781 -0.37016 -0.15388 -0.03082 -0.18677 -0.30716 0.51958 0.041843 -0.43832 0.074605 -0.43574 0.059169 0.22697 0.37813 0.027778 0.034254 -0.67009 -0.69158 0.73846 0.0011584 0.1773 0.46073 -0.034377 -0.08812 -0.49022 9.7839e-05 -0.20953 -0.13397 -0.038906 0.47776 -0.40024 -0.09082 -0.61308 0.11421 0.060428 -0.53284 -0.33474 0.056044 -0.25521 -0.17583 -0.086523 0.087573 -0.18237 -0.19029 -0.09017 -0.11494 0.29132 -0.068035 0.19296 0.042006 -0.44784 0.37737 0.21886 -0.26725 -0.10748 -0.65383 0.042963 0.10998 -0.46577 0.4585 -0.21789 -0.41476 -0.39526 -0.389 0.21668 -0.10219 0.11825 -0.5504 -0.41471 0.074444 0.29491 -0.37409 0.13866 -0.35188 -1.3988 0.17204 0.051689 -0.041889 -0.73546 0.23756 0.35109 0.69846 -0.63568 0.39353 0.027786 0.4247 -0.29738 -0.30527 0.68607 -0.28421 -0.30562 0.48597 0.70444 0.25606 -0.052257 -0.50994 -0.0097757 0.32411
jerusalem 0.31985 -0.75532 0.27791 0.35225 -0.25815 -0.17794 -0.15179 -0.20605 -0.21359 -1.3302 -0.27126 -0.10799 0.63007 0.27411 0.7539 0.30113 -0.31378 0.40496 0.36821 0.68814 -0.47095 -0.34054 0.53196 -0.39786 0.16417 -0.28277 -0.14894 -0.23518 -0.46251 0.067077 0.023485 -0.10036 -0.60395 0.76645 -0.28939 -0.31064 -0.17226 -0.023982 -0.54652 0.2187 0.73898 0.026333 -0.040015 -0.25978 -0.39358 0.090048 -0.31978 0.020051 -0.62422 0.56288 -0.098993 -0.019286 -0.45023 0.036573 -0.37678 -0.047543 -0.44824 -0.15042 0.16453 -0.23834 -0.15855 0.13766 -0.54333 0.1326 0.3915 0.50097 0.57925 0.50031 0.13737 0.13551 0.16827 -0.39344 0.43524 -0.12751 -0.27533 0.098499 0.49661 -0.14519 0.30593 0.088942 0.13686 -0.53221 -0.76061 0.38967 -0.15993 -0.0096702 -0.5573 0.65601 0.6636 0.84765 -0.57718 -0.68964 0.063231 0.45861 -1.0413 -0.35526 0.33575 0.1825 -0.42411 -0.57541 -0.47804 -0.2192 0.71315 -0.28068 0.072181 -0.19202 1.0783 0.090755 0.58636 -1.1137 -0.28549 0.42373 0.45133 -0.34435 -0.40117 -0.33439 -0.32413 -0.79336 0.20366 -0.41532 0.37366 0.25104 -0.14318 -0.29491 -0.15474 0.32343 0.56261 0.18079 0.23839 -1.1528 1.1363 0.42175 0.38653 0.74611 -0.069561 0.49224 -0.39332 -0.25988 0.019007 -0.3295 0.31321 -0.051386 -0.14362 0.51739 -0.25151 -0.8075 0.45601 -0.046644 -0.54297 -0.058459 0.35101 0.4325 0.40809 0.65791 -0.12231 0.11995 -0.53188 0.44332 0.41713 0.047572 0.65195 0.70262 0.28987 -0.026847 -0.51493 0.23749 -0.19988 0.42877 -0.33119 -0.16889 0.51375 -0.45557 0.51368 -0.32133 -0.19584 0.5899 -0.56288 -0.016925 -0.18512 -0.19857 -0.0034365 -0.18449 -0.41838 0.69894 0.37904 0.54293 -0.32884 0.10861 -0.24857 0.83974 0.74333 -0.23662 -0.14987 -0.71377 -0.085894 -0.098196 0.023017 -0.31343 0.34986 0.90856 0.57442 -0.35848 -0.10444 0.44137 -0.22461 -0.30163 0.019846 -0.51174 0.56015 0.20121 -0.41471 0.98442 0.0064783 -0.68484 0.029457 -0.36188 0.13667 0.12621 0.66075 0.15393 0.82308 -0.20565 -0.32479 0.82341 0.089419 -0.12705 -0.090879 0.17286 0.16143 -0.28645 -0.57539 0.15829 0.54686 -0.74353 0.18035 0.5331 0.014989 -0.70657 -0.061812 -0.44679 -0.26656 0.63631 0.65387 -0.30606 -0.23722 -0.28519 -0.50052 -0.47846 -0.3108 -0.5891 0.37539 0.3376 -0.22053 0.19076 0.015221 0.31205 0.018541 -0.075256 0.25201 -0.43827 0.39774 -0.20541 0.17508 0.40069 0.13268 -0.15794 -0.24683 -0.25196 -0.29746 -0.18469 -0.90776 0.50907 0.28833 0.027458 -0.30303 -0.40207 -1.8096 -0.079973 0.23703 0.29291 0.77425 -0.46643 -0.061246 -0.45835 -0.22736 0.5655 0.75142 0.74458 -0.17859 0.057124 -0.50531 -0.81162 0.42485 0.45373 0.04268 -0.00011251 -0.069895 -0.30813 -0.26555 -0.30058
miami 0.39773 0.0084916 -0.065779 0.17741 0.13368 -0.14508 0.312 -0.29874 0.73128 0.55795 -0.033129 0.016938 0.025438 0.078421 0.56591 -0.089316 -0.05924 -0.11993 -0.11135 0.26068 -0.27765 -0.50428 -0.22355 -0.13501 -0.045607 0.31127 -0.1551 0.54953 -0.73535 -0.50791 0.21001 0.55549 -0.8397 0.0015776 -1.2187 -0.24545 -0.17447 0.45671 -0.18022 -0.06836 -0.50894 -0.096358 -0.1838 0.41484 -0.25349 0.53304 0.42628 0.31665 0.11277 0.26981 0.16312 -0.42001 -0.13775 0.015905 -0.20586 -0.29655 0.01851 0.16663 0.64578 -1.1056 -0.59407 -0.35712 -0.11964 0.91504 0.094483 -0.15276 0.23457 0.27048 0.31044 -0.2908 0.26447 -0.12349 0.20444 0.13494 -0.61318 -0.087613 0.30378 0.30788 -0.11073 0.54342 0.29478 -0.16787 -0.56622 0.46261 -0.35191 -0.031463 0.0099663 -0.083507 -0.49809 -0.33165 -0.24361 -0.10017 -0.12899 -0.91136 -0.21916 -0.086056 -0.07137 -0.11994 -0.057942 -0.56289 0.010285 0.0018811 0.47305 0.4169 0.42149 -0.0046559 0.11076 -0.50754 0.049523 0.32331 -0.40249 -0.88219 0.18258 -0.087128 -0.1645 0.3053 -0.078098 0.26085 -0.90022 0.32227 0.40481 -0.13661 0.22517 -0.42481 -0.72135 -0.30071 0.61548 -0.55853 0.14937 0.20378 -0.12282 0.24713 0.10796 0.12732 -0.36163 0.16326 -0.25464 -0.23101 0.18229 0.33597 -0.086093 -0.10153 -0.089664 0.8994 -0.39548 0.89049 0.11195 0.35874 0.051993 0.24704 1.0546 -0.10834 -0.35993 -0.19631 -0.056072 0.17741 0.23057 0.11241 -0.16165 0.34286 0.32202 0.26606 -0.29726 0.20715 0.11481 -0.5204 0.38438 0.04625 -0.53168 0.6548 0.44424 0.1508 -1.0349 0.33535 0.057026 -0.15031 -0.14091 0.23249 0.1706 -0.15529 0.64143 0.16757 -0.11689 0.32569 -0.43185 -0.45862 -0.64359 -0.012185 -0.46018 0.3041 -0.44438 0.39168 -0.47513 0.16818 0.2571 -0.34917 0.31411 0.40841 0.1196 0.22828 1.1227 -0.037901 0.013475 0.043278 0.52136 -0.59613 -0.18226 0.57716 -0.16175 -0.02446 -0.087163 0.86892 -0.59175 0.46992 0.37312 -0.064558 -0.081347 -0.2944 -0.13201 -0.43412 0.84067 -0.25227 0.19343 0.45933 0.064538 0.3443 0.18757 -0.24494 -0.23863 -0.098018 0.47391 0.14662 0.6861 0.030293 -0.3229 -0.4116 0.18643 -0.3598 0.32422 -0.12265 -0.44507 0.026274 -0.075418 -0.096079 -0.22622 -0.32598 0.2195 -0.14752 -0.089757 0.33167 0.20523 0.22424 -0.45265 0.51118 -0.023149 0.059604 0.41024 0.33202 -0.083303 -0.47726 -0.48033 0.049407 -0.16604 -0.21661 -0.020512 0.10791 0.4749 -0.063919 -0.2502 -0.32444 -0.10964 -0.57046 0.41297 0.099206 0.28245 -0.038046 -1.4699 0.66014 -0.13331 0.48369 -0.43992 0.16816 -0.18825 0.22588 -0.44886 -0.25681 0.10783 0.26249 -0.09201 -0.33144 0.43808 -0.00091769 -0.3148 0.58351 0.1491 -0.31525 -0.53499 -0.459 -0.17658 0.2713
philadelphia 0.023173 -0.4826 -0.093487 -0.19656 -0.073373 0.19743 -0.017205 -0.14568 -0.35807 0.86903 -0.11307 0.05827 -0.25162 -0.20672 0.79801 0.28854 0.032506 -0.53079 0.27 -0.059838 -0.6444 -0.65347 -0.3915 -0.26337 -0.25904 -0.082276 -0.50815 -0.33454 -0.677 -0.20046 0.094909 0.10234 -0.099895 -0.26788 -1.4526 -0.13702 -0.6591 0.17296 -0.18833 -0.075836 -0.46824 0.16093 0.49036 0.47093 -0.26564 0.5769 0.43422 -0.118 -0.44103 0.34321 -0.04791 0.44288 -0.089518 0.013406 0.21368 -0.45423 0.069304 0.22275 0.079648 -0.68376 -0.37542 -0.05847 0.12865 -0.3407 0.36107 -0.47641 0.14543 -0.063798 -0.023374 -0.3036 0.16074 -0.28356 -0.13206 0.14635 -0.33908 0.18346 -0.057771 0.47906 -0.19355 0.48668 -0.60282 0.18391 -0.35132 -0.35454 -0.1002 0.21642 0.11192 -0.003792 -0.43793 0.60631 0.46999 0.027812 -0.493 -0.361 -0.66874 -0.24344 -0.048971 0.09351 -0.61028 -0.97777 -0.13587 -0.15063 0.023601 -0.11108 0.2738 -0.45551 0.55986 -0.39192 0.31783 0.82769 -0.25652 -0.85807 -0.20087 0.084342 -0.20129 0.27382 0.051029 0.2065 -0.024219 0.35028 0.50878 0.22057 0.043484 -0.4197 0.057144 -0.3673 0.19169 -0.51544 0.23518 0.066352 -0.009804 0.11331 0.15303 -0.31127 -0.77118 0.14351 0.21746 -0.4329 -0.1461 -0.046133 -0.31377 0.11316 0.056852 0.68559 -0.06935 0.73007 -0.37565 0.0052952 -0.1598 -0.22549 0.75543 -0.14574 0.4327 -0.068772 0.024893 -0.16624 -0.28167 0.37748 0.15121 -0.16512 0.1762 -0.019195 -0.36548 -0.31731 0.27275 0.18519 0.13644 -0.35651 -0.56041 0.70091 0.29222 -0.23294 -0.86432 0.60621 0.19278 -0.32123 0.059236 0.041326 -0.014034 0.24718 0.18633 0.53545 -0.096057 -0.14775 -0.53841 0.509 -0.44664 0.20606 -0.22605 0.44503 0.076688 0.505 0.27253 -0.42546 -0.19274 -0.45176 -0.22071 -0.43563 0.27745 0.33857 0.90699 0.28959 0.54403 -0.33346 -0.147 -0.66443 0.11757 0.21107 0.23517 -0.19021 0.30561 -0.048754 -0.18871 -0.039036 -0.014002 0.24403 -0.26723 -0.15481 -0.051489 -1.004 0.4549 -0.060455 0.43263 -0.33813 -0.28248 -0.2001 -0.24951 0.019222 0.46086 -0.13311 -0.50725 0.43942 0.20914 0.067776 -0.49637 -0.46819 -0.14329 -0.16384 -0.67208 -0.051529 -0.068482 -0.5315 0.25301 0.021881 -0.15188 -0.23222 -0.57606 0.15549 0.32283 0.07442 0.11712 0.35713 0.087931 0.53354 0.78922 0.080474 0.44714 -0.64574 0.20656 0.36299 -0.57329 0.2965 0.17929 0.29796 0.072436 0.29181 0.11292 1.0766 0.31661 -0.68555 -0.21261 -0.29952 0.045537 0.37873 -0.23255 -0.095408 -1.1791 0.28509 -0.15271 0.43048 -0.59276 0.26482 -0.23887 -0.031186 -0.041505 0.7399 -0.23571 0.43943 0.094195 -0.061197 -0.15728 -0.57364 -0.93458 0.60045 -0.15011 0.25338 0.58155 -0.62576 0.10371 -0.016708
shanghai 0.040277 0.29526 0.012155 -0.52929 -0.0055592 -0.37683 0.26746 0.021548 0.056071 -1.0055 0.74504 -0.023526 0.60774 0.21575 0.17479 -0.7151 -0.16806 0.14523 -0.064516 0.27487 -0.55249 -0.41021 0.058521 0.16992 -0.0093034 0.47579 -0.093185 0.23229 0.10294 -0.14305 0.17023 -0.13056 -0.11926 0.60073 -0.95003 -0.039805 -0.27647 -0.3332 -0.17348 -0.03339 -0.0049891 -0.26048 -0.029175 0.27415 -0.030301 0.037996 -0.1166 0.67258 -1.3066 0.53766 0.25085 0.22363 -0.40207 0.38922 0.092684 0.48534 0.65943 -0.10669 -0.005161 -0.4779 -0.29207 0.22671 0.029674 -0.51338 0.34224 0.47328 -0.044753 0.10871 -0.95605 0.24026 -0.15886 0.28287 0.60993 -0.41591 -0.43818 0.12974 -0.44483 -0.13646 0.25558 0.56299 -0.41302 0.0064159 -0.38405 -0.3518 0.42044 0.11444 0.18633 -0.21286 -0.0060409 0.064334 0.37078 -0.12611 0.0732 0.48438 -0.28797 -0.056111 -0.16031 0.54706 -0.26592 -0.7972 0.091691 -0.0045521 -0.045413 0.031752 -0.15746 0.2318 0.043284 -0.78705 -0.43556 0.27515 -0.37766 -0.58194 -0.025639 -0.14169 0.61439 0.047686 -0.04973 0.5602 -0.27838 -0.017569 -0.00056447 -0.5144 0.35193 -0.41111 0.29559 0.44503 0.37091 0.40006 -0.32713 -0.37507 -0.16999 0.15905 0.4086 0.32367 -0.1092 -0.11253 -0.054426 -0.3548 -0.028033 0.64584 0.29535 0.073666 0.3242 -0.49443 0.41163 -0.081401 -0.057923 0.086017 -0.20057 0.27661 0.65922 -0.15071 0.56108 -0.15644 1.0819 0.1475 -0.55076 0.26111 0.068145 -0.20749 -0.2338 0.72736 -0.052821 -0.064229 0.40944 -0.29098 0.39979 -0.48717 -0.059111 0.54084 -0.58161 -0.42035 -0.60248 0.13317 -0.42699 -0.35095 0.19256 -0.27045 -0.29547 0.565 -0.11515 0.32392 -0.54062 0.49051 0.13504 0.51066 -0.36019 0.51662 0.12747 -0.10056 0.74068 -0.48585 -0.96563 -0.24776 0.50762 -0.44576 -0.25882 -0.56887 -0.050133 0.12845 0.32656 0.25522 0.25714 0.65572 -0.97111 0.50235 -0.22642 -0.53497 -0.023975 0.08708 -0.49692 -0.21307 -0.17475 -0.50738 0.14336 -0.013677 -0.11502 0.5969 0.064878 0.36698 0.74933 -0.22441 -0.21024 0.34483 -0.14517 0.051337 -0.047376 -0.098735 -0.68754 0.1701 0.14089 -0.5712 -0.070771 0.16607 0.35982 0.98428 -0.16805 -0.28916 0.25116 0.50251 0.086652 -0.52627 -0.5924 0.71669 0.029962 0.69887 -0.10769 -0.32813 0.28069 -0.0090545 0.73826 0.25775 0.45138 0.015587 -0.35407 -0.36007 -0.22044 -0.24703 0.2418 -0.62828 -0.31907 0.206 0.25173 -0.10836 0.32833 -0.16092 -0.13104 -0.49398 -0.12677 -0.22515 0.08208 -0.13131 0.1643 0.40767 0.20463 0.021449 -0.94304 -0.45319 0.16788 0.090159 -0.74385 -0.49376 -0.32119 -0.79962 -0.22785 0.35767 0.31579 1.0069 -0.49756 -0.081653 0.12349 0.30077 -0.48314 -0.30647 0.32808 0.54881 0.086603 -0.71721 0.17403 0.013038
kansas -0.45664 0.21658 -0.66952 0.16082 -0.036055 0.078748 0.15877 0.14824 -0.02812 0.69151 0.30517 -0.066061 -0.25784 0.62102 0.34625 0.40582 0.08846 0.15032 0.15377 -0.41177 -0.26044 -0.23687 0.012066 0.3261 0.093138 -0.22519 0.061409 -0.23648 -0.41063 -0.64353 0.10549 -0.2339 -0.41225 -0.18458 -1.0246 0.1974 0.086147 0.18807 -0.44271 -0.61535 0.16585 0.44351 0.15264 0.76171 0.30673 -0.27769 -0.1362 0.10479 -0.22143 0.29285 0.16249 0.38219 -0.5686 0.1606 0.012772 -1.0385 0.091846 0.35147 -0.2612 -0.27259 -0.0023902 -0.085853 0.48574 -0.42258 0.060248 -0.90868 0.12515 -0.41497 0.10801 -0.3644 0.56394 -0.51715 -0.46918 0.53771 -0.41553 0.00021918 -0.43614 0.62327 -0.3457 -0.22589 -0.019061 0.42377 -0.065826 0.48505 -0.40558 -0.23387 -0.55701 -0.12791 0.50186 0.52701 0.053378 0.49932 0.36515 -0.091257 0.16072 -0.35966 -0.9298 0.074914 -0.20742 -0.27908 0.19384 0.36297 -0.081038 0.24991 -0.068875 0.13369 0.48383 0.44084 0.19908 0.28053 -0.28723 -0.9953 0.13431 0.19317 -0.4601 0.56885 0.45828 0.19127 0.74493 0.72885 0.3691 0.32881 0.2926 -0.31738 -0.24597 0.054572 0.14147 -0.12719 -0.2472 0.20406 0.37199 0.45952 -0.16253 -0.14595 0.12434 -0.25822 -0.17942 0.3912 0.44399 0.66048 -0.4783 -0.026739 0.094537 0.1503 -0.091646 -0.19782 -0.48764 -0.25725 -0.36792 0.058481 1.0907 -0.40883 -0.013312 -0.082738 0.51765 0.52711 0.13076 -0.3444 -0.6405 0.030141 0.36509 0.15888 -0.46317 -0.052932 0.16803 -0.25365 0.28641 -0.38835 0.064984 0.47221 -0.18009 -0.53807 -0.5518 0.049028 0.16961 0.58488 0.34979 -0.34573 0.073323 0.14489 0.034921 0.15449 -0.51873 0.12773 -0.14493 -0.40477 -0.41474 -0.64114 -0.22006 -0.36344 -0.49298 0.29947 0.078491 0.21576 0.0040593 0.0013567 0.93451 -0.17937 -0.45157 0.089641 0.93563 -0.21647 0.48071 -0.01865 -0.4348 -0.62349 0.34043 0.19952 0.069953 0.49107 -0.33305 0.12589 -0.29443 0.031938 0.26795 0.32486 -0.49271 -0.11859 0.28194 -0.41918 0.1193 -0.12492 -0.0011145 -0.44302 0.33303 0.18487 0.38633 -0.30342 0.37237 -0.44138 -0.087829 0.11145 0.10143 -0.12022 -0.60722 -0.43406 0.11384 0.022396 -0.20786 0.055489 -0.74456 0.33669 0.070412 -0.091266 -0.72597 -0.15769 0.033084 -0.2625 0.6241 0.12141 -0.097936 -0.23411 -0.41851 0.35159 0.29799 -0.16716 -0.19995 -0.003663 -0.14149 -0.19628 -0.080515 -0.083208 0.061116 0.35181 -0.47443 -0.21163 -0.19331 0.37598 -0.48126 0.50245 -0.44349 -0.24205 0.51946 0.19591 0.29033 0.16328 -0.95108 0.69522 -0.066531 0.33101 -0.67204 0.056517 0.48043 0.35818 -0.15869 0.67021 -0.15812 0.3572 0.097803 -0.32036 0.89356 -0.2854 -0.64488 0.17268 0.35236 -0.1018 -0.16171 -1.0268 0.20115 0.49479
jose 0.42518 0.52799 -0.83417 0.27027 0.021744 -0.44734 -1.7181 0.44364 0.18464 -0.75232 0.36681 0.25512 -0.80423 0.12009 -0.13906 0.16053 -0.088846 0.17268 1.0398 0.5374 0.04391 -0.29773 0.35639 -0.73765 -0.76821 -0.030619 0.11741 0.30007 -0.33255 0.17154 0.0012604 0.4136 0.37608 -0.49295 -0.7148 -0.13126 0.99907 -0.011594 0.075201 -0.025991 0.0098603 0.092925 -0.051994 0.91233 0.017218 -0.65946 0.062304 0.11349 0.089546 0.043663 0.37984 0.093851 -0.6135 0.38327 0.22016 0.092565 0.12803 0.041191 0.26243 0.048431 -0.25292 -0.74034 0.1677 0.29718 -0.41734 -1.1044 0.3961 -0.33555 -0.12669 -0.23507 0.28329 0.96024 -0.21229 0.26618 0.19416 -0.39305 0.43139 0.29367 0.61838 0.87126 0.14955 0.079518 -0.19913 0.46276 -0.26464 -0.055386 0.098792 0.36582 -0.047727 -0.12066 0.95564 0.6427 -0.48879 -0.04965 0.48641 0.040866 -0.21192 -0.77337 -0.45675 -0.17885 0.24571 -0.4645 -0.49521 0.35876 0.69365 -0.13837 0.31256 -0.012201 -0.5027 -0.27149 -0.064507 -0.83811 -0.077772 -0.1424 0.25048 0.34116 0.15016 -0.056961 -0.15223 0.64552 0.023884 0.18435 0.15919 -0.39164 -0.22401 -0.23235 0.53926 -0.56655 0.1613 0.32351 -0.0053457 -0.68155 -0.49014 0.69792 0.25532 -0.12683 -0.39846 -0.30945 0.18193 0.43994 0.39357 -0.51021 0.13975 0.62041 0.6043 -0.42222 0.22082 0.58047 -0.64309 -0.85742 1.306 -0.0030892 0.26585 0.32306 0.10263 -0.27656 0.063732 0.13947 -0.11102 -0.35793 0.33971 0.52504 -0.059827 0.17512 0.16355 0.061899 0.029187 -0.036716 -0.40291 -0.099658 -0.47554 0.45367 -0.17116 -0.018369 -0.28982 -0.33683 -0.34465 0.74403 0.17965 -0.18592 0.39235 0.43524 0.42125 0.53865 -0.2115 0.080532 -1.2511 -0.41656 0.12275 0.9391 -0.034295 0.020404 0.48227 -0.047396 0.15426 -0.083838 0.41615 0.0012113 0.11295 0.72825 0.58783 0.40202 0.50404 -0.38647 0.13794 -0.2552 0.18259 0.33683 0.31033 0.51 0.21053 -0.40547 0.17874 0.37643 -0.29275 0.49716 0.12831 -0.81226 -0.31148 -0.10107 0.51059 0.40695 -0.26358 0.34634 0.54164 -0.21526 0.57358 -0.58315 -0.24717 0.48319 -0.87076 0.33837 0.22178 0.064046 0.30441 -0.48622 -0.38411 0.16192 0.16915 0.015748 -0.28489 0.10041 -0.73391 -0.015893 0.45141 0.6864 -0.088319 0.1828 -0.19359 -0.47953 0.516 0.013246 -0.51847 0.51555 0.067114 0.060975 0.53036 0.0044287 -0.073469 -0.35357 -0.48086 0.63519 0.375 0.3974 -0.057095 0.62912 0.22578 0.6508 -0.25379 -0.72799 -0.64295 0.17364 0.0045152 0.10026 -0.024815 0.54166 -0.80585 -0.22979 0.11213 -0.10122 -0.13069 0.61462 0.21364 0.24313 -0.46538 0.46496 -0.36457 -0.083811 -0.24964 0.19447 -0.17328 0.47844 -0.46823 -0.1379 0.26082 0.66778 -0.62509 -0.17053 -0.36586 0.4901
detroit 0.46508 0.1368 -0.25187 -0.029458 -0.0087724 0.4108 0.2204 0.17951 -0.11644 0.42093 0.39448 0.083477 -0.070352 0.54795 0.90473 0.25142 0.35414 -0.36369 0.16049 -0.31043 -0.32542 -0.31137 0.10126 0.32827 -0.096403 0.13258 -0.25989 -0.42632 -0.37174 -0.17252 0.14947 -0.20908 0.073665 -0.28633 -1.3963 -0.14606 -0.45145 0.34524 0.041042 0.14411 0.12414 0.24509 -0.042341 1.2838 -0.15353 0.070314 0.21444 0.24342 -0.94271 0.74622 0.18795 0.27908 -0.25462 0.12716 0.036711 -0.35634 0.369 0.35968 -0.27167 -0.44127 -0.7041 -0.048289 -0.46003 -0.11901 -0.22198 -0.30189 -0.19291 0.14774 0.47491 0.27346 -0.019277 -0.42507 -0.22355 0.33659 -0.58561 -0.27116 -0.21097 0.18097 0.55988 0.61436 -0.78248 -0.046504 0.35838 -0.5061 -0.26754 -0.4393 0.10654 0.10619 -0.56108 0.64855 0.48433 0.33239 -0.36266 0.10696 0.16668 -0.39888 0.30636 -0.66228 0.19395 -0.58858 0.31908 -0.12481 -0.19938 0.054029 0.37205 -0.66135 0.40774 -0.093372 -0.37306 0.070375 -0.13115 -0.60675 -0.54706 -0.020859 -0.18328 0.0021628 -0.031997 0.29644 -0.024363 0.16789 0.14761 -0.41296 -0.07041 -0.51884 -0.42495 -0.10529 0.47179 -0.61798 0.60615 -0.1246 1.13 0.28163 0.02884 0.14847 -0.21211 0.20668 -0.41123 -0.30163 0.17694 0.031481 -0.15978 -0.12833 0.062126 0.52075 0.24449 0.15313 0.14092 -0.59579 -0.22104 -0.033312 1.8499 -0.33569 -0.030514 -0.096536 0.36517 -0.22085 0.13363 -0.094208 -0.34931 0.19223 0.30455 0.13563 -0.33049 0.12906 0.10312 0.34802 -0.29158 0.045674 -0.73323 -0.26279 -0.23973 -0.36275 -0.88974 0.20901 -0.025983 -0.062377 0.078619 0.49005 -0.017161 0.19041 0.46536 0.54265 -0.10784 0.4913 -0.48496 0.11486 -0.19377 -0.31363 0.13745 0.66425 -0.17594 0.40833 0.27574 0.13295 0.32536 -0.69749 0.44444 -0.10356 0.83949 0.19197 1.1092 0.19827 0.56946 0.1118 -0.47137 -0.48394 -0.020383 -0.34827 -0.25747 -0.23658 -0.38551 0.66904 -0.28196 0.15391 0.51074 0.43078 0.42499 0.25572 -0.50061 -1.0413 0.69819 -0.17281 0.20967 -0.1845 0.16265 0.084185 -0.0069035 0.16606 0.2312 0.20113 -0.077122 0.17006 0.50759 -0.046548 -0.45415 -0.21201 0.33098 -0.10108 -0.49178 0.057663 -0.21063 0.15648 0.051036 0.56437 -0.53708 -0.64591 -0.048653 0.30877 -0.01969 0.082231 0.23441 0.043032 -0.17044 0.25293 0.31757 -0.27372 0.086335 0.016519 0.055969 -0.49388 -0.17696 0.15433 0.24809 0.087263 -0.30394 -0.17045 -0.058796 0.19104 -0.078496 -0.90084 -0.087977 -0.11461 -0.19348 0.21851 0.46418 0.46841 -0.62829 0.43503 -0.013962 -0.22383 -0.57298 0.60262 0.2203 0.17516 -0.4034 0.38819 0.18517 0.62079 0.2545 0.11571 0.51466 -0.37121 -0.77476 0.51583 -0.12533 0.37187 -0.53628 -0.29644 0.10484 0.24556
sydney -0.15084 -0.023978 -0.12076 -0.34137 -0.059456 0.06711 -0.038224 0.27543 0.13296 -0.41161 0.40336 0.42537 0.61262 0.25272 0.41435 -0.25259 0.14166 0.41886 -0.24557 -0.0060942 -0.74139 -0.48388 0.36098 0.042248 0.21924 0.47714 -0.15346 0.36227 -0.28615 -0.14245 0.13603 -0.2118 -0.32225 1.2509 -0.84099 -0.093053 -0.4364 0.31077 -0.10579 -0.15975 -0.39323 -0.13396 -0.34482 -0.053792 0.14137 0.53208 -0.16151 0.58724 0.29035 0.34839 -0.29209 0.36733 -0.12506 -0.10558 -0.016154 0.76313 0.18565 0.14896 -0.54226 -0.69465 -0.11844 0.42097 -0.16113 0.072458 0.6099 -0.23481 -0.35025 -0.015522 -0.39094 -0.17092 -0.57296 -0.30306 -0.19276 -0.5807 -1.0873 -0.065329 0.32377 0.034603 -0.13351 0.67054 -0.20916 -0.026331 -0.1112 -0.28857 -0.19288 0.037225 0.43286 -0.90684 -0.24349 -0.23801 0.44996 -0.048218 0.49088 -0.19773 -0.079403 0.33067 0.32771 0.065577 0.23058 -0.76149 0.049134 -0.20305 -0.72085 0.42231 0.16751 0.36643 -0.16458 -0.363 -0.19872 0.085611 -0.056734 -0.28627 0.07897 -0.56922 0.053602 0.01331 -0.097874 0.31641 -0.41016 -0.85889 -0.081144 -0.2314 -0.57735 -0.14822 0.24126 -0.2478 -0.077858 0.017816 -0.085432 -0.49244 0.10494 -0.01804 0.13993 -0.047778 0.33115 0.55608 0.29759 -0.27806 0.52015 0.63469 0.035083 0.27492 0.20383 0.40831 -0.72056 -0.50159 0.43416 -0.30275 -0.19581 -0.15732 1.1 0.20032 -0.06906 -0.067681 0.39417 -0.3587 -0.76192 -0.36316 0.17657 0.065133 -0.44329 -0.20495 -0.014027 -0.5149 -0.2765 -0.11846 0.15624 0.33784 0.85091 0.42663 -0.68194 -0.40361 -0.19207 -0.129 -0.33874 0.027181 0.46864 -0.23083 0.0032193 0.59089 0.15707 0.71402 -0.23947 -0.27676 0.47245 0.70509 -0.18118 0.25495 -0.055098 -0.31202 0.089522 0.18052 -0.31031 -0.21807 -0.12527 -0.5512 0.28265 0.24047 -0.24546 0.1792 1.0736 0.33924 -0.74493 -0.19497 -0.39978 0.25939 -0.17535 -0.66308 0.31069 -0.63034 0.12516 0.39459 -0.13936 0.47758 -0.044421 0.26871 -0.14745 -0.056667 -0.0038952 -0.73615 0.97728 -0.25036 0.16349 -0.5431 -0.14436 -0.27046 -0.32592 -0.20228 -0.31316 0.98498 0.37572 0.55007 0.063135 -0.33806 0.1693 0.80807 -0.2959 0.34032 -0.020129 0.089238 -0.089293 -0.22971 -0.28794 -0.016285 0.022824 -0.0017064 -0.46559 -0.18697 -0.25534 0.2252 0.025998 -0.061531 -0.10296 -0.035562 0.011723 0.038519 0.35127 -0.0019157 0.84707 -0.058549 -0.44646 -0.037588 0.056427 0.5201 0.2172 0.012743 0.25578 -0.67778 -0.027246 0.28941 -0.17563 -0.034594 0.27628 0.068757 -0.32489 -0.25275 -0.99384 0.19138 0.65536 0.26822 -0.39301 0.026729 -0.44172 0.14069 -0.59758 -0.23688 -0.034858 0.20034 -0.27945 -0.15786 -0.15702 0.11577 0.020748 0.078145 0.071149 0.040308 -0.034672 0.43814 -0.13855 -0.34043
madrid 0.58703 0.72231 -0.10914 0.28462 0.41189 0.12647 -0.80556 0.24472 -0.0018587 -0.93482 0.27664 0.38975 0.40906 0.59703 0.12297 0.026068 -0.40187 0.67832 0.35531 0.35877 0.10699 -0.46269 -0.35384 -0.53186 -0.11269 0.049196 0.039637 0.76798 -0.2856 -0.59786 0.57266 -0.14325 -0.38439 0.040945 -0.59554 -0.48845 0.43915 -0.052575 -0.41849 0.24098 -0.03469 -0.24328 -0.44746 -0.27688 0.39221 -0.010537 0.25843 0.67702 0.44843 0.56339 0.39393 -0.44661 -0.2158 0.016387 0.28551 0.28598 -0.29092 -0.51817 -0.050041 -0.44199 -0.35931 -0.40849 0.086022 0.091114 -0.17182 -0.37115 0.94598 -0.43865 -0.45482 -1.2568 0.20858 0.7369 0.37064 -0.022691 -0.22488 -0.22664 0.45882 0.39124 -0.41153 0.85526 0.065389 -0.17099 -0.56373 0.10498 -0.26515 0.23645 0.20561 0.09148 0.0068625 0.43833 1.0674 -0.13294 0.036655 -0.28036 0.64148 0.0017804 -0.0098473 -0.16632 -0.082619 -0.6275 0.17016 -0.53396 0.22497 0.37091 0.078434 0.39161 0.7615 -0.13349 -0.35575 0.15312 0.16378 -0.087708 0.39279 -0.93205 -0.5667 0.04975 -0.090202 0.6313 -0.026511 -0.44088 -0.023206 -0.30848 0.52742 -0.02418 -0.47086 0.11634 0.20568 -0.12923 -0.33911 0.097984 -0.12097 -0.098298 -0.39132 0.15032 0.44639 -0.31699 -0.019674 -0.12439 -0.3348 0.42259 0.52867 -0.22386 -0.010499 0.27866 0.088948 -0.08464 0.018546 0.64432 -0.56564 -0.46868 0.0015284 -0.079263 0.054508 0.11655 0.064745 -0.017567 -0.032759 -0.053487 -0.49758 0.63484 0.21839 0.71328 0.31323 -0.33795 0.79397 0.1387 0.27351 -0.81176 0.096134 0.19671 0.042691 0.11964 0.0076617 -0.46353 0.13478 -0.05935 -0.48385 0.47603 0.0058883 0.60018 0.5825 -0.41756 -0.47704 0.73405 -0.47259 0.37584 -1.5409 0.099469 -0.20918 0.14179 0.12444 -0.41917 0.24432 -0.6599 0.31898 -0.58929 -0.6446 -0.25171 -0.088398 0.7988 0.85142 -0.24232 -0.065061 0.5633 -0.26601 -0.69924 -0.28166 0.31006 -0.56263 0.17412 -0.30806 -0.11217 0.077149 -0.063278 0.12263 0.33572 0.44311 -0.41936 -0.6376 0.052315 0.53136 -0.093006 -0.17354 0.16535 -0.35559 -0.13642 0.11544 -0.011913 -0.26041 0.26888 -0.1827 0.47008 0.49905 -0.56604 0.64167 -0.28873 0.3361 0.65833 0.40733 -0.1039 0.2434 -0.48827 0.0215 -0.030391 0.49654 0.32513 0.025239 -0.33183 0.35803 -0.16764 0.01541 -0.22942 0.09028 0.4766 -0.31051 -0.27772 0.22372 -0.12009 -0.19787 -0.55484 0.16435 0.23336 0.74935 1.1661 0.18689 0.31857 0.46354 0.001581 0.42125 -0.66167 0.32861 -0.18747 -0.229 0.059625 0.32957 -0.099305 -1.0155 -0.60216 0.86406 0.57877 0.054031 -0.0028974 0.38168 0.028647 0.021446 0.10406 -0.1469 0.67451 -0.089677 -0.39967 0.13677 0.036738 -0.50201 0.041788 0.41969 0.4465 -0.037933 -0.44745 -0.64325 0.1062
berlin 0.26191 -0.38692 -0.37203 -0.10643 0.46429 -0.19928 -0.0337 -0.36968 -0.057691 -0.99212 0.018644 0.30477 -0.040811 0.1794 0.17374 -0.41021 -0.080189 0.49095 0.15384 0.29567 0.52147 -0.38161 0.15226 0.058792 0.041678 -0.17706 0.19412 0.25258 -0.40058 0.33814 0.24405 -0.40812 -0.38859 0.31145 -0.38412 -1.1542 -0.16321 0.24111 -0.41928 0.1749 -0.60054 -0.31122 -0.5182 -0.23009 0.063835 0.63385 0.2244 0.3955 -0.38337 -0.26384 0.17852 -0.68346 -0.30011 0.11893 0.63789 -0.32047 -0.037305 -0.030318 -0.10454 -0.16971 -0.73589 -0.080095 0.11155 -0.38098 0.49557 0.11167 0.036552 0.42286 -0.14881 -0.7412 0.00559 0.0017113 -0.016012 -0.21564 -0.3618 0.27121 0.42982 0.93292 -0.12974 0.41059 0.088612 -0.52753 -0.094486 -0.10636 0.32042 0.15802 -0.26688 0.47357 -0.3358 -0.083153 0.4048 -0.47495 0.21006 -0.14175 -0.042732 -0.23838 0.43243 0.29925 -0.50708 -0.81665 -0.27133 -0.59153 0.59507 -0.10996 -0.20008 -0.078016 0.57912 0.0024215 0.18826 0.025047 0.37726 0.47449 0.20193 -0.22636 -0.70113 0.11147 -0.32993 -0.16644 0.1796 -0.89524 0.58446 0.17487 0.77142 -0.15158 0.2577 -0.24803 0.716 -0.056945 -0.37566 -0.83899 -0.19268 0.73744 0.25559 -0.0083361 -0.74917 -0.11999 -0.41006 -0.053657 -0.18361 -0.16297 0.17414 0.15411 -0.20784 0.15631 0.581 0.10867 0.34514 0.054848 -0.36405 0.6719 0.2916 0.64494 0.28247 0.0019689 0.24849 0.51393 -0.13673 0.27877 -0.26737 -0.083686 -0.33944 0.17783 0.34958 -1.051 0.14168 0.63654 0.34369 -0.15911 0.26756 0.0054471 0.33644 -0.30148 -0.22156 -0.54387 0.18764 0.062875 0.5022 -0.43309 -0.22537 0.20095 0.64983 0.40884 -0.94535 -0.30821 0.36865 0.44012 -0.93727 -0.55846 0.23879 -0.19574 0.14615 -0.34926 -0.20665 -0.39779 -0.49912 -0.16717 -0.20055 -0.32389 -0.1934 0.37458 1.1682 -0.0038228 -0.46155 -0.022693 -0.78231 -0.41311 -0.31704 -0.13894 -0.05044 -0.41177 0.13394 0.027373 -0.37398 0.10004 0.12199 0.27883 0.19944 0.12491 -0.152 -0.3677 0.63485 -0.32051 0.020788 0.22434 -0.43293 0.17249 -0.44622 -0.25124 -0.16298 -0.37398 -0.014156 -0.25192 0.62224 -0.021528 0.15203 -0.36559 -0.14627 0.054342 0.73009 -0.312 -0.47969 -0.31441 0.42386 -0.25189 0.24084 0.1613 -0.3655 0.056947 0.01121 -0.12769 0.16656 -0.16165 0.24219 0.60081 0.42132 0.25081 -0.042555 -0.62252 0.4517 -0.12899 -0.019707 -0.31205 0.85061 0.29421 0.28277 -0.19621 -0.295 -0.045406 0.37214 -0.47921 -0.040713 0.1808 -0.46242 -0.099347 0.17696 -0.1711 -1.1276 0.12107 0.40143 -0.14801 -0.74434 0.22365 -0.43944 -0.45305 0.18936 0.56574 0.08775 0.58517 -0.28641 0.30764 0.28632 -0.23883 0.16619 -0.18333 -0.03826 0.26233 0.43068 -0.27259 0.078249 0.23799
toronto 0.49345 -0.066695 0.058295 -0.081277 0.011996 0.062694 -0.53015 -0.045528 -0.43674 0.36 0.56932 0.23287 -0.30518 0.82386 0.23369 0.32049 -0.37294 0.28314 0.0017548 -0.35435 -0.74162 -0.69919 -0.49757 -0.0023388 0.10867 0.28132 -0.25924 -0.38452 -0.43742 -0.06828 -0.059394 -0.077328 0.0029102 0.30325 -1.0996 -0.06768 -0.067694 0.52775 0.25362 0.3296 -0.41443 0.39363 -0.0010237 0.95021 -0.075363 0.54128 -0.33198 0.42737 -0.65494 0.051694 -0.26162 0.18503 -0.23205 -0.13033 0.30828 -0.43656 0.020997 0.025787 0.32436 -0.58145 -0.37526 0.52905 -0.4218 -0.24402 0.61031 -0.45948 -0.22572 -0.14353 0.1488 -0.36657 0.38686 0.3009 0.22969 0.35006 -0.58424 -0.20286 0.012429 0.53314 0.49169 -0.028652 -0.8489 -0.50629 -0.32172 -0.22224 -0.66127 -0.080856 0.29373 -0.37667 -0.59226 -0.21621 0.44062 -0.075806 0.042558 -0.55509 0.26478 -0.37059 -0.00099695 -0.064159 -0.024926 -1.0687 0.012512 0.094843 -0.50974 0.18866 0.0072335 0.20047 0.25079 -0.037401 -0.54945 0.54689 -0.26261 -1.2864 -0.29247 -0.16142 -0.20354 -0.094294 -0.1142 0.1059 0.32747 0.0897 -0.2594 -0.27696 -0.03577 -0.38033 -0.081957 -0.55119 0.54995 -0.54376 0.48779 -0.41498 0.23831 -0.20284 -0.19374 -0.73601 0.33077 -0.10803 -0.54991 -0.38 0.077373 -0.21046 0.56605 0.43672 0.043751 0.52085 0.53313 -0.0036006 0.2903 -0.28781 -0.5944 -0.49826 1.2028 -0.45501 0.22249 0.40784 -0.078577 0.21978 -0.014995 -0.058815 0.15368 -0.49924 0.015985 -0.013043 -0.45828 -0.26396 -0.078698 0.32604 0.22246 0.43606 -0.33729 0.19351 -0.58667 -0.43837 -0.56769 0.4114 -0.23344 -0.23789 0.38437 -0.031811 -0.26055 0.45384 -0.38987 0.34125 0.0019886 -0.046379 -0.18472 0.87053 -0.58017 -0.3491 -0.55509 0.27487 0.14308 0.23526 0.23104 -0.29488 -0.067444 -0.28228 0.13378 0.074975 0.23068 0.48261 0.73222 -0.18445 -0.050588 0.33183 -0.45028 0.65145 0.16575 0.00067451 0.25441 -0.13183 -0.32994 -0.41029 0.15457 0.10915 -0.11888 0.050753 0.21789 -0.25638 -0.0064714 -0.45269 0.084579 0.22795 -0.049715 0.025873 -0.015163 0.10422 -0.29248 -0.32422 0.18997 0.29735 0.15213 0.43467 0.11173 -0.32915 -0.48759 -0.26336 0.56894 0.17667 -0.72974 0.3279 -0.36194 -0.11497 -0.044488 -0.061623 0.0094519 -0.17029 -0.10709 0.31147 0.18077 0.21519 0.62352 0.13975 -0.064768 0.40891 0.3476 -0.45806 0.39812 -0.22379 0.00039843 -0.014 -0.47606 0.14206 -0.025873 0.71569 -0.18485 -0.23563 0.58941 0.16772 -0.15882 -0.33685 -0.27259 -0.23255 0.75031 -0.062837 0.16157 -0.082697 -1.4178 0.031117 0.11854 0.42051 -0.45071 0.17363 -0.28726 -0.17 -0.57485 0.51301 0.45962 0.49803 -0.018372 -0.26186 0.36847 0.31943 -1.0296 0.57323 -0.021568 0.30453 -0.011388 -0.30927 0.48057 -0.0093771
seattle -0.14224 0.10019 -0.32495 -0.052351 0.42528 0.14284 -0.074438 0.18231 0.31436 0.51423 0.50717 0.21499 -0.53798 0.22998 0.60358 0.11515 0.059129 -0.041888 0.0030725 0.11064 -0.31698 -0.59818 -0.046901 0.050539 -0.0027557 0.026406 -0.011988 -0.41343 -0.42407 -0.5206 0.57505 0.044855 -0.12676 -0.27537 -1.111 -0.41606 -0.49725 -0.40675 -0.30633 -0.19667 0.097312 0.31149 -0.11604 0.40162 -0.54057 0.43566 -0.17465 0.43335 -0.47492 -0.0095254 0.14996 -0.0048811 -0.13364 0.17444 -0.46809 -0.22968 0.29991 0.24048 -0.57966 -0.82994 -0.2712 0.17789 0.21349 -0.28226 0.1728 -0.88649 -0.055074 0.14666 0.36164 -0.030706 0.09653 -0.48045 0.41533 0.61704 -0.85181 -0.091967 0.36791 0.44615 -0.20813 0.12376 -1.2699 0.25605 -0.22244 0.43074 -0.41872 0.1232 0.059119 0.22781 -0.52239 -0.43871 0.55082 0.3244 -0.12745 -0.21625 -0.052635 0.2396 -0.028922 -0.37832 0.29437 -0.91578 0.079619 -0.3023 -0.11833 -0.28957 0.33286 0.077533 0.31372 0.25585 0.012701 0.31614 -0.49805 -1.1843 0.23495 0.29406 0.35605 0.040995 0.31051 0.043015 0.39028 0.46098 0.25331 -0.08594 0.10529 -0.27653 -0.047308 -0.49252 0.15229 -0.34864 0.42218 -0.067375 0.27998 0.44683 0.37968 0.21597 -0.025604 0.37792 -0.27188 0.46275 0.18727 -0.15756 0.043184 0.17512 -0.0635 0.48161 0.19545 -0.0007986 0.15394 0.44779 0.028207 -0.53396 0.97546 -0.49711 0.43918 0.18754 -0.072367 0.17558 0.63785 -0.20114 -0.76862 -0.040876 0.43555 0.1287 -0.52842 -0.19648 0.10844 -0.47592 0.79911 0.3657 -0.049239 0.97829 -0.67591 -0.43917 -0.98764 -0.10339 -0.13416 -0.15716 0.17843 -0.033828 -0.10529 0.11782 0.33487 0.63608 0.12984 0.1733 0.15448 0.19888 -0.15017 -0.20679 0.14989 0.10338 -0.18255 0.33222 0.3186 -0.14264 0.18915 -0.50989 0.30944 0.20914 -0.073389 0.53772 1.0874 -0.37387 0.59472 0.14389 -0.23392 0.34645 0.23353 -0.081995 0.29525 -0.21806 -0.19591 0.47437 -0.56599 0.48485 -0.69704 0.10722 -0.18806 0.063023 -0.48523 -0.3597 0.48129 -0.15867 -0.11265 0.12984 0.14938 0.097958 0.023323 0.17919 -0.045595 0.27915 -0.038937 0.35889 -0.024543 -0.1397 0.23374 0.14976 -0.22573 -0.041619 -0.26099 0.068611 0.013051 -0.1969 -0.30024 0.28595 -0.16493 -0.27581 -0.41132 0.85074 0.3084 0.47567 -0.063415 0.022502 0.31298 0.38447 0.33068 0.16901 0.27183 -0.12976 0.21106 -0.26957 -0.16565 -0.25293 0.036703 -0.15071 -0.21992 -0.28799 -0.061955 0.43117 0.17387 -0.60587 -0.202 -0.17908 0.29424 -0.5482 0.11126 0.30592 -1.0903 0.44203 -0.053356 -0.10725 -0.36492 0.17745 0.28224 0.94275 -0.31188 0.061833 -0.12042 0.49558 0.12418 0.23698 0.65843 -0.32577 -0.6605 0.32395 0.088261 0.61925 0.1364 0.0080302 -0.26054 0.22133
rome 0.15579 -0.12682 0.039515 0.1359 0.49554 0.22866 -0.32457 -0.33084 -0.34179 -1.0314 -0.19426 0.30464 0.39693 0.052947 -0.29709 -0.41987 -0.14345 0.25766 -0.26907 0.071141 -0.5485 -0.038342 0.17909 0.018206 0.40881 -0.23368 0.27556 -0.77666 -0.10578 0.11605 -0.13971 0.33362 -0.54085 0.40434 -0.12869 -0.33061 -0.45806 -0.47795 -0.36158 -0.28963 -0.073571 -0.53832 -0.67514 -0.053115 0.22643 0.36783 0.45492 0.80034 -0.046703 0.27151 -0.16506 -0.2373 0.25753 0.38239 0.41011 0.49753 -0.1082 -0.21396 0.70326 -0.10628 -0.47584 0.29554 -0.20767 0.35271 -0.52103 0.29787 0.02775 0.12097 -0.23212 -1.0237 0.49872 -0.55076 -0.32955 -0.88964 -0.029194 -0.057849 0.20975 0.12537 0.26092 -0.036168 -0.080716 -0.30265 -1.0237 0.12033 -0.057111 0.68092 0.35122 0.29003 0.34897 0.37859 0.51651 -0.38886 -0.33363 -0.31032 0.17947 -0.33917 0.050305 -0.017744 -1.0186 -0.19719 -0.16242 -0.29863 -0.026507 0.43561 -0.099558 0.34454 0.10975 -0.44267 -0.11264 -0.088731 0.13254 0.071257 -0.23915 -0.32854 -0.66423 -0.48008 -0.40556 -0.18457 0.60449 -0.58578 -0.51327 0.44295 0.17701 -0.50821 0.42553 0.15907 0.26133 -0.17799 -0.24412 0.2699 0.41791 -0.50789 0.17285 0.13902 0.16712 -0.65691 0.058875 -0.23273 0.13426 -0.59465 0.054543 0.080898 -0.47238 0.52708 -0.029048 -0.1594 0.25685 0.3069 -0.26302 -0.55384 0.58525 0.21421 0.079298 0.15622 0.057153 0.58271 0.084517 0.39554 -0.30939 -0.89446 -0.22621 -0.071418 0.42094 0.30137 0.38541 0.070477 -0.26258 -0.49498 0.16078 0.10852 -0.28027 -0.23803 0.11764 0.060861 -0.40549 0.21127 0.5058 0.00023643 -0.33079 0.065804 0.30832 0.83645 -0.55344 0.36941 0.13062 0.3643 -1.2764 0.46076 0.28244 -0.17603 0.019537 -0.078029 0.28046 -0.25633 -0.11001 -0.72791 -0.37003 -0.016348 0.02686 0.9227 1.0414 -0.33943 -0.34739 0.55176 0.060553 -0.64934 -0.26672 -0.041887 -0.055918 -0.18446 0.044882 0.18022 0.19292 -0.31619 -0.3383 0.25463 -0.034749 -0.25252 -0.18023 -0.22727 0.54404 -0.26749 0.19146 0.074057 -1.019 -0.49977 -0.22906 0.049769 0.14901 0.12281 -0.29263 -0.11195 0.62534 -0.66411 0.36717 -0.55724 0.44088 0.43166 0.40103 -0.016776 -0.71147 -0.48637 -0.087337 -0.0054872 0.1232 0.39468 -0.69833 0.026113 -0.13162 0.24509 0.46468 0.42396 0.23549 0.16423 0.54994 -0.045274 0.1149 -0.27826 0.45608 -0.10704 0.016605 -0.22036 0.34042 0.44656 0.4932 -0.11652 -0.15128 0.018703 0.33436 -0.34846 -0.26577 -0.088409 -0.13055 0.51006 -0.29032 -0.23816 -1.4544 0.11102 0.92174 0.3252 0.022641 0.29415 0.30826 -0.10695 -0.35456 0.087349 0.017075 0.24808 -0.11739 -0.12772 -0.18916 -0.21196 0.012507 0.69837 -0.5078 -0.21889 -0.6778 -0.048609 -0.64297 -0.42663
dallas 0.078922 0.11362 -0.3371 -0.075584 -0.16686 -0.10062 0.15902 0.06419 -0.24438 0.95832 0.37011 0.11559 -0.091681 0.035871 0.41664 -0.076437 0.53364 0.27477 -0.31568 -0.51674 -0.073426 -0.44304 0.15763 0.081368 0.31773 0.22347 -0.43093 -0.14561 -0.92323 -0.58764 0.057753 0.55206 -0.32538 -0.19561 -1.5211 -0.031923 -0.43398 0.30165 0.32931 -0.41691 -0.42377 0.090977 0.082382 0.38579 0.13794 0.086584 0.47855 0.091647 -0.15313 0.21845 0.044426 -0.32324 -0.75168 0.12615 -0.39775 -0.50539 -0.18403 0.064729 0.17361 -0.89114 -0.24878 0.051153 -0.013341 0.076381 0.51247 -0.55612 -0.025157 -0.036127 0.20772 -0.27222 0.059473 -0.32387 -0.085015 0.85048 -0.0096035 0.31533 0.37016 0.34465 -0.19052 0.10355 -0.47978 0.05933 -0.63363 0.37067 -0.39084 -0.35171 -0.69654 0.071154 -0.30621 0.34598 0.081291 0.69805 -0.0054053 0.24684 0.25761 -0.12151 -0.097389 0.17223 -0.44547 -1.0699 0.12516 -0.23479 -0.57991 0.279 -0.29086 -0.22407 0.075198 0.38883 -0.10097 0.32471 0.16457 -0.77993 -0.098114 0.13809 -0.17197 0.12867 0.054497 -0.16092 -0.0025614 0.79797 1.0022 0.14184 0.37928 -0.27418 -0.47918 -0.7334 0.080169 -0.61056 0.3952 -0.02785 0.18988 -0.23881 -0.42153 0.17614 -0.045136 -0.089579 -0.011565 -0.11467 -0.082119 0.28036 -0.24805 -0.14261 0.16193 0.52886 -0.51477 0.40649 0.10737 0.038107 -0.29277 0.021428 0.67378 0.075032 0.031892 -0.14403 0.2014 0.33165 0.44047 0.23232 -0.042544 -0.36552 0.29071 -0.21481 -0.24045 -0.00019405 0.3825 0.1842 0.27417 -0.30665 -0.74435 0.31825 -0.28714 -0.39631 -0.91777 0.17768 0.013071 0.47301 0.083699 0.31494 0.26072 0.13262 0.21525 0.31867 -0.26642 -0.277 -0.2194 -0.22388 -0.45231 -0.54145 -0.28417 0.03959 -0.099414 0.36495 -0.11296 0.36508 0.010161 -0.35691 0.3967 -0.45955 0.89122 0.57679 1.1714 -0.020923 0.1783 -0.18491 -0.11343 -0.38333 -0.16155 -0.061367 0.17454 -0.032192 0.32109 0.28569 -0.25211 0.065765 0.24812 0.24957 0.22013 -0.06596 -0.60552 -1.02 0.26735 0.11149 -0.18483 0.31391 0.059256 0.030152 -0.20396 0.21249 -0.078479 0.069921 0.32998 0.23909 -0.10963 -0.23394 -0.22836 -0.16953 0.25674 -0.60268 -0.47487 0.2064 0.0061536 -0.096819 -0.15561 0.24836 -0.24429 -0.13619 0.26323 0.11886 0.42628 0.00056185 0.070983 0.01425 -0.39467 0.27667 -0.025788 -0.12559 0.49507 -0.45467 -0.054354 0.0294 -0.32278 0.52379 0.2473 -0.070949 -0.31792 -0.44538 0.3498 0.25375 0.021253 -0.61822 0.033822 -0.61747 -0.037967 -0.17749 0.0975 -0.20364 -1.1119 0.43542 -0.096787 0.071164 -0.52231 0.10604 0.39094 0.10525 -0.55 0.30828 0.026601 0.34623 -0.3913 -0.099719 0.64238 0.050015 -0.4439 0.68183 0.19898 0.15755 -0.21057 -0.26616 -0.27626 0.35826
st -0.22305 -0.37962 -0.056315 -0.30071 0.019884 0.34427 0.030103 -0.0053647 -0.40889 -0.52253 0.24221 0.14728 0.45495 -0.020216 0.55258 0.2607 -0.50365 -0.39031 0.023748 -0.49791 -1.0326 -0.24821 -0.59668 -0.38946 0.19175 0.28101 -0.00040479 0.33283 -0.046762 0.50907 1.04 0.11096 0.2193 1.1367 -1.0288 0.22651 -0.019364 0.30279 -0.018796 -0.53943 -0.29153 0.010176 -0.52104 0.73775 0.13208 0.28363 0.10603 0.27869 -0.030569 -0.62378 -0.27732 0.32657 -0.69804 0.12637 0.32002 -0.047423 0.53848 0.52217 0.39005 -0.47229 0.56575 0.26145 0.19952 0.50927 0.48419 -1.4915 -0.2267 -0.53443 0.10032 -0.064058 -0.83559 -0.37701 -0.68058 -0.64313 0.17372 -0.12583 0.027446 0.25199 -0.8061 0.013371 -0.038576 0.39195 -0.43984 -0.12786 -0.61614 -0.28265 0.50417 0.47715 -0.025599 0.089499 0.82256 0.0079756 0.71427 -0.44907 0.33052 0.42418 0.8317 -0.10274 -0.17479 -0.38013 -0.35337 0.19357 0.18245 0.42609 -0.070835 0.27201 0.32308 0.08147 0.018107 -0.48374 -0.075203 -0.53238 0.35322 0.54464 -0.52615 -1.2454 0.092674 0.2664 -0.2004 -0.32495 -0.43396 -0.077695 0.22436 -0.47464 0.45554 -0.11036 0.038773 0.35356 0.20201 -0.70355 0.40883 0.02433 -0.39425 -0.14051 0.37209 0.032345 0.65199 -0.68732 -0.24565 -0.24912 0.58071 0.19264 -0.063404 0.35095 -0.26547 -0.20444 -0.22666 -0.16436 -0.16537 0.11203 1.1319 0.35515 -0.38303 -0.072572 0.2934 0.36363 -0.32458 0.3934 0.57635 0.065287 -0.033044 0.17454 0.11348 -0.1535 -0.83015 0.20476 0.12469 -0.13725 0.49695 0.22383 -0.19209 -0.3513 0.34739 -0.16006 -0.15832 0.46491 -0.30703 -0.2811 -0.62595 0.13842 -0.11548 0.76077 -0.27366 -0.38462 1.2438 0.21467 -1.0279 -0.24387 0.20736 0.33416 0.043803 0.6975 0.54232 0.19164 0.059074 -0.22964 0.60136 -0.34589 -0.14273 -0.28014 0.87187 -0.48387 -0.42075 -0.16483 0.34257 -0.22806 -0.4167 -0.26873 -0.014566 -0.6827 0.10274 0.46489 -0.73304 -0.56809 -0.087204 -0.24754 0.27156 -0.34902 0.3784 0.011776 -0.1691 -0.049335 -0.31346 -0.35595 -0.45432 -0.8968 -0.21908 0.019676 0.26032 0.38704 -0.081963 1.2404 0.087966 -0.40782 0.38557 -0.28351 0.59067 0.66713 -0.29391 1.0277 -0.60685 -0.26651 0.34997 0.075565 -0.14947 0.35391 -0.13187 0.21709 -0.24357 -0.35322 0.22988 0.29307 0.59179 -0.26456 0.31536 0.32986 -0.0075775 -0.14054 0.023291 -0.0023679 -0.18132 -0.001934 0.021894 0.70332 0.1932 0.3515 -0.37389 -0.70825 0.65603 0.13896 -0.23659 -0.20493 0.85992 -0.50893 -0.31725 0.0014814 -0.59102 -0.24554 -0.25091 0.20786 -0.43281 -0.031543 0.15293 -0.32111 0.13995 0.49439 -0.80446 -0.419 0.37814 -0.077818 -0.29716 0.0068794 0.69301 -0.17064 0.25626 0.032483 -0.19375 0.075342 0.37436 -0.073878
saint 0.10424 -0.18891 -0.48628 -0.25294 0.39679 0.3032 -0.23671 -0.11495 -0.34739 -0.72277 0.37797 -0.26608 0.32516 0.042642 0.42838 0.43912 -0.24912 0.28596 0.11499 -0.020953 -1.2703 -0.23485 -0.46283 -0.18614 0.097602 0.091754 0.14356 -0.24427 0.13299 0.63342 1.2489 0.24695 0.072494 0.63616 -0.81497 0.41799 0.1453 0.089806 0.032035 -0.65526 -0.71589 -0.16396 -0.441 0.35421 -0.068849 0.11177 0.43276 0.5739 -0.15861 0.013036 0.14658 0.25492 -0.15113 0.39367 -0.15009 0.11442 0.066303 0.59447 0.95727 -0.32691 -0.15206 0.16525 0.47166 0.38455 -0.047337 -0.90887 -0.41025 0.080213 0.011055 0.2595 -0.56665 -0.60919 -0.93845 -0.89395 -0.090281 -0.60702 -0.35387 0.28305 -0.28588 -0.31009 0.07892 0.54363 -0.59295 0.36652 -0.68626 0.49398 0.29905 0.48409 -0.31033 -0.49172 0.010212 -0.33508 0.62127 -0.51269 0.45631 0.14028 0.51457 0.11932 -0.24159 -0.020561 -0.10055 0.10703 0.72194 0.017351 0.26537 -0.052695 0.62479 -0.013405 -0.013136 -0.039214 -0.45202 0.013832 0.4495 0.028562 -0.0010871 -1.1479 0.23624 -0.12067 0.16427 -0.27856 -0.12047 0.012069 0.057053 -0.19173 0.18426 0.44996 0.1256 0.22136 0.27389 -0.2704 0.63373 -0.48772 0.070145 -0.18006 0.41631 -0.43668 0.83327 -0.28401 0.0034602 -0.16021 0.32212 0.1489 0.18878 0.013038 -0.06222 -0.64188 -0.23511 -0.19276 -0.10195 0.30258 1.1126 0.21606 -0.40352 -0.26792 0.24343 0.45765 0.0031632 -0.0011806 0.2977 -0.24608 0.31167 0.50472 0.26565 0.19572 -0.68823 -0.19493 0.085646 -0.37942 0.022356 0.16482 -0.030491 -0.47292 0.15215 -0.07777 0.63494 0.33859 -0.10567 -0.10907 -0.55655 0.01811 0.00281 0.42449 -0.27021 0.14623 1.0883 0.27196 -0.96589 -0.30145 -0.21511 -0.17953 0.42023 0.43091 0.29472 0.65303 -0.01977 -0.4673 0.30253 -0.23723 0.10857 0.19452 1.1657 -0.62543 0.044746 -0.19194 0.31573 -0.81441 -0.6715 0.33675 -0.13243 -0.22829 0.059445 0.7922 -0.15298 -0.45233 0.12921 -0.099362 0.80791 -0.53815 -0.068889 0.19549 -0.14144 0.3765 0.22897 -0.30164 0.17817 -0.53981 0.50058 -0.28753 0.38415 0.066641 -0.43694 0.43078 -0.043667 -0.088017 0.21208 -0.50644 0.79946 0.055517 -0.24254 0.60727 -0.43581 -0.30937 0.069763 -0.32001 0.10227 0.61073 0.086413 0.11392 -0.51968 -0.4349 0.45028 0.42123 1.1127 0.57923 0.61394 0.24512 0.25431 -0.1191 -0.036332 -0.15239 0.36895 0.048013 0.39719 0.47083 0.11417 0.077237 -0.59005 -0.33774 0.41378 0.097326 0.093019 -0.47105 0.45935 -0.28827 0.026623 0.63957 -0.6717 -0.75691 -0.27114 0.52852 0.1727 0.24538 0.16871 -0.33507 -0.0569 0.96025 -0.81701 0.089997 0.39212 0.14919 -0.090619 0.055601 0.76018 0.018128 0.38362 -0.40547 -0.22365 0.59415 0.21007 -0.25902
diego 0.87238 0.49268 -0.61849 0.39951 0.43037 -0.091449 -0.7668 -0.28239 -0.03427 -0.013754 0.07184 0.52041 -0.066584 -0.026854 0.93033 0.21096 0.3906 -0.42345 0.31421 0.46485 -0.32606 -0.081649 -0.50134 -0.52293 -0.031126 -0.40899 -0.35734 0.43775 0.21806 -0.47727 0.43732 0.34944 -0.042786 -0.33666 -1.0888 -0.42517 -0.021331 -0.086705 -0.090548 -0.088975 0.27298 -0.32845 0.1621 0.41814 -0.26745 0.16478 0.56128 0.33672 0.47056 -0.09867 -0.14378 -0.10303 -0.032888 0.74376 -0.24878 -0.37533 0.02136 0.13054 -0.067537 -0.72217 -0.39763 -0.47481 0.53523 0.26473 -0.23434 -0.58623 0.12022 0.093452 0.36335 -0.64407 -0.47571 -0.06209 0.40806 0.57116 -0.72171 0.2545 0.51178 0.18786 0.41907 0.5629 -0.13346 -0.207 -1.2155 0.42318 -0.64308 0.38184 -0.53751 0.19257 -0.26181 -0.38894 0.44786 0.041742 -0.014431 -0.17425 -0.14707 0.18877 -0.017552 -0.21749 -0.40153 -0.68456 0.030948 -0.34952 -0.40455 -0.32335 -0.12492 -0.14994 0.61013 0.28166 -0.056529 0.36184 -0.29313 -0.42098 0.21942 -0.1497 0.32078 0.2563 -0.16121 0.1841 -0.016082 0.86356 0.53286 -0.32272 -0.32803 -0.19964 -0.66805 -0.15459 -0.11779 -0.55448 -0.24935 0.47786 0.084836 -0.28148 -0.17602 0.63474 0.063504 -0.19804 0.36017 -0.74629 -0.22174 0.017298 0.17018 0.087886 -0.1076 0.16208 -0.52467 -0.039113 0.23085 0.21689 -0.12643 0.033836 0.927 0.077645 0.38888 -0.49931 0.15089 -0.063387 0.20993 -0.18054 -0.74029 0.50773 0.024621 -0.089746 -0.31371 -0.42038 0.47187 -0.5857 0.028549 -0.19026 -0.29963 0.87454 0.28077 0.079122 -0.62789 0.16066 0.16274 -0.057922 -0.40215 0.15945 0.37992 0.17753 0.26766 0.33339 0.085007 0.74868 0.3032 0.045827 -0.74273 -0.12337 0.36235 -0.080004 -0.53529 0.8821 0.27062 -0.25289 -0.10807 -0.51109 0.49252 0.055459 -0.13005 0.62663 0.60927 0.14282 0.79444 -0.57596 0.40096 0.16998 0.13406 0.69192 0.47441 0.071443 0.083641 -0.05872 -0.35882 -0.24755 -0.22856 -0.031027 -0.34793 -0.48083 -0.16336 0.33104 0.82344 -0.30063 0.36533 0.023328 -0.19064 0.051197 -0.077909 -0.67203 -0.097832 -0.18081 -0.34323 0.33582 -0.075895 0.055337 0.22968 -0.23998 -0.3459 0.15953 -0.10322 0.30122 -0.44446 -0.17782 -0.0082231 0.18333 -0.19245 0.46777 -0.23948 0.21013 -0.0011786 0.11219 0.13304 0.19758 -0.043279 0.83212 0.20972 -0.18137 0.5337 -0.60397 0.14184 -0.43227 -0.42142 -0.1888 0.25191 -0.30756 -0.25862 -0.02424 0.19654 0.14158 -0.05912 -0.55244 -0.1876 0.11866 0.11684 0.59423 0.074798 -0.17564 -0.71823 0.22218 0.50482 0.46474 -0.39761 0.16096 0.32315 1.1462 -0.30502 0.21812 -0.32021 0.17405 0.41098 -0.14714 0.0968 -0.07113 -0.52304 0.26882 0.237 0.3185 0.31006 -0.29908 0.11629 0.2454
milan 0.521 0.65576 -0.17768 0.72952 0.80177 -0.01906 -0.68763 -0.68584 -0.13462 -0.88204 -0.15263 0.27708 0.47554 0.50434 0.2915 0.0092472 0.1359 0.49772 0.37796 0.032572 0.19008 -0.68278 0.15447 -0.14383 -0.37409 0.26415 0.14808 -0.20476 -0.34861 -0.4082 0.41444 -0.28867 0.2658 0.22728 -0.97265 0.18296 -0.067845 -0.57403 0.077436 0.12418 0.41654 -0.64427 -0.63927 0.20764 0.12457 0.078025 0.42461 0.75708 0.05028 0.49783 -0.059838 -0.17294 0.13191 0.49001 0.55186 0.2949 0.031855 -0.72579 0.74654 0.091342 -0.53991 -0.030233 -0.091722 -0.30603 -0.13131 0.78428 -0.22095 -0.82212 -0.45463 -1.1188 0.30846 -0.0864 -0.19265 -0.60525 0.19654 -0.11191 0.2668 -0.111 -0.18487 0.037867 -0.28912 -0.11983 -0.59186 -0.040197 -0.68829 0.57202 0.29777 0.073398 -0.68811 0.36753 0.44963 -0.040839 0.19271 -0.67053 0.52167 0.085745 -0.35332 -0.17677 -0.14725 -0.41703 -0.19468 -0.73509 -0.1439 -0.094743 -0.19656 0.47798 0.30031 -0.079092 -0.22916 0.4822 0.48234 -0.026578 -0.021957 -0.66507 0.29738 0.089733 -0.43948 0.43717 0.58581 -0.65439 -0.086882 -0.11224 0.91722 -0.43292 0.18067 -0.19301 -0.35777 -0.42535 0.21141 0.88872 0.35238 -0.5143 -0.40345 0.33404 0.40042 -0.12172 0.29825 -0.35573 -0.158 0.037442 0.12431 -0.23195 -0.3849 0.93159 0.42177 0.64672 -0.34366 0.095029 -0.67342 -0.69172 0.37027 0.18661 -0.093461 -0.033906 0.41917 0.28562 0.19315 0.48784 -0.49625 0.042681 -0.12669 -0.71191 -0.33541 0.31896 0.22442 0.31589 -0.12914 -0.63979 0.18949 -0.017944 0.13351 0.27661 -0.44329 0.12865 -0.40488 -0.12045 0.29804 0.41919 -0.15488 0.63028 0.21457 0.065317 -0.022386 1.0821 0.1411 0.39281 -1.1419 0.12495 0.064022 0.38274 0.35815 -0.50391 0.067475 0.23655 0.18606 -1.0731 -0.5288 -0.72106 -0.15102 0.77823 0.73004 -0.43113 -0.48119 0.32188 0.025955 -0.38273 -0.35576 -0.25065 -0.3806 -0.59072 -0.11541 -0.54225 0.20513 0.29551 0.45176 0.072554 0.42797 -0.37252 -0.72349 -0.33872 0.25934 -0.81033 0.0072702 0.26134 -0.74979 -0.016477 -0.49355 0.18372 -0.32905 0.6488 -0.4657 0.4829 0.071793 -0.24271 0.91772 -0.24064 -0.23189 0.55459 0.69213 0.46895 -0.026556 -0.70394 -0.11645 -0.018857 0.84044 0.76856 0.16304 0.55018 0.30951 0.13827 0.18858 0.37299 -0.080992 0.23038 0.27702 -0.25644 0.13848 -0.31019 -0.08394 -0.23786 0.068427 0.4272 0.46019 0.57051 0.006595 -0.48794 0.24386 0.071698 0.8308 -0.72025 0.27336 0.051453 -0.41672 0.19993 -0.033781 0.059716 -0.76113 -1.2608 0.18118 0.19341 -0.64833 0.63304 0.53302 -0.23006 0.54031 0.13566 -0.41144 0.51813 0.3756 -0.50938 -0.21 0.42053 -0.53986 0.82022 0.34624 -0.058574 -0.045976 -0.62237 -0.18487 0.10555
antonio 0.2376 0.17344 -0.16484 -0.20733 0.14697 -0.078245 -1.0321 -0.24954 -0.084157 0.30097 -0.089463 0.54133 -0.30523 0.18256 0.42063 -0.60943 0.58841 -0.60275 0.36183 0.22638 0.11754 -0.21193 0.4957 -0.83001 0.046587 -0.37439 -0.45955 0.13382 0.15926 -0.55893 0.51819 0.81282 0.034949 -0.15085 -0.68933 0.36045 0.63996 -0.59571 0.35766 0.25952 -0.40183 -0.0065883 0.28444 0.43073 0.076412 -0.094679 0.086419 0.58425 0.18283 0.14856 -0.0024079 -0.14172 -0.14385 0.40802 -0.14917 -0.1249 0.13637 0.49537 0.22138 -0.92074 0.085627 -0.45779 0.2671 0.64395 -0.065658 -0.9275 -0.055832 0.025949 0.28324 -1.0311 0.16698 0.22477 0.18572 -0.19281 -0.10163 -0.082512 0.72454 0.57884 0.43991 0.11476 0.25578 0.10968 -0.14511 0.47214 -0.278 0.74418 0.0044848 -0.26084 0.10013 0.48065 0.86197 0.19227 -0.4236 -0.58552 0.39463 -0.13528 -0.075164 0.036583 -0.50245 -0.2352 0.22384 -0.81583 -0.67211 0.065639 0.098519 -0.23414 -0.4632 -0.10767 -0.1105 0.37123 0.39719 -0.57875 0.042114 -0.72949 -0.20456 0.7649 0.091751 -0.086903 0.27384 0.4935 0.39676 0.1348 -0.048871 -0.49276 -0.65283 -0.59926 -0.17877 -0.36967 0.021325 0.091857 -0.11227 -1.0245 -0.4129 0.61706 -0.2171 -0.26916 0.03052 -0.80973 0.44252 0.2263 -0.09841 -0.1138 0.1146 0.15734 -0.49779 -0.34347 0.71188 -0.078698 -0.54287 -0.053767 1.0409 0.30101 -0.31784 -0.11282 0.014144 0.32608 0.32821 0.36293 -0.55585 -0.21578 0.20416 -0.055652 0.058428 -0.24844 -0.19689 -0.65384 -0.1959 -0.26631 -0.15362 0.42236 0.0040245 0.41823 -0.4693 0.54885 -0.22367 0.3243 -0.31007 -0.44019 -0.064547 -0.32365 0.015116 0.88359 -0.17006 0.43267 0.0046966 0.0015758 -1.0531 0.028357 0.11384 0.62062 0.18173 0.61476 0.142 0.27502 -0.6016 -0.25348 0.52987 -0.014618 0.31038 0.97609 0.80796 0.12204 0.26687 0.043686 -0.043424 -0.4474 -0.42841 0.16707 0.080677 -0.087718 0.19253 -0.14911 0.12201 0.19873 0.068222 0.68753 0.46339 -0.7583 -0.61631 -0.27841 0.26792 -0.59752 -0.046068 0.70703 0.088122 0.03636 0.38176 -0.43467 -0.50657 0.57828 -0.44689 0.38296 -0.10279 -0.29916 0.038994 -0.72358 0.009635 -0.58577 -0.28774 -0.2306 0.10541 0.10129 -0.48852 -0.038432 0.215 0.24422 0.16006 0.43704 -0.12196 -0.1097 -0.16529 0.090485 -0.32175 0.55551 0.21456 -0.18099 0.46632 -0.45148 -0.34859 0.039265 -0.48327 -0.10713 0.064815 0.40002 -0.020227 -0.18868 0.27716 0.47484 -0.34734 -1.1433 -0.074247 -0.2322 -0.099546 -0.21966 0.023742 -0.15614 -1.147 -0.49019 -0.26981 -0.017434 0.26472 0.23891 0.34424 0.98333 -0.48998 -0.1481 -0.1554 0.27194 -0.0052803 -0.31255 0.49845 0.024467 -0.19984 0.20764 0.43916 0.56478 -0.66065 -0.26887 -0.66995 0.078045
tehran 0.41347 -0.041907 0.24802 -1.0054 0.18179 -0.97115 0.24715 0.11203 0.052757 -1.7577 0.18739 0.25783 0.67414 0.32705 0.18339 0.74819 0.08344 -0.1328 -0.42528 -0.075768 0.19641 -0.82183 0.0083468 0.56117 0.059289 -0.070171 0.6419 -0.26681 -0.66563 -0.11688 -0.47287 -0.56794 -0.42846 -0.38164 0.53509 -0.80195 -0.50837 -0.46094 -0.6761 -0.013423 -0.2217 0.63226 -0.74241 0.13305 -0.82276 1.125 -0.42519 0.32379 -0.44873 -0.29731 -0.16746 -0.099639 -0.0050292 -0.34102 0.22538 0.041307 -0.56911 0.33028 0.45914 -0.38537 -0.15933 0.46359 -0.17089 -0.86234 -0.35271 0.24954 0.95863 0.60309 -0.14766 0.23021 -0.17813 -0.33274 0.22307 -0.20512 0.29854 0.032412 -0.31466 0.31529 -0.31197 0.58456 0.11738 -0.64673 -0.11407 0.76416 -0.050701 -0.24188 0.33954 0.19239 0.13684 0.051979 -0.37483 -0.35435 0.33493 0.39395 -0.19237 0.59257 -0.099368 0.18548 -0.10964 0.1409 -0.60594 -0.21611 -0.81511 0.36128 0.14568 -0.1807 0.12394 -0.60686 -0.0068335 -0.12408 0.23103 -0.26533 -0.061082 -0.087843 -0.16491 0.098948 0.024244 0.043126 1.1809 -0.41197 0.045036 0.37676 0.59882 0.26811 -0.42951 0.47583 0.5032 -0.80152 -0.0078287 -0.30533 0.17397 -0.028464 -0.29767 0.27022 -0.24727 0.15348 -0.24774 0.33707 -0.27489 -0.28413 0.14828 -0.2054 0.1596 -0.012527 -0.13218 0.22228 0.32345 -0.75385 -0.5334 0.17775 0.54422 0.72792 0.20214 1.0037 0.18928 -0.28799 -0.15129 0.0019166 0.27173 -0.33999 -0.34938 -0.044785 0.062729 0.19765 -0.56519 -0.36621 0.11615 -0.52346 0.16729 -0.084867 0.12447 -0.50804 -0.37631 -1.3019 -0.083305 0.065828 -0.52655 0.047536 -0.54909 0.13422 -0.2869 -0.62373 -0.24614 -0.54737 -0.26171 0.80348 0.18155 -0.58642 0.080403 -0.16989 -0.64733 -0.084282 0.44117 -0.32319 -0.31733 -0.26819 -0.1781 0.039623 0.56472 0.3375 0.53766 -0.24381 -0.017623 0.53475 0.27753 -0.67251 0.01049 -0.17267 -0.47538 -0.32496 0.40023 0.66812 -0.094087 0.21003 0.05716 -0.036617 0.21957 -0.063408 -0.51877 0.52382 0.56507 0.38952 0.085136 0.18378 -0.040099 0.33176 0.032984 0.22442 -0.0049961 -0.28234 0.56264 -0.42149 0.89543 -0.24308 0.67018 0.63985 -0.28558 -0.15004 0.96435 -0.13132 0.086789 -0.77787 -0.18496 0.23932 0.10994 0.19727 -0.23696 0.085278 -0.52252 0.11842 0.67848 0.54335 -0.70984 0.3513 0.1082 -0.43001 -0.16249 0.021983 -0.17014 -0.25734 0.15433 0.61426 0.10121 0.36297 0.15156 -0.24079 0.059146 -0.54628 -0.056403 -0.25661 -0.36081 0.12156 -0.46605 -0.041395 -0.23281 -0.60163 -1.8743 0.043165 1.0475 0.45966 0.10424 0.052642 0.36802 -0.89469 0.31655 -0.19409 -0.12607 0.56597 0.30303 0.2356 -0.38738 -0.42907 1.1004 0.35603 -0.069569 0.25597 0.10372 -0.62304 -0.38512 -0.091189
salt -0.17552 0.38843 -0.22992 -0.64569 -0.11719 -0.51308 -0.10776 -0.027518 0.50088 -0.80048 -0.050093 -0.20285 -0.19515 0.76657 0.28062 -0.19629 -0.61482 0.72005 -0.058861 -0.11448 -1.2156 -0.68258 0.18992 -0.10722 0.18707 -0.29907 0.20186 0.30091 -1.1241 -0.48296 -0.23998 0.23265 -0.77314 0.044477 -0.41199 0.50709 0.35067 0.032431 -0.085368 -0.32527 -0.15088 -0.33052 0.9398 0.54138 0.88523 0.11568 -0.20727 0.73748 0.040127 0.69252 0.34123 0.50945 -0.52664 -0.0055471 -0.10413 0.1054 -0.3168 -0.069961 0.49562 0.27032 0.10734 0.36277 0.68643 -0.13137 0.48621 -0.024303 -0.46338 0.18543 -0.29634 -0.36558 0.74854 -0.43824 -0.0032223 0.55852 -1.2815 0.41475 0.59945 0.442 0.39441 0.071727 -0.52439 0.32332 -0.083007 -0.14133 0.48871 -0.28223 -0.74705 -0.27924 -0.41088 -0.70149 -0.36127 0.34705 0.55704 0.24932 0.28259 0.026715 0.1855 0.56212 0.94203 0.77437 0.0021445 -0.27299 -0.25643 -0.53085 -0.41986 0.15509 0.1501 0.0025926 -0.68463 -0.29603 0.55746 -0.063129 0.027652 -0.31748 -0.66302 0.29085 0.22147 0.56286 0.080933 0.38741 -0.52436 -0.35344 -0.16054 -0.33128 0.042113 -0.017041 0.59203 0.23913 -0.17356 0.27394 0.092052 0.74967 -0.093608 0.58507 0.031617 0.33814 -0.043611 -0.3386 0.037388 0.44206 0.46912 0.075174 -0.82255 0.19985 -0.28418 -0.021121 0.59057 0.1262 0.75219 -0.24324 0.0013262 0.45104 -0.56041 -0.44419 0.23445 0.29453 0.45768 -0.069363 -0.35883 -0.11463 0.19551 -0.071518 0.088415 0.072976 0.13487 -0.12123 0.46915 0.31273 0.33311 -0.041291 -0.0072326 0.76557 -0.45114 -0.066184 0.08242 0.80777 0.61009 -0.67406 0.17291 0.18219 0.26936 0.73789 -0.43526 -0.23281 0.1838 -0.55743 0.32288 -0.14096 0.12996 -0.31169 0.33686 0.94868 0.14873 0.20917 -0.083071 -0.32478 0.30764 -0.34826 0.28767 0.45148 0.48438 -0.47009 0.35696 0.35305 -0.28621 0.38514 0.58489 -0.56424 0.44631 0.092948 0.37131 0.18223 -0.24755 0.6836 -0.11141 0.38155 0.31806 -0.41038 0.25467 -0.72557 0.29364 -0.073193 -0.19232 -0.49474 0.094314 -0.049202 -0.57213 0.29529 0.048301 0.31687 0.26341 0.47045 0.06112 -0.6587 0.038427 0.29558 0.60049 0.026115 -0.45542 -0.80293 -0.57536 0.31457 -0.44176 -0.1515 -1.2706 -0.27836 0.097565 -0.22038 -0.067782 -0.85606 -0.24359 -0.19329 0.11616 0.037525 -0.15784 -0.10707 -0.071703 -0.44907 -0.10697 -0.30503 -0.41198 -0.22198 -0.1425 -0.23542 0.46054 -0.51253 0.36486 -0.094515 -0.053159 -0.16129 -0.50646 0.026683 -0.029465 1.0798 0.092866 0.35381 -1.4791 -0.034269 -0.25029 -0.72353 -0.065011 0.1493 0.32313 0.21673 -0.24399 0.39191 0.024061 -0.26171 0.23146 0.38741 -0.77506 0.79464 -0.34454 0.17379 -0.19646 -0.73944 0.20473 0.00080402 -0.29354 0.32421
nice -0.23945 0.12185 -0.23636 0.10928 -0.17754 0.15013 0.34539 -0.23074 0.30911 -1.1142 0.21455 -0.39053 0.15441 0.26127 -0.047398 0.21101 -0.10822 0.45783 0.33089 0.38884 -0.16717 0.82434 -0.30286 -0.097178 -0.089753 -0.45756 0.2603 -0.24104 0.23172 -0.25979 -0.41544 -0.16094 -0.65317 0.49848 -1.6464 0.78985 0.24639 0.26661 -0.15522 -0.18751 -0.051755 -0.37377 0.32686 -0.3074 0.10566 0.46075 0.57423 -0.15669 0.051996 -0.13129 -0.33392 0.21705 0.22601 0.0030807 0.061437 0.35603 -0.11671 -0.49518 0.48622 -0.013694 0.15244 0.056011 0.28352 0.20905 -0.52119 -0.253 0.12035 0.016592 0.29529 -0.47404 -0.36418 -0.42231 -0.059455 0.31245 -0.17251 -0.36963 0.065306 0.418 0.096111 -0.52629 -0.20643 0.21129 0.57124 -0.026037 -0.038424 0.232 -0.28904 0.071725 -0.35324 -0.34903 -0.018514 0.24934 -0.22795 -0.72518 0.47936 -0.043574 0.15879 0.017558 -0.17282 0.15398 -0.50434 -0.48969 0.24139 -0.069805 -0.088792 -0.10841 -0.14475 -0.11419 -0.38295 -0.30476 -0.19583 -0.061215 0.59854 -0.62287 0.080727 -0.22695 0.20161 0.36852 0.08105 0.42868 0.14654 -0.36731 0.56258 0.34656 -0.13911 -0.25612 0.41266 0.51539 0.28685 0.089266 0.45515 0.23269 -0.44961 0.29415 -0.32171 -0.5319 0.088749 -0.64274 0.17965 -0.22444 0.049967 -0.036467 0.22712 -0.45746 -0.45717 -0.24394 -0.63377 -0.048762 -0.080301 0.54988 -0.55446 -0.29078 0.08777 -0.13673 -0.11969 -0.19569 -0.21761 -0.23823 -0.088479 0.34194 0.15223 -0.18768 -0.35711 -0.29887 0.30467 0.079187 0.097091 -0.086771 0.68534 0.23941 -0.27396 -0.73841 -0.25821 0.21093 -0.23356 0.0064933 0.0051355 0.37493 -0.62359 -0.22286 0.088473 -0.56776 0.44862 0.17453 0.23562 0.040937 0.13505 0.20636 -0.11595 -0.0053068 -0.039644 0.16911 0.23225 -0.065398 0.074355 -0.91874 -0.59618 -0.026529 -0.27157 -0.22312 1.4572 -0.62635 0.054936 0.090441 0.24713 -0.57216 -0.13795 -0.02635 -0.61672 -0.3536 -0.5615 0.11093 0.082106 0.093673 0.41595 0.13944 0.22132 -0.36522 0.21387 -0.3457 0.031785 -0.025139 -0.16275 0.30264 -0.14454 0.087622 0.39728 -0.15941 0.028823 0.020414 -0.24266 -0.080013 -0.052619 -0.7519 0.45059 0.20498 -0.041315 -0.26964 0.038678 0.19729 0.30153 -0.50578 -0.081664 0.43418 -0.19143 0.040886 -0.18989 -0.055249 -0.19703 -0.65618 0.3273 -0.77434 0.37792 0.34652 0.30298 0.41851 0.28266 -0.37998 -0.2364 -0.26584 -0.044243 0.011165 0.08734 0.65323 0.10373 -0.14826 0.050453 0.087663 0.65278 0.25582 0.42891 -0.29728 -0.26019 -0.27215 0.6891 -0.030933 -0.96456 0.49358 -0.10605 -0.046468 -0.3858 0.7347 0.071306 0.14366 -0.022284 0.64815 0.53694 -0.039531 -0.045737 -0.28758 0.48108 0.34405 -0.48826 -0.030526 0.2338 -0.7128 0.20321 0.15751 0.25749 0.25208
kuwait -0.097446 0.24617 0.10272 0.10639 0.32234 -0.24558 -0.081183 0.82559 0.33435 -1.625 0.40995 0.067386 0.5879 -0.29201 0.43561 0.79863 0.10578 0.038018 -0.47372 -0.83486 0.017443 0.13666 0.41851 -0.18769 0.22733 -0.59925 0.2913 0.0049181 -0.40505 -0.067322 -0.70573 -0.083564 -0.3325 0.29068 0.47637 -0.72999 0.042506 -0.31658 0.25459 0.5755 0.038379 -0.15396 -0.020133 0.046157 0.11924 -0.27658 -0.23666 0.18331 0.0053495 0.26558 -0.233 0.070428 -0.12536 -0.10059 -0.41252 0.029734 0.21668 0.61976 -0.033429 0.45439 -0.20959 0.92067 -0.21451 -1.0692 -0.11353 -0.1309 0.19524 0.62594 0.26064 -0.30846 -0.12751 -0.11193 0.61849 -0.1282 0.34346 0.46239 0.34224 0.60287 0.1252 -0.32118 0.39997 -0.08992 -0.6087 0.18543 -0.027282 -0.30134 0.092298 -0.16746 0.065684 -0.28225 -0.096966 0.36845 0.2933 0.050962 -0.013623 0.20679 -0.34912 0.13251 0.52707 0.6748 0.014582 -0.43301 0.12565 0.098143 -0.042704 0.23983 0.55165 -0.21205 0.2824 -0.14176 0.64116 -0.10884 -0.2433 0.09993 0.19698 0.55593 -0.13569 -0.31334 0.5478 0.52482 0.0391 -0.20936 -0.096814 -0.23374 -0.015991 0.39388 -1.0409 0.061217 0.54248 0.50833 -0.22138 -0.2908 -0.45477 0.11148 -0.33949 -0.3208 0.10965 0.18193 -0.32771 0.19455 0.3846 0.29383 -0.15633 -0.39809 -0.18022 -0.38056 -0.43538 -0.33678 -0.30144 0.18661 0.29961 -0.10173 -0.55671 0.5236 -0.43099 0.010604 0.38822 -0.029867 0.35569 -0.019412 0.019079 0.5292 -0.34117 -0.14155 0.38786 -0.35603 0.79561 0.078244 -0.1312 0.64953 0.42048 -0.14215 0.42271 -0.3301 -0.46113 0.62821 -0.08528 -0.32713 -0.051921 0.95666 0.17268 -0.057062 -0.53 -0.0099321 -0.073775 0.39233 -0.099597 -0.16554 -0.63188 0.12379 -0.26159 0.014029 0.2328 -0.16905 0.29139 0.66976 0.55466 -0.029644 -0.14156 0.33299 0.97744 -0.36136 -0.98936 0.073616 0.041007 0.39289 0.51394 -0.89476 0.33853 -0.75071 -0.54603 0.0033673 -0.54693 0.22114 0.21985 -0.1002 0.32156 -0.40375 -0.38331 0.66902 0.81944 0.069241 0.13201 0.086594 0.15217 -0.20384 0.027234 0.42062 0.15916 -0.51623 0.11899 -0.16886 0.38175 0.054535 0.27524 0.4859 0.28856 0.15067 0.86803 -0.47458 0.35768 -0.024603 0.13096 0.33911 0.90364 -0.47883 0.031885 0.21183 0.18725 -0.23311 -0.61262 -0.64375 0.14426 0.16888 -0.24405 -0.15799 -0.56109 0.28161 -0.20703 -0.35294 0.014661 -0.17229 -0.20248 -0.80572 0.28966 0.05783 0.09879 -0.46693 -0.044201 -0.48887 -0.13461 -0.011841 0.020894 -0.21996 -0.34255 -0.90958 -1.6583 -0.20333 0.58774 0.10465 0.4531 -0.24521 0.31955 -0.66154 0.29721 0.047982 0.43926 0.28688 -0.45928 -0.18403 -0.095569 0.31692 -0.41481 0.26719 0.032984 0.98258 0.25868 -0.73715 -0.44246 -0.53116
athens 0.66382 0.08813 0.24181 0.065357 0.53775 0.13393 0.204 -0.095404 0.08773 -0.84144 -0.25242 0.46566 0.21798 0.53626 0.49662 0.42748 -0.11121 0.40816 0.287 -0.30149 -0.25291 -0.18608 0.30275 -0.23074 0.43322 0.069396 0.083697 0.002277 -0.41801 0.0017751 0.041566 -0.12045 -0.1833 0.49469 -0.56508 -0.35265 -0.78141 -0.069161 -0.39276 -0.21001 0.1119 -0.60809 -0.45693 -0.18239 0.30417 0.34351 0.2382 0.70469 -0.184 0.37273 -0.049282 -0.010288 0.42961 -0.72612 -0.13281 1.2769 -0.63669 0.39874 -0.04069 -0.40412 -0.37516 0.60916 -0.72742 0.12255 -0.438 0.17485 0.03577 0.44075 0.24127 -0.83201 -0.23924 -0.27407 0.15534 -0.2003 -1.3118 0.1535 -0.054409 -0.12412 0.14712 0.27691 0.11638 0.17354 -0.35648 -0.54623 0.29184 0.42482 0.071926 0.15019 0.18317 0.03871 0.37487 0.055822 0.056287 -0.55904 0.6437 0.44839 0.23312 0.44593 -0.28939 -0.46955 -0.44172 -0.26031 -0.55244 0.24828 0.12539 0.25833 0.1798 -0.89954 -0.45228 -0.11831 -0.30436 0.15192 0.31078 -0.14585 -0.65338 -0.30873 -0.34777 0.32375 0.0066216 -0.63984 -0.38503 0.53081 -0.14978 -0.018158 -0.28252 0.58483 0.36073 0.24544 -0.15277 0.32738 0.046444 0.33082 0.57985 -0.0076215 0.0017783 -0.38452 -0.3895 -0.18657 0.27738 0.055124 -0.053089 -0.59853 -0.15951 -0.21354 -0.1056 -0.42543 0.29317 0.22901 -0.001889 -0.62714 0.55171 -0.26463 0.57918 0.62355 -0.1443 0.6178 -0.34333 0.97148 -0.55827 -0.060934 -0.41276 0.24189 -0.31219 -0.05985 0.10704 -0.57875 -0.16736 0.096635 0.96215 0.062383 -0.16132 -0.099103 0.25863 -0.035081 0.26235 -0.15038 0.37106 -0.16673 0.090233 0.81056 0.15502 0.024558 -0.44858 -0.51366 0.086611 0.58299 -0.58431 -0.06281 0.043535 0.16347 -0.50163 -0.55208 -0.6038 -0.32975 -0.020398 -0.54387 0.1802 0.014204 -0.3708 0.71525 0.68461 -0.043977 -0.38201 0.677 -0.091969 -0.79201 -0.40395 -0.54796 0.3526 0.30221 -0.2123 0.52975 -0.32147 0.48421 0.25687 -0.22848 0.098519 -0.0062632 -0.49875 -0.75814 0.89091 -0.21474 0.026985 0.13622 -0.24248 -0.68008 -0.51393 -0.19252 -0.21646 0.20775 -0.17047 0.25127 0.32217 -0.70242 0.18569 0.23092 -0.34019 0.060176 0.77451 -0.090234 0.34206 0.26332 0.12384 0.034809 0.25734 -0.58256 -0.15277 0.16571 -0.42593 0.38888 0.026269 0.81988 -0.014908 -0.042225 0.31222 -0.24267 -0.25494 -0.13695 0.27137 -0.6301 -0.30091 0.18241 0.4546 0.21413 0.37458 0.28518 0.29081 -0.21552 -0.16014 -0.61136 0.047166 0.28911 0.16126 0.63596 -0.30755 0.061882 -1.3348 -0.22334 0.25018 -0.041366 -0.14235 -0.045574 0.45824 -0.065645 0.14223 0.18575 -0.22887 -0.0045108 -0.14494 -0.24546 0.086101 0.12584 -0.19967 -0.54767 -0.3597 0.2467 -0.001761 -0.10445 -0.86161 0.032086
cleveland 0.15829 0.080954 -0.0337 0.32144 0.19585 0.07333 -0.23129 -0.4365 0.21035 0.88113 -0.01513 -0.07046 -0.12763 0.27376 0.64384 0.017418 0.054918 -0.50405 0.69657 -0.1088 -0.4079 -0.55985 -0.26902 0.1235 0.14602 0.037366 -0.24012 -0.30974 -0.5125 -0.69565 -0.036274 -0.004269 -0.020597 -0.19125 -1.1144 0.32261 -0.36377 0.30984 -0.56953 -0.1067 -0.13004 -0.31295 -0.095512 0.64949 0.19416 0.11796 -0.55027 0.092206 -0.46495 0.29965 -0.01581 -0.094063 0.097966 -0.003732 -0.067853 -0.54231 0.33583 0.19151 0.040557 -0.21226 -0.46864 0.050638 0.034403 -0.38354 0.11669 -0.41608 0.44498 0.032279 0.16039 -0.14967 0.32969 -0.12222 0.21297 0.65026 -0.30382 -0.26657 -0.16914 0.75438 0.20243 0.17276 -0.38758 0.16014 -0.0063393 -0.092763 -0.49473 0.62948 0.23705 0.030983 -0.67464 0.41067 0.72935 0.27776 -0.20349 -0.045767 -0.53735 0.093382 -0.16414 -0.043113 -0.013027 -0.85341 -0.21609 -0.35058 0.050861 -0.26994 0.1487 -0.20194 0.24453 -0.12393 0.16594 0.72881 0.13508 -0.79141 0.039778 -0.14759 0.09799 0.018875 -0.10158 0.29467 0.38609 0.38978 0.51677 -0.14131 -0.11611 -0.35225 -0.50355 -0.31954 0.50981 -0.51532 0.34022 -0.37699 -0.17669 0.52402 0.24024 -0.0065395 -0.6567 0.58962 -0.15441 -0.23757 -0.1436 0.18226 0.014974 0.034227 0.19163 0.3483 -0.007638 0.096811 -0.24227 -0.33411 -0.2219 -0.26361 1.2005 -0.57173 -0.2549 -0.31777 0.13437 0.098905 0.65635 0.058451 -0.34279 -0.088463 -0.33054 0.22502 -0.44683 0.56829 0.052648 -0.29496 -0.16158 0.58532 -0.040897 -0.054371 -0.034404 -0.15802 -0.32632 0.55663 -0.32177 -0.042634 -0.11643 0.00017289 -0.10147 0.16655 0.4166 0.86939 0.14059 0.18786 -0.40078 0.53584 -0.37742 -0.3198 -0.36777 0.84752 -0.042297 0.59784 0.069452 -0.29391 0.44286 -0.3684 0.33028 -0.023188 0.33497 0.50506 1.0163 0.47955 0.57628 0.12227 -0.0064832 -0.16454 0.090235 -0.55523 0.052249 0.21081 -0.38047 0.45893 -0.37059 -0.30274 0.328 -0.015592 -0.18959 -0.01136 -0.43088 -0.98471 0.091838 -0.32929 0.083193 -0.26875 0.02327 0.013816 -0.067235 -0.01804 0.20954 -0.13337 -0.2961 -0.027949 0.34175 -0.51456 -0.45061 -0.45223 0.32187 -0.27648 -0.7773 0.099543 -0.50518 -0.010853 0.3056 0.17351 -0.35531 -0.032717 -0.34011 0.03658 0.2701 0.19396 0.26257 0.31217 0.14721 -0.0034341 0.27759 -0.092905 0.19158 -0.27312 -0.12904 -0.41056 -0.54707 -0.13514 -0.44099 0.43041 -0.22449 0.14924 0.18412 0.72769 0.20378 -0.49341 -0.31312 -0.83902 0.31746 -0.0043157 0.41464 0.077249 -0.96002 0.26501 0.065782 0.66897 -0.56702 0.29762 0.68452 0.43057 0.047253 0.4448 0.12643 0.091905 0.28736 -0.045003 0.12623 -0.78414 -0.80358 0.67161 -0.047761 -0.13034 -0.027093 -0.38662 -0.1873 0.63913
denver -0.18844 0.48621 -0.6309 0.06171 0.29453 0.095425 0.45619 -0.23096 0.00016777 0.62938 0.14151 0.046269 -0.13786 -0.023544 0.51653 -0.14554 0.42564 -0.141 0.42823 -0.34441 -0.28202 -0.19051 0.34198 0.24279 0.17144 -0.14792 -0.20275 -0.2004 -0.053731 -0.80278 0.5505 -0.1403 -0.073579 0.12802 -1.3704 -0.44883 -0.55233 0.13445 0.27025 -0.74603 -0.47441 0.37655 0.23302 0.36925 0.4152 0.14235 0.10401 0.27845 -0.34806 0.1416 -0.21426 -0.37286 -0.52503 0.3691 -0.030444 -0.095753 0.22944 -0.11352 -0.21239 -0.70238 -0.38238 0.098542 0.091826 -0.1104 0.046098 -0.018393 -0.25362 0.15153 0.062111 -0.38824 -0.12178 -0.42924 -0.092854 0.88836 -0.36417 -0.22017 0.4746 0.63841 -0.24072 -0.099121 -0.5624 0.31154 -0.13593 0.32937 -0.35472 -0.29611 0.056302 -0.2872 -0.81549 -0.4084 -0.022273 0.57849 0.053623 0.010524 -0.29345 0.0010329 -0.31676 0.21083 -0.11198 -0.37255 -0.065827 -0.15 -0.53384 -0.0069589 -0.086781 -0.18138 0.33462 0.46139 0.1522 0.32046 -0.057259 -0.84302 -0.29498 0.12176 0.29764 0.32382 0.23933 0.2198 0.50809 0.6238 1.1517 -0.29367 -0.029315 -0.59668 -0.86524 -0.76758 -0.1045 -0.5012 0.18 -0.19343 0.20898 -0.1789 0.014217 0.13824 -0.041267 0.43389 -0.054176 0.063233 0.2749 0.037785 -0.1864 0.25911 0.09721 0.57647 -0.30981 0.049545 0.21955 0.1182 -0.014155 0.32364 1.1208 -0.079227 -0.2805 -0.15344 0.078871 0.21609 0.46128 -0.099896 -0.15553 -0.00050903 0.27699 -0.45666 0.012641 -0.32081 0.35429 -0.17839 0.017142 -0.11857 -0.38922 0.020032 -0.027204 0.26305 -0.87316 0.16724 -0.44962 0.17807 0.26584 0.29716 0.41804 0.014879 0.4416 0.36396 -0.4515 0.099823 -0.56595 0.17509 -0.25221 -0.11156 -0.075913 0.16218 0.013072 0.55332 -0.17442 0.39694 -0.60033 -0.83463 0.089216 0.46703 0.35384 0.66014 0.9116 -0.084434 0.13965 -0.10516 -0.096588 -0.18013 0.15675 -0.27757 0.55764 0.098849 -0.20348 0.25568 0.19371 -0.009192 0.007323 0.25963 -0.36296 -0.48367 0.018546 -0.69283 0.21408 -0.099189 0.25555 0.18595 -0.07016 0.036351 -0.33948 -0.023825 -0.10689 0.11378 -0.01601 0.47622 0.32668 -0.24547 -0.36865 -0.028985 0.21195 -0.77235 -0.32457 -0.032152 -0.59345 -0.083699 0.073844 -0.079117 -0.47506 -0.070739 -0.2586 0.40985 0.22063 0.39115 0.31364 0.25346 -0.57783 0.12185 0.12231 0.26126 0.59769 -0.30442 -0.12303 -0.074033 0.058519 0.3776 0.49196 0.33923 0.071101 -0.38956 0.46766 0.43879 0.28274 -0.3375 -0.5032 -0.64958 0.22985 -0.070893 0.31717 -0.28292 -1.1152 0.34262 0.027723 -0.0187 -0.37118 0.17101 0.027954 0.45519 -0.27186 0.18517 -0.16823 0.33779 -0.12072 0.079161 0.93798 0.049908 -0.32488 0.60976 0.02905 0.036953 -0.42438 -0.337 -0.22817 0.011324
austin 0.070237 0.30279 -0.4142 -0.26 0.16721 -0.11141 -0.34243 0.20488 -0.0094873 0.49947 0.64453 0.62237 0.25039 -0.038322 0.59796 -0.56395 0.3355 0.042628 0.52144 0.13075 0.0013259 -0.0097401 0.37907 -0.18197 0.060838 0.067789 -0.10122 0.45382 -0.20978 -0.29165 -0.36667 0.1013 0.19221 0.39054 -1.0001 -0.23443 -0.26288 -0.20329 -0.0035445 0.065069 0.2536 -0.16415 -0.11134 0.57988 -0.30344 -0.34306 0.40106 -0.08225 0.070466 0.13091 0.061351 -0.29775 -0.14509 0.54198 -0.031774 -0.47973 -0.088857 0.44048 0.36379 -0.59356 0.55322 -0.18865 0.45116 0.37021 0.19171 -0.26535 -0.036878 0.3284 -0.08293 -0.431 0.11584 -0.06712 0.12318 0.52005 -0.32144 0.2007 -0.088286 0.54193 0.068042 0.14717 0.037008 0.35509 -0.22076 0.52026 -0.14772 -0.23974 0.1831 0.36734 0.1564 0.27289 0.23 0.59428 0.26883 0.13795 0.84894 -0.16362 -0.09389 -0.23001 -0.32008 -0.51215 -0.55617 -0.36778 -0.070761 0.26072 -0.37493 -0.26366 0.02147 0.41447 -0.094277 -0.088549 0.08762 -0.32152 -0.27764 0.34066 -0.10755 -0.28258 -0.16627 -0.043511 0.0017272 0.12766 0.17624 -0.071879 -0.19956 -0.24039 -0.17764 -0.25123 -0.0027111 -0.65789 0.41832 0.74818 0.19069 -0.21187 0.10725 0.023404 -0.15127 -0.33166 -0.0133 -0.43865 -0.21482 -0.20047 -0.16129 -0.25153 0.58227 -0.28443 -0.89267 -0.28609 -0.29422 -0.28527 -0.51839 0.52973 0.90702 0.12738 -0.09966 -0.12168 0.26464 0.30009 0.23676 -0.24504 -0.051379 -0.12156 -0.023632 -0.30117 0.23694 -0.033295 -0.20919 0.031258 0.10536 0.16309 -0.12409 0.32857 -0.28594 -0.020961 -0.63064 0.46327 0.32534 0.69372 -0.22265 -0.34996 0.27801 -0.33733 -0.0019292 0.43496 -0.26357 -0.11616 0.18274 -0.2555 0.075585 -0.45236 0.43865 0.060578 -0.0087269 0.38442 -0.12557 -0.11688 -0.39658 0.49925 0.5393 0.14201 0.35495 -0.27445 0.60724 -0.44886 0.49937 0.56265 -0.40183 -0.38221 -0.17079 0.10764 0.42612 -0.060081 -0.26693 0.29233 -0.10099 0.092214 0.17354 0.56881 -0.25751 -0.0077256 0.22612 -0.68294 0.13424 -0.16218 0.0029151 0.48166 0.06443 -0.15834 -0.11283 0.18761 0.17457 -0.0052196 -0.12411 -0.16356 0.26215 -0.51657 -0.25334 -0.37413 0.19547 -0.34788 -0.23731 -0.10675 0.0035255 -0.037477 -0.13901 -0.015866 -0.51282 0.02675 -0.4412 -0.47393 0.21547 0.058811 0.26342 -0.50038 -0.69411 -0.25349 0.34751 -0.40109 0.75077 -0.622 -0.013753 0.32391 0.1096 0.092585 0.10302 -0.19879 -0.49702 -0.46429 0.38767 0.39311 -0.076889 -0.32017 -0.50989 0.1115 0.44163 -0.28855 -0.0622 0.14289 -1.0063 0.47884 -0.09533 0.18235 -0.54285 -0.27219 -0.31843 0.20356 -0.59011 0.24431 0.064152 0.4398 -0.34142 0.059802 0.93933 0.041828 0.31467 0.10861 -0.36602 -0.22914 -0.41538 0.052311 -0.15057 0.01115
las -0.042971 -0.073039 -0.52707 0.049047 -0.5025 0.86668 -0.29523 -0.12824 0.57307 -0.12501 0.42559 -0.38881 0.096317 0.26545 0.4497 -0.63845 -0.14184 0.10615 0.44981 0.26578 -0.80048 0.2262 -0.29051 -0.87383 0.26079 -0.44574 0.36723 -0.3838 0.13072 -0.89523 0.63433 0.73032 -0.21965 -0.54124 -0.38966 -0.43046 -0.37244 -0.15317 -0.21033 -0.68745 -0.19679 -0.46037 -0.044023 0.89112 0.82588 0.49262 -0.076271 0.21901 0.33576 0.29562 0.43919 -0.22251 -0.0023344 0.56619 -0.36858 -0.038107 -1.1473 -0.73393 0.3641 -0.8375 -0.45456 -0.85712 0.48191 0.81866 -0.16358 -0.097011 0.20905 0.21271 0.62319 -0.79738 -0.24091 0.48185 0.24412 0.20006 -0.22096 -0.25915 0.054178 -0.40036 0.74789 -0.053939 0.13663 0.12244 -0.33385 -0.2048 -0.090614 -0.64686 -0.42932 -0.79622 0.12067 0.28447 -0.099137 0.086028 -0.073531 -0.14312 -0.11191 0.50571 -0.13494 -0.53751 0.032884 -0.17724 0.5727 -0.1856 0.042797 0.68359 0.21794 -0.58927 -0.19715 0.69489 -0.40943 -0.57493 0.11752 -0.57797 0.1624 0.18518 -0.077966 -0.10245 0.51993 0.10367 -0.99914 0.63232 1.0985 -0.36748 -0.77033 -0.10075 -0.43677 0.26723 0.10204 0.41692 -0.50762 -0.81312 0.0062357 -0.36399 -0.14888 -0.040992 -0.43221 -0.40381 0.087539 -0.64083 -0.51899 -0.34028 -0.3797 -0.10035 -0.41017 0.43937 -0.049439 0.044274 0.2848 0.40811 -0.38124 0.46703 1.1807 0.80913 -0.29959 0.23194 0.37231 -0.28394 0.084188 1.0702 0.038425 0.69558 0.61783 0.019643 -0.52023 0.18543 0.47466 -0.31425 -0.29853 -0.37439 0.019271 0.30454 0.13292 0.61812 -0.082093 -0.24074 0.48209 0.4803 -0.67064 0.077038 0.71657 0.25989 0.33727 0.753 0.37174 0.15626 -0.30283 -0.53003 -0.72155 0.067733 -0.050185 -0.61494 0.51918 0.46861 -0.38595 -0.098688 -0.020046 0.29548 -0.82831 -0.062596 -0.15899 0.15169 0.98093 0.14606 -0.31442 -0.2985 -0.78072 -0.13704 -0.092903 0.12254 0.0010841 -0.36236 -0.31992 0.16672 0.48806 0.16513 0.22494 0.99844 0.2464 -0.22961 -0.59582 -0.17905 0.076794 -0.30533 -0.041584 0.46323 -0.13408 0.45476 -0.10573 0.20302 0.085315 0.043952 -0.21908 -0.19577 0.73334 -0.64295 0.5506 -0.58625 0.24169 -0.10165 -0.53622 -0.18273 -0.5119 -0.47193 0.46774 -0.013097 -0.2889 -0.46031 -0.57109 -0.58415 -0.23122 -0.0036685 -0.093989 0.060785 -0.22868 0.51261 0.030972 0.043054 -0.0011826 0.17736 0.036459 -0.82852 0.13785 -0.14924 0.25863 -0.31314 0.12759 -0.45305 0.88583 0.19125 0.11763 -0.38861 -0.21572 -0.27518 0.25221 -0.14122 0.89133 -0.052322 -1.2591 0.2504 -0.18071 -0.033053 0.072782 0.096708 -0.44077 0.24586 -0.91593 -0.15908 -0.073788 0.017272 -0.1401 0.50794 0.57242 0.31072 -0.57708 -0.29999 0.56097 0.050351 0.53458 -0.68121 -0.094254 0.0047172
taipei -0.075541 -0.55075 0.021359 -0.32937 0.63514 -0.31112 -0.024243 -0.16633 0.57906 -0.96858 0.43325 0.10432 -0.18987 -0.15323 0.086792 -0.045283 0.071595 -0.27845 -0.5744 -0.46004 -0.52336 -0.39666 0.19672 -0.11789 -0.060585 0.28077 -0.27507 -0.15008 -0.39482 -0.36771 0.56505 -0.31931 0.093787 0.7965 -0.82568 0.15316 0.18368 -0.67874 -0.37954 -0.41123 -0.23491 0.034144 -0.40513 0.60982 -0.066207 0.57151 0.051964 0.43684 -0.87321 0.2032 -0.35787 -0.36599 -0.18098 -0.42565 0.081554 0.79808 -0.48254 0.19256 0.063221 -0.36727 -0.48898 0.38433 0.12473 0.29418 0.22102 -0.1807 0.40365 0.41484 -0.25282 0.14372 -0.090353 -0.059756 0.92663 -0.49575 -0.16769 0.29837 -0.17684 0.42549 0.65519 0.0054724 -0.38557 0.057314 -0.20669 0.22859 0.054541 -0.59948 -0.255 -0.31401 -0.052315 0.39926 -0.34448 -0.96404 0.33137 -0.329 0.060735 0.46462 -0.29256 0.31987 -0.49404 0.46672 -0.61949 -0.33435 -0.63736 -0.016601 0.077974 0.18288 -0.063507 -0.92198 -0.088557 0.81548 -0.40094 -0.38888 0.11384 0.42387 0.89897 0.3847 -0.37612 0.106 -0.47575 -0.32993 0.35144 -0.21155 0.32453 -0.59311 -0.82606 0.27107 0.28529 0.2067 -0.22316 -0.62243 -0.87529 0.17217 0.39205 0.64119 0.096024 -0.5246 -0.14718 0.16976 0.51308 0.58972 0.37615 -0.39303 0.20436 -0.53359 0.1366 0.24287 0.024318 0.34729 0.04219 -0.17559 0.98124 -0.04033 -0.12765 0.55609 0.78617 0.73144 -0.82693 0.46037 -0.40914 -0.073925 -0.4289 0.26065 -0.23786 -0.50905 0.20338 -0.62042 0.19192 -0.71183 -0.29691 0.077042 -0.006446 -0.083388 -0.7063 -0.16961 -0.39109 -0.22419 0.060883 -0.28808 -0.75323 0.16822 -0.54626 0.014103 -0.76942 -0.37718 0.0071876 1.0522 -0.18319 0.97879 -0.3711 -0.38303 0.37107 -0.57801 -0.13247 -0.033296 -0.32138 -0.0097826 0.34606 0.38785 -0.53053 0.54162 0.50655 -0.3145 -0.17237 -0.21512 -0.44643 0.75451 0.22436 -0.27429 0.30082 -0.13184 -0.61238 0.44045 -0.4678 0.29155 0.16489 -0.54636 -0.62878 -0.0057842 -0.13254 0.44166 0.78732 -0.0483 -0.59371 0.24473 -0.18642 0.068655 -0.039778 0.048575 -0.74269 0.026837 0.25667 -0.71301 -0.16253 0.32367 0.25684 0.69699 -0.4301 -0.60156 0.34556 0.95698 0.32068 -0.73456 -0.45944 0.21605 -0.092368 0.58903 0.2809 -0.023454 0.15992 -0.096893 0.32 0.0026598 0.30189 -0.19695 -0.85964 -0.3693 0.031359 -0.34557 0.11549 -0.53571 -0.40714 -0.034026 -0.11285 0.11755 1.0498 -0.073625 -0.01848 -0.28145 -0.33116 -0.44218 -0.22547 0.58107 0.76213 -0.41057 -0.57151 -0.55628 -1.0123 0.071538 0.11143 -0.035515 -0.31691 -0.45283 0.5719 -0.29022 -0.82211 0.26726 -0.18678 0.58362 -0.10887 -0.19215 0.35331 0.34956 -0.40381 -0.222 0.12943 0.31493 -0.082253 -0.087377 0.48647 -0.1038
seoul -0.42776 0.2498 -0.062192 -0.56927 0.11021 -0.23347 0.35229 -0.068368 -0.10539 -1.3995 -0.0072804 0.31224 0.20685 0.8587 0.56753 -0.15357 0.096675 0.29472 -0.17871 0.0093176 -0.14289 -1.0797 0.2045 -0.036491 0.14931 0.55069 -0.03222 -0.071173 -0.22249 -0.35475 0.49499 -0.40274 0.021053 0.43209 0.095903 -0.53556 -0.52939 0.089931 -0.78243 0.15319 0.26942 0.25094 -0.32995 0.5472 -0.48627 0.34647 0.24711 0.11956 -0.60276 0.59637 -0.34226 0.047719 -0.19416 0.079733 -0.13336 0.48612 0.52971 0.0070141 -0.37176 -0.33355 -0.3374 0.46354 0.35363 0.25911 0.096772 0.22634 0.26919 0.039095 0.43498 -0.24292 -0.51588 -0.56032 -0.252 -0.40861 -0.20417 0.18283 0.21777 0.19407 0.18448 -0.078277 -0.03337 -0.29035 -0.42991 -0.090886 -0.56089 -0.35242 -0.35478 -0.47466 -0.51548 -0.1029 0.025038 0.054131 0.21602 -0.010202 -0.31162 0.44774 0.068061 0.72758 -0.30775 -0.30383 -0.32443 -0.52429 -0.25995 0.45096 -0.050187 -0.085565 -0.28836 -0.55943 -0.62726 -0.046186 -0.37506 -0.07035 -0.22773 -0.095959 0.27335 0.20257 -0.2213 -0.22554 0.081176 -0.29927 0.48356 -0.76835 0.064716 -0.37648 -0.16823 0.30139 0.20922 0.08136 -0.63145 -0.21603 -0.75446 0.28111 1.0431 -0.078898 0.70834 0.54911 -0.14713 -0.061933 0.59081 0.18443 -0.30791 0.0045671 -0.17181 -0.53417 -0.26549 0.14975 -0.25332 0.28783 -0.41768 -0.42864 0.48436 0.23355 0.40314 0.70043 0.77838 0.61332 -1.2446 -0.13531 -0.032542 0.071991 -0.2853 -0.47796 0.22052 -0.24844 0.32836 -0.32219 -0.25037 -0.19318 0.52969 -0.16883 -0.59138 -0.31556 -0.86541 -1.0066 -0.29151 -0.038759 0.041214 0.075531 -0.10478 0.57096 -0.018505 -0.17791 -0.99174 -0.35221 -0.30187 0.65903 -0.55928 0.22206 -0.041189 -0.53024 -0.059187 -0.54399 -0.23501 -0.23051 -0.48101 0.17939 0.31319 -0.54752 0.0050388 0.64197 0.59068 -0.36889 -0.061121 0.29163 -0.86095 0.039413 -0.047013 -0.47867 0.024125 -0.53723 0.36777 0.18264 -0.87531 0.47788 -0.46154 -0.051355 0.090907 -0.48603 -0.76629 0.033775 1.1251 -0.25321 0.016528 0.087987 -0.13404 -0.016019 -0.43786 0.1493 -0.35215 0.011593 -0.15177 -0.49438 0.50756 0.39765 0.56037 0.6784 0.051196 0.075295 0.52772 0.27168 0.23405 -0.57478 -0.25248 0.40649 0.18957 0.19002 0.16279 -0.083104 0.46167 -0.27775 -0.20478 -0.075333 -0.0072856 0.49115 -0.16764 -0.6572 -0.38794 -0.18293 0.23175 -0.49165 -0.26633 -0.019265 -0.26225 -0.1535 0.64081 0.12109 0.050048 -0.017778 -0.41277 -0.37097 -0.41207 0.56377 0.11266 0.12634 -0.11042 0.0059683 -1.0116 0.19919 0.7303 -0.17331 -0.38065 -0.40563 0.25823 -1.0468 -0.63206 -0.37574 0.30241 0.28729 -0.54861 0.17697 0.37963 -0.15016 0.36687 -0.098378 0.27043 0.36943 0.28415 0.063963 -0.28896 -0.22432
oklahoma -0.68993 0.14296 -0.32934 0.021016 -0.47984 0.083059 -0.028962 0.16323 -0.057797 0.77696 0.07409 0.010134 -0.42111 0.5307 0.34696 0.38608 -0.19565 0.22927 0.41244 0.02109 0.31001 -0.29861 0.089747 0.51615 -0.0058616 0.2134 -0.068985 -0.20989 -0.87244 -0.97712 0.41113 -0.097358 -0.31535 0.11804 -0.24516 0.083817 -0.084056 0.011829 -0.32 -0.18656 0.062646 0.29195 0.26093 0.17497 0.45049 -0.66217 -0.1166 0.30306 0.33481 0.08884 0.23641 0.12483 -0.50632 -0.2901 -0.78673 -0.5854 0.18815 0.019875 0.19141 -0.73529 -0.46156 -0.0095833 0.35017 -0.11285 0.3386 -0.6476 0.20361 -0.13009 -0.13501 -0.33522 0.15062 -0.057372 0.077802 0.46776 -0.49679 0.013435 -0.084123 0.84076 -0.25179 -0.0069047 0.3278 0.18302 -0.044193 0.39504 -0.0037643 -0.46111 -0.31716 0.14303 0.63478 0.5263 -0.16467 0.83258 0.18935 0.10809 -0.029981 0.0234 -0.10823 -0.07343 0.071286 0.10277 -0.18141 0.091713 0.025611 0.33396 0.43928 -0.18796 0.24808 0.30064 0.67302 0.32361 0.034818 -0.52702 0.13891 0.22871 -0.49419 0.69476 0.65991 0.051216 0.55499 0.47481 0.3128 0.11713 -0.34489 -0.21377 -0.23667 -0.19715 -0.18826 -0.040283 -0.13596 0.25315 0.26966 0.67175 -0.16133 -0.076444 0.21064 -0.44824 -0.59457 0.65525 0.33256 0.54791 -0.21783 -0.04099 0.15149 0.46364 -0.5874 0.32783 0.14715 0.14825 0.14775 0.36693 0.93714 -0.28416 -0.44417 -0.63293 0.54769 0.52322 0.29345 -0.36188 -0.15964 0.24245 0.78477 0.32243 -0.26834 -0.63904 -0.13831 -0.14977 0.50453 -0.52146 -0.32158 0.31466 0.6082 -0.26183 -0.62426 0.007482 0.54124 0.96475 -0.00054152 0.12671 0.39966 0.02746 0.32975 0.14913 0.06815 -0.086238 -0.4073 -0.49447 -0.2322 0.045228 -0.13878 0.0030276 0.061929 -0.32822 -0.27691 -0.17825 -0.11179 -0.43766 0.53439 -0.16859 -0.36366 -0.10272 1.0438 -0.11504 0.61039 -0.28091 -0.74275 -0.37701 -0.11703 -0.097421 0.17159 0.61128 -0.46919 1.0166 -0.32399 0.20828 -0.0083643 0.38056 -0.78501 0.395 -0.010983 -0.81363 -0.10581 -0.19066 -0.34271 -0.27903 0.21248 0.039078 0.33372 0.04877 0.48698 -0.40439 0.29523 -0.04473 0.084757 -0.23902 -0.75378 -0.30331 0.22486 -0.21612 -0.12058 -0.048843 -0.27215 0.3931 -0.054179 0.22855 -0.36215 -0.34289 0.21552 -0.35439 0.19445 -0.053894 -0.33288 -0.83634 -0.50579 -0.17375 0.26874 0.0044305 0.032024 1.2288 -0.2642 -0.097035 -0.23626 -0.10558 0.46101 0.24429 -0.43332 -0.81223 0.22556 -0.20848 -0.33316 0.36199 -0.035216 -0.49062 0.33185 -0.11517 0.122 -0.068927 -1.1018 0.22031 0.17548 0.76326 -0.62341 -0.32922 0.60566 0.28742 0.1243 0.26623 -0.30693 0.32053 -0.11266 -0.58242 0.95828 -0.45139 0.19871 -0.057634 0.20446 0.21479 -0.18593 -0.88993 -0.17854 0.44217
pittsburgh -0.49617 0.46356 -0.06488 -0.040635 -0.14913 0.2538 -0.62588 -0.59038 -0.35002 0.91214 -0.28715 -0.35764 -0.45642 0.18997 0.85151 0.33849 -0.18137 -0.3128 0.041862 -0.033201 -0.3555 -0.47347 -0.32741 0.11234 -0.050897 0.19429 -0.49551 -0.25968 -0.9978 -0.36854 0.07942 -0.3539 0.24442 -0.13892 -1.7108 -0.090853 -0.36582 0.94971 -0.061731 -0.2284 -0.22507 0.045283 0.009058 0.53917 -0.68231 0.72952 0.52439 0.066995 -0.65613 0.30589 -0.13953 0.21199 -0.074266 -0.20593 -0.27017 -0.1322 0.87907 -0.013074 0.12698 -0.78413 -0.50565 0.27013 -0.09077 -0.10451 -0.081087 -0.39401 0.30904 0.20298 0.18093 -0.17419 0.10684 -0.26907 0.12122 0.29496 -0.28648 -0.36887 -0.089317 0.28521 0.22077 0.41938 -0.32416 -0.5417 -0.95094 -0.10915 -0.24202 0.16599 0.15766 0.35115 -1.0548 0.12355 0.68761 0.63339 0.40428 0.24337 -0.56139 0.16637 -0.071567 0.19955 -0.44485 -0.73594 -0.16776 0.11399 0.24921 -0.07698 0.43057 -0.043552 0.37307 0.29025 -0.35171 0.43382 -0.46397 -0.76588 -0.28365 0.49593 -0.10039 -0.0070331 0.30175 -0.0078329 0.41121 0.75809 0.623 0.25442 -0.028576 -0.34303 -0.28264 -0.45965 0.28261 -0.25729 0.027857 -0.14004 0.35653 0.65534 -0.14279 -0.27891 -0.77303 0.46951 -0.24469 -0.29724 -0.30337 -0.50368 -0.35901 0.2867 -0.40936 0.20733 0.35714 0.32523 -0.38471 0.06574 0.033867 0.04726 0.52969 -0.64625 0.32729 -0.57741 0.48881 -0.059115 0.41086 -0.33814 0.088206 -0.38436 0.20021 -0.035964 -0.62754 -0.40357 0.37117 0.0016949 0.13583 0.23014 -0.64486 0.072993 0.36193 -0.30812 -0.80321 0.096659 -0.31672 -0.026264 0.032846 0.19666 -0.015025 0.16187 0.19049 0.25165 0.3295 0.102 -0.022644 0.47801 -0.63334 0.14174 0.14926 0.57216 -0.286 0.40163 0.2541 0.13114 0.11933 -0.64148 -0.047467 -0.47244 0.66186 0.44549 0.66488 0.54136 0.38096 -0.58747 -0.2393 -0.84451 0.1071 0.062858 0.14178 -0.10572 0.24551 0.15871 -0.79342 -0.15636 0.023311 -0.12705 -0.35417 -0.18493 -0.55481 -1.0692 0.47869 0.053932 0.30866 -0.20666 0.18857 -0.44578 -0.15179 0.29526 0.17062 -0.28839 -0.23938 0.78345 -0.26572 -0.050061 -0.79208 -0.44035 0.41614 0.072518 -0.19501 -0.38116 -0.39567 -0.23312 0.46691 0.24043 -0.1469 0.052405 -0.11168 0.32008 0.51098 -0.0092037 0.057984 -0.069463 0.42572 0.36127 0.54623 0.28283 0.15118 -0.54853 -0.087262 -0.44009 -0.7246 0.37788 -0.19481 0.12405 0.21125 0.083211 0.13798 0.55335 0.29403 0.076336 -0.14221 -0.055782 0.18372 -0.018461 0.32702 -0.12704 -0.95685 0.45294 0.099819 0.44935 -0.56119 0.19753 0.19121 -0.18251 -0.2089 0.41478 -0.12127 0.43656 0.30894 0.1402 -0.16218 -0.0024696 -0.66948 0.66238 -0.041992 0.46191 -0.037748 -0.34334 -0.072587 0.31117
orleans -0.14357 -0.14073 -0.38578 0.10042 -0.29081 0.14522 0.88118 -0.3703 0.29432 0.75364 0.27588 -0.035081 -0.16878 0.2006 0.57274 -0.069448 -0.16512 0.11648 0.20998 -0.2072 -0.36316 -0.086177 -0.18258 -0.32217 0.032729 0.0036672 -0.39231 0.43516 -0.29171 -0.14068 0.46076 0.70815 -0.71936 0.19112 -1.0199 -0.030143 -0.23863 -0.31327 0.33916 -0.057548 -0.42447 -0.23549 -0.01176 0.4238 -0.016098 0.2087 0.89087 -0.18504 -0.38309 0.038926 0.37821 0.037263 -0.062999 0.0094855 0.10834 -0.79834 -0.011287 0.45676 0.28625 -0.55736 -0.85611 0.10561 0.63023 0.63079 -0.41568 -0.45755 0.35138 -0.34571 0.13758 -0.42459 0.21871 -0.97265 -0.46421 -0.011442 -0.10296 -0.0055543 0.34861 1.0738 -0.2577 -0.2509 -0.23179 -0.14456 -0.098411 0.1538 -0.40096 -0.4631 -0.42251 -0.087425 0.0478 0.022353 0.52783 0.29597 0.21328 -0.53144 -0.43931 -0.40636 0.33291 -0.16401 0.57346 -0.68389 0.1189 0.17107 0.30663 -0.35665 0.56239 0.044217 0.2937 -0.14881 -0.0013851 0.36804 0.54053 -0.32623 -0.42184 0.14532 -0.22146 -0.20601 0.77104 -0.325 0.13349 0.21671 0.70706 -0.39547 0.15315 -0.20886 -0.030339 -0.62298 -0.001051 -0.15863 0.25716 0.68476 -0.02129 0.37105 0.042708 -0.65116 -0.31681 -0.47833 0.14432 -0.083835 0.15673 -0.065939 -0.56471 0.44148 -0.13725 0.90146 -0.40932 0.075341 -0.12229 0.094583 -0.22479 0.7759 0.65569 -0.047888 0.052803 -0.23559 -0.08936 0.41718 -0.18236 -0.56716 0.20946 -0.032018 0.21958 0.0093995 -0.6953 -0.091697 -0.47457 -0.36178 0.41919 -0.45617 -0.4497 0.55181 0.16801 0.32057 -0.53702 0.20025 0.6142 0.0041333 0.14207 -0.26682 -0.10992 -0.15047 -0.23508 0.61448 -0.43739 0.063852 -0.12074 -0.31302 -0.26016 0.051799 -0.12954 -0.19424 -0.037095 0.36981 -0.21731 0.18581 0.16009 -0.49657 0.030081 0.21179 -0.29938 -0.10214 0.77796 0.55636 -0.016173 -0.094279 -0.10541 -0.077381 0.065245 -0.25371 0.52002 0.22859 -0.31771 0.43175 -0.17983 0.30908 0.22799 0.55319 0.22514 -0.42585 0.037309 -0.46444 0.91303 -0.57561 0.28146 0.52169 -0.088909 -0.27796 0.41366 -0.2118 -0.17662 0.15078 0.037436 0.39224 -0.076028 0.16606 -0.43192 -0.07061 0.56648 -0.81588 -0.17503 0.1167 -0.33033 -0.39023 0.37402 -0.01936 -0.51037 -0.42839 -0.20359 -0.33115 -0.49799 0.35324 0.24719 0.58612 0.026065 0.34507 0.012092 0.11181 0.19929 -0.06951 0.010026 -0.27863 -0.30753 0.053954 -0.42536 0.35928 -0.098978 0.049365 -0.2471 -0.65624 -0.35542 -0.78491 -0.41217 0.16086 0.32675 0.089241 0.43688 0.41747 -1.2295 0.54021 -0.15826 -0.33163 -0.38877 0.23472 0.239 0.07942 -0.5412 0.30804 -0.24367 0.32455 0.36563 -0.24823 0.089112 -0.83711 -0.11906 0.39926 0.33866 -0.095278 -0.46608 -0.087879 -0.42302 0.21261
phoenix -0.0036694 -0.078712 -0.059891 -0.46686 -0.29853 -0.0095092 -0.12413 0.1726 0.11376 0.41908 0.6167 -0.41982 -0.35104 -0.03481 0.22001 -0.052416 -0.020437 0.14464 0.12476 0.32669 -0.47223 -0.60074 0.18287 0.25625 0.15589 -0.09302 -0.089496 0.010223 -0.48588 -0.50873 0.60033 0.014104 -0.41105 -0.21756 -1.2534 -0.23186 -0.36748 -0.30553 0.42353 -0.05078 -0.38435 -0.16949 0.12162 0.65163 0.15924 -0.36512 -0.16598 0.31678 -0.024093 -0.45927 0.09875 -0.029669 -0.50174 0.28482 0.042892 -0.13311 0.16934 0.16553 0.27087 -0.55201 -0.4207 0.16983 0.3121 -0.23272 0.67616 -0.2791 -0.0088595 0.23488 0.11233 -0.33283 0.21844 0.40256 0.20752 0.82308 -0.41364 0.14178 -0.36323 0.0088064 0.25124 -0.061263 -0.80265 0.30256 0.033736 0.26758 -0.59428 -0.12348 -0.19928 0.2548 -0.22985 0.1006 0.10943 0.22484 -0.019882 -0.052197 0.093072 0.12615 -0.3059 0.011509 -0.85191 -0.67858 0.19902 -0.20252 -0.46088 0.30024 0.2869 -0.26171 -0.11625 0.31232 0.15294 0.58332 -0.28323 -0.89523 0.15792 0.074139 -0.088656 0.057328 0.020249 -0.2715 0.19071 0.28629 0.65525 0.025931 0.00421 -0.025582 -0.41665 -0.68086 -0.18287 -0.14252 0.075716 -0.32262 0.70061 -0.22687 0.20474 0.38339 -0.37111 0.031123 -0.17632 -0.58244 -0.36581 0.058336 0.057509 0.48128 -0.29489 0.71724 -0.77515 0.074421 0.27211 0.18837 -0.075602 -0.2385 1.1802 0.050676 -0.2942 -0.13469 0.18286 -0.28636 0.22053 0.4475 -0.27358 0.085151 0.41722 -0.30463 -0.14967 -0.056863 0.06255 -0.33555 -0.31173 -0.26957 -0.38495 0.3734 -0.22159 0.030528 -0.52488 0.35558 -0.44056 -0.22498 -0.20444 -0.18759 0.016368 0.0088311 0.043944 0.087265 0.05696 0.027353 -0.3269 0.22415 0.34594 -0.10912 -0.2625 -0.35534 -0.013935 0.38015 -0.05616 0.37607 -0.075239 -0.24745 0.37312 -0.024528 0.013118 0.060831 1.1601 -0.2684 -0.42557 -0.020283 -0.098645 -0.12825 -0.014513 -0.13691 -0.052043 0.20383 0.16509 0.44322 0.012673 -0.42065 0.16209 -0.005237 -0.22616 0.13671 -0.6953 -0.26038 0.20134 -0.066288 0.016445 -0.22746 -0.1751 0.011937 -0.10398 -0.059922 0.080526 0.38966 0.0033846 0.39644 -0.011253 -0.30052 -0.31643 0.46072 0.10337 -0.21113 -0.22242 0.32907 0.053291 -0.16453 -0.14576 -0.12763 0.27713 -0.27715 -0.14034 0.31893 0.065034 0.61311 -0.10942 0.59831 0.22608 0.11493 0.062269 0.12197 0.60405 -0.40809 0.20086 -0.029422 -0.62624 0.43137 0.17086 -0.33572 -0.27514 -0.21 0.48873 0.74436 -0.34717 -0.28347 -0.44702 -0.24004 0.18205 -0.0038457 0.52057 -0.285 -1.0709 0.2306 -0.18609 0.36271 0.095659 0.48218 -0.33033 0.45579 -1.0148 0.19644 0.10511 -0.030793 0.14395 0.12287 0.31819 0.34859 -0.8617 0.59044 0.32187 0.23855 0.29236 -0.1844 -0.19632 0.4017
barcelona 0.41937 0.49426 -0.10377 0.1699 1.0199 0.2852 -0.4146 0.03138 0.14916 -0.43279 0.23587 0.26857 0.47083 0.2323 0.13847 -0.23605 -0.12632 0.67762 0.3435 0.10485 0.15549 -0.38621 -0.15334 -0.35269 -0.2685 -0.090236 -0.18229 0.69287 -0.065979 0.087979 0.19958 0.15248 -0.30839 0.44926 -1.0603 -0.6802 0.10339 0.21662 -0.2708 0.55938 -0.063226 -0.82711 -0.14623 -0.3294 0.032861 0.021591 0.026444 0.63388 0.22819 0.88138 0.16771 0.028504 0.062237 0.036698 0.112 0.50958 -0.034375 -0.4037 0.081278 -0.16202 -0.46322 -0.0066981 0.0065565 0.091614 -0.16509 -0.20448 0.027831 -0.63368 0.10288 -1.0868 -0.49505 0.373 0.32492 0.028976 -0.51849 0.005589 0.5098 -0.18956 0.13239 0.47364 -0.082531 0.038853 -0.28913 -0.59065 -0.094749 -0.053744 -0.39829 -0.13555 0.25736 0.45997 0.54943 0.087188 0.22153 -0.087917 0.48012 0.005008 0.51063 -0.22253 0.22703 -0.98808 0.29946 -0.075677 0.010885 0.30328 -0.072964 0.55929 0.17415 -0.24478 -0.36083 0.33497 0.085692 -0.24105 0.20684 -1.0597 -0.93309 -0.017573 -0.34033 0.71656 -0.15903 0.49757 -0.41294 -0.70422 0.12216 -0.30795 0.34581 -0.099505 0.015795 0.059653 -0.061525 0.16236 -0.33651 -0.38825 0.070635 0.53122 0.59292 0.12233 0.022744 -0.36968 0.052719 0.35607 0.037996 -0.40036 -0.06202 0.21578 0.51138 0.32191 0.11301 0.40202 -0.58694 -0.47421 0.11423 -0.077197 0.081513 0.42256 0.36004 0.38152 -0.26611 -0.087836 -0.66237 0.50782 0.081406 0.3481 0.24816 -0.047557 0.50932 -0.2166 -0.019445 -0.31945 0.29555 0.57411 -0.31481 0.38312 -0.22644 -0.4872 0.43368 -0.026825 -0.30563 0.57185 -0.86594 0.72706 0.28861 -0.34632 -0.33366 0.1817 0.28103 0.11268 -1.5053 -0.010304 -0.44635 0.33448 0.31266 -0.26918 0.34329 -0.55761 0.064356 -0.57382 -0.42999 -0.22414 -0.1462 0.98453 1.1191 -0.65837 0.027163 0.27875 -0.12003 -0.97 -0.50696 -0.086565 -0.66345 0.029513 -0.38812 -0.39164 -0.33834 0.027787 0.096432 -0.24364 0.82738 -0.48078 -0.76958 -0.68955 0.55942 -0.090652 -0.45474 0.30394 -0.44603 -0.52752 -0.057133 0.012027 -0.39977 0.054573 -0.14103 0.5138 0.57536 -0.58983 0.69947 -0.038451 0.016898 0.74009 0.59223 0.58243 0.29818 -0.42255 -0.43298 0.15006 0.35761 0.65871 -0.44048 0.04553 0.39898 -0.4924 -0.15767 -0.12532 0.072443 0.63655 -0.16235 -0.42397 0.14011 -0.37218 -0.5255 -0.62687 0.22546 0.22938 0.54468 0.65444 -0.21536 0.50997 -0.15684 0.030785 0.43621 -0.69478 0.48361 -0.24895 -0.2369 0.33603 0.23252 -0.30671 -0.71258 -0.33061 0.21057 0.42725 0.04037 -0.11053 0.14926 0.28934 0.12955 -0.015602 -0.22833 0.4848 -0.31862 -0.49883 -0.45843 0.082232 -0.40221 -0.22602 0.19601 -0.35862 -0.031407 -0.65741 -0.11089 -0.18489
baltimore 0.073778 0.1155 0.18707 0.3829 0.01747 -0.12256 0.33547 -0.34803 -0.12297 0.48195 -0.11413 0.2597 -0.44686 -0.15591 0.15022 0.11322 -0.023827 -0.69702 0.19685 -0.34461 -0.66545 -0.51238 -0.81714 0.20348 0.22226 -0.20124 -0.48495 0.09457 -0.6275 -0.54737 0.63901 0.27738 -0.40197 0.092297 -0.8364 0.37066 -0.92148 0.64719 -0.33509 -0.2181 -0.16843 0.38417 -0.015022 0.63904 -0.021264 0.74618 -0.36755 -0.1152 -0.15545 0.12371 -0.099674 0.23407 0.26617 0.15809 0.084416 -0.35607 0.2908 0.098823 -0.047043 -0.91701 -0.10364 0.46489 -0.09254 0.51518 -0.32798 -0.46573 -0.059402 -0.32823 0.62199 -0.17966 0.36649 0.085513 0.47479 0.27321 -0.35027 0.043035 -0.029237 0.32752 0.087955 0.58405 -0.16954 0.17649 -0.56267 0.15393 -0.56161 0.029052 0.014771 -0.10953 -0.010802 -0.069634 0.486 0.27409 -0.036591 -0.16435 -0.71132 0.093767 -0.49979 -0.48117 -0.07839 -1.0073 -0.43936 -0.003212 0.2116 -0.56585 -0.089657 0.21166 0.56075 0.1949 0.023506 0.62024 -0.29413 -0.80344 0.2249 0.069588 0.12953 -0.10253 -0.068407 0.19862 0.22863 0.21196 0.34993 -0.12463 -0.10519 -0.45688 -0.4553 -0.27966 0.46209 0.11983 0.126 -0.11347 0.030901 0.12089 0.69913 0.14226 0.15051 -0.034873 -0.60012 -0.17606 -0.092716 0.054537 -0.28473 -0.031056 0.080542 0.48385 0.48518 0.095278 -0.089059 0.53123 -0.42465 0.22014 0.88873 -0.44838 0.4288 -0.11766 0.2956 -0.0069733 0.53488 -0.76494 -0.58976 -0.54549 -0.308 0.59066 -0.59128 -0.12849 -0.072974 0.086897 0.50403 0.16761 -0.22478 0.12529 0.066454 -0.47914 -0.53508 0.30883 -0.30101 -0.0090587 -0.30204 -0.060334 -0.18822 0.29491 0.011987 0.49565 0.043068 0.12988 -0.18594 0.26396 -0.36977 0.071538 -0.11475 0.35929 -0.35507 0.28921 0.17997 -0.19023 0.52892 -0.1725 0.08881 -0.061814 0.072361 0.15754 0.7304 0.19608 0.39953 -0.53048 -0.088834 -0.12027 0.29237 -0.24204 0.16547 -0.081102 0.0084973 -0.081909 -0.43863 0.053878 -0.25387 0.0023303 -0.081053 -0.063129 0.14488 -0.67712 0.60984 -0.1008 -0.10675 0.44578 0.21602 0.27583 0.13862 -0.040746 0.29471 -0.091737 -0.25866 0.38089 0.46939 -0.16543 -0.42281 -0.26881 -0.10114 -0.18457 -0.83288 0.064371 -0.74491 -0.72241 0.47545 0.17284 -0.22906 -0.21725 -0.47152 0.19948 0.12878 -0.036034 0.25353 0.32902 0.028733 0.52655 0.81356 -0.032924 -0.096434 -0.81137 -0.23026 -0.31958 -0.66729 0.21854 -0.27302 -0.28101 0.15146 0.34736 0.13812 0.56699 0.094439 0.015702 -0.14635 -0.31292 0.59033 0.069952 -0.30763 -0.52561 -0.95337 1.0202 0.021876 0.77669 -0.54662 0.43537 0.39696 -0.0060661 -0.11333 0.922 -0.087639 0.23267 0.62175 -0.24895 -0.11171 -0.37675 -0.67289 0.57995 -0.15166 0.13296 0.15607 -0.193 -0.097982 0.24558
cape 0.047965 -0.42749 -0.27454 -0.025567 -0.11197 -0.038522 -0.37423 -0.013462 -0.073574 -0.56905 -0.20818 -0.079816 0.17409 0.52919 0.073103 0.56819 0.65603 0.11255 0.50335 -0.15268 -0.37838 -0.040351 0.10555 0.21619 -0.22137 0.51772 -0.025446 0.69626 -0.52466 0.35496 0.27468 0.21212 -0.75888 0.64171 0.12984 0.18416 -0.19396 0.6713 -0.11104 -0.26062 -0.49322 0.37606 -0.086229 0.33138 0.34102 0.050125 0.30037 -0.036085 0.07316 -0.13111 -0.20179 0.28834 0.26011 0.41735 -0.073864 0.77855 -0.16218 -0.25238 -0.37236 0.67031 0.16952 -0.33883 0.26587 -0.17104 0.414 -0.49733 0.18356 -0.022503 0.049337 -0.2494 0.087336 0.39068 0.16241 -0.52907 -0.88735 -0.70943 0.55106 -0.37473 0.37619 -0.16967 0.38458 0.78234 -0.21182 -0.19333 -0.45654 0.1608 0.8369 -0.1633 -0.14902 -0.29235 -0.061367 -0.2652 0.49599 0.094074 0.0022493 0.40922 0.36308 0.19457 -0.2418 -0.095046 0.059568 0.21515 0.3364 0.30114 0.47488 0.094373 0.23313 -0.14318 0.19695 0.38783 0.43081 -0.44309 -0.33002 -0.53214 0.26581 -0.36697 0.37862 0.68391 0.35483 -0.21927 -0.045532 -0.40265 -0.44359 -0.60082 -0.031512 0.13389 0.011164 -0.34903 0.21265 0.00086605 0.11332 -0.51954 -0.015215 -0.64932 0.27233 0.043307 -0.48113 -0.095666 0.64929 -0.18337 0.21602 -0.078888 0.021953 0.34382 -0.2506 0.011697 0.35349 -0.0034094 -0.69522 -0.27934 0.85216 -0.10593 -0.016968 -0.80138 0.36489 -0.19554 0.19234 -0.082839 0.41715 0.3982 -0.11033 -0.71062 -0.124 0.60191 0.036863 -0.81011 -0.081082 -0.28823 0.13776 -0.0081292 -0.53698 0.077413 -0.27883 0.32328 -0.2791 -0.42332 -0.67737 0.39642 -0.24025 0.27531 0.11477 0.079725 0.033806 -0.10785 0.43127 -0.27097 -0.14774 0.33954 -1.1854 0.26016 -0.22196 0.47203 0.47629 0.2516 0.39538 0.38258 -0.040019 -0.4169 -0.59037 -0.32702 0.58586 -0.14884 -0.48384 0.18661 0.27718 0.040317 -0.033842 -0.12091 0.61104 0.16639 0.23774 -0.0050033 0.35536 -0.18005 0.70432 0.34341 0.31242 -0.7562 0.15899 -1.0754 0.88515 -0.40702 0.2077 -0.14339 -0.38026 -1.0104 0.16263 -0.89539 0.35627 -0.15924 0.19575 0.44177 -0.68446 -0.032099 0.0084187 0.014697 -0.55496 0.10158 0.5277 -0.018438 -0.39987 0.052118 -0.022178 0.42725 0.083112 0.93585 -0.013294 0.34416 0.51203 -0.74526 -0.43664 0.73358 -0.32087 0.30614 0.13706 -0.33614 0.16029 -0.054963 -0.49464 0.06692 0.16478 0.42391 -0.044736 0.45004 -0.12892 -0.41582 0.20844 -0.32314 -0.26627 0.59869 0.10834 -0.11397 0.11559 0.015375 -0.23479 0.5219 -1.4143 0.56394 0.21881 0.077875 -0.67423 0.52556 -0.69487 -0.47091 -0.62195 0.50162 -0.57514 0.16134 0.1221 -0.41121 -0.071138 -0.19727 -0.057526 -0.45452 -0.55141 -0.047534 -0.13033 0.0048064 0.71717 0.27735
tampa -0.0068911 0.19121 -0.20419 -0.14283 0.26667 0.18565 -0.047709 -0.049699 0.11251 0.45045 -0.015337 0.45348 -0.039408 0.48303 0.49284 0.6093 -0.090619 0.16481 -0.048688 0.45842 -0.69347 -0.72673 -0.49257 -0.39331 0.44361 0.20022 -0.18433 0.2002 -0.65704 0.16605 0.32573 0.515 -0.24248 -0.33741 -1.5166 -0.41959 -0.75787 0.10299 -0.086329 -0.63555 -0.49237 0.39254 -0.70257 0.78323 -0.42779 0.017066 -0.047818 0.20992 -0.63531 0.33419 -0.36505 0.3549 -0.64879 -0.10772 -0.20431 -0.46346 0.6111 0.37399 0.22253 -0.42264 -0.1847 -0.14529 -0.26677 0.3017 -0.20788 -0.70929 0.12667 -0.036455 0.21961 0.028611 0.092908 -0.18748 -0.25038 -0.0052587 -0.41059 -0.289 -0.32055 0.17156 0.45375 0.25843 -0.62542 0.11819 -0.19267 0.095935 -0.47331 -0.092403 -0.41789 -0.27494 0.15254 -0.30356 0.46481 0.52608 -0.2467 -0.63294 -0.29381 -0.079904 0.0041926 -0.69483 0.089618 -0.48949 -0.096392 0.16214 0.43518 0.28378 0.39542 -0.097287 0.34015 -0.22599 -0.60433 0.29632 -0.2293 -0.88001 -0.14207 0.67473 0.011446 -0.00059201 0.049329 0.34636 -0.27447 0.64561 0.095148 -0.16604 0.38914 -0.074797 0.077802 -0.48076 0.33099 -0.17388 0.2124 -0.28628 0.51205 0.06924 -0.52258 -0.20986 0.24532 0.080392 -0.019379 -0.3837 0.085334 0.038082 0.013979 0.20588 0.026749 0.90573 0.2712 0.63136 -0.50242 0.31403 -0.24383 0.26963 0.87809 -0.92916 0.74348 -0.12723 -0.19677 -0.30594 0.32519 -0.21821 -0.20545 0.40397 0.48001 -0.36201 -0.26541 0.81693 0.64864 -0.01562 0.63475 0.24208 -0.48539 0.37411 0.089386 -0.73199 -0.95104 0.4764 -0.47295 -0.2707 -0.6492 0.39178 0.10456 0.18918 -0.18831 0.43035 0.01352 -0.046106 0.12852 0.21965 -0.084569 -0.68401 0.10031 0.57319 -0.19176 0.71759 0.408 0.40109 0.4962 -0.17323 0.44014 0.40076 0.53017 0.17238 0.78371 -0.036835 0.31106 -0.41397 -0.11507 -0.39219 0.63573 0.17948 0.18219 -0.20202 -0.24052 0.3518 -0.33712 0.10679 -0.065378 -0.077455 -0.02602 0.066013 -0.37471 -0.56054 0.97412 -0.26045 -0.048622 0.45868 0.10413 -0.31542 -0.0091491 -0.33552 0.2992 -0.16221 0.24557 0.067964 0.2414 0.14296 -0.25451 -0.19673 0.077552 -0.29603 -0.55708 0.10758 -0.36316 -0.57302 0.30625 -0.15615 0.21636 -0.049949 -0.082452 0.42063 -0.32867 0.45326 -0.11717 0.46329 -0.0012276 0.021819 0.22184 -0.063683 0.32287 -0.4418 -0.19372 -0.097905 -0.72805 -0.11046 -0.55956 -0.2065 -0.41448 -0.11793 0.49709 0.24804 0.11849 -0.16526 -0.232 -0.89255 0.45215 0.48662 0.28928 -0.14902 -0.8907 0.83041 -0.066547 0.2808 -0.79824 0.50135 0.044835 0.25735 -0.43049 0.12783 -0.19987 -0.1384 0.30614 -0.083218 0.29415 0.33506 -0.85511 -0.32278 0.23524 0.099604 -0.042221 -0.14612 0.021271 0.35456
kabul -0.055931 -0.15768 0.34469 0.030512 -0.50391 -0.14494 0.11352 0.32925 0.095125 -1.6606 -0.56753 0.16694 0.122 0.82879 -0.27606 -0.31582 -0.0029725 0.17934 -0.23402 0.12078 -0.096457 -0.54523 0.41835 -0.026956 0.10019 0.089508 0.21306 -0.19979 -0.46754 0.021221 0.66775 -0.59527 -0.17664 0.27497 0.70178 -0.11999 -0.46222 0.21033 -0.38663 -0.25539 0.34855 0.025044 -0.52165 -0.02021 -0.12609 0.16026 0.22518 0.38701 -0.57787 -0.52043 0.26864 -0.70631 0.26289 0.7518 0.27711 -0.059812 -0.082583 -0.37384 0.41972 0.632 -1.0492 -0.20133 -0.26721 -0.56104 -0.22748 0.87734 0.22946 -0.13012 -0.62005 0.022488 0.15996 0.3052 -0.11691 -0.1135 0.23403 0.098055 0.23462 -0.43549 0.47974 -0.033777 0.56508 -0.14107 -0.46258 0.078495 -0.71776 -0.21879 -0.15096 0.31584 0.27807 -0.13056 0.080764 0.11053 0.13002 0.63998 -0.28194 0.25919 -0.17483 0.0075953 -0.48515 1.118 0.18292 -0.36612 -0.27078 0.055754 -0.21008 -0.22022 0.82072 0.22459 -0.069543 0.25576 -0.23517 -0.27748 -0.038356 -0.0031174 0.61146 1.0254 -0.47502 -0.63297 0.22599 -0.956 0.69084 0.0021637 0.41364 0.27684 -0.28981 -0.51297 0.039749 0.19681 0.40259 0.05229 0.19781 0.213 -0.13802 0.18109 -0.30912 -0.41765 -0.031917 0.040253 0.073595 -0.5044 -0.68819 0.43933 -0.28183 0.40005 -0.33852 0.25461 0.47521 -0.065084 -0.23615 0.35521 0.61801 -0.14726 0.51513 -0.096016 0.46593 -0.091303 0.38248 -0.24717 0.49387 -0.31112 -0.42657 -0.61881 0.52381 -0.39567 -0.34787 0.44362 0.132 -0.43299 -0.21096 -0.3262 -0.25856 -0.14454 -0.11233 -0.86071 -0.47113 0.77788 0.078202 -0.1241 -0.072525 0.17049 -0.58078 -0.12048 -0.79034 -0.065124 -0.11669 0.94332 -0.18564 0.038522 0.38084 -0.39532 0.36272 -0.37013 0.02645 -0.36673 -0.15924 0.11258 -0.033766 0.51951 0.42148 0.67321 0.65517 -0.40282 -0.039299 0.19343 -0.75723 -0.26739 0.54824 -0.66327 0.20838 0.038494 0.1873 0.089413 0.08936 0.11261 -0.16038 -0.0026269 -0.47151 -0.040579 -0.36403 0.037581 0.86555 -0.094474 0.15141 0.18895 -0.31729 0.58043 0.17374 0.45356 0.41153 -0.47886 -0.18479 -0.035251 0.41293 0.23175 0.63596 0.41918 0.13935 0.44706 -0.034681 -0.22203 -0.08988 -0.11695 0.13627 0.027168 0.46865 -0.0067149 -0.31323 -0.020866 0.073397 0.20539 0.46308 0.039303 -0.28902 -0.41753 0.49911 -0.23852 0.25337 -0.19013 0.51154 0.15163 0.15901 0.32771 -0.2838 0.20041 -0.19353 -0.55602 0.42045 -0.22916 -0.25842 -0.18327 -0.23001 -0.036331 -0.78057 -0.33569 -0.27718 -0.15233 -1.1481 0.12231 0.51855 0.28059 0.38518 0.46874 0.43981 -0.80415 -0.69178 0.21843 0.25595 0.30248 -0.40389 -0.10016 0.50838 -0.17061 0.28199 0.23971 -0.039358 0.62388 -0.21301 -0.006544 -0.99227 0.26635
jakarta -0.20643 -0.33099 -0.10365 -0.29931 0.82513 -0.78223 0.56868 0.38347 0.27756 -1.0344 0.71246 0.73005 0.011609 0.27074 0.39631 0.19098 0.48162 0.72807 -0.13175 -0.80431 0.018127 -0.80241 0.38541 -0.28844 -0.17564 0.88345 -0.022855 0.020792 -0.29383 -0.7734 0.37572 -0.066484 0.084676 0.40442 0.50494 -1.0007 -0.40793 -0.48404 -0.26734 -0.26195 -0.29772 0.32089 -0.31708 -0.36003 0.15076 0.28076 0.46158 0.062845 -0.32174 0.10011 0.54176 0.22843 -0.29254 0.24416 0.49954 0.31294 -0.00061394 0.27647 -0.34402 -0.71191 -0.24082 0.093936 -0.42277 -0.13384 0.37295 0.016646 0.52361 -0.33832 -0.68578 0.29335 -0.22953 -0.047129 -0.11952 -0.36106 -0.13416 -0.24644 1.0552 -0.078869 0.49742 0.35415 0.3259 -0.18124 -0.30111 0.088516 0.053223 -0.2281 -0.22303 -0.23034 -0.17155 0.55849 -0.55448 -0.26877 0.11061 0.3019 -0.031863 0.20242 0.14326 -0.13936 -0.1986 0.107 -0.15462 -0.72602 -0.10712 0.37143 -0.12554 -0.032458 -0.085036 -0.45086 0.10731 -0.03145 -0.049659 -0.46753 -0.55657 0.1813 0.82126 0.42145 0.16188 0.27681 0.15109 -0.69793 0.19434 -0.24774 0.18535 -0.14699 -0.32189 0.33324 0.56477 -0.34568 -0.22469 -0.38941 0.24771 0.6026 0.17911 0.011044 0.87112 0.089748 -0.19569 0.2876 0.14606 0.72372 -0.14066 0.44981 -0.069942 0.78066 -0.64214 -0.43441 0.069689 0.40286 -0.6926 -0.29595 0.50358 0.22831 0.45524 1.0116 0.43504 0.23819 -0.83544 -0.13422 0.28335 0.0051497 0.083749 -0.31661 0.0017215 0.036126 -0.12402 -0.24905 0.13092 0.18805 0.10714 -0.23582 -0.49748 -0.50787 -0.27311 -0.47344 -0.54198 -0.38033 0.14471 0.45254 0.09274 0.1823 -0.46205 -0.16446 -0.58301 -0.52255 -0.27372 0.23835 -0.20265 0.3134 0.33145 0.5601 0.42078 -0.29456 -0.49346 0.045829 0.23638 0.10977 0.16171 0.43783 -0.32316 0.23789 0.063688 0.21909 -0.44025 0.67648 -0.70792 0.23502 0.53244 -0.79989 0.17709 -0.62326 -0.15725 0.12778 0.1236 -0.12826 0.29799 1.0849 -0.32261 -0.17906 -0.16957 -0.051833 0.59599 -0.44323 0.19419 0.71704 -0.05637 0.004481 -0.39423 0.043284 -0.56441 0.27226 0.14642 -0.46411 0.40498 -0.1516 0.60636 0.71952 0.26917 -0.018181 0.37635 -0.13769 0.10055 -0.21849 -0.22314 -0.25973 0.38389 -0.089959 -0.016354 0.17239 0.096255 0.40152 0.69327 -0.067246 -0.087538 0.31394 -0.21718 -0.011362 0.47902 0.49836 0.1274 -0.054885 -0.039906 0.096302 -0.12008 -0.24283 0.69112 -0.045135 0.24751 -0.33549 -0.32054 -0.45862 -0.57925 -0.22091 0.2525 -0.17729 -0.14312 0.37897 -1.119 -0.16977 0.063641 -0.15869 -0.73306 -0.11435 0.020122 -1.1027 -0.87163 0.037593 0.02203 -0.17737 -0.3534 -0.39023 -0.43585 0.28305 0.042592 0.2574 0.11099 1.0707 -0.92494 0.074728 -0.40428 -0.75926
brussels 0.4693 -0.099303 0.0016176 0.42797 0.10244 0.31621 -0.12553 -0.39747 0.03205 -1.2212 0.022842 -0.01397 -0.2103 0.19465 0.19264 0.0058033 -0.052755 0.42154 0.01932 0.16897 0.17858 -0.16845 0.56538 -0.043621 -0.3665 -0.071195 0.1945 -0.011294 -0.46044 0.053981 0.010831 -0.83935 -0.36624 0.6827 -0.39751 0.015087 -0.27678 0.53363 -0.77245 -0.12439 -0.61109 0.42064 -0.18056 -0.023206 0.11606 0.50272 -0.1132 0.331 -0.38641 -0.24275 -0.048188 -0.056427 0.15743 -0.048823 0.55679 0.448 0.0047045 0.36972 0.5351 -0.28552 -0.34671 -0.45918 -0.15549 0.05913 -0.82219 0.1048 0.35997 -0.21141 -0.47074 -0.82806 0.21051 0.057311 0.54604 -0.46173 -0.31982 0.31753 0.72897 0.049485 -0.13411 0.095216 -0.31955 -0.38062 -0.24864 0.05419 0.1413 -0.27907 0.62658 0.28031 -0.88393 -0.37305 0.37197 -0.14113 -0.54207 0.424 -0.034847 -0.3672 -0.33319 0.26665 -0.91102 -0.20883 -0.25482 -0.71963 0.38794 0.097196 -0.30785 0.19397 0.43087 -0.43254 -0.33323 0.066092 0.19275 0.065854 -0.08709 0.50778 -0.51259 -0.36858 0.22887 0.74672 0.13684 -0.45978 0.26331 -0.27408 0.51084 -0.20973 -0.13964 -0.026671 0.72286 0.27163 0.27532 -0.25583 0.19667 0.16858 0.43081 0.23904 -0.28164 -0.020046 0.33708 -0.20368 0.31933 -0.55759 0.64194 0.34988 -0.099001 -0.42081 -0.046691 -0.24744 0.38768 0.27853 -0.61319 0.1858 0.26771 0.23634 0.59209 0.041538 0.064362 0.45787 -0.27075 0.097751 -0.098325 -0.40119 -0.49604 0.78008 -0.010061 -0.64765 0.54334 0.40568 -0.016737 -0.32939 0.12997 -0.029099 -0.40021 -0.18001 0.053571 -0.44455 -0.042089 -0.21316 0.1927 -0.27873 -0.46099 0.36129 -0.13668 -0.11743 -0.44474 -0.18739 -0.027354 0.38369 -0.73878 0.12922 0.44524 -0.36863 -0.048068 -0.3056 0.23288 -0.3535 0.032221 -0.66785 -0.47144 0.090042 -0.27489 0.32381 0.42139 -0.04166 -0.28101 0.6061 -0.20172 0.22435 -0.52014 -0.47716 -0.32243 -0.20292 0.35445 0.12015 0.37694 0.56443 -0.38355 0.41169 0.46637 -0.19726 -0.35411 -0.5885 0.67323 -0.60776 -0.098673 -0.22521 -0.45782 -0.21229 -0.15051 -0.004871 -0.064421 -0.14024 -0.48023 0.18318 0.33454 -0.63955 0.63652 -0.015651 0.94751 0.47769 0.58201 -0.28989 -0.24354 -0.53915 0.351 0.020743 0.37997 0.26429 -0.30476 -0.087099 0.33323 -0.57811 0.25132 0.30798 0.40941 0.05449 0.038346 -0.25396 -0.60899 -0.16128 -0.13069 -0.15662 0.40265 0.3812 0.16134 0.96267 0.5227 -0.36863 -0.026964 -0.11367 -0.21847 -0.82408 -0.23126 0.64023 -0.49841 -0.41526 0.30176 0.63264 -0.80093 -0.11278 0.6671 -0.35541 -0.037964 -0.096782 -0.20919 -0.82112 -0.33081 0.010248 0.34865 0.75092 -0.39616 0.03057 0.39413 -0.32019 0.15488 -0.42138 -0.26955 0.076081 -0.58198 -0.46865 -0.73627 0.19223
delhi 0.1912 -0.67384 0.26023 -0.20869 0.42725 -0.73207 0.83508 0.42845 -0.42132 -1.4658 0.35169 -0.28519 0.025293 0.058788 0.50162 0.80521 -0.69413 0.032758 0.083093 0.010918 -0.42518 -0.97939 0.33136 0.078002 -0.26724 0.071902 0.48622 0.097232 -0.41394 -0.29091 0.84897 -0.027771 -0.12969 -0.28128 0.36446 -0.33466 -0.41445 0.15677 -1.0466 0.3987 0.34337 -0.31537 -0.40266 0.28687 -0.023106 0.13653 -0.085702 0.59122 -0.56308 -0.35845 0.6412 -0.41351 -0.14529 -0.35802 0.67477 0.029677 -0.21039 0.30572 0.3408 0.1429 -0.59548 0.12946 -0.27081 -0.47904 0.53919 -0.040505 0.45393 -0.29145 -0.77427 -0.18997 0.52766 -0.14982 -0.15906 -0.78519 0.23504 0.29694 -0.28079 -0.37076 -0.17097 0.60153 0.99134 0.14934 -0.016901 -0.22099 -0.37658 0.4381 0.026453 -0.54728 0.36495 0.023477 -0.051927 0.059682 0.4105 0.053508 0.089305 0.57449 0.18427 0.05189 -0.57298 0.197 -0.122 -0.52364 -0.2348 0.14711 -0.14739 -0.40455 0.51866 -0.24797 0.1724 -0.11698 0.30079 -0.44656 -0.45372 0.038737 -0.045902 -0.28316 -0.026276 -0.014367 -0.18897 -0.85263 -0.0055506 -0.19536 0.28176 -0.137 -0.57562 -0.010827 0.17195 -0.64394 -0.73977 -0.32518 0.2643 -0.071397 0.29456 -0.4366 -0.19945 0.48167 0.32142 0.14475 -0.11415 0.06692 -0.44503 0.33739 0.31103 -0.58565 -1.1029 -0.0068307 0.44783 0.41111 -0.067062 0.3016 0.81218 0.34057 0.058519 0.56946 0.14493 0.13764 -0.33805 0.010613 0.38497 -0.53761 0.25924 0.59456 -0.22906 -0.53797 -0.22983 -0.052835 0.43164 -0.023822 -0.19464 0.41595 -0.98842 -0.6777 -0.38213 -0.26462 -0.38845 0.16655 -0.13691 -0.25676 -0.092517 0.031073 -0.58191 -0.16919 -0.57557 0.33436 -0.24661 0.80147 -0.13808 0.15065 0.32372 -0.59101 0.23193 -0.30621 0.32313 -0.32087 -0.6255 -0.27256 0.34891 0.11142 0.43846 -0.001285 0.57012 -0.42316 0.18046 0.61998 -0.027886 -0.45867 0.49946 -0.20914 0.33205 -0.43794 0.1175 0.50034 -0.23574 0.078684 -0.012917 -0.58665 -0.33454 -0.54077 -0.19838 0.098557 0.25458 -0.016834 0.21589 -0.0038327 -0.02718 -0.47747 -0.28742 -0.064479 -0.18144 0.35219 0.14707 -0.14154 -0.026682 -0.056185 0.26927 0.31989 0.77169 0.06198 0.53109 0.0058729 -0.27315 -0.13716 -0.47003 0.65596 -0.34567 0.4929 -0.019982 0.15557 -0.035722 -0.20793 0.028744 -0.052843 -0.36621 0.11696 0.10074 -0.26718 0.32501 0.083479 0.12042 0.22591 -0.098466 -0.097399 0.22069 0.47843 0.26178 -0.21124 0.53008 0.077726 -0.017565 0.33097 -0.044317 0.19068 -0.20722 -0.22556 0.29221 0.052721 -0.93864 -0.17945 -0.036856 0.055313 0.17073 -0.90817 0.71808 -0.14082 -0.82077 -0.011982 -0.40025 0.61591 -0.66123 -0.10404 0.71052 -0.31701 -0.16074 0.21951 -0.28578 0.69005 -0.20731 -0.088023 -0.10396 -0.0011226
rio 0.036734 0.45133 -0.18653 -0.23198 0.12377 -0.17538 -0.55369 0.20919 -0.61928 -0.58758 -0.30121 0.26183 0.25771 -0.34877 -0.15362 -0.98563 -0.332 0.36958 0.57889 0.14997 -0.20321 0.045518 0.064496 -0.11992 0.20293 -0.65012 0.47258 0.54423 -0.2659 -0.8361 1.0004 0.27863 -0.30403 -0.12154 0.31249 -0.52483 0.67252 -0.11731 -0.64095 -0.084979 -1.0608 -0.29821 -0.29482 0.8396 0.16793 0.15818 0.39686 0.89776 0.50615 0.29077 -0.29918 -0.31239 -0.096821 0.79353 0.2312 0.51618 -0.16476 -0.39524 -0.22433 -0.48241 -0.49716 -0.48774 0.24919 -0.3112 -0.0067653 0.14362 0.253 0.025398 -0.13501 -0.95847 -0.01661 0.03055 -0.19802 -0.81193 -0.52992 -0.81153 0.29966 0.29374 0.032509 0.5781 -0.10429 -0.22526 0.087628 -0.68213 -0.12161 -0.17789 -0.21631 -0.13203 0.26996 -0.073508 -0.057079 0.39306 1.1302 -0.11486 0.036151 -0.080218 -0.014534 -0.34525 -0.47151 -0.63731 0.15702 -0.32053 -0.30226 0.27134 0.24856 0.57403 0.22894 0.21232 -0.086383 -0.51232 -0.3848 -0.98284 -0.2852 -0.59374 0.027388 -0.04281 0.48313 0.12071 0.42584 -0.16243 0.38297 -0.24431 -0.48285 -0.28617 -0.19239 -0.26774 0.33665 0.35069 -0.66649 -0.085621 -0.22248 0.21121 -0.64866 -0.065028 0.40957 -0.11098 -0.025696 -0.067082 0.16918 0.32154 -0.1276 -0.07479 0.038894 -0.25714 -0.65816 -0.25461 1.3442 -0.057859 -0.063086 0.090323 0.48157 0.048383 0.1117 -0.34948 0.50199 -0.37522 0.017319 -0.7099 -0.62626 0.28746 0.21242 0.032272 -0.035122 -0.05318 0.3967 -0.86717 -0.22375 -0.12903 -0.038184 0.15568 -0.54455 0.8496 -0.39676 0.023774 0.65147 -0.7342 -0.27101 0.73759 0.099761 0.11354 -0.19532 0.87577 -0.049088 0.60894 0.048263 -0.1641 -0.85467 0.2651 -0.11972 -0.030399 -0.081139 -0.29519 -0.61956 0.14701 -0.42758 -0.82456 0.51157 -0.4434 -0.15306 0.23458 1.0207 0.45319 -0.42727 0.66175 -0.81048 0.18971 0.38526 0.30917 0.15868 -0.03959 -0.2354 0.11048 -0.3085 0.35473 0.47855 1.0946 -0.23177 -0.47979 -0.16762 0.16222 0.19019 -0.40378 0.91108 -0.074216 -0.21996 0.19212 0.19038 -0.2161 0.070934 0.45997 0.12004 0.30485 -0.057783 0.003838 0.62779 0.16906 0.076445 0.067292 0.11527 -0.39921 -0.4404 -0.069849 -0.61961 -0.18677 -0.22553 -0.065065 0.1954 -0.7497 0.1438 0.13798 0.36418 0.11228 0.070359 0.5656 -0.56326 0.18972 -0.31574 -0.23283 -0.098107 -0.37969 0.29611 0.26746 -0.098286 0.091905 0.0666 0.59873 -0.10208 -0.59254 -0.28945 0.28228 -0.12867 -0.57163 -0.31098 -0.0057337 -0.34241 -0.11406 -0.99025 -0.097801 0.22019 0.37988 -0.11752 -0.11219 -0.037517 -0.50824 -0.27889 -0.21299 0.40268 -0.035153 0.070164 -0.52762 -0.11 0.029444 0.18955 0.22266 0.27194 0.15929 -0.99183 -0.4111 -0.29232 -0.3025
montreal 0.42476 -0.079468 -0.2146 -0.27415 -0.21206 0.30494 -0.56781 0.11991 -0.2828 0.48818 0.55596 -0.13798 -0.74114 0.13686 0.19445 0.79802 -0.40855 0.58515 0.13263 0.1741 -0.90477 -0.29821 -0.32852 0.093594 0.12181 0.25643 0.48754 0.16843 -0.82413 0.0049071 -0.17375 0.077169 0.21764 0.25826 -0.6891 -0.21525 -0.074912 0.59737 -0.1549 0.17284 -0.60959 0.20947 0.58468 0.54938 -0.050768 0.71876 -0.13146 0.47119 -0.42503 0.47204 -0.047283 0.2247 -0.11043 -0.080894 0.5721 -0.10156 0.50476 -0.19485 0.42319 -0.52316 -0.59397 0.29258 -0.25839 -0.20219 0.29836 -0.57474 -0.12449 0.058874 -0.083418 -0.62944 0.22944 -0.031907 -0.056108 0.28543 -0.50619 -0.29424 0.52103 -0.079528 -0.065248 0.32081 -0.689 -0.2818 -0.079092 -0.73961 -0.77823 0.092031 -0.065096 -0.10578 -0.62876 0.30463 0.49927 0.017519 -0.057705 -0.23084 0.50314 -0.0095062 -0.060604 -0.57084 0.012962 -0.83215 0.074562 0.068571 -0.10789 0.0070886 0.2884 0.19337 0.34472 -0.066634 -0.17837 0.5539 -0.64112 -0.74242 0.20958 0.020192 -0.34106 -0.59663 0.16589 0.41548 0.20367 0.81101 0.031285 0.066613 -0.07603 -0.592 -0.14228 -0.61208 0.6744 -0.20188 0.5685 -0.12676 0.18688 -0.015918 -0.22397 -0.85588 0.16708 0.096417 -0.32817 -0.59235 0.040392 0.015738 0.24481 0.13129 -0.36262 0.7429 0.43948 -0.13718 0.2386 0.24736 -0.2802 -0.18432 0.94655 -0.25095 0.11449 -0.10876 0.077976 -0.26052 -0.12536 -0.17737 -0.093709 -0.48906 0.31485 0.16094 -0.50254 -0.5986 0.16303 0.44773 0.096305 0.058772 0.17081 0.48011 -0.22246 -0.39611 -0.11006 -0.14498 -0.043091 -0.17178 0.47469 0.37022 -0.38828 0.71662 0.10033 0.36038 0.29155 0.38906 0.18634 0.6858 -0.51852 0.13075 -0.14343 0.2437 0.25717 -0.24778 0.33327 0.024618 0.20431 -0.66176 0.15727 0.207 0.43331 0.25671 0.80982 -0.09992 -0.048844 -0.33097 -0.60843 -0.1796 0.10897 0.30205 0.2577 -0.28866 0.097369 0.15383 0.33603 0.20825 0.11593 0.076684 0.078178 -0.32738 0.14853 -0.2224 0.23507 0.019793 0.050248 -0.35937 0.13799 0.027854 0.026123 -0.13723 0.32189 -0.090102 0.16164 0.66222 -0.062048 -0.50514 -0.39929 -0.5391 0.85364 -0.05578 -0.29381 0.38618 -0.50794 -0.21431 0.22825 0.073137 -0.15287 -0.37248 -0.13194 0.051364 -0.24648 -0.28881 0.97701 -0.036508 0.39554 0.51238 0.1868 0.25233 0.22462 -0.0479 -0.0017398 -0.055622 -0.57183 0.39153 -0.30286 0.82997 -0.027659 0.46006 0.26369 1.0273 -0.055071 -0.2372 -0.27927 0.47937 0.55391 0.21466 0.36358 0.085178 -1.0423 -0.16335 0.19511 0.1762 -0.035829 0.07267 -0.34514 -0.25062 -0.5396 0.53883 0.63685 0.29838 -0.098237 0.18686 -0.19833 0.35183 -1.1456 0.11983 -0.17178 0.20715 -0.067028 0.17692 0.42104 0.010109
belgrade 0.89419 0.26951 0.21062 -0.25786 0.28443 0.1115 -0.11871 -0.35299 0.2857 -0.70818 0.0020071 -0.40315 0.096956 0.56596 0.35398 0.16041 0.25822 -0.15873 0.44563 0.3054 1.1294 -0.63681 0.58571 0.43673 -0.18551 -0.046122 0.21698 0.12026 -0.23963 -0.0076716 -0.20838 -0.66515 0.058038 0.50448 0.1976 0.31409 -0.36751 -0.2468 -0.68075 0.38847 0.14467 -0.062432 -0.77343 -0.088604 0.055976 0.23615 -0.5788 0.83768 -0.16528 0.1503 -0.073401 -0.024282 -0.38763 -0.079152 0.43096 0.54676 -0.41803 -0.021262 0.82701 -0.11896 -0.091612 -0.18872 -0.3375 -0.2342 0.34198 0.40399 0.47863 0.020808 -0.12647 -1.0869 0.21945 -0.43758 0.35241 -0.37356 -0.20923 0.47703 0.028729 0.58191 0.35706 -0.087316 -0.19672 -1.1491 0.16511 0.039738 -0.29368 -0.2191 0.27941 -0.098867 -0.28974 0.28753 0.50496 -0.018097 -0.37815 0.29396 0.14975 1.2115 -0.1442 -0.2651 -0.81064 0.23726 -0.3063 -0.8907 0.11212 0.27563 0.40116 0.70911 0.70209 -0.43797 -0.12544 -0.037163 0.3266 0.38847 0.55636 -0.33591 -0.46601 -0.46152 -0.69513 -0.12298 0.30254 -0.89474 0.57882 -0.033619 0.81718 -0.21918 -0.074045 0.039376 0.47021 -0.04266 0.11287 0.05843 -0.40386 -0.25129 0.12057 -0.3723 0.04127 0.12621 -0.1747 0.048147 0.39339 -0.083039 0.036601 -0.37639 -0.1166 0.016524 -0.17514 -0.24042 0.36493 0.26292 -0.78419 -0.15144 0.54842 -0.0399 -0.067212 0.91175 0.73244 0.68891 0.56908 0.79185 -0.040977 0.36709 -0.085924 0.15249 0.049917 -0.68238 -0.20383 -0.24013 -0.34054 -0.3764 0.34262 -0.31556 -0.27107 -0.31408 0.43509 0.34419 0.10504 -0.32322 0.26465 -0.28171 -0.27909 0.38999 -0.20445 -0.29397 0.31158 -0.086113 0.091204 0.80624 -0.49825 0.072458 -0.090823 -0.4563 -0.072981 -0.2724 -0.81197 -0.57062 0.72126 -0.64027 -0.044613 0.25777 -0.039099 0.88365 0.47919 -0.55455 -0.18207 0.27319 -0.82327 0.010041 -0.7812 -0.45176 0.12545 -0.04416 -0.39754 0.4775 0.15841 0.19062 -0.036487 0.35043 0.42015 0.20127 -0.21993 -0.13388 0.48101 -0.24381 0.17916 0.41613 -0.57465 0.21529 -0.26252 -0.14941 -0.099751 -0.3809 0.11817 -0.043356 0.36305 -0.71412 0.075133 -0.039886 0.10835 -0.38119 -0.093098 -0.17347 0.43975 -0.29037 0.31598 -0.28458 0.70783 0.17813 0.65786 0.467 -0.21585 0.3828 0.57753 0.31447 0.057623 -0.48341 0.33977 -0.1825 -0.35748 0.27468 0.13103 -0.30016 0.077941 0.18445 0.11227 0.40376 -0.16948 -0.67523 0.15716 -0.31546 0.26865 -0.34319 -0.36565 0.37221 -0.28711 -0.31339 0.37399 0.18323 -1.5978 -0.67217 0.63684 -0.074731 -0.046433 0.19887 0.24702 -0.37781 0.2855 -0.14315 -0.43075 0.35082 -0.0065352 -0.081717 0.43836 -0.28927 0.52482 -0.11053 0.31043 0.068146 0.2866 -0.4434 0.10247 0.30582
vienna 0.081528 -0.024195 -0.27379 -0.099246 0.15353 -0.08891 -0.10514 -0.64534 -0.20608 -0.70075 0.16008 0.37275 -0.29005 0.031775 -0.48061 -0.22757 0.43045 0.27099 -0.13326 0.1584 -0.085488 -0.088324 -0.15699 -0.2049 -0.14593 0.099329 0.36997 0.2752 -0.85339 -0.04851 0.30932 -0.32467 -0.064837 0.73584 0.20709 -0.034156 -0.25773 0.17914 -0.44689 0.30742 -0.47507 -0.5809 -0.001721 -0.14977 -0.065161 0.75869 -0.12382 -0.075189 -0.39819 -0.068441 -0.067267 -0.30234 -0.1929 0.25552 0.9152 -0.1774 -0.47552 0.16063 0.34433 0.063402 -0.48248 0.02145 0.61067 0.10682 0.06305 0.01095 0.64418 0.22046 -0.39196 -1.0228 -0.049282 -0.40164 0.34684 -0.27444 -0.16562 -0.13921 0.36613 0.46926 0.14348 0.32216 0.02148 -0.39225 -0.90687 0.50959 0.063972 0.45312 -0.49851 0.19765 -0.34937 0.28905 0.054385 -0.24138 0.36521 0.48733 -0.15267 0.27971 -0.25632 0.055205 -0.58894 -0.40761 -0.3579 -0.40836 0.11028 -0.6703 -0.52847 0.12863 0.61774 -0.15995 -0.5242 0.40476 0.86614 0.15636 -0.026968 0.40076 -0.62797 -0.51552 0.024147 -0.47013 0.24567 -0.38711 0.15857 0.18497 0.70395 -0.38572 -0.14522 0.1279 0.50098 -0.142 0.017401 -0.30164 0.0065943 0.14898 0.070866 -0.47463 -0.40238 0.072757 0.084106 0.1063 -0.0056263 -0.10453 0.46199 -0.094647 -0.16121 -0.37318 0.8388 0.24402 0.11501 0.13566 -0.58917 0.11537 0.60617 1.0368 -0.12565 0.40494 -0.081935 0.64034 0.53439 0.2263 0.20663 -0.64037 -0.45576 0.50602 -0.048777 -0.76391 0.12767 0.10649 0.14195 -0.39175 0.38015 0.18195 -0.15742 -0.27129 0.0086496 0.12102 0.0035959 -0.19699 0.78776 -0.51677 -0.39943 0.53227 0.2392 -0.111 -0.69987 -0.26825 0.067733 0.16761 -1.0191 0.018736 0.035735 0.01236 -0.032934 -0.0948 0.0049314 -0.44862 -0.74517 -0.77481 -0.14673 -0.056802 0.14715 0.92985 0.94943 0.44714 -0.36961 0.51566 -0.47335 -0.10539 -0.69773 -0.39269 -0.47134 -1.0227 0.12036 0.33722 0.14814 0.2829 0.087538 0.099697 -0.062508 -0.33129 -0.15017 -0.43463 -0.10959 -0.49254 0.13707 0.49641 -0.96118 -0.061017 -0.39203 -0.49911 -0.062775 -0.29543 -0.10021 0.14661 0.99833 -0.50459 0.43194 0.1775 0.00042116 0.0095442 0.50583 -0.014004 -0.51994 -0.51719 -0.185 0.49226 0.32318 0.24058 -0.26663 0.2 -0.28739 0.049376 -0.00092291 -0.042302 0.11586 0.17835 0.23007 -0.1593 -0.10435 -0.19641 0.28496 -0.26912 2.0618e-06 0.31717 0.2474 0.24993 0.47872 -0.28062 -0.34892 -0.29975 0.15249 -0.60776 0.023496 -0.29743 0.2809 -0.10033 0.16912 -0.19582 -1.3383 -0.035399 0.59246 -0.09324 -0.72096 -0.27314 -0.019175 -0.58458 -0.23782 0.23395 -0.034511 0.27543 -0.64678 0.39838 -0.010274 -0.56646 0.26995 0.41574 -0.006038 -0.17942 0.39632 -0.57616 -0.065993 0.18671
cairo 0.34653 -0.24107 -0.53446 -0.051576 -0.11994 0.34354 0.00030918 0.054825 -0.22554 -0.88001 -0.41987 -0.073157 0.29879 0.24591 0.3557 -0.027365 -0.0020189 0.5899 0.034927 -0.60404 -0.16355 -0.67584 -0.54734 0.065311 0.30033 0.082492 0.3786 -0.50548 -0.093626 0.059973 -0.2162 -0.37005 -0.86868 0.16265 0.022657 -0.59796 -0.48675 0.56622 -0.56184 -0.271 0.47856 -0.053621 -0.46727 0.28966 -0.42459 0.36738 0.12417 0.25656 -0.57196 -0.034657 0.066081 0.0060819 -0.46032 -0.032331 0.46074 0.21089 -0.066335 -0.044733 0.38399 0.045584 -0.13616 -0.014936 0.15792 -0.4376 -0.46961 0.35039 0.83182 0.18801 0.3856 -0.65612 0.30456 -0.27655 0.62881 -0.66491 0.025291 -0.090794 0.4119 -0.64107 -0.17313 0.64514 0.21866 -0.6502 -0.68973 0.40679 -0.26409 0.099209 0.057761 0.16143 0.69267 0.29829 -0.36514 0.40101 0.49865 0.5786 -0.11985 -0.012832 -0.0021051 -0.013034 -0.3059 -0.34021 -0.17889 -0.87166 0.80399 -0.21642 -0.07744 0.18716 0.78154 -0.22012 0.18674 -0.62117 -0.31427 -0.23747 -0.37158 -0.039904 0.24685 -0.43821 -0.76787 -0.035126 0.71248 -0.044705 -0.073995 -0.26227 0.031499 -0.65759 -0.32124 0.21386 0.81187 -0.13201 0.51428 -0.19248 0.08164 0.28682 0.6364 -0.29895 -0.22248 -0.17174 -0.25624 0.055422 -0.62755 -0.33429 0.10446 -0.068665 -0.34136 -0.44107 -0.058195 -0.54311 0.14821 -0.012212 -1.0464 -0.24897 0.46928 0.23537 0.25429 0.30792 -0.17604 0.15631 0.47964 -0.21849 0.30222 -0.25262 0.013233 0.17983 -0.20677 0.10644 0.3273 -0.50203 -0.096639 -0.097834 -0.012725 0.018122 -0.77292 -0.28586 0.23292 -0.81681 0.050859 0.17395 -0.33693 -0.39184 -0.50227 0.033242 0.23548 0.093465 -0.30166 0.81217 -0.38815 0.66782 -0.72698 0.17993 -0.068557 -0.20468 -0.010372 -0.20538 0.39334 -0.57552 0.3434 0.0027033 0.12855 -0.14852 -0.35765 0.50842 0.5915 -0.060012 0.080522 0.81656 -0.17156 -0.30205 -0.11589 -0.29016 0.47448 -0.26464 0.27771 -0.20193 0.0041754 0.079735 0.10772 0.072019 0.21724 -0.46008 0.15716 -0.22229 0.59063 -0.35438 0.20957 0.45682 -0.2319 0.048465 0.076323 0.26874 0.43127 -0.43719 -0.091173 -0.22244 0.42748 -0.004661 0.8723 0.48759 -0.11571 -0.087609 0.54115 -0.21709 -0.13386 -0.1108 -0.49569 0.32947 0.55791 -0.11743 -0.23652 -0.20464 0.1367 -0.012009 0.42739 0.37521 -0.20903 0.37032 0.29976 -0.17416 -0.21811 0.035279 -0.27627 -0.54946 -0.045488 -0.022733 0.056145 -0.010609 0.31568 0.0030924 -0.022487 -0.26443 -0.033684 0.0099655 -0.33765 0.41988 0.44616 0.30253 -0.11992 -0.30632 -1.2673 0.63862 0.60474 -0.053207 -0.12974 -0.43268 0.26973 -0.97559 -0.034285 0.57448 0.45137 0.79582 -0.095177 -0.024614 -0.29651 -0.56854 0.069034 0.59161 -0.026356 0.32433 -0.32724 -0.37038 -0.65104 -0.11044
melbourne 0.018234 -0.19938 -0.042457 -0.26922 -0.038279 0.11953 0.12442 0.073748 0.10965 0.0044521 0.20237 0.27387 0.41418 0.53093 0.43271 -0.2672 0.0069569 0.51574 0.036436 -0.22926 -0.50793 -0.44881 -0.0060504 0.092474 0.029371 0.7791 -0.13104 0.72316 -0.3591 -0.19331 0.16243 -0.27086 -0.11489 1.0795 -0.72125 -0.32363 -0.20706 0.54144 -0.5249 -0.09462 0.065016 -0.25109 -0.52698 -0.0066443 0.3604 0.14078 -0.24278 0.60154 -0.088264 0.0869 -0.27247 0.19239 -0.12481 0.18711 0.45591 0.22125 0.38288 0.30458 -0.064052 -0.59141 -0.39847 -0.14618 -0.20649 0.13128 0.19246 -0.27351 -0.17532 -0.027722 -0.50031 0.062591 -0.31445 0.077791 0.02367 -0.28107 -0.89678 -0.22782 0.16873 -0.34723 -0.18422 0.26065 -0.31555 0.0022776 -0.061458 -0.11658 -0.61239 -0.22183 0.45041 -0.61349 0.40668 0.21598 0.69548 0.10131 0.65563 -0.41151 -0.0021961 0.22239 0.45492 -0.13851 0.34137 -0.9003 -0.096424 0.023364 -0.30117 0.25413 0.19052 0.49347 -0.18513 -0.47417 -0.024834 0.21235 0.15857 -0.72845 0.16848 -0.28114 0.031027 -0.31732 -0.32372 0.073187 -0.22392 -0.73449 0.024791 -0.14347 -0.31951 -0.35244 0.10481 -0.47586 -0.13468 -0.079294 -0.14581 0.031231 0.21847 -0.060064 0.20105 0.095263 0.028288 0.37794 0.33005 -0.41072 -0.12595 0.46426 0.21281 0.56034 -0.21133 0.59054 -0.35232 -0.31396 0.41002 -0.19611 -0.034843 -0.24101 0.89712 -0.026438 -0.19444 0.071257 0.11643 -0.67748 -0.47833 -0.27918 0.20827 0.10741 -0.30702 0.17231 0.063234 -0.39197 -0.14058 -0.43916 -0.074072 0.23975 0.92563 0.5415 -0.3851 -0.14012 0.16035 -0.19712 -0.25489 0.26273 0.38437 -0.38967 0.17798 0.32881 -0.045012 0.31824 0.099621 0.37522 0.68372 0.72794 0.072105 0.1043 0.080773 -0.55135 -0.29641 0.39333 0.06064 -0.034606 -0.24438 -0.094747 0.47437 0.33227 -0.52325 -0.042431 1.231 0.21766 -0.64204 -0.35131 -0.37828 0.23593 -0.25978 -0.32615 0.57172 -0.79881 0.12803 0.44901 -0.034468 0.30256 0.046341 0.13351 -0.13669 0.026065 -0.063448 -0.54034 0.6842 -0.48351 -0.046265 -0.66879 -0.3242 0.17036 -0.27194 -0.6158 0.3911 0.75587 0.15718 0.2272 0.34 -0.49663 0.10115 0.55432 -0.072806 0.58654 -0.17911 0.67547 -0.21213 -0.17811 -0.37867 -0.10183 0.078901 0.37716 -0.39863 -0.16138 -0.11775 0.21622 -0.0091095 -0.074671 -0.19533 -0.37864 0.10845 0.12729 0.42814 0.18684 0.69917 0.053658 -0.35599 -0.017959 -0.097789 0.59636 0.0080247 -0.05786 -0.11118 -0.53935 0.46629 -0.15096 -0.22457 -0.16374 0.59784 -0.21312 0.06048 -0.2216 -0.88985 0.37588 0.56915 0.080651 -0.32217 -0.56357 -0.56512 0.26856 -0.64458 -0.30195 -0.22199 -0.04887 -0.36133 -0.13282 0.087635 0.36218 -0.17409 0.2137 0.54083 0.072033 -0.46175 0.0042124 0.20062 -0.029533
geneva -0.3107 -0.32883 -0.36994 -0.099174 0.085714 0.22175 -0.066259 -0.73348 -0.12343 -1.0862 0.41739 -0.4477 -0.3176 -0.32701 0.38508 0.049118 0.23345 0.36473 -0.66593 -0.51585 -0.28844 0.01809 -0.093636 -0.062236 0.2845 0.37516 0.953 -0.31084 -0.15151 -0.091677 -0.015533 -0.28457 0.41156 0.6641 0.32287 -0.20484 -0.12244 -0.0068821 -0.51981 -0.5675 0.030045 -0.13126 -0.25356 0.74529 -0.70698 1.0604 -0.43244 0.78063 -0.086589 -0.10119 -0.32863 -0.0060436 0.11909 0.56418 0.27793 -0.11736 -0.69124 -0.00072051 0.34025 0.092358 -0.27402 -0.13305 -0.2095 0.25259 -0.66361 -0.36863 0.067423 -0.020674 -0.2933 -0.68904 -0.15333 -0.46936 0.51982 -0.26992 -0.15651 -0.013145 0.38859 0.20783 0.31917 -0.027203 -0.17647 -0.34926 -0.59939 0.42018 -0.43512 -0.26457 -0.36374 0.11191 -0.32919 -0.3166 -0.3776 0.042161 0.026411 0.40261 0.10877 -0.23587 -0.24176 -0.019759 -0.12349 0.37904 0.73477 -1.0248 0.47871 0.53527 -0.53134 0.18096 0.26762 -0.27882 0.072507 0.00025874 0.41604 -0.10032 -0.36544 0.45491 -0.040147 -0.68271 -0.172 0.46111 -0.10079 0.009305 0.34149 -0.67445 0.18221 0.033658 -0.34442 -0.15637 0.35572 0.13814 0.29748 -0.324 0.29132 0.13012 0.33451 -0.60735 0.18667 0.046527 -0.11641 -0.56289 -0.080014 -0.40775 0.3753 -0.21523 -0.048544 -0.55866 0.17337 0.41854 0.57762 -0.098457 -0.13264 0.41034 0.83113 0.28267 0.39945 0.12251 -0.028707 0.48836 -0.072307 -0.26629 0.10556 -0.08054 0.27748 0.18281 -0.19122 -0.39948 0.41231 0.29491 0.3451 -0.23203 -0.18854 0.47274 -0.97763 -0.043103 -0.010646 -0.11944 -0.1542 -0.4999 0.65989 -0.05459 -0.12565 0.2522 0.45694 -0.53433 -0.17732 0.29476 0.42963 0.12912 -1.0292 -0.50139 0.41864 0.12752 0.87683 -0.31934 0.45548 -0.2538 0.16773 -0.5669 0.029385 -0.0082845 0.015739 0.34891 0.098231 0.25335 -0.28042 -0.11182 -0.2116 -0.0095944 -0.08192 -0.18294 -0.54952 -0.24736 0.17472 0.34851 -0.10999 0.16687 -0.41436 0.34594 -0.18974 0.11273 -0.056893 -0.38642 0.61355 -0.96564 0.26681 0.51809 -0.32398 0.75244 -0.062702 0.4531 0.15915 0.20792 0.054591 -0.653 0.83087 -0.17002 0.24523 0.076477 0.015711 0.17843 0.34857 -0.14881 -0.17048 -0.29758 0.16548 -0.29148 0.2542 0.3534 -0.309 -0.31314 -0.61203 -0.1576 0.29112 -0.087254 -0.14376 -0.071443 -0.16149 -0.18472 -0.1947 -0.52762 -0.051311 0.13967 0.354 0.094689 -0.060956 0.32726 0.29647 0.20968 -0.13165 -0.31137 0.55201 -0.60352 -0.33309 0.11672 -0.0082213 1.1171 0.94673 0.11292 -1.2494 -0.071102 0.84886 0.29162 0.10421 -0.15715 0.034233 -0.43563 0.22375 -0.26419 -0.0042441 0.39187 -0.12056 0.2108 -0.16158 -0.67597 0.19515 0.23787 -0.51403 0.30125 -0.28778 0.69723 0.52714 0.36426
vegas -0.3177 -0.092447 -0.080932 0.12852 -0.32192 0.79767 0.15869 -0.36708 0.47721 0.28816 0.41562 -0.59812 0.092152 0.28435 0.46805 -0.47928 -0.063346 -0.053595 -0.037591 0.12342 -0.36145 0.22853 -0.2327 -0.5861 0.13863 -0.35827 0.25092 -0.52015 -0.05199 -0.82235 0.36244 0.1866 -0.21148 -0.39856 -0.95942 -0.31718 -0.62539 -0.18149 -0.17795 -0.64393 -0.23435 -0.27165 -0.2832 0.81068 0.74401 0.15318 -0.0060441 -0.14683 0.089087 0.21524 0.25752 -0.5652 -0.045783 0.56857 -0.15343 -0.071251 -0.61209 -0.19883 0.41764 -0.54851 -0.13796 -0.67328 0.40823 0.80105 -0.13717 -0.2607 0.0096471 0.018535 0.5968 -0.53656 -0.0094396 0.44821 0.13004 0.27485 0.091066 -0.12065 -0.077976 -0.13503 0.48802 0.11087 -0.35145 0.24215 -0.33588 -0.024861 0.040722 -0.48505 -0.30687 -0.63782 0.085587 0.11297 -0.37067 0.50975 -0.039467 -0.18079 -0.1178 0.398 -0.23937 -0.19592 0.17952 -0.74945 0.3375 -0.11927 0.073306 0.42975 0.11783 -0.40516 -0.12435 0.40668 -0.44609 -0.45891 0.38719 -0.60024 0.28683 0.20326 0.22043 -0.071694 0.50949 -0.039381 -0.90195 0.60949 0.84558 -0.26924 -0.49305 -0.098489 -0.1377 0.14435 0.084778 0.040576 -0.42361 -0.45802 0.31458 0.12295 0.33596 -0.04862 -0.45822 -0.34388 -0.19837 -0.75522 -0.33669 -0.23009 -0.22373 0.07212 -0.50481 0.47146 0.0059891 -0.019179 -0.03987 0.20845 -0.27365 0.80815 1.2374 0.64252 -0.16588 0.066296 0.42051 -0.18749 0.0029118 0.93589 -0.22957 0.42594 0.81032 -0.18529 -0.35441 0.20699 0.5124 -0.14454 0.07546 -0.08568 -0.15757 0.29066 0.083199 0.30441 -0.24646 -0.36893 0.14341 0.34484 -0.42748 0.056283 0.54275 0.0007345 0.27534 0.52478 0.43534 0.48274 -0.22477 -0.22993 0.027712 0.22011 -0.12226 -0.95734 0.3337 0.32154 -0.35755 0.10531 0.14592 -0.28439 -0.63991 -0.06497 -0.10592 -0.15147 1.1066 0.0075006 -0.13554 -0.32198 -0.85859 -0.049973 0.13745 -0.057499 0.22728 -0.43388 -0.33968 0.33773 0.28557 0.10732 0.28281 1.1117 -0.21597 0.050947 -0.33328 -0.1977 0.16276 -0.30991 -0.062971 0.042009 -0.37686 0.3532 -0.40213 -0.23648 0.17828 0.27329 -0.28524 -0.25848 0.55498 -0.69494 0.27863 -0.49943 0.35373 -0.31404 -0.44208 -0.184 -0.54917 -0.41735 0.29379 0.22095 -0.10957 -0.61171 -0.72924 -0.58039 -0.47541 -0.0072214 -0.27412 0.079426 -0.24986 0.18875 0.01632 -0.30057 -0.062478 0.11042 0.22552 -0.38518 -0.21401 -0.055462 0.025016 -0.12134 0.020624 -0.56632 0.58136 0.47511 0.24887 -0.21507 -0.0069884 0.011726 -0.082439 -0.033447 0.50483 -0.24275 -1.1724 0.087425 -0.3365 -0.059507 0.064656 0.05571 -0.25493 0.4094 -0.88311 -0.061498 -0.18861 0.13059 -0.57028 -0.033937 0.72506 0.02611 -0.6247 -0.053302 0.36318 -0.11424 0.31218 -0.20461 -0.058884 -0.11832
pyongyang -0.2245 0.097447 0.10735 -1.2565 -0.011582 0.15089 0.14758 -0.3656 -0.10014 -1.6876 0.13857 -0.095552 0.30669 0.17845 -0.17628 0.32488 0.01414 0.34916 -0.39699 -0.11163 0.21337 -0.88205 0.085975 0.33515 -0.0089295 0.51216 0.21851 -0.26695 -0.10657 -0.29769 0.34283 -0.35788 0.26585 0.0055267 0.93918 -0.43435 -0.66196 0.172 -0.91087 -0.31108 -0.25724 0.58076 -0.14905 0.65941 -1.0532 1.2459 -0.22589 -0.27469 -0.95852 0.2506 -0.17067 0.44746 0.12538 0.11862 -0.35954 0.33409 0.17425 0.17782 0.21916 0.1519 0.06597 0.37434 0.25724 -0.040179 0.27978 -0.10323 0.53328 0.39537 0.18246 -0.028107 -0.4852 -0.21837 -0.66744 -0.3612 0.34986 0.16891 -0.24706 0.35856 0.37287 0.42568 -0.56432 -0.26014 -0.013756 0.31422 0.21897 -1.0172 -0.59446 -0.57962 0.24763 -0.35868 -0.23276 0.42349 -0.30902 0.33347 -0.34478 0.13883 0.21708 -0.09263 0.092684 -0.15066 -0.38609 -0.50357 -0.23861 0.79238 -0.24941 -0.20446 -0.82915 -0.62364 -0.20899 0.018694 0.2179 -0.2276 -0.06059 -0.27118 -0.24997 -0.065238 -0.37581 -0.35021 0.58375 -0.16626 0.25315 -0.70521 -0.13476 0.17239 0.12124 -0.0026472 -0.0012052 -0.24148 -0.89316 -0.22782 -0.58887 0.13872 0.55018 -0.56569 0.14433 0.9435 0.047532 0.13755 0.3552 0.15683 -0.51873 -0.75932 0.16761 -1.022 -0.56 0.575 -0.26695 0.43594 0.018385 -0.55649 0.18976 0.57166 -0.56012 0.83064 0.45432 0.26337 -0.53608 0.0020982 -0.24938 0.39047 0.063005 -0.61897 0.062103 -0.34189 0.21574 -0.44012 0.099769 -0.82857 0.6213 -0.44074 -0.53296 -0.043194 -0.83799 -0.95289 -0.14839 -0.25946 -0.42842 0.11866 0.31338 0.62173 0.099142 -0.20063 -0.61369 0.041028 -0.706 0.78756 -0.23398 6.8794e-05 -0.06399 -0.80096 -0.52484 -0.40465 -0.041577 -0.41771 -0.18958 -0.14362 -0.032056 -0.0038765 0.69506 0.4743 0.56553 -0.03983 0.13792 0.098617 -0.08639 -0.10896 0.34285 -0.46966 -0.44385 -0.46339 0.41632 0.099297 -0.62596 0.3805 -0.51876 -0.46428 0.24889 -0.50297 -1.2412 0.51565 0.84886 0.10909 -0.32472 0.39958 0.0043399 0.18217 -0.16467 0.053263 0.06095 0.12716 -0.091631 -0.88301 0.57898 0.58906 -0.054606 0.46712 0.088655 -0.0075095 0.64218 -0.006974 -0.30304 -1.0445 -0.086325 0.35321 0.17595 0.37572 0.411 0.036038 0.19964 -0.35054 -0.021612 0.33112 -0.67842 0.25195 0.41767 -0.69309 -0.66819 0.099882 0.18915 0.16251 -0.59261 0.03107 -0.27628 -0.123 0.13218 -0.12232 -0.047097 0.26885 0.1617 0.006465 -0.18318 0.50575 -0.47465 0.76873 0.24665 -0.14206 -1.7548 0.0021438 1.1069 -0.10499 0.084893 -0.054312 0.35594 -0.48866 -0.15047 -0.76129 -0.03701 -0.014646 -0.026019 0.37144 0.51631 -0.32178 0.83688 0.35498 -0.050971 0.016537 0.42007 0.32379 -0.085129 -0.4315
tel 0.36754 -0.38398 -0.12157 0.13297 -0.20188 0.32131 -0.85675 -0.47923 -0.37302 -0.86113 -0.039868 -0.50103 0.62962 0.071986 0.53999 0.56792 -0.25558 0.48072 -0.14383 0.1801 -0.43676 -0.62338 0.11921 -0.30841 -0.22589 0.59008 0.10969 0.14419 -0.50008 -0.84601 0.18345 -0.64444 -0.21066 0.5195 0.12192 -0.62884 -0.15523 0.41255 0.17594 -0.23276 1.0352 0.5886 -0.31596 0.28902 0.0085329 0.18283 0.23393 -0.094829 -0.20189 0.039411 -0.32007 -0.40328 -0.62303 -0.30355 -0.46484 0.62578 -0.63095 -0.32835 0.077219 -0.40098 -0.15021 0.61561 -0.52587 -0.21369 -0.44552 0.79031 0.0014939 0.60733 -0.34554 -0.037134 0.13197 -0.72046 0.93045 0.29322 -0.5491 -0.024304 0.21914 -0.44784 0.045678 -0.21744 0.25254 -0.67351 -1.2074 0.22578 0.0016095 -0.15293 -0.23041 0.39981 0.26252 0.26101 -0.22965 -0.42659 0.56445 -0.070152 -0.22681 0.62258 0.31311 0.0064349 0.097905 -0.77321 -0.28812 0.13695 0.8698 -0.19142 -0.38877 -0.30931 1.0827 -0.25062 0.20305 -0.37719 -0.45849 0.18095 -0.40982 -0.51136 -0.11587 -0.57204 -0.052142 -0.50937 -0.36594 -0.61388 0.40565 0.3421 0.3326 -0.74499 -0.30343 0.16363 0.48504 -0.20513 -0.088324 -0.935 0.26529 0.11472 -0.057745 -0.29654 0.12469 -0.16645 -0.21455 0.69077 0.47547 0.11994 -0.1841 -0.25181 0.23323 0.33847 -0.42951 -0.28069 0.33048 0.18639 -0.58897 -0.40984 0.1288 -0.27001 0.21429 0.51213 -0.0055845 0.24649 -0.35156 0.38143 1.0997 -0.13041 -0.042589 0.34778 -0.28047 -0.16477 0.23409 -0.37112 -0.4537 0.57405 -0.60945 0.023067 -0.0087468 -0.4943 0.38524 -0.0793 -0.26834 0.039752 -0.15132 0.23126 0.098867 0.062082 0.14415 -0.22996 -0.7101 0.17974 -0.077227 1.0432 -0.45356 0.58211 0.36867 0.41389 0.76576 -0.81625 -0.28318 -0.41588 0.056307 -0.14341 -0.0013151 -0.60888 -0.63907 0.58486 0.52768 -0.15983 -0.33944 0.43622 -0.35089 -0.184 0.006559 -0.35611 0.35471 -0.48458 -0.48068 0.096339 -0.52864 0.10669 0.031305 -0.22854 0.28523 -0.39019 -0.054298 -0.15772 0.6976 -0.14012 -0.53755 0.37857 -0.40258 -0.12476 -0.57037 -0.67512 0.42464 -0.3611 0.32456 0.47299 0.51476 -0.61195 0.8739 0.37135 -0.78188 -0.024489 0.32372 0.42277 -0.15539 0.13028 0.33315 -0.037292 0.26659 -0.20656 0.045094 -0.27305 -0.18599 -0.28949 0.067661 0.47737 -0.35042 0.92532 0.11423 0.25828 -0.39162 0.26031 0.19453 -0.62599 0.13901 -0.026871 0.78315 0.42669 0.44838 0.021781 -0.039306 0.0045368 -0.25888 0.068063 -0.36967 0.061044 0.45475 -0.18285 0.0036334 -0.38915 -0.71655 0.15434 -0.0905 0.26387 -0.59315 -0.0003803 0.016336 -1.1024 -0.19934 0.82262 0.7664 0.67492 -0.043786 0.40138 -0.22309 0.21977 0.1076 0.43617 1.0895 0.037144 -0.18845 -0.97597 -0.55393 -0.29495
bangkok 0.051877 -0.17597 0.17354 -0.30258 0.15638 -0.54839 0.62051 0.37884 -0.28274 -0.67153 -0.27427 -0.26862 -0.15417 0.41684 0.3983 -0.32671 0.10402 0.86099 -0.16151 -0.43137 -0.42998 -0.44672 0.035498 -0.41527 -0.27328 0.3994 -0.41653 -0.023129 0.39017 -0.58781 0.37374 -0.56405 -0.12421 0.58295 0.057661 -0.21575 -0.54376 -0.42831 -0.31334 0.10335 -0.19799 -0.45236 -0.45414 0.53369 0.23855 -0.10294 0.030819 -0.15938 -0.70414 0.068024 0.3953 -0.38914 0.7321 -0.19985 0.22945 -0.051251 0.10594 -0.14902 -0.73005 -0.83543 -0.052565 -0.13324 -0.43527 0.023347 0.064104 0.50503 0.25949 0.22924 -0.36709 -0.5406 -0.17191 0.35381 -0.18681 -0.48651 -0.042175 0.47881 0.64787 0.049583 0.53081 -0.084781 0.48755 -0.38275 -0.93018 0.48786 -0.53187 -0.25788 -0.24857 -0.24009 -0.10619 -0.058162 -0.22187 -0.26926 0.16638 -0.093286 0.46753 0.2903 0.1692 0.40634 0.10939 -0.084212 0.048297 -0.30178 -0.53912 0.074295 -0.38321 0.19323 -0.26445 0.0071463 -0.067032 0.62286 -0.39636 -0.87405 -0.17226 -0.18089 0.79823 -0.43729 0.32734 -0.49016 -0.010084 -1.1039 0.29979 -0.12847 0.0037908 -0.24597 -0.87689 0.063214 -0.11022 -0.66443 -0.11283 -0.37395 0.24745 0.51641 0.37784 -0.03354 -0.16237 -0.29801 -0.28464 -0.32527 0.70386 0.11841 -0.38038 0.57395 -0.12512 -0.052843 -0.37815 -0.17017 0.24593 0.55832 -0.38673 0.2108 0.72737 0.15042 0.42256 0.43433 0.38533 0.57422 -0.64869 -0.14488 0.18386 -0.25953 -0.45401 0.18337 0.32925 -0.27572 0.16041 -0.20847 0.40796 0.12116 0.21118 -0.1018 -0.94026 -0.4703 -0.31982 -0.65206 -0.91019 -0.43003 0.024497 0.15997 -0.014248 0.19573 -0.58323 -0.073959 -0.56991 0.025831 -0.45532 -0.044036 0.137 0.77971 -0.12651 -0.16706 -0.25979 0.0090729 -0.84587 0.063224 0.25901 0.13208 -0.085334 -0.099411 -0.29736 0.35899 0.46933 0.11999 -0.50851 0.41503 -0.81274 0.2883 0.6996 -0.60135 -0.23249 -0.10282 -0.152 -0.29587 0.11863 0.017213 0.014838 0.15211 -0.21849 -0.58197 -0.42292 0.090514 0.51983 -0.8576 -0.078333 0.32855 -0.85798 0.23835 -0.017312 -0.034472 -0.34657 -0.18477 -0.097854 0.032228 0.28882 -0.47895 1.0691 0.27096 0.28129 0.15781 0.37456 0.18553 -0.058941 0.21945 -0.32518 0.72453 0.35407 -0.36159 0.22638 -0.040719 -0.36146 0.14225 0.18046 -0.12124 -0.25602 0.30761 -0.035361 -0.27395 0.21878 0.41748 0.30166 -0.713 0.001722 0.23246 0.034675 0.023557 0.48022 -0.19085 0.58186 -0.19963 -0.31934 0.23455 0.026767 0.51431 0.23922 0.16261 -0.038654 -0.25778 -1.2389 -0.47476 0.33327 0.38859 -0.029608 -0.74994 0.042316 -0.49923 -0.77337 -0.23487 0.055478 0.54337 -0.70987 -0.035907 0.11398 0.066266 -0.4673 0.26819 0.52717 0.66616 -0.11537 -0.36777 -0.62716 0.09789
sarajevo 0.83626 -0.17024 0.12832 -0.30384 0.23358 0.73525 0.012646 -0.45499 0.33865 -1.1457 -0.35243 -0.62519 -0.16394 0.48898 -0.13079 -0.80758 0.049581 1.0255 -0.093039 -0.46438 0.57044 -0.29289 0.70961 -0.01841 0.14522 0.085105 0.33742 0.04454 0.21777 -0.020869 0.1037 -0.84848 0.044092 0.71196 0.65738 0.38649 -0.55923 0.66563 0.032935 0.40603 0.39048 -0.24424 0.10419 -0.13502 0.34345 0.48574 -0.43469 0.40485 -0.38888 0.65769 0.075869 -0.47495 -0.3372 0.86814 -0.040284 -0.26072 -0.26734 0.10358 0.40308 0.33066 -0.51588 0.095634 -0.093469 -0.14612 0.64166 0.7375 -0.10492 0.11193 0.045369 -0.64342 0.36043 -0.83988 0.099731 -0.34289 -0.17533 0.62834 0.48213 0.85663 -0.0293 -0.31768 -0.13069 -0.63286 0.70897 0.18068 -0.65081 -0.56394 -0.59516 -0.049208 -0.37342 -0.37252 -0.075799 0.031165 -0.12544 0.30295 -0.55643 0.62264 0.004936 0.42963 -0.50448 0.85911 -0.63238 -0.45178 -0.29207 0.56101 -0.26031 -0.2679 1.0502 -0.16181 -0.26085 -0.11288 -0.087397 0.17912 0.78497 -0.19763 -0.22784 -0.14276 -0.41445 -0.11101 0.66658 -0.54144 0.42018 -0.42525 0.70336 0.095739 -0.27106 -0.142 0.71252 -0.21271 0.23368 0.1646 0.22454 0.11187 0.095182 -0.10122 0.47525 0.49447 0.33536 -0.31298 0.75468 0.37197 -0.60103 -0.4952 -0.26337 -0.21108 -0.45191 -0.24053 1.1511 0.31698 -0.94518 -0.28332 0.22463 -0.74817 -0.049535 -0.072825 0.88922 0.61925 0.32644 0.18393 0.16882 0.13619 -0.33953 -0.45309 0.36922 -0.82147 -0.76768 0.57346 -0.016889 -0.23608 0.165 -0.30601 -0.43674 -0.056622 0.77513 0.28001 0.083436 0.9044 0.17939 -0.44799 -0.5125 1.0081 -0.52713 -0.14503 0.0019141 -0.43797 0.14483 0.75794 -0.66387 0.10038 -0.39655 0.26234 0.1761 -0.38372 -0.48443 -0.59654 0.20995 -0.27763 -0.49783 -0.044521 0.54869 0.43889 0.58326 -0.21509 -0.12112 0.46158 0.18524 -0.37729 -0.62669 -1.1817 0.91532 0.49036 -0.46243 0.60878 0.30122 -0.0054781 -0.149 -0.023737 0.28383 -0.058842 0.14332 -0.20119 0.29296 -0.70574 0.73197 0.52073 -0.27016 0.11253 0.012872 0.099273 0.44709 -0.70203 0.55774 -0.075113 0.10805 -0.55385 0.41215 0.044745 -0.21651 0.012975 -0.70837 -0.45155 0.10687 -1.1196 0.16959 -0.66497 0.34184 0.16098 -0.2685 -0.099171 -0.11626 -0.25318 -0.21175 0.6091 0.57072 -0.20956 -0.027723 -0.078097 0.022475 0.0014103 -0.034001 0.26654 0.68543 0.10935 -0.0072726 0.095022 -0.022884 -0.48547 -0.038577 0.13634 0.019261 -0.3448 -0.33803 0.10692 -0.34253 -0.0080371 0.59326 0.60867 -1.7244 -0.64231 -0.15635 0.21275 0.23075 0.062028 0.20446 0.075686 0.34309 -0.21693 -0.33154 -0.17751 -0.36209 -0.51142 0.87635 -0.31872 0.66617 0.44718 0.038043 -0.12079 -0.39648 -0.22645 -0.16692 0.2672
manila -0.11528 -0.25058 -0.23829 -0.82687 0.32449 -0.14142 -0.11975 0.44491 0.053382 -0.86521 0.3284 0.52147 0.61273 0.34647 0.13159 -0.25101 0.17967 -0.34883 0.11973 -0.61615 -0.49389 -1.1012 0.063921 -0.38019 -0.68903 0.31687 -0.67917 0.26171 0.12389 -0.35852 0.13866 -0.1778 -0.095895 0.31159 0.37763 -0.26369 -0.39481 -0.67444 -0.24632 0.40923 -0.22272 -0.25045 -0.36864 0.91534 0.51594 0.048404 0.20087 -0.028995 -0.54042 0.33463 0.021502 0.51936 -0.32734 0.055253 0.29666 -0.0040559 -0.12132 0.42362 -0.10869 -0.25097 -0.23283 -0.11285 0.42285 0.22968 0.23225 -0.19299 0.61364 -0.193 -0.43532 0.27642 -0.10702 0.14092 -0.42388 -0.28309 -0.28456 -0.14851 0.29851 0.15097 0.45448 -0.11724 0.32226 -0.13898 -0.22166 0.68824 -0.20607 -0.30026 -0.16588 -0.70315 -0.18198 0.063734 0.036877 -0.37978 -0.037321 -0.091252 -0.025658 0.23949 0.060643 0.015633 -0.30642 -0.10311 0.055986 -0.45639 -0.45737 0.66926 0.19154 -0.094283 0.16354 -0.66717 -0.23871 0.18444 -0.57407 -1.1708 -0.043175 0.21721 0.85222 0.061086 0.10025 -0.23091 -0.40031 -0.32289 0.37399 -0.53214 0.043624 -0.39665 -0.44941 0.2813 0.12415 -0.25813 -0.36654 -0.20578 -0.16575 -0.26107 0.5876 0.0064762 0.38461 -0.31902 0.065292 -0.16388 0.41529 0.44845 0.11185 0.61206 -0.24187 -0.27693 -0.23188 -0.42762 -0.077274 0.07046 -1.0854 -0.39223 1.0557 0.26779 0.59208 0.94462 0.64576 0.10641 -0.38609 -0.28699 0.41949 -0.023188 0.2862 0.077088 0.37725 -0.078422 -0.16715 -0.68056 0.49977 0.052492 -0.24008 0.3345 -0.48611 -0.17973 -0.083222 -0.23891 -0.54263 -0.22679 -0.39433 0.79822 0.10515 0.091234 -0.13071 -0.11023 -0.60213 0.25762 -0.072131 0.42677 -0.12906 0.85158 -0.13773 0.26274 -0.14608 -0.099287 -0.11645 -0.21811 0.064513 0.046761 -0.1912 0.24043 -0.24116 0.49432 -0.091843 0.29322 0.24561 0.51393 -0.51074 0.31877 0.16899 -0.40782 0.23131 -0.3372 -0.51097 0.089148 0.064831 -0.09065 0.10895 0.73337 -0.048596 -0.92081 -0.019616 0.2234 0.85101 -0.66202 0.041282 0.33277 0.062035 -0.052537 0.31794 -0.17543 -0.14506 -0.49507 -0.078593 0.0066726 -0.21497 0.32446 0.56288 0.13532 0.27554 0.13135 -0.18471 0.20163 0.13896 -0.34639 -0.56638 0.058496 -0.070164 0.12605 0.47663 -0.2402 -0.079855 -0.19611 -0.86339 -0.095456 -0.054716 0.71286 -0.18293 -0.43635 0.86944 8.8416e-05 0.26436 -0.65954 -0.20622 0.29888 -0.07354 0.27795 0.90617 0.14091 0.2315 -0.28925 -0.15633 -0.56279 0.20184 -0.032594 0.17377 0.79568 0.14143 -0.024211 -0.9102 -0.015218 0.22621 -0.18722 -0.21823 -0.056103 0.29973 -0.69864 -1.0652 0.43809 -0.21157 -0.094185 -0.1132 -0.2944 -0.13846 0.46079 -0.38314 -0.095611 0.33882 0.78975 -0.42153 -0.48689 -0.59961 -0.57341
munich -0.065299 0.68223 -0.28597 0.17749 0.66852 -0.24637 -0.50639 -0.3163 -0.038302 -0.44255 -0.014461 0.51385 -0.050802 -0.22376 0.097587 -0.1028 0.5158 0.48285 0.40404 0.12763 0.37631 -0.059312 -0.19517 -0.063982 -0.8313 -0.18205 -0.16286 0.3691 -0.51314 0.23926 -0.098064 -0.60267 -0.14865 0.46677 -0.4589 -0.59853 0.014132 0.045986 0.17796 -0.15449 -0.11718 -0.44671 -0.40159 -0.59002 -0.13788 0.31313 0.3272 0.38751 -0.10259 0.19708 -0.11072 -0.31796 -0.84283 0.071238 0.64731 0.032631 0.19519 -0.43826 -0.068727 0.069697 -0.79834 -0.16921 -0.15321 -0.32438 0.11324 0.049375 -0.31337 -0.31162 -0.19687 -1.2158 -0.10681 0.39359 -0.097151 0.016207 0.058733 -0.37386 0.086395 0.42284 -0.39112 0.71832 -0.1679 -0.28952 -0.5829 -0.066023 0.12078 0.25357 -0.31855 0.10136 -0.50751 0.4383 0.31115 0.17117 0.44557 -0.14461 0.58617 0.0165 0.48674 0.61482 -0.43865 -1.0862 -0.040328 -0.50715 -0.032889 0.19018 -0.24342 -0.27474 0.73376 -0.29533 -0.26498 0.35764 0.12073 -0.24324 0.33903 -0.9001 -0.10578 0.035709 -0.36279 0.091465 -0.24938 -0.38955 0.1965 0.26409 0.76264 -0.11694 -0.32891 0.14368 0.41767 -0.053036 -0.44534 -0.25611 0.025606 0.5076 -0.044605 0.26141 -0.10118 0.011779 -0.34025 0.060322 -0.11052 0.38309 0.011606 0.31945 -0.2261 0.089194 0.97188 0.17143 0.28638 0.17571 -0.38168 0.14237 0.59816 0.61204 0.16883 0.09504 -0.01093 -0.015071 0.43919 -0.20765 0.0034104 -0.42376 -0.26162 -0.12247 0.19526 -0.41094 0.4693 0.91323 0.31381 -0.24943 0.68518 0.14014 -0.087229 -0.27019 0.006223 -0.49264 -0.29223 0.019554 0.71457 0.39111 0.38788 0.66183 0.45057 -0.2761 -1.1617 -0.24234 0.5299 0.36837 -1.4064 -0.30719 0.33062 0.253 0.51326 -0.42851 -0.13697 -0.21524 -0.11985 -1.2376 0.32597 -0.27535 -0.041297 0.53778 0.86291 0.14916 -0.51472 -0.14451 -0.50094 -0.71205 -0.64218 -0.49094 -0.91789 -0.62942 -0.16149 0.078731 -0.32403 -0.15769 0.83576 0.14016 -0.12192 -0.31837 -0.28076 -0.602 0.15191 0.033876 0.21745 0.56511 -0.66656 0.014914 -0.6208 -0.11984 -0.24667 -0.015454 -0.0282 0.54854 0.56988 -0.34426 0.2966 -0.20526 -0.25516 0.21485 0.21857 0.71785 -0.6569 -0.0015201 -0.33212 -0.56481 0.19981 0.60862 0.040506 0.067907 0.11799 0.0084207 -0.011739 0.24424 0.32384 0.81657 -0.098415 0.11743 -0.080388 -0.97693 0.74904 -0.31804 0.29751 0.34434 0.94165 0.74872 0.10442 0.27749 -0.32239 -0.086195 0.50798 -0.11438 0.51313 0.24688 -0.072435 0.39615 0.078811 -0.21109 -0.84001 -0.41039 0.20977 -0.10005 -0.73011 0.081425 -0.099342 0.081909 0.77696 0.29633 0.085528 0.45899 -0.2851 0.12157 0.080115 0.42291 0.16407 -0.091805 0.21641 0.26702 0.33165 -0.28352 0.21529 0.59096
cincinnati 0.30189 0.13383 0.20489 0.49931 -0.13259 0.25437 -0.15086 0.09886 0.3108 0.78577 0.14843 0.092291 -0.35124 -0.39368 1.0935 0.14102 -0.10233 -0.2235 0.68115 -0.050143 -0.054999 -0.58289 -0.40371 -0.20674 -0.47392 -0.047132 -0.2396 -0.034067 -0.41874 -0.17651 -0.33778 0.10351 -0.14636 0.082214 -1.2218 -0.056427 -0.47542 0.14704 -0.54005 -0.38138 0.23055 -0.24076 -0.073373 0.61305 -0.40251 0.25409 0.12206 -0.20741 -0.16395 0.098926 -0.21008 0.31624 -0.1469 0.3291 -0.19059 -0.96651 0.56076 -0.039444 0.058964 -0.42299 -0.29827 -0.14985 0.21284 0.19739 -0.60516 -0.78265 0.38893 -0.24853 -0.098238 -0.49344 0.79828 -0.4998 0.20357 0.57597 -0.26492 -0.38153 0.13585 0.49475 0.26005 0.42656 -0.59687 -0.32274 -0.58257 -0.079529 -0.34094 0.52344 -0.035554 -0.26275 -0.51739 0.36818 0.6283 0.10426 -0.14697 -0.15946 -0.060036 0.045277 -0.12766 -0.091017 -0.13887 -0.79519 -0.19491 -0.18703 0.037219 -0.05273 0.30869 -0.13441 0.40157 0.24268 -0.078923 0.1837 -0.09743 -0.68606 -0.14341 0.34258 -0.03534 -0.17217 -0.020989 0.30225 0.37935 0.41475 0.53585 0.18065 0.38942 -0.69999 -0.87654 -0.60421 0.55076 -0.38723 -0.15484 0.45441 -0.012717 0.54754 -0.096189 -0.043691 -0.86649 0.12192 0.21091 0.22773 0.10061 0.19481 -0.35754 0.30658 0.33127 0.30883 0.21818 -0.066337 -0.65619 0.47548 -0.20567 -0.071019 0.89233 -0.72395 0.55722 -0.0095901 0.23873 -0.070557 0.21727 -0.21995 -0.53403 0.17994 0.389 0.24445 -0.48535 -0.031362 0.22147 -0.21828 0.37219 0.55889 0.12675 0.52691 -0.11856 -0.66012 -0.46309 0.53055 -0.16643 0.41402 0.28523 0.37328 -0.12872 0.61429 0.1698 0.67285 -0.13349 0.29532 -0.48277 0.20403 -0.50841 0.26237 0.14114 -0.048831 -0.45969 0.49819 0.19384 0.35404 0.026293 -0.74548 0.78798 -0.19684 0.3294 0.33007 1.0389 0.59624 0.35766 -0.40471 -0.30803 -0.55815 0.23046 -0.34589 0.28217 -0.15186 -0.01272 0.73055 -0.51398 -0.26991 -0.03984 0.16347 -0.33451 0.10982 0.37632 -0.8234 0.5478 -0.24003 0.073253 -0.48574 -0.31472 -0.072458 -0.077323 0.24228 0.23639 -0.016572 -0.12208 0.53681 0.3146 -0.25501 -0.42141 -0.006674 0.32116 -0.28437 -0.44137 -0.14289 -0.66704 -0.025646 -0.25696 0.24123 -0.21807 -0.32733 -0.04083 0.66365 0.33445 -0.087959 0.35171 -0.061129 0.19734 0.1724 0.50076 0.12004 0.17556 -0.11166 0.47181 -0.031822 -0.32929 0.097016 -0.33901 0.049292 -0.1733 0.11061 -0.038511 0.79783 0.342 0.21558 -0.28883 0.35831 0.73473 0.35886 0.36444 -0.35511 -0.33651 0.70346 -0.29325 0.99799 -0.32256 0.33014 0.088123 0.037751 -0.12763 0.32101 -0.14605 0.067584 0.051395 -0.12061 0.025049 -0.65749 -0.44348 0.51183 0.034638 -0.077257 0.088078 -0.20647 0.35023 0.32057
vancouver 0.3077 -0.29207 -0.2285 -0.47684 -0.097195 0.14756 -0.29399 0.23894 -0.35465 0.50166 0.33197 0.078351 -0.1859 0.9338 0.20722 0.3911 0.092926 0.16295 -0.19424 0.051055 -0.8884 -0.26228 0.30894 -0.28366 0.20372 0.07679 0.17039 -0.48936 -0.52786 -0.073923 0.15692 0.027776 0.092706 0.3857 -0.47807 -0.20614 -0.3983 0.51778 0.44938 -0.12436 -0.53621 -0.091815 -0.20199 0.40567 0.27569 0.62131 0.046162 0.22351 -0.33741 0.044709 0.13544 0.32602 -0.1582 -0.30781 0.01544 0.573 0.32186 0.36056 -0.18945 -0.3141 -0.58298 0.62427 -0.34659 -0.62945 0.72802 -0.60282 -0.71908 0.017976 -0.094663 -0.20339 -0.12279 -0.13758 0.13081 0.44139 -0.77506 -0.13239 0.18054 0.32195 0.56912 0.5068 -0.8731 0.10737 -0.33377 -0.6561 -0.58703 0.050948 -0.41884 -0.15615 -0.46938 -0.28215 0.024168 0.13805 0.27342 -0.19778 0.50511 0.0369 0.11015 0.098352 0.067949 -0.85843 0.19422 -0.071233 -0.6695 0.28272 -0.37794 -0.023679 0.076266 -0.13839 -0.66373 0.56746 -0.19936 -1.0285 0.12399 -0.18681 -0.19602 -0.12964 0.074043 0.05386 0.27767 0.19827 0.16198 0.36274 -0.34441 -0.44431 -0.3078 -0.32093 -0.090004 -0.32993 0.78409 -0.63018 0.11839 -0.092851 0.37183 -0.53286 0.10333 0.4285 -0.51101 -0.50786 0.16661 0.2239 0.29536 0.5843 -0.73746 0.33409 0.20044 -0.42327 0.99254 -0.050194 0.0034989 -0.37502 0.76194 0.021457 0.27035 -0.1053 0.021647 0.1549 0.05151 0.096284 -0.19882 -0.052778 -0.16719 0.061196 -0.16175 -0.52252 0.35069 -0.079711 0.36534 0.16754 0.15075 0.40949 -0.087717 0.092805 -0.82931 0.15674 -0.12288 -0.011838 0.17605 0.11377 -0.054342 0.54887 -0.39867 0.35413 0.25015 -0.21267 0.092565 0.35246 0.064401 -0.36687 -0.53161 -0.024253 0.16161 -0.029568 0.098017 -0.40102 0.045256 -0.082673 0.22839 0.078968 0.17722 0.57342 1.0985 -0.07404 -0.28445 -0.25413 -0.40672 0.33819 0.074934 0.27601 0.62362 -0.028978 0.24076 -0.072443 0.0319 0.78094 -0.18085 -0.022009 0.34405 0.075184 -0.35482 -0.75182 0.79504 0.12901 0.12228 -0.38461 0.12444 -0.04463 0.060879 -0.47138 0.16962 0.34199 -0.028048 0.87631 0.15987 -0.3316 0.030647 0.095956 -0.21597 -0.058707 0.071497 0.68205 -0.33354 0.19454 -0.063209 0.088271 -0.23427 -0.34411 -0.35652 0.6451 0.043503 0.50449 0.045178 0.56836 0.26653 0.2862 0.037367 0.10961 0.25893 -0.19203 -0.0025183 0.10964 -0.54539 -0.060271 0.23767 0.65983 -0.085641 -0.061441 0.81413 0.4278 -0.23302 -0.50873 -0.14875 0.16903 0.31598 0.096647 0.47778 -0.092197 -0.91078 0.094736 0.42124 -0.043734 -0.22654 0.05131 -0.32558 0.25233 -0.72741 0.48624 0.35335 0.0010821 -0.1131 0.12284 0.32975 0.41974 -1.0313 0.098955 -0.46642 0.38914 -0.071714 0.16472 -0.066886 0.30743
quebec -0.19995 0.079457 -0.12579 -0.17611 -0.34483 0.37739 -0.17332 0.049417 -0.42406 0.087148 0.41288 -0.32354 -0.2726 0.25333 0.35451 0.89124 -0.38614 0.18018 0.43807 0.44474 -0.56589 0.34278 0.37787 -0.20741 -0.45987 -0.19309 0.12121 -0.39126 -0.22169 0.31541 -0.14766 -0.18677 0.4934 0.23133 -0.29246 0.22002 0.26752 0.39413 0.06177 -0.047588 -0.79611 0.2488 0.69274 0.41601 -0.16014 0.5114 -0.30457 0.43674 -0.38136 0.62946 -0.19132 0.2998 0.16245 -0.44483 0.31906 -0.061498 -0.0097935 0.093952 0.43936 0.31903 0.093763 0.20898 -0.43529 -0.40855 -0.0023158 -0.56223 -0.57581 -0.060133 -0.22968 0.14473 -0.017852 -0.45887 -0.036355 0.24482 -0.39374 -0.23927 0.15347 0.087155 -0.19442 -0.25023 -0.62007 -0.43257 0.084058 -0.20022 -0.55697 -0.57421 0.15304 -0.14493 -0.83824 0.47918 0.16038 -0.12264 -0.020242 0.019045 0.061287 -0.10102 0.42788 -0.47701 -0.32341 0.14659 0.21956 -0.031611 -0.061269 0.4058 0.36993 0.43103 -0.29895 0.2894 0.3989 0.89065 0.12282 -0.52186 0.087098 -0.26369 -0.41087 -0.95299 0.74245 0.28782 0.0017763 0.60865 -0.099584 0.74728 -0.23056 -0.45769 -0.28152 -0.20352 0.44637 0.096053 0.64401 -0.099204 0.052519 -0.5125 -0.21558 -1.0844 1.2339 0.29433 -0.14516 0.17827 0.46488 -0.58064 0.24906 0.24688 -0.063813 0.70561 0.19475 -0.37864 0.31576 -0.27401 -0.13119 0.095483 0.79299 -0.12226 -0.094215 -0.21589 0.79677 0.17337 -0.67583 -0.22395 0.039492 -0.29802 -0.09256 0.31815 -0.28172 -0.041233 -0.2386 0.49221 0.17412 -0.34306 -0.3261 0.38307 -0.33114 -0.058728 -0.65514 -0.16621 0.44506 0.24033 -0.034341 0.27274 -0.27414 0.56899 -0.19844 0.0019914 0.61548 -0.025925 0.5587 0.48763 -0.05874 0.32787 -0.26158 2.497e-06 0.25489 0.021098 0.26696 0.27815 -0.042222 -0.26817 -0.3555 -0.22574 0.49707 0.42881 0.39271 -0.30476 -0.49886 -0.85846 -0.57982 -0.38859 0.029122 0.42454 0.23499 0.51875 0.22416 0.14812 0.77641 -0.24053 -0.1113 0.39013 -0.10215 0.080169 0.74409 -0.28711 -0.060916 0.72964 0.12627 -0.58521 0.26221 -0.1876 0.62825 -0.32101 -0.062127 -0.48132 0.36911 0.20229 -0.35894 -0.52742 -0.20276 -0.74889 1.0678 -0.037391 -0.18421 0.19244 -0.1432 -0.41271 0.86015 -0.077418 -0.66876 -0.16623 -0.040878 -0.2757 0.025694 -0.14856 0.52675 -0.3461 0.28599 0.33138 -0.26925 0.16836 0.18574 0.27191 0.042569 0.073139 -0.019147 -0.37352 -0.06947 1.0758 0.1669 0.14623 0.16024 0.20328 -0.29223 -0.53699 -0.29683 0.043008 0.059519 -0.45765 0.57536 0.47288 -0.86784 -0.1354 0.56733 0.33261 0.86077 -0.16306 -0.64613 -0.3226 -0.50604 0.67804 0.42493 0.19075 0.27145 0.64383 0.13542 0.11377 0.099933 -0.40593 0.55478 0.34772 -0.084779 -0.083087 0.41775 -0.074272
dublin 0.46107 0.22399 0.28797 0.22865 -0.15996 0.26446 0.41133 0.032755 -0.30974 -0.292 -0.47242 -0.4306 0.35172 0.011766 0.52557 -0.089629 -0.28488 -0.075765 0.18916 -0.026386 -0.9241 0.12345 -0.50177 -0.13859 -0.11597 -0.093678 0.24523 0.26974 -0.92604 0.54048 0.15957 -0.40522 -0.082684 0.7861 -0.61345 0.46161 -0.48742 0.69096 -0.70866 -0.47058 -0.54947 -0.32714 0.07073 0.77658 -0.26335 0.36615 0.13505 0.18373 0.048337 -0.53672 -0.41407 0.17944 -0.031585 0.53432 0.58701 0.053771 0.30038 0.57198 -0.34219 -0.49666 -0.35416 -0.37622 -0.635 0.63348 0.17056 -0.076181 0.26613 0.54033 -0.097012 -0.64054 -0.1394 -0.41289 0.42014 0.30867 -0.43999 0.012654 -0.35395 -0.1084 -0.51414 0.22202 -0.13587 -0.31507 0.23402 -0.075641 -0.22412 -0.49846 0.080207 0.19878 -0.22732 0.43362 0.46155 -0.053413 -0.42947 -0.22202 0.064008 0.47591 0.43184 -0.1012 -0.49759 -0.26001 -0.40453 -0.1768 -0.053852 0.42289 -0.078632 0.20278 0.55114 0.17787 0.20008 0.50194 -0.022618 -0.40588 0.83017 -0.081264 -0.15849 -0.79296 -0.29156 -0.28246 -0.51144 -0.90129 -0.23467 -0.075181 -0.11812 -0.40805 -0.0674 -0.26984 0.48683 0.10799 -0.19694 -0.084808 0.28334 -0.058046 0.13058 -0.20605 -0.19899 0.33905 0.21021 -0.14833 -0.17178 -0.39785 0.20923 -0.32445 -0.35422 0.24875 -0.13558 0.18803 0.25052 0.031844 -0.65859 -0.20927 0.67313 0.11133 0.11004 0.30447 0.070114 0.35424 -0.36054 0.42923 0.64795 -0.082468 -0.28994 0.54519 0.080616 -0.66184 -0.70604 0.49812 0.17739 -0.41007 0.61007 0.0060949 -0.12677 -0.17266 -0.21288 0.25146 -0.24346 -0.45106 -0.19424 -0.27656 0.060898 0.16586 -0.44296 -0.21993 -0.18967 0.17468 0.62249 0.31809 -0.53344 0.017254 0.34999 -0.78098 -0.3618 0.047564 0.54728 -0.66847 -0.41765 -0.31706 -0.065959 0.2141 -0.37689 0.27212 0.46723 -0.20967 -0.4531 0.22592 0.060744 -0.29751 -0.089899 0.30979 -0.33904 -0.5617 0.54291 0.12266 -0.59297 -0.14614 -0.076703 0.16772 -0.40115 0.029594 -0.047291 -0.33189 0.078108 -0.018172 -0.25157 0.086941 -0.60504 0.046212 -0.10983 -0.63643 0.13173 0.19625 -0.19028 0.37988 -0.031577 -0.15017 0.23656 0.1016 0.10464 0.40561 0.30051 0.47355 -0.5396 -0.76907 0.37383 -0.38138 0.0049102 0.15665 -0.079784 -0.036144 -0.21346 -0.060169 -0.19346 0.27848 0.13129 -0.7916 0.30594 -0.044587 0.1117 -0.061059 0.31265 -0.15273 -0.37072 -0.029862 0.92662 0.82325 -0.1478 -0.25642 0.35083 -0.39944 0.05463 0.075929 -0.22449 0.47488 0.52466 0.10364 0.17999 -0.18497 -0.66684 -0.02591 0.56465 0.20875 -0.22973 -0.1234 -0.12896 -0.27181 -0.27724 0.11643 -0.21166 -0.21586 0.49257 -0.076927 0.68582 0.46405 0.012249 0.009765 0.4282 0.16993 -0.083913 -0.24526 -0.63301 0.18656
dubai 0.23923 -0.60267 0.12631 0.37387 -0.082864 0.51401 0.37459 0.50051 -0.065312 -1.1307 1.0132 -0.16309 0.32745 0.082088 0.60251 0.13047 -0.50998 0.45828 -0.057647 -0.19035 -0.63673 -0.52298 -0.17999 0.18769 -0.41223 -0.21357 0.042488 0.20072 -0.71118 0.041037 -0.37816 -0.21786 -0.19787 0.00047834 -0.26804 -0.44717 -0.057484 -0.0053117 -0.17013 0.12089 -0.62867 -0.60442 -0.47834 0.38748 0.45066 -0.067768 0.14435 0.25859 -0.0042769 0.13232 -0.19331 -0.34815 0.19415 -0.152 0.24297 0.20623 -0.024646 0.27421 0.32372 -0.18881 -0.45883 -0.036609 -0.31529 -0.54147 0.026665 0.5292 0.25712 0.31365 -0.080093 -0.21798 -0.27828 -0.11403 0.16203 -0.55998 0.080845 -0.25773 0.32653 -0.92744 0.26569 0.57461 -0.18973 -0.19235 -0.40629 0.11273 -0.3262 -0.091017 0.57768 -0.21068 0.0056285 -0.1697 -0.55526 0.065759 0.088423 -0.22656 0.14768 -0.43435 -0.40234 0.44842 0.45866 -0.52033 0.69554 -0.026862 -0.11728 -0.25442 0.090519 0.096047 -0.17853 -0.46335 -0.74284 -0.35342 -0.010161 -0.1191 -0.24466 0.49989 0.4035 0.14755 -0.099967 0.16475 0.20444 -0.47132 0.35504 -0.3373 0.27609 -0.019126 0.35237 0.011315 -0.24698 -0.11572 -0.011464 -0.1245 0.60973 0.30236 -0.23439 0.13319 -0.51039 -0.065848 0.12596 -0.43428 -0.96392 -0.76302 0.081121 0.072972 -0.082745 0.48662 0.72462 -0.35256 -0.36891 -0.061792 -0.44892 0.82258 0.56021 -0.013666 0.19406 0.61094 -0.082388 -0.32913 -0.019657 -0.083966 0.87451 0.46119 -0.037735 0.46725 -0.46464 0.09748 0.68436 -0.52209 1.1775 -0.17142 0.023205 0.65082 -0.52852 -0.26851 -0.22924 -0.059978 -0.17788 0.56988 -0.039729 -0.27057 0.49998 0.9593 0.26246 0.13502 0.50275 0.16319 -0.30703 0.62688 0.1588 -0.0046061 -0.017214 0.11716 0.21641 0.034873 -0.48802 -0.052369 -0.11333 -0.60401 0.47522 -0.019853 0.31922 -0.1262 1.0521 -0.16654 -0.34767 -0.092521 0.4434 0.16376 -0.075537 -0.1608 -0.044818 -0.77363 0.027742 0.89444 -0.4166 -0.28462 0.069572 -0.5429 -0.10233 -0.25454 -0.3132 -0.15298 0.84055 -0.095784 0.42787 0.050745 0.066747 -0.017139 -0.3495 -0.13631 0.043859 -0.23917 0.072619 0.37967 0.40379 0.34011 0.89707 0.66151 0.32007 -0.02596 0.58327 -0.31122 -0.16257 -0.16733 -0.50789 0.040766 0.29823 0.16289 -0.2773 0.085093 -0.30329 -0.28332 -0.015802 0.41297 -0.1997 0.16256 -0.28189 -0.55451 -0.035008 0.65922 -0.26067 -0.22408 0.28783 0.36692 -0.36708 -0.32337 -0.11314 -0.15524 1.3164 -0.72813 -0.11912 -0.40475 0.22785 0.54082 0.56334 0.39454 -0.18114 -0.83251 -0.6024 0.39402 0.22731 0.1069 -0.32845 -0.56434 -0.10997 -0.31893 -0.20931 -0.5841 0.40942 0.34741 -0.53402 -0.088802 0.26327 0.56922 -0.42445 -0.037171 0.90332 0.53926 0.2038 -0.050767 -0.80555 0.030037
portland -0.41333 -0.43958 -0.22259 -0.28284 -0.43999 0.50406 -0.1105 0.27105 0.23585 0.87956 -0.12643 -0.11862 -0.15843 0.21418 0.54901 0.053105 -0.16948 -0.28553 0.074038 -0.28552 -0.33585 -0.83964 -0.12868 0.34362 -0.19683 -0.2625 -0.249 0.15338 -0.61847 -0.17401 0.59889 -0.10567 -0.033951 0.18807 -0.7972 0.10199 -0.14412 0.18511 0.9239 -0.05871 -0.18117 0.17319 0.040582 0.13356 0.12417 0.17989 0.31614 0.40541 0.10677 -0.11442 -0.12582 0.36441 -0.24667 0.092774 0.16832 0.068932 0.13067 0.43467 -0.14127 -0.44548 -0.15994 0.41092 0.70997 -0.2939 0.28469 -0.53994 -0.54971 0.25928 0.30754 -0.45268 -0.047815 -0.11538 0.45517 0.48266 -0.75519 0.070854 0.25438 0.56601 -0.17314 -0.34883 -1.0278 0.43921 0.1736 0.38523 -0.21708 0.18718 0.34993 0.24209 -0.18216 0.21223 0.14232 0.20486 0.36062 -0.21171 -0.088226 -0.19643 0.17449 -0.031026 0.26488 -0.27202 -0.56549 -0.38044 -0.33712 -0.10624 0.025185 -0.088011 -0.11887 0.22485 0.18 0.32598 -0.25001 -1.0331 -0.20664 -0.68902 0.012254 0.34676 0.17952 0.10132 0.55356 0.56423 0.7183 -0.18367 -0.10999 -0.30835 -0.5165 -0.30332 -0.43661 -0.32837 0.29996 0.09686 0.6743 0.21442 0.43244 0.029947 -0.49568 0.48698 -0.21842 -0.13993 0.24172 0.11589 0.46313 0.40345 0.064415 0.11973 -0.30733 -0.072175 0.50403 0.06384 0.10485 -0.48605 1.3295 -0.28227 -0.46519 -0.30031 -0.46716 0.036427 0.63055 -0.021768 -0.31098 0.078891 0.037723 0.12487 -0.43604 -0.4579 -0.055962 -0.41122 0.48717 0.21068 -0.028962 0.87055 -0.12545 0.08449 -0.7749 0.2287 0.0021586 -0.10733 -0.034086 -0.075047 -0.12242 -0.18997 0.31709 0.55324 -0.20878 -0.10398 -0.47599 0.3942 0.2462 0.17364 -0.26405 0.20864 0.15174 0.32663 0.38471 -0.17645 -0.15417 -0.16287 -0.014089 -0.32292 -0.26547 -0.10568 0.92465 0.14497 -0.146 0.0078754 -0.31824 0.085832 -0.18081 -0.11062 0.12442 -0.16503 0.085516 0.9907 0.238 0.36717 -0.30607 0.7723 0.011965 -0.14707 -0.4771 -0.97444 0.38899 -0.21492 0.033503 -0.39547 0.16186 -0.036112 -0.1004 -0.10363 0.0040695 0.45288 -0.035846 0.26643 0.051922 -0.22852 0.029264 0.062188 -0.097009 0.13944 -0.099613 0.053576 -0.38997 -0.23393 0.082649 -0.10012 0.14959 -0.58903 -0.18779 0.35952 0.46933 0.34379 0.077576 0.0084419 -0.26134 0.39004 0.1715 -0.24091 0.30447 -0.071773 -0.030846 -0.23711 -0.21188 0.1756 -0.04229 -0.26631 -0.57638 -0.3135 0.37755 0.34576 -0.36935 -0.84211 -0.20832 -0.11174 -0.17217 -0.55657 0.32008 -0.39677 -1.0539 0.18779 0.18555 0.47296 -0.19077 0.091882 -0.22243 0.4264 -0.23182 0.24111 -0.02115 0.082232 0.60743 0.39042 0.35309 0.25013 -0.81985 0.27969 0.40982 0.17256 0.28915 -0.073659 0.0034622 0.36463
birmingham -0.27837 0.12398 -0.1581 -0.011405 -0.094239 -0.28825 0.5548 -0.23065 -0.18564 0.39922 0.43564 -0.11993 0.36965 0.33048 0.46731 0.043095 0.17318 0.16202 0.39637 -0.70853 -0.44454 -0.75823 -0.21097 -0.12894 -0.038575 -0.20563 -0.37562 0.40989 -0.22035 -0.37867 0.13885 -0.37564 -0.30853 0.47151 -0.77808 -0.51601 -0.36192 0.24506 -0.16674 -0.10863 0.1394 -0.2301 -0.16568 0.80782 0.72632 0.0065499 -0.1981 0.29083 0.12433 -0.2343 -0.45254 0.11426 -0.49137 0.31954 0.047263 -0.047186 0.64446 -0.23801 -0.36155 -0.10786 0.076684 -0.086349 -0.21019 -0.22133 0.32484 0.060922 0.16996 0.13015 -0.097622 -0.94124 0.064025 -0.27384 0.37343 -0.19046 0.082662 0.32641 -0.33862 0.74217 -0.19287 -0.087704 0.023946 -0.36642 0.034659 0.072996 0.13842 -0.50657 0.60666 0.071923 -0.0046832 1.105 0.74214 0.14492 0.73609 0.17616 0.051867 -0.21019 1.0293 0.25716 0.23455 -0.73435 -0.09537 -0.45765 -0.21837 0.12614 -0.68228 -0.15999 0.60402 0.09578 0.080078 0.38586 1.0517 -0.37974 0.31776 -0.11107 -0.23414 -0.18116 -0.31676 0.026327 0.034226 -0.20225 -0.48622 -0.1237 0.61927 -0.44457 0.14802 -0.23042 -0.25984 0.29267 0.12439 0.081596 0.93408 0.42088 -0.1583 0.22963 -0.35231 -0.046905 -0.091271 0.13545 -0.077294 0.0091217 0.36692 -0.29573 -0.24584 0.17979 0.03963 0.09477 0.20396 0.25617 -0.48065 -0.076491 0.36489 -0.12589 0.17809 -0.47241 -0.43128 0.5174 0.21731 0.26159 0.0098894 0.49475 -0.18488 0.40176 -0.13635 -0.45239 -0.063563 -0.37306 0.21678 -0.66659 0.73179 0.14344 0.13018 -0.075292 -0.18932 0.18849 0.39663 0.3218 -0.9937 0.11534 -0.37218 0.14929 0.16394 0.49554 -0.11298 0.20088 -0.17946 0.0022983 -0.49841 -0.0021015 0.29055 -0.18653 -0.10985 0.35036 0.34252 0.56959 -0.18366 -0.26112 0.38938 -0.68654 -0.5985 -0.23276 1.218 -0.19261 -0.37193 -0.43746 -0.57525 -0.80091 -0.23561 -0.75417 -0.34129 -0.31004 -0.14201 0.37102 -0.14376 -0.35974 0.3093 0.1776 -0.21978 0.17912 -0.039511 -0.73309 0.18274 -0.43126 -0.54392 -0.51124 -0.44499 0.066292 -0.022142 -0.038316 0.59448 0.36609 0.12729 0.50719 0.65383 -0.88887 0.20945 -0.031896 0.38937 0.51682 -0.00026831 0.16927 -0.31975 -0.37553 0.043624 -0.48261 0.21018 -0.07225 -0.38334 -0.41683 0.19343 0.48249 -0.30708 0.12847 -0.46357 -0.14995 0.45292 0.3094 -0.033648 -0.40634 0.57015 0.30023 -0.136 0.25843 0.48029 0.66184 -0.40256 0.32641 -0.096881 0.29167 -0.039681 0.37379 -0.29832 0.59006 -0.32657 -0.25773 -0.0073424 -0.065911 -0.7829 0.012027 0.083113 0.65481 -0.41907 0.057534 0.23448 -0.030866 0.01052 0.22462 0.22965 -0.0065981 -0.0077113 -0.25135 0.080466 -0.12136 -0.31165 -0.069484 0.52155 0.4653 0.27947 -0.26611 -0.65316 0.13617
orlando -0.0036889 -0.15477 -0.1321 -0.044659 0.053789 0.76154 -0.49195 0.16246 0.39377 0.97083 -0.25971 0.062414 -0.16553 0.14667 0.17573 -0.18634 0.067641 -0.064638 0.31057 0.32263 0.17941 -0.71634 -0.29666 -0.50945 0.5663 0.05811 -0.42606 0.039133 -0.387 -0.34418 0.34167 0.26315 -0.52531 -0.4611 -0.98564 -0.18308 -0.42425 0.33726 -0.080592 0.072262 0.041876 0.053448 0.0036223 0.53818 -0.13149 -0.055277 -0.051903 0.11841 0.37007 -0.023647 -0.14582 -0.0060765 -0.50233 -0.048602 0.21528 -0.31519 0.44914 0.32043 0.73065 -0.73318 -0.13787 -0.52683 0.0082855 0.90199 -0.12384 -0.055258 0.080474 -0.40585 0.43995 -0.38537 0.21562 0.28617 0.64986 0.13238 -0.1594 -0.10739 0.85275 -0.31396 0.39319 0.10528 0.012805 -0.14342 -0.22584 0.34491 -0.31277 0.1088 0.43725 -0.17943 -0.16326 -0.45022 0.21932 0.18449 -0.21925 -0.66869 -0.1078 -0.056466 0.080298 -0.48831 0.055432 -0.75282 -0.035408 -0.20679 0.052341 -0.050922 0.32982 0.032664 -0.60227 -0.080975 -0.056413 0.36323 0.44172 -0.91041 -0.31518 0.093946 0.017182 0.37588 -0.3081 0.22546 -0.22523 0.56309 0.26867 -0.18654 0.11451 -0.57176 -0.59223 -0.30154 0.094288 -0.40058 0.17873 -0.2508 0.32571 -0.19339 0.21123 0.35223 -0.43021 0.18437 -0.51281 -0.71749 0.056796 0.32057 -0.010126 0.27961 -0.22286 0.76492 -0.23145 0.24945 0.25582 0.11861 -0.35346 0.14482 0.76491 -0.25338 -0.083091 0.004557 -0.1411 -0.78213 -0.15191 0.28124 -0.26628 -0.17821 0.29713 -0.11612 -0.1401 0.14044 0.35086 -0.40745 -0.077185 0.40589 -0.10993 0.40272 0.040063 -0.3708 -0.71374 1.1303 -0.11613 -0.2466 0.14601 0.25043 -0.16152 -0.070895 0.087763 0.64479 0.059994 0.2498 -0.53074 0.26242 -0.65312 0.080734 -0.53675 0.56655 -0.11346 0.34779 0.072738 -0.46383 0.040582 0.30356 0.1653 0.1399 0.2667 0.31931 0.98263 -0.36665 -0.53232 -0.35052 0.28575 -0.41926 0.077186 0.29889 0.50422 0.14975 -0.456 -0.13066 0.0021679 -0.48574 0.35533 0.29153 0.23096 0.097135 -0.64787 -0.64866 0.88696 -0.016798 -0.13434 0.48317 -0.063491 -0.042242 -0.37038 -0.0013105 0.16218 -0.19181 -0.28478 0.29402 0.62791 -0.28968 -0.42355 -0.17058 0.25413 0.21228 0.21611 -0.080587 -0.27986 -0.15533 -0.27786 -0.17236 0.58662 -0.39552 0.218 0.14346 -0.077378 0.1005 -0.30995 0.61834 0.29923 0.42762 -0.0072802 -0.4195 0.043873 -0.73252 -0.27878 -0.23868 -0.65837 -0.32539 0.074338 -0.32499 -0.45948 0.01238 0.19838 0.8223 0.28984 -0.38731 -0.20574 -0.11882 -0.25356 -0.099803 0.25177 -0.36215 -1.1206 -0.059365 -0.36152 0.021155 -0.48952 0.51773 -0.1435 0.43369 -0.78668 -0.15621 0.17886 -0.13721 0.0089772 -0.16107 0.53138 0.0715 -0.4175 0.20829 -0.30582 0.1936 -0.15792 -0.34386 -0.72201 0.039055
milwaukee -0.012414 -0.24841 -0.39985 -0.61589 -0.33362 0.4786 -0.4035 0.10036 0.62197 1.1906 -0.13687 0.45793 -1.0067 0.22273 0.45838 0.1321 0.10133 -0.51371 0.62674 -0.1585 -0.36306 -0.91321 -0.35197 -0.07674 -0.0061947 -0.020232 -0.51035 -0.018153 -0.35362 -0.016579 0.026921 0.14291 0.20518 -0.29996 -1.3332 -0.10021 0.0061917 -0.030291 -0.10087 0.092335 -0.22335 0.49162 0.4073 0.37926 -0.12264 0.073637 0.21918 -0.021881 -0.41399 0.35764 -0.29897 0.33633 -0.2389 0.12566 0.26036 -0.47081 0.88953 0.095037 -0.027129 -0.36607 -0.31681 -0.38818 0.51773 0.096755 -0.19726 -0.28479 0.021795 0.38792 0.077058 -0.48533 0.64343 -0.14851 0.25215 0.64942 -0.61355 -0.2183 -0.16719 0.57408 -0.28808 -0.11919 -1.013 0.11054 0.19975 -0.083356 -0.48751 0.083596 -0.09978 0.032667 -0.61232 0.11245 0.81119 -0.11016 -0.44612 -0.24613 -0.33065 -0.18443 0.38213 -0.38825 -0.70059 -0.54192 -0.04738 -0.15161 0.14841 -0.31129 0.21887 -0.14488 0.39876 -0.021006 0.50889 0.71463 -0.51183 -0.99814 -0.47539 0.20381 0.11381 0.19087 -0.0075166 0.15732 0.30179 0.17565 1.0365 0.29195 0.27106 -0.57531 -0.43548 -0.85455 0.15136 -0.1415 0.089473 -0.09294 0.17406 0.25628 0.59942 0.40627 -0.83091 0.0085346 0.05166 0.089454 0.25542 0.0085615 -0.36167 0.40274 0.34581 0.15865 -0.12409 -0.094635 -0.064871 -0.15762 -0.20433 -0.050428 1.2977 0.094448 0.11745 0.062895 -0.26635 -0.49075 -0.29714 0.16259 -0.29745 -0.61404 0.24304 -0.097079 -0.67523 -0.61167 -0.019814 0.24993 0.42249 -0.084674 -0.087698 0.19941 0.31666 -0.29419 -0.73886 0.030753 -0.41816 -0.52925 0.44897 0.0038034 0.13438 0.21391 0.32036 0.4747 -0.16511 0.30393 -0.21488 0.57466 -0.092049 -0.25031 0.13772 0.14856 -0.25898 0.59482 0.4543 -0.033987 -0.43048 -0.66494 0.33919 0.12831 0.045538 0.10744 0.82281 -0.0055008 -0.099772 -0.28417 -0.65132 -0.41716 0.037281 -0.34922 0.37588 0.2473 0.16377 0.052344 0.054193 0.1492 -0.23627 0.61956 -0.26687 0.13846 -0.11536 -0.88375 0.292 0.2276 -0.13833 -0.22611 0.41642 0.10129 -0.45327 -0.12873 0.013047 0.058123 -0.054711 0.037374 0.017956 0.094182 -0.71273 -0.16085 0.26071 0.1734 -0.098097 0.53115 -0.01485 -0.024329 -0.27395 -0.31656 0.2509 -0.8229 0.43773 0.30134 0.4257 -0.015874 -0.1136 0.15415 0.39476 -0.1203 0.36392 0.09868 0.085236 -0.60615 0.25709 -0.46806 -0.80178 -0.19973 -0.28424 0.23074 -0.086018 -0.1878 -0.21926 0.56249 0.2967 -0.35681 -0.54114 0.040535 0.29018 -0.011463 0.27304 -0.40252 -0.71694 0.22969 -0.23101 0.14161 0.01535 0.6314 0.013989 0.35581 -0.49539 0.78681 0.12131 0.0087375 0.36228 0.053227 0.064577 -0.8544 -0.50456 0.5212 -0.19721 0.11652 0.018126 -0.27322 0.17693 0.41557
frankfurt 0.38115 -0.12064 0.10003 0.059969 0.43598 0.084454 0.31851 0.25476 0.10803 -0.9542 -0.19966 0.4802 0.28416 -0.25741 0.51123 -0.65171 0.16338 -0.030014 -0.02046 -0.11211 0.16643 -0.21535 -0.054504 -0.18492 -0.071012 -0.24034 0.4539 0.35703 -0.45186 -0.18043 -0.064954 -0.090513 -0.23605 0.8472 -0.82409 -0.67726 -0.06761 0.27743 0.09167 0.020102 -0.69927 0.19516 -0.58198 -0.46711 -0.059411 0.65782 0.57591 0.79718 -0.15414 -0.064777 -0.16484 -0.54285 -0.18769 0.30072 0.51575 0.085063 0.14403 -0.037304 0.39725 -0.5163 -0.49701 -0.19456 0.12263 -0.33986 -0.24377 0.16019 0.23921 0.11252 0.023287 -0.76103 0.12844 -0.046037 0.58058 -0.13362 0.0061221 0.059141 -0.14713 0.6372 -0.069864 0.40855 -0.15107 0.042923 -0.30949 0.32334 0.036439 0.66959 0.19623 0.20169 -0.63298 0.64493 0.15264 -0.64701 -0.081837 -0.49216 0.37151 -0.28061 -0.11519 0.75179 -0.42758 -0.42189 -0.4022 -0.49645 0.34977 0.03651 -0.14124 -0.58794 0.7718 0.094872 -0.3722 0.30195 -0.55517 -0.14754 0.17953 -0.21885 -0.22988 0.46923 -0.45065 -0.039569 -0.21492 -0.69889 0.48237 -0.44035 0.51951 -0.41918 -0.79306 -0.19348 0.21218 -0.22946 -0.19453 -0.64216 0.14654 0.4297 -0.44796 0.036803 -0.024523 -0.45391 0.64506 -0.33668 0.1505 0.33568 0.20041 -0.059657 -0.031819 0.20943 0.38092 0.18022 0.21018 -0.015102 -0.71901 0.57264 0.65476 0.73665 0.38122 0.25949 0.27048 0.42389 -0.38564 0.21223 0.25392 0.18537 -0.55087 0.053346 -0.032546 -0.29361 0.69348 0.83239 0.81067 -0.27269 0.31173 -0.064508 0.31487 -1.1965 -0.35385 0.04668 0.075979 -0.24839 0.45323 -0.036598 -0.028525 0.67871 0.63448 0.13066 -1.0946 -0.32153 0.56592 0.048211 -0.77801 -0.21765 -0.074968 -0.099869 0.40022 0.2734 -0.34685 -0.23529 -0.41678 -0.89843 0.14372 -0.51739 -0.53707 0.56781 0.2532 0.15035 -0.64685 0.56304 -0.38041 -0.3056 -0.50448 -0.61215 -0.34469 -0.78981 -0.035798 -0.20169 -0.54731 0.028028 0.16742 0.60941 -0.21744 0.50817 -0.30248 -0.41784 0.18824 0.038178 0.10918 0.097683 -0.63162 0.5207 -0.86003 0.062183 -0.20258 0.1202 0.15896 0.19775 0.41615 0.17802 0.51912 0.29122 -0.24596 0.72362 0.93336 0.36011 -0.26409 -0.21558 -0.15081 0.075096 0.38645 -0.23213 0.29314 0.2679 0.069226 0.11834 0.18931 -0.48024 0.55472 0.8238 -0.61769 0.43616 -0.32257 -0.36251 0.3527 -0.088406 0.13876 0.24628 0.17202 0.30921 0.20753 0.15124 -0.21823 -0.28036 0.0064244 -0.80115 0.53361 0.35732 0.065828 -0.081008 -0.20662 -0.7479 0.1079 -0.5952 -0.094292 0.36889 -1.1926 0.2482 -0.43739 -0.95722 0.10669 0.36721 0.23226 0.43866 -0.38111 0.10245 0.62493 -0.01589 -0.43866 -0.05796 0.20332 0.24957 -0.10293 -0.21425 0.14661 0.58946
charlotte -0.56351 -0.32099 -0.50519 -0.56741 0.13127 0.19341 0.29304 -0.043492 0.17457 0.78317 0.11393 -0.15127 -0.25734 0.054164 0.29557 0.039448 0.24943 -0.95579 -0.28966 0.025287 -0.35242 -0.26586 0.32976 -0.34866 0.5824 0.20643 -0.40569 0.069323 -0.18539 -0.29191 -0.5311 0.28598 -0.17508 0.11415 -1.2419 0.057845 -0.22446 0.63667 0.3405 -0.30014 -0.34369 0.63224 0.045978 0.42739 0.00023095 0.32975 0.4079 0.29785 -0.17611 0.10859 -0.1874 0.45231 0.018809 -0.42124 -0.36873 -0.28612 0.47239 0.16524 0.54967 -0.44522 0.028931 -0.25175 0.52734 0.36754 0.19603 -0.59433 0.28971 0.43009 0.4994 -0.14898 0.2722 -0.54457 0.085459 0.17869 -0.38759 -0.31938 0.24087 -0.077737 0.16382 -0.063052 -0.53104 -0.037554 0.36197 -0.022615 -0.38391 -0.34625 0.22083 -0.026168 0.0387 0.029576 0.25356 0.069321 -0.25662 -0.57194 -0.20441 -0.3166 0.23013 0.26529 -0.068667 -0.73301 0.084737 -0.10615 0.2324 0.14889 -0.22206 -0.065292 -0.053825 -0.14187 0.018114 0.76423 0.30621 -1.1991 0.10128 0.08205 -0.04465 0.0017648 0.14096 0.13658 0.16013 0.3461 0.48671 0.3711 0.25228 -0.26288 -0.62695 -0.27607 0.18575 -0.65475 0.16262 -0.29458 0.34068 0.32041 -0.27105 0.13637 -0.79171 0.54746 -0.21232 -0.14124 -0.31561 0.23687 0.11673 0.85142 0.12014 0.1882 1.8211e-05 -0.18774 0.60047 -0.29821 -0.25723 -0.096687 0.93214 0.15599 -0.41976 -0.038656 -0.39227 -0.097467 -0.30928 -0.068887 0.34699 -0.14133 0.20312 0.15129 -0.20121 -0.064817 -0.31407 0.31812 0.058538 0.15252 0.0088817 0.40416 0.30542 0.17188 -0.48862 0.29928 -0.35591 -0.40707 -0.11459 -0.56409 0.092158 0.064232 0.1951 0.55369 0.30552 -0.53195 0.029827 -0.48739 -0.5351 -0.76026 -0.68684 0.13638 -0.1955 0.33183 -0.42494 -0.50338 -0.27685 0.27862 0.04734 -0.18668 0.39427 0.058996 0.99824 -0.33679 -0.29343 0.31309 0.4026 -0.71096 -0.091988 -0.68968 0.47783 0.21309 0.076561 0.33305 0.3185 0.060384 0.04829 0.2569 0.52058 -0.20118 -0.41752 -1.0284 0.40727 0.17194 0.40773 0.42678 -0.18417 0.41561 0.19045 -0.24034 -0.29231 0.20279 -0.12893 0.073532 0.32839 -0.35815 -0.6689 -0.026861 0.097326 0.58538 -0.20295 0.10975 0.25676 -0.64039 0.16542 -0.48139 0.27005 0.11871 -0.11587 0.048386 0.19483 0.2186 -0.23146 0.68569 0.0042348 0.77309 0.10717 -0.45602 0.35324 -0.030132 0.66276 -0.509 -0.24306 0.32388 -0.54559 -0.018862 0.0058789 -0.072031 0.11319 -0.22609 0.16234 -0.7055 0.14496 -0.22525 0.053324 -0.4709 0.16844 -0.46296 -0.61676 -0.11859 -0.082598 0.065895 0.072822 0.56279 -0.17787 -0.28135 -0.61812 -0.056155 0.39365 0.22499 0.30438 -0.35975 0.66635 -0.57093 -0.36594 0.22703 -0.34863 -0.053414 -0.0032722 0.43333 0.17805 0.50868
islamabad 0.14646 -0.32331 0.040269 -0.62518 -0.23394 -0.58425 0.66793 0.084376 -0.35585 -1.6783 0.46499 -0.043405 0.74312 0.61528 0.19324 1.0348 -0.38645 -0.46847 -0.38706 0.31157 -0.70231 -0.84291 -0.12246 -0.16748 0.020278 0.33629 0.07357 0.084549 -0.83526 -0.58657 0.58685 -0.0051498 -0.17815 -0.43997 0.4508 -0.22313 -0.20571 0.063108 -0.887 -0.28276 0.31488 0.37587 -0.70826 0.23269 -0.17205 0.37832 -0.12083 0.43275 -0.46141 -0.34469 0.30535 -0.27684 -0.17064 0.11425 0.23459 0.40878 -0.24874 0.087573 -0.070581 0.084707 -0.31804 0.024002 -0.35376 -0.072992 -0.24133 0.31854 0.77316 -0.26166 -0.46836 0.041025 0.23097 -0.16697 0.029859 -0.28077 0.73585 0.25453 0.59697 -0.7647 -0.3005 0.58111 1.1738 0.26676 -0.28748 -0.11754 -0.30165 -0.12298 0.50664 0.26598 -0.35811 -0.23322 -0.26963 0.41066 0.65425 1.0754 0.1168 0.73936 -0.071188 -0.044645 -0.57178 1.1031 0.19951 -0.73119 -0.47431 -0.024296 -0.27957 -0.29508 0.63873 -0.020632 -0.032417 -0.19016 -0.17526 -0.33084 -0.023848 0.18086 0.70593 0.46011 -0.37592 -0.07265 -0.34853 -0.86825 0.1311 -0.38638 0.2716 0.25523 -0.59358 -0.017863 0.27384 -0.48731 -0.45035 -0.33993 0.45453 0.032203 0.49084 -0.051108 0.13839 0.33613 0.17812 0.59482 0.097014 -0.61104 -0.21551 0.21652 -0.038194 -0.42385 -1.1394 0.23647 -0.085179 -0.24271 -0.15835 0.6458 0.69525 0.11943 0.21216 0.1798 0.19037 -0.28688 0.3003 0.22033 0.59308 -0.089455 0.4309 0.18423 0.21723 -0.54913 -0.5017 0.55812 -0.099925 -0.62087 0.21273 0.038859 -0.71044 -0.4749 -0.21522 -0.82314 -0.085234 0.46437 -0.4724 0.068658 0.15039 0.13423 -0.50432 -0.59314 -0.55683 -0.04527 -0.35302 0.64753 -0.21291 0.32754 0.33265 -0.25039 -0.082252 -0.10279 0.20848 -0.55967 -0.10632 -0.14374 0.21464 0.55567 0.36379 0.3556 0.37457 -0.81208 0.55592 0.48575 -0.20765 -0.24639 0.48872 -0.40247 -0.12991 -0.27062 0.40657 0.75272 -0.50055 0.079513 -0.43004 -0.18234 -0.45629 -0.26811 -0.25129 0.36284 0.62448 0.02572 -0.26547 0.4265 -0.3225 0.022094 0.58333 0.27147 -0.036245 -0.66365 0.076461 0.050916 0.55592 -0.15544 0.47589 0.51429 0.75607 0.027206 0.79028 -0.030573 -0.14804 0.2132 -0.22755 0.34586 0.47023 0.36701 0.080336 -0.061336 0.096461 0.037329 0.078135 -0.12079 -0.32316 -0.63926 0.31566 -0.30819 0.14875 -0.1876 -0.24269 0.13577 0.26097 0.23361 -0.003786 0.49252 0.24375 -0.52134 0.69591 0.37603 -0.10974 -0.23246 0.048362 0.35125 -0.84119 -0.21109 0.17671 0.13557 -0.59389 -0.2442 0.53897 0.32553 0.34968 -0.056167 0.68784 -0.29725 -0.69331 -0.25568 -0.3453 0.79456 -0.26876 0.042579 0.73118 -0.81979 0.50574 0.5292 -0.64556 0.77007 -0.45829 -0.01795 -0.88008 -0.20963
petersburg -0.026053 0.27551 -0.38626 -0.54131 0.55605 0.2307 -0.21267 -0.68546 0.20124 0.034591 0.24077 0.20142 0.19609 0.57283 0.27982 0.22549 -0.39558 0.60342 0.16885 0.77023 -0.16921 -0.74866 -0.32211 -0.38924 0.087342 -0.059707 0.25489 0.6053 -0.75749 0.70898 0.85136 0.13726 0.12693 0.14264 -0.39699 -0.32189 -0.47847 0.42483 -0.35665 -0.44671 -0.61358 -0.018645 -0.83815 0.37122 -0.52102 -0.093692 -0.26193 0.43722 -0.50394 0.55422 0.54837 0.14513 -0.64343 -0.039958 0.15446 0.10061 0.26499 0.082507 0.47564 0.036191 0.18326 0.26796 0.34436 0.12798 -0.4107 -0.9926 0.072796 0.016525 -0.12831 -0.79026 0.055122 0.049146 -0.77476 -0.38216 -0.44346 -0.45335 -0.62526 0.55254 0.22535 0.61935 -0.22435 0.20495 -0.26476 0.17737 -0.094242 0.22706 -0.065963 0.016481 0.22229 0.05048 0.72815 0.11428 0.15267 -0.61823 0.29537 0.26371 -0.258 -0.23852 -0.22038 -0.49588 -0.48179 0.29628 0.61379 0.41679 0.49286 0.21514 0.27504 -0.21343 -0.61152 -0.20905 0.035611 -0.13004 0.42074 0.59683 -0.32221 -1.0149 0.25652 0.36402 0.33355 0.31874 -0.19545 -0.11622 0.71608 -0.45244 0.4821 0.19594 0.047865 -0.23147 0.32654 -0.58942 0.39858 -0.22002 -0.065439 -0.16316 -0.27416 -0.12299 0.10172 -0.17919 0.68487 -0.38481 0.62228 -0.031189 -0.1293 0.12809 0.48434 -0.047178 -0.47946 0.41522 -0.38106 0.53079 1.1505 -0.35017 0.42786 -0.081684 -0.094455 0.55969 0.2349 -0.15805 0.1273 -0.21103 -0.2351 0.66301 0.0086511 0.20106 0.20926 -0.48413 0.40074 -0.31083 0.29346 0.44098 -0.40112 -0.63784 -0.51094 -0.017887 0.16543 0.070793 0.025083 -0.3356 -0.018303 0.085947 0.18689 0.11995 -0.65702 -0.1629 0.75866 0.564 -0.38466 -0.46349 -0.16941 -0.093422 -0.012473 -0.00017312 0.20082 0.14107 0.41023 0.061693 0.28085 -0.17418 0.29501 0.035498 0.72725 -0.32368 -0.29604 0.50125 -0.2684 -0.50966 -0.0079124 -0.022668 -0.09512 -0.49267 -0.097138 0.47858 0.05379 -0.0044982 -0.012607 0.058625 0.19839 0.081367 0.067585 -0.15652 0.54615 0.47483 0.12717 0.18423 0.015853 -0.37233 0.019598 -0.60579 0.049446 -0.27892 -0.33915 0.33787 0.47886 -0.57571 0.23512 -0.20098 0.50645 -0.36214 -0.41872 0.48759 -0.7777 -0.70609 0.50643 -0.060121 0.23131 0.40876 -0.035322 0.33768 -0.14595 0.21561 0.28182 0.15046 0.74529 0.10394 0.5153 -0.24735 -0.0025421 -0.42499 0.69437 -0.0026782 -0.1839 0.08422 -0.29807 -0.42562 0.56888 -0.38455 0.1221 0.32023 0.31159 0.15415 0.55215 -0.66639 0.67416 -0.11462 0.16525 -0.15972 -0.9113 0.30995 0.31859 -0.17715 -0.54528 0.0067254 0.060534 -0.49173 -0.14557 0.34907 -0.21761 -0.023045 0.20391 -0.1876 0.22465 0.016287 0.2569 -0.13518 -0.08946 0.063549 0.11264 0.3406 0.2808 0.32023
beirut 0.661 -0.48627 0.1662 0.091707 -0.063806 0.38707 -0.31821 0.25574 -0.15305 -0.79627 -0.52269 -0.25965 0.6193 0.33942 0.94715 0.26189 -0.044569 0.3917 -0.10124 -0.62438 -0.012777 -0.048135 -0.39998 -0.16591 -0.051396 0.1778 0.19389 -0.27691 0.074821 -0.36749 -0.91053 -0.63559 -0.86965 0.64682 0.3953 -0.39968 -0.13197 -0.07516 -0.14437 7.9198e-05 0.44966 0.30123 -0.1646 -0.13806 -0.42591 0.57411 0.41732 0.32765 0.021677 0.16966 -0.10249 -0.30969 -0.32465 -0.27932 -0.082854 0.097061 0.19907 0.57547 0.0022631 0.0092397 -0.68918 0.13395 -0.30104 -0.066993 -0.13699 0.11156 0.34166 -0.087301 0.076667 -0.11804 -0.20591 -0.82387 0.30561 0.046995 -0.066055 0.0072957 0.60556 -0.18399 -0.34621 0.014305 -0.019893 -0.48518 -0.17911 0.46038 -0.16233 0.06954 0.17131 0.46085 0.23609 0.13539 -0.050194 -0.064953 0.31362 0.14782 -0.34859 0.39568 0.40808 0.013848 -0.16666 -0.10849 -0.35255 -0.25389 0.62823 0.35796 -0.01383 -0.15151 0.45935 -0.19997 0.49625 -0.41389 -0.21819 -0.13306 0.55355 -0.47437 0.25697 0.14512 -0.22685 -0.20744 0.14204 -0.35677 0.26055 -0.043863 0.2703 0.128 0.1237 0.15868 0.20773 -0.77511 0.39717 -0.16265 -0.046227 0.30239 0.59026 0.1077 0.071615 -0.2462 -0.26599 -0.23038 0.24876 -0.42336 -0.09258 0.046902 -0.076604 0.2129 -0.2037 -0.14167 0.49944 0.24392 -1.1519 0.43302 0.33906 0.11982 0.32632 0.083971 0.27486 0.30617 0.55869 -0.24072 1.1213 -0.26626 -0.33153 -0.023912 -0.26996 0.11499 -0.56075 0.0035143 0.3491 0.1276 -0.29411 0.22123 -0.44183 -0.51566 0.73465 -0.5604 -0.034372 0.24631 -0.10921 -0.21831 -0.66944 0.23058 -0.043139 -0.47596 -0.26504 0.48686 -0.080137 1.0251 -0.0089151 0.64997 -0.24416 0.223 -0.072932 -0.38158 0.080461 -0.34816 0.65623 -0.12353 0.46279 -0.028393 -0.1574 0.71975 0.42993 -0.39544 -0.079649 0.094144 -0.010761 -0.74639 -0.54207 -0.41894 0.57286 -0.21833 0.11222 0.45009 -0.15153 -0.35638 -0.16739 0.0071209 0.34676 -0.68245 -0.16182 0.23012 1.2773 -0.51132 -0.12233 0.069572 -0.10392 0.18828 0.32246 -0.11372 0.42222 -1.1919 0.54331 0.078302 0.16868 0.084508 0.80727 -0.044236 0.14589 -0.30739 0.16696 -0.48915 0.056114 -0.27079 0.17837 -0.42957 0.55998 -0.051011 -0.16719 0.29551 -0.48395 -0.34902 0.21673 0.6248 0.011118 0.35401 0.35062 -0.61638 -0.41893 -0.061331 0.11383 -0.25442 0.40767 0.042552 -0.34506 0.36596 0.38673 -0.27896 -0.036402 -0.26466 0.20642 -0.30428 -1.071 0.7746 0.23297 0.22667 0.064795 -0.11133 -1.1193 0.26991 0.46418 -0.27384 0.24913 0.11101 0.22561 -0.65691 -0.12273 0.38252 0.32524 0.3896 -0.050994 -0.065084 0.2133 -0.31126 -0.10666 0.26699 0.33236 0.95204 -0.029404 -0.34654 -0.96099 -0.51932
ho -0.40664 -0.8554 0.012516 -0.10277 -0.79785 -0.2689 -0.71822 -0.19926 -0.20847 -0.59978 0.97031 -0.61675 -1.0074 0.31325 0.25176 -0.024884 0.31595 0.29649 0.43078 0.51892 -0.33631 -0.60115 0.072883 -0.44645 -0.28898 0.60435 0.9801 -0.19084 -0.2626 -0.45382 0.11788 0.026102 0.76965 0.71965 0.038686 0.26421 -0.36757 0.016303 -0.35957 -0.26734 0.56579 -0.88395 -0.17119 0.48473 0.29758 0.030029 0.63681 -0.3909 -0.32974 0.44993 -0.22418 0.026617 0.3042 0.37861 -0.36839 0.49393 0.42257 -0.16526 -0.13906 -0.47882 0.057097 -0.10275 0.50749 0.2041 -0.048432 -0.43721 -0.26873 0.010984 -0.27167 0.060708 -0.067057 -0.43794 0.65845 0.10944 0.15289 0.079316 0.57155 -0.44043 1.2909 -0.2794 -0.091744 -0.13531 -0.28542 -0.11019 -0.13516 -0.26643 0.11981 0.27202 0.37579 0.11138 -0.43789 -0.5711 0.0049583 -0.26559 -0.080826 0.14927 -0.26477 0.085958 0.80857 -0.00081621 -0.011139 -0.089293 -0.37333 0.50253 -0.1456 0.085867 -0.83354 -0.33307 -0.90747 -0.010555 -0.096287 -0.41622 0.062131 0.04138 0.47906 -0.78208 -0.18791 0.19869 -0.19391 0.31738 0.15693 -0.84227 0.081329 -0.038725 0.072994 0.5431 -0.14747 0.037562 -1.1035 0.48463 -0.45834 0.058616 -0.20988 0.20904 -0.56812 0.18479 0.38662 -0.43642 0.59364 0.23924 0.028004 0.083623 0.31112 0.0064439 -0.37043 -0.0152 -0.39213 0.65141 -0.092458 0.24329 0.89169 0.2758 0.073034 0.67018 0.66667 0.21643 -0.83157 0.50652 -0.33484 -0.19717 -0.1081 0.19455 -0.34019 -0.49286 -0.42627 -0.28446 -0.22669 0.20129 0.52164 0.15766 -0.51161 0.043111 -0.67821 -0.34604 -0.79061 -0.082572 0.46675 -0.51191 0.11171 0.058125 0.27059 -0.010047 -0.44108 0.3232 -1.0281 0.36333 -0.52662 0.25579 -0.047775 0.17157 0.63705 0.19828 -0.39333 0.51082 0.061931 -0.045707 0.73869 -0.42894 -0.18999 -0.18129 0.82359 0.59576 0.094615 -0.30142 -0.62792 0.069113 0.05559 -0.068462 0.14672 -0.30633 -0.093286 0.61402 0.045612 -0.0067102 0.22391 -0.19915 -0.16604 0.56518 -0.18587 -0.099999 0.12095 0.1087 0.15113 0.066114 0.019703 0.16484 -0.30737 -0.33717 -0.58976 0.059641 0.07664 -0.27953 0.31783 0.29875 -0.046013 0.055975 0.21221 -0.36134 -0.15713 0.73039 0.009065 0.07796 0.066048 0.20526 0.76878 0.4058 0.016074 0.0011021 -0.33823 0.10092 0.75151 -0.48227 -0.17905 0.66483 0.43726 -0.5732 -0.12544 -0.17479 -0.3284 -1.3308 0.058706 -0.32765 -0.16618 -0.29106 0.28714 -0.011139 0.22699 0.030449 -0.089811 0.44038 0.058372 0.47704 0.70744 -0.19955 0.21692 -0.44307 -0.28559 -0.023341 -0.23626 0.24232 -0.054511 -0.092356 -0.24878 -0.35196 -0.49948 0.061947 0.49128 -0.044968 -0.52403 0.067721 0.51613 0.44011 0.13322 -0.11586 0.11034 0.20538 0.27051 -0.20564 0.16841 0.63765
paulo 0.32983 0.64675 -0.2259 0.2217 0.30971 0.12087 -0.72182 0.16627 -0.18677 -0.91453 -0.68313 0.41751 -0.00037608 -0.0029883 0.62316 -0.96063 -0.13511 0.69127 0.26615 0.015359 0.54688 -0.31377 0.13102 0.068857 -0.50061 -0.25889 0.96603 0.12533 -0.30942 -0.57076 0.089173 0.16225 -0.48346 -0.0083923 -0.15047 -0.092736 0.53698 -0.35554 0.020896 0.13538 -0.33032 -0.34803 -0.64446 0.037154 -0.40574 -0.12948 0.88967 0.94658 -0.072866 0.011433 0.086325 -0.0080411 -0.17642 0.88256 0.29711 0.34238 -0.38646 -0.47323 -0.11817 -0.81515 -0.62659 -0.58677 -0.23493 -0.087143 -0.23708 0.26514 0.90149 0.090256 0.77948 -1.1585 0.25214 0.54419 0.18525 -1.0689 -0.076816 -0.42324 -0.05704 0.1025 0.57423 0.03246 0.70638 0.39072 -0.22189 0.28967 -0.80422 0.48017 0.28662 0.059092 0.37689 -0.017641 0.36226 -0.39768 0.78514 -0.83057 0.21923 -0.44351 -0.15447 -0.043573 -0.10721 -0.67526 0.10782 -0.8752 -0.063916 0.063152 0.39325 -0.12088 0.28938 -0.054977 -0.42625 0.054808 -0.48906 -0.52598 -0.61677 -0.49745 -0.42941 -0.080797 0.50272 0.35418 0.036111 -0.41973 0.10023 0.032109 0.40034 -0.3509 -0.1324 -0.11279 0.30598 -0.64087 -0.62649 0.060689 0.16959 -0.33323 -0.32353 0.24282 -0.17936 0.081091 0.11247 0.085836 0.19245 0.7998 -0.12133 -0.22993 0.14755 0.17441 0.098577 -0.35799 0.86583 0.20504 -0.45009 -0.57524 0.54956 0.359 0.10195 0.67603 0.29707 -0.31697 -0.18703 -0.066508 -0.17479 0.11235 -0.064626 -0.054707 -0.021341 0.34168 -0.22312 -1.1015 0.11932 -0.047322 -0.4551 -0.26624 -0.26096 -0.30647 -0.78802 0.6963 0.74031 -0.48367 -0.11342 0.40864 0.065263 0.59461 0.24628 0.33358 -0.13672 0.56218 0.017372 0.36045 -0.92787 0.20523 0.083145 0.21329 0.20198 -0.19514 -0.072217 0.13483 -0.067557 0.13825 0.59599 0.11113 -0.51323 0.33615 0.090277 0.14004 -0.16454 0.10943 -0.3949 0.34132 -0.20355 0.42111 0.2408 -0.38729 -0.5239 0.3568 -0.071104 0.14036 0.26002 0.4301 -0.073185 -0.7018 -0.45385 0.1565 0.31878 -0.67187 0.47769 0.015623 0.11193 -0.32652 -0.24267 -0.37165 0.095963 0.14673 0.052273 -0.0121 -0.24444 0.28928 0.29623 0.028096 -0.73661 0.77686 0.39322 0.11195 -0.065698 -0.75535 0.20566 -0.17585 0.4285 0.52103 0.58867 0.13778 0.41883 -0.046587 0.80157 -0.2568 -0.5993 0.83374 -0.084132 -0.06434 -0.31336 -0.27248 -0.1607 -0.48645 0.2474 0.61746 0.16347 -0.33196 0.40703 -0.10039 -0.080724 0.33747 -0.53118 -0.21114 -0.54857 0.089022 0.03207 -0.28612 0.28576 -0.42589 0.064385 -0.55565 -0.6253 0.35445 -0.84893 -0.16782 0.51916 -0.6279 -0.43886 0.25058 -0.28026 0.14656 -0.2224 -0.048227 -0.14109 0.69496 -0.097264 -0.30752 1.1671 0.34787 -1.2149 -0.84494 -0.15317 -0.46266
panama -0.22535 -0.24347 -0.32253 -0.057431 0.035491 0.29387 -0.16767 0.00047514 0.30284 -0.78865 0.25503 0.59959 -0.23237 -0.14703 0.12203 0.17327 0.42417 -0.63609 -0.084465 0.37342 -0.4261 -0.58564 -0.40938 -0.33416 -1.02 -0.65412 -0.28725 0.21812 -0.045909 0.31613 0.31945 0.60357 -0.098079 -0.44475 0.55708 0.10981 0.2053 0.15976 -0.54057 -0.21304 -0.81817 -0.31815 -0.47482 0.60474 0.14385 0.12256 0.445 0.45694 -0.059376 0.28332 -0.23472 -0.34657 -0.27289 -0.031028 0.34567 0.045758 0.12243 0.030316 0.13092 -0.44133 -0.18813 0.011996 -0.36107 0.1651 -0.36446 0.078461 -0.01775 0.80089 0.57335 -0.42386 -0.16593 0.54591 0.3537 0.31224 -0.16757 0.031111 0.25463 0.26535 0.28645 -0.094221 0.37816 -0.0022866 -0.21079 0.19153 -0.34729 0.24329 0.12843 -0.45753 -0.3097 -1.0287 -0.25969 -0.49456 -0.3121 -0.64121 -0.246 -0.13565 0.0059594 0.11313 -0.029968 0.030239 0.60139 0.60928 0.177 0.15308 0.31425 0.20526 -0.20737 -0.20501 0.28928 0.63813 0.50563 -0.2753 -0.39394 -0.032251 0.84705 0.020562 -0.039467 0.49934 -0.38016 0.77303 0.22161 -0.10476 0.1308 -0.30703 -0.11466 0.51825 -0.12166 0.14937 0.11706 0.16539 -0.83386 -0.19837 0.073825 0.22147 -0.3459 -0.29733 -0.64719 -0.12844 0.14969 -0.067057 0.3528 -0.48278 -0.56754 -0.15527 -0.011909 0.41597 0.0060621 -0.077904 -0.41636 0.11113 0.47152 -0.41995 -0.03498 -0.40886 -0.18406 0.08346 0.056779 0.017843 0.030808 -0.1695 0.114 -0.033778 -0.080998 0.32688 -0.031863 -0.88053 0.37324 0.040032 -0.0066449 0.69481 0.37332 0.32847 -0.34605 -0.095156 0.27482 0.46521 -0.25814 -0.30067 -0.33446 0.019811 -0.33044 0.65003 -0.014077 -0.15719 0.54528 0.17971 -0.57999 0.29731 -0.42298 0.1488 0.13133 0.28781 0.15774 -0.34317 0.38019 0.014021 0.81286 -0.082971 -0.34742 0.23881 0.49884 0.2595 -0.089008 -0.4883 -0.056049 -0.010829 0.18024 0.58351 0.1202 -0.45134 -0.36411 -0.64237 -0.36325 0.83365 -0.032702 0.10492 -0.2691 -0.62003 0.085217 0.38922 1.0071 -0.50327 0.31288 0.56449 0.25356 0.37101 0.35588 -0.074394 0.21448 -0.4805 0.11126 0.24192 -0.27622 0.7609 0.33891 -0.52634 -0.16227 0.034729 0.872 0.26739 -0.14733 -0.19758 0.061156 0.17467 0.35457 -0.63604 0.51651 -0.11863 0.3098 0.022903 0.013751 0.02226 0.034176 0.45474 -0.5233 0.089522 -0.35199 -0.34163 -0.34367 -0.40615 -0.016742 -0.35851 0.23335 0.13331 0.55147 0.37228 0.34991 -0.99207 -0.39445 -0.078065 0.47349 -0.72239 0.37418 0.10769 0.068751 -0.12989 -0.77026 -0.36411 0.08545 0.62546 0.24445 0.51946 0.29987 0.044396 -0.31112 0.29477 0.28489 0.29235 -0.59467 0.01212 0.081434 0.27016 -0.19859 0.027788 -0.12492 0.76717 0.010477 -0.47203 0.35038 -0.073314
amsterdam 0.18724 -0.66708 0.03134 0.54719 0.44775 0.61304 0.24589 -0.38713 -0.45731 -0.60608 0.36101 0.22309 0.22978 -0.25082 0.26685 0.2087 0.26685 0.66976 -0.13878 0.17547 -0.051456 -0.53166 0.079832 0.011833 -0.34562 -0.012154 0.025842 0.14805 -0.75952 0.074885 0.3923 -0.13752 0.23416 0.44486 -0.24713 -0.33338 -0.14023 0.16518 -0.22426 0.064389 -0.2347 0.051863 -0.50064 0.092171 0.12431 0.84658 0.57298 0.34655 -0.099478 0.44353 0.14086 -0.068958 -0.030848 -0.18874 0.46551 -0.028955 -0.15809 0.11106 0.096033 -0.35538 -0.89198 -0.18528 -0.042937 0.17004 0.087069 0.4643 0.32253 -0.049297 0.11638 -0.77655 -0.055404 -0.057299 0.28364 -0.57404 -0.45636 -0.0010396 0.7999 0.029727 0.41458 0.38312 -0.63004 -0.040573 0.066805 -0.23647 -0.15296 -0.28877 0.72409 -0.18868 -0.82664 0.016391 -0.11442 -0.39138 0.43808 -0.10687 0.23005 -0.058059 0.022059 -0.72571 -0.15338 -0.78925 -0.22708 -0.66481 0.53477 0.10187 -0.10351 0.0032411 0.30037 -0.061264 -0.38633 0.63025 0.14787 -0.40036 -0.15082 -0.15532 -0.1231 -0.0035244 0.35392 0.54224 -0.40532 -0.18307 -0.095628 -0.065052 0.33799 -0.21954 -0.31192 0.60659 0.65707 0.14757 -0.079236 -0.41488 0.56217 0.13984 0.0064389 0.31698 0.32361 0.18025 0.58577 -0.20043 -0.28936 -0.081993 0.2847 0.2175 0.11971 0.35598 0.29106 0.12412 0.67589 0.20585 -0.636 0.056152 0.49885 0.55306 0.3015 -0.053356 0.20539 0.92794 -0.34848 0.58717 -0.043522 0.081795 -0.032414 0.65714 0.0043692 0.024096 0.1831 0.61271 0.1754 -0.06446 0.15731 0.24361 0.33818 -0.32779 -0.40151 -0.1336 0.22647 -0.22955 0.16205 -0.32201 -0.18986 0.34539 -0.042435 0.22576 -0.44118 0.37803 0.14507 0.077491 -0.74194 0.24841 0.097768 0.41732 0.2678 -0.17788 0.37743 -0.14299 -0.54095 -0.72954 -0.77466 -0.28224 -0.40206 0.2235 0.3355 0.26003 -0.53118 0.28111 0.16133 -0.36564 -0.21025 -0.28332 -0.19039 -0.25839 -0.3212 -0.10728 -0.36299 0.40231 -0.23828 0.80189 0.23586 -0.26812 -0.17515 -0.96707 0.86404 -0.15334 0.041841 0.37818 -0.98052 -0.23015 -0.817 0.014944 0.021373 -0.14844 -0.010461 0.68705 0.20196 -0.26025 0.45908 -0.029887 0.50743 0.27591 0.22487 -0.2684 -0.34685 -0.54682 0.032441 0.17426 0.45158 -0.17126 -0.11858 0.12443 0.3891 -0.16148 0.33928 -0.1005 -0.23045 0.48132 -0.078298 0.17446 0.30835 -0.11671 0.16747 -0.30598 0.31341 0.54573 0.69489 0.50116 0.80894 -0.0036481 0.10408 -0.20545 -0.34386 -0.53695 0.28272 -0.52042 0.055965 0.24276 -0.17209 0.016973 -0.45005 -0.57722 -0.11452 0.80193 -1.2722 0.19206 -0.10151 -0.98608 -0.25356 0.46988 0.014549 1.0293 -0.462 0.025166 0.23102 -0.0014553 -0.722 0.14735 -0.25698 -0.030528 -0.086901 -0.01934 -0.002274 -0.066396
damascus 0.75595 -0.5892 0.079699 -0.37977 0.18539 -0.25243 -0.45512 0.010683 -0.15106 -1.3993 -0.29008 0.27036 0.92383 0.081934 0.48911 0.67587 -0.038212 0.44175 0.26698 -0.43486 0.22298 -0.12463 -0.20119 0.29797 0.12893 -0.38573 0.35746 -0.72873 0.14791 -0.26236 -0.49449 -0.83572 -0.55733 -0.058958 0.66671 -0.81828 -0.2709 -0.085503 -0.71672 -0.33193 0.06588 0.29982 -0.70266 -0.44969 -0.72326 0.54324 0.064564 0.24514 -0.33564 0.45774 0.32315 0.0068851 -0.084513 -0.27921 0.20898 0.095587 0.26571 0.9954 0.3661 0.29143 0.024673 0.17965 -0.36155 -0.19988 -0.26815 -0.050615 0.89871 -0.078293 -0.26054 0.12004 -0.022815 -0.78487 0.77381 -0.49077 -0.00036402 -0.069169 -0.11464 -0.12505 -0.47117 0.62532 -0.18598 0.022299 0.0033544 -0.13966 0.070079 -0.38446 0.5417 0.66207 0.47342 0.011835 0.04799 0.13956 0.35818 0.82804 -0.5475 0.29841 -0.023342 -0.25433 -0.56461 -0.11041 -0.29893 -0.58635 0.15489 0.1943 0.064261 -0.0078302 -0.065839 -0.54755 0.29162 -0.41361 0.18629 0.093904 0.15845 0.18081 0.10161 0.37777 -0.59431 -0.37017 0.24002 -0.10851 -0.061893 0.1524 0.33661 -0.25759 0.0048682 0.035627 0.7769 -0.30301 0.21491 -0.1439 0.13159 0.35152 0.29915 0.43298 0.32601 -0.31859 -0.10735 0.59182 -0.095175 -0.15244 -0.037204 -0.072746 -0.014619 -0.53222 -0.18012 -0.18531 -0.17095 -0.17341 -1.1851 -0.13011 0.14702 0.19353 -0.54869 0.24551 0.11974 -0.15043 0.58121 -0.34364 0.4493 -0.12527 0.13965 0.25497 -0.12175 -0.21447 0.05068 0.11069 0.084 -0.33093 -0.0083622 0.12318 -0.19355 -0.46413 0.41772 -0.21579 0.11869 0.36184 -0.33161 -0.15034 -0.56271 0.31983 0.0037101 -0.46786 -0.22365 0.68268 -0.15871 0.61936 -0.23688 0.69964 0.39684 0.29158 -0.30351 -0.74764 0.20889 -0.53151 0.42954 -0.21034 0.44118 0.0084208 0.49969 0.77461 0.083484 -0.63721 0.30548 0.26296 0.020581 -0.44908 -0.43792 -0.38174 0.1165 -0.17951 0.12178 0.44894 0.21161 -0.25203 -0.1325 -0.56595 0.11975 -0.16816 -0.41223 0.094557 1.1805 -0.17768 -0.18936 0.027435 0.10121 0.034621 0.28215 -0.12974 0.57219 -0.35903 0.21124 -0.58663 0.67144 -0.53111 0.24898 0.12811 0.01048 -0.29695 0.55213 -0.47913 -0.2086 0.088538 0.018414 0.046182 0.36288 -0.012368 0.10125 0.42083 -0.13209 -0.49013 0.085717 0.63777 -0.19976 -0.0065986 0.77906 -0.3028 -0.26761 0.064202 -0.26197 -0.3067 -0.068805 -0.00093741 -0.30328 0.36485 -0.15287 -0.17587 0.22327 -0.78258 0.072075 -0.21053 -0.60916 0.40808 0.34672 0.42908 0.14014 -0.098447 -0.91933 0.14378 0.48807 -0.11406 0.51466 -0.3885 0.23727 -0.71739 -0.0077614 0.27864 0.46528 0.84106 -0.098104 -0.0036103 -0.039447 -0.42085 0.64994 0.65832 0.0046171 0.30668 0.013788 -0.25398 -1.2911 -0.24964
aviv 0.40696 -0.41016 0.18768 0.23411 -0.16907 0.21647 -0.71219 -0.25704 -0.20487 -0.62972 -0.063513 -0.45123 0.59938 0.24165 0.68443 0.39411 -0.03517 0.39912 -0.077854 0.39197 -0.24369 -0.60612 0.13622 -0.34919 -0.16071 0.49467 0.00027211 -0.039137 -0.61812 -0.71183 -0.14318 -0.73222 -0.17496 0.49072 0.0067562 -0.55913 -0.27625 0.55057 0.065506 -0.1338 0.87555 0.67323 -0.26108 0.077903 0.011809 0.1331 0.17352 -0.12223 -0.10157 0.13139 -0.34668 -0.51106 -0.73741 -0.40312 -0.34833 0.62257 -0.59548 -0.19768 0.23752 -0.39829 -0.34375 0.25743 -0.49586 -0.39108 -0.48831 0.72873 0.11549 0.59058 -0.55327 0.027196 0.37304 -0.60535 1.0434 0.16643 -0.33501 -0.053817 0.12123 -0.093157 0.012469 0.054817 0.038157 -0.70421 -1.1295 0.1662 0.021503 -0.13307 -0.10076 0.30074 0.18065 0.28067 -0.13362 -0.20611 0.16364 -0.21818 -0.37177 0.65581 0.5323 -0.1017 0.003065 -0.76144 -0.028878 0.014052 0.84753 -0.32355 -0.28925 -0.029937 0.92839 -0.3731 0.20682 -0.44226 -0.29808 0.25769 -0.12149 -0.7483 -0.057734 -0.46429 -0.010422 -0.63053 -0.3516 -0.54502 0.2044 0.31303 0.21384 -0.71701 -0.10342 -0.057658 0.346 -0.40117 0.051809 -0.69726 0.29143 0.12695 0.082495 -0.037927 -0.077456 0.11825 -0.17376 0.60523 0.49013 0.29605 -0.021221 -0.083738 0.3861 0.41756 -0.32963 -0.090569 0.55044 -0.020449 -0.6039 -0.1447 0.051903 -0.12062 0.21827 0.475 -0.040782 0.161 -0.34417 0.093177 1.1049 -0.094517 0.010509 0.34546 -0.22613 -0.065389 0.21991 -0.36409 -0.39584 0.51085 -0.30171 -0.23348 0.13763 -0.59199 0.47175 -0.24282 -0.24179 0.006375 -0.021083 0.20598 0.036509 -0.053145 0.21854 -0.20587 -0.56695 0.38261 -0.056605 1.1899 -0.27386 0.40888 0.19761 0.60422 0.59924 -0.69571 -0.2725 -0.65364 0.036904 -0.24439 -0.1058 -0.51718 -0.37059 0.69404 0.44773 -0.40446 -0.36054 0.50591 -0.2779 -0.26925 0.13678 -0.33362 0.50488 -0.24479 -0.2377 0.040641 -0.55041 -0.083532 0.29494 -0.14613 0.27776 -0.35643 0.12437 -0.29301 0.73527 0.012442 -0.55854 0.21701 -0.61003 -0.068421 -0.66583 -0.57547 0.49776 -0.23397 0.43915 0.1686 0.364 -0.60435 0.7262 0.60259 -0.5111 -0.1309 0.35361 0.32266 -0.048393 -0.13491 0.20245 0.021027 0.36232 -0.367 -0.21253 -0.34531 -0.29248 -0.25706 0.17708 0.44566 -0.26213 0.70973 0.00094331 0.3593 -0.25201 0.54884 0.15857 -0.62356 -0.12771 0.19431 0.71647 0.44115 0.38049 0.02155 0.0095857 -0.084354 -0.16431 -0.083391 -0.21287 0.11248 0.37021 -0.041263 -0.033229 -0.5552 -0.94395 -0.24714 0.073984 0.37368 -0.49378 0.26684 0.0096047 -1.1019 -0.26114 0.68133 0.60649 0.68388 -0.07625 0.15069 -0.28683 0.012203 0.027533 0.4574 0.9684 -0.078387 -0.25586 -0.84077 -0.55558 -0.29353
istanbul 0.62851 -0.19168 0.49181 -0.19848 0.33984 -0.35898 0.041809 0.10538 -0.19146 -0.73741 0.49934 0.38622 0.68736 0.7186 0.70839 -0.0042985 -0.22631 0.75985 -0.26022 -0.32852 0.29794 -1.0354 -0.38453 0.06916 -0.10325 -0.073498 0.42104 -0.011777 -0.71718 -0.52266 0.22452 0.047876 -0.1309 0.17436 0.54327 0.091851 -0.17634 -0.36222 -0.38708 0.43175 0.040445 -0.20561 -0.48949 -0.34542 -0.2638 0.30714 0.546 0.6021 -0.49339 0.47038 -0.051059 -0.2164 -0.069748 -0.51753 0.22745 0.74315 -0.61636 -0.19953 0.063089 0.068124 -0.38244 0.045248 -0.67589 -0.47051 -0.38981 0.31224 0.39421 0.514 -0.33898 -0.6311 0.30431 -0.0074552 0.15692 -0.42777 -0.39212 -0.28664 0.33842 0.20832 0.40494 0.33636 0.29618 -0.24712 -0.28174 -0.29693 0.34932 0.32572 0.018201 -0.15851 0.15899 0.22185 0.41079 -0.021026 -0.23048 0.27781 0.39232 0.617 -0.14939 0.094536 -0.29744 -0.6381 0.2539 -0.012693 0.57164 -0.036081 -0.3187 0.25294 0.93897 -0.44511 -0.11894 -0.27152 -0.24055 -0.063764 -0.071263 -0.23201 -0.17296 -0.35844 0.10718 0.35524 0.32614 -0.72658 -0.0094375 0.032091 0.25095 0.32215 0.15046 0.58769 0.97318 -0.63237 0.52698 -0.12218 0.37423 0.42525 0.44888 0.098619 0.092932 -0.24298 0.16671 0.15108 -0.40872 -0.14799 0.29323 -0.26931 -0.023117 -0.27427 0.17627 -0.53276 0.3872 0.028819 -0.80885 -0.054948 0.54726 0.6489 0.43034 0.5191 -0.052071 0.54637 0.094874 -0.10211 0.12019 -0.49557 -0.088011 0.88797 0.23582 0.1502 -0.23436 -0.50547 0.16748 0.16219 0.2827 0.012681 0.077937 -0.56236 0.22554 -0.21353 0.26639 0.20326 0.076641 0.022164 0.12535 0.28513 0.38558 -0.087572 -0.42654 0.016445 0.20172 0.81325 -0.80682 0.37206 0.046286 -0.0067903 0.42406 -0.73143 -0.2713 -0.45804 -0.11033 -0.4373 -0.0325 -0.14593 -0.38011 0.73089 0.73629 0.18166 -0.13814 0.82235 -0.66611 0.39611 -0.064369 -0.18536 0.11414 0.085996 -0.51228 0.8 0.080074 0.12568 0.32706 0.52755 0.21268 -0.16971 -0.31119 -0.17948 0.57065 0.13812 0.13847 0.19306 -0.71284 -0.54606 0.043998 -0.33477 -0.20688 -0.2323 0.049902 0.14184 0.24733 -0.67438 0.72274 0.33059 0.42838 0.23986 0.10485 0.63523 -0.081467 -0.11638 0.049791 -0.10143 0.75003 0.13678 0.13582 -0.07705 0.1593 0.25126 0.17454 -0.03007 0.028888 0.25708 -0.15531 -0.13534 -0.04567 0.021745 0.14753 -0.43952 0.30658 0.17297 0.39768 0.30663 0.47761 -0.4525 0.029832 -0.7321 -0.1775 -0.45138 0.16626 0.19626 0.63169 0.46498 -0.30116 -0.35764 -0.61316 0.54395 0.36576 0.19677 -0.56363 -0.083412 0.66144 -0.99199 -0.48857 0.068356 -0.24247 0.50515 -0.043949 -0.36372 -0.095181 0.042598 0.057377 0.31256 -0.44816 0.2267 -0.70181 -0.55185 -0.88392 0.01217
ottawa 0.046318 -0.172 -0.30227 -0.29863 -0.4876 -0.046422 -0.042303 -0.16119 -0.205 0.22055 0.13304 -0.24401 -0.26331 0.49199 0.17899 1.2503 -0.51181 0.56325 0.13111 0.278 -0.7909 -0.69337 0.11774 0.39678 0.24338 0.49257 -0.11201 -0.57676 -0.63061 0.038643 0.014263 -0.042089 0.47516 0.46771 -0.65687 -0.24693 0.27179 0.22537 -0.18559 -0.20601 -0.50679 0.39951 -0.15265 1.027 -0.19953 0.47168 -0.33937 -0.052019 -0.76787 0.043341 0.084562 0.5161 -0.44032 0.012402 0.0792 -0.2446 -0.058589 0.29837 0.25027 -0.19844 -0.53222 0.6561 -0.67714 -0.27793 -0.060487 -0.72784 0.13823 0.36972 -0.33447 -0.30015 -0.027874 0.27525 0.24063 0.46753 -0.50009 -0.095432 -0.058997 0.41593 -0.11089 -0.0091362 -0.46856 -0.45189 0.41247 -0.58122 -0.34858 -0.88107 0.056208 -0.23632 -0.58663 -0.20067 0.38765 -0.26052 0.50917 0.27094 0.16652 -0.098572 -0.061878 -0.45957 -0.36235 -0.19793 -0.049537 0.062198 -0.2804 0.25859 -0.05997 -0.064606 0.11686 -0.37773 -0.108 0.81092 -0.105 -0.51387 -0.46713 0.11549 -0.46674 -0.28518 0.38344 -0.15833 0.52407 0.54205 0.16068 0.068868 0.063438 -0.1587 -0.045481 -0.33067 0.15905 -0.31775 0.44722 -0.17458 0.36431 0.074364 0.034204 -0.78998 0.46063 0.23574 -0.17916 -0.44586 -0.14104 0.10626 0.39736 0.67043 -0.3834 0.61892 0.22976 0.026941 0.59267 -0.028564 -0.37091 -0.33972 0.98445 -0.55294 -0.52723 -0.0046226 0.075545 0.16086 -0.21639 -0.10054 -0.029809 -0.66737 0.2385 0.22377 -0.42014 -0.31404 0.30921 0.41144 0.25299 -0.13218 -0.94031 -0.10712 -0.4549 -0.261 -0.30678 0.37276 -0.60184 -0.41736 -0.19131 0.27145 -0.65809 0.29908 -0.48815 -0.05812 0.25714 -0.16558 0.031387 0.37652 -0.19088 0.0016943 -0.15083 0.17518 -0.12407 -0.088997 0.71234 0.10092 0.48264 0.19445 0.062356 -0.18427 0.31419 0.48511 0.71744 -0.073929 -0.04792 0.082519 -0.089039 -0.65498 0.19958 0.6371 -0.087881 0.083258 0.31823 0.19325 0.25772 -0.053822 -0.29061 -0.12217 -0.48376 0.14866 -0.22139 -0.39728 0.33387 -0.075959 -0.47057 -0.50611 0.30882 0.034208 -0.090863 -0.27407 0.39111 -0.020124 0.020587 0.58142 0.30994 -0.46587 -0.20923 -0.458 0.32668 0.0035738 0.13308 0.48889 -0.095724 0.34707 0.076988 0.048744 -0.057339 0.27111 -0.096912 0.2006 0.048992 -0.14197 0.29578 -0.15085 0.12889 -0.018707 0.39432 0.073652 0.4722 0.31437 -0.24278 -0.157 -0.30045 0.065474 -0.25428 1.0397 -0.079171 0.30127 0.64761 0.33054 -0.36083 -0.36363 -0.32647 0.045908 0.14582 0.028853 0.55155 0.31229 -0.83921 0.069232 0.76911 0.3626 0.22412 0.2371 0.047576 -0.43767 -0.15718 0.22021 0.40731 0.15929 0.28294 -0.25864 0.037114 0.40229 -0.59672 0.43814 0.013034 0.1669 -0.20107 0.03878 0.43847 0.12804
richmond -0.087574 -0.34581 0.15908 -0.006439 0.024288 0.098263 0.37537 -0.22016 0.29871 0.61544 -0.18093 0.24298 0.54102 0.1134 0.32203 -0.13979 -0.25312 -0.506 -0.33756 -0.13177 0.22157 -0.10495 0.15997 -0.037412 0.39681 0.15769 -0.61999 0.31433 -0.59637 -0.23685 0.33493 -0.33205 0.29821 0.34077 -0.39243 -0.035514 -0.52703 0.30546 0.19929 -0.21185 0.0017242 0.35658 -0.063535 0.52716 0.41508 0.24015 0.1035 0.30824 0.20727 0.052817 -0.16917 0.63502 -0.40463 0.064424 0.48056 -0.36348 0.50093 -0.047559 -0.18853 -0.31985 -0.13429 -0.086794 0.48034 0.12773 0.28201 -0.64234 -0.27816 -0.042481 0.28615 -0.42507 0.15913 -0.20986 -0.11989 -0.16742 -0.9484 -0.32904 -0.13312 0.10123 -0.041252 0.057069 -0.1768 0.0071324 0.15834 0.025016 -0.47722 -0.098581 0.52075 0.22869 0.13402 0.94957 0.93572 0.26181 0.042607 -0.23957 -0.21378 0.18059 0.17664 0.051031 0.30877 -0.50681 -0.23542 -0.21097 -0.12422 0.14049 -0.0041274 0.16956 -0.048312 -0.24621 -0.044437 0.4807 -0.13459 -0.24023 0.14173 0.03488 -0.25709 -0.042917 -0.03648 0.36236 0.054031 -0.053103 0.21552 0.19201 0.35094 -0.77928 -0.063653 -0.15192 -0.45148 -0.37288 0.4492 0.27744 -0.15065 -0.13334 -0.11724 -0.20534 -0.1781 0.33912 0.26399 -0.62543 -0.034108 0.13777 0.1742 0.36278 0.28049 0.21349 -0.24905 -0.41818 0.38171 -0.18112 -0.43815 -0.48181 0.61531 -0.40258 0.075494 -0.4727 -0.017435 0.03473 0.062586 -0.49535 0.30418 -0.060645 -0.020632 0.0027388 -0.35052 -0.26244 -0.23037 -0.40543 -0.02375 -0.10405 0.12351 0.5419 0.050002 0.45672 -0.039798 0.25144 0.081488 0.33181 -0.30767 -0.60974 -0.10159 0.46433 0.10661 0.21251 -0.01929 -0.33442 0.064597 0.471 -0.013188 0.15324 0.027325 0.16849 -0.27581 0.44361 0.34895 -0.54811 -0.33571 0.65921 0.31088 -0.46994 -0.4965 0.16282 0.89747 -0.4386 -0.25936 0.037193 -0.26828 0.12434 -0.07372 0.043222 0.65685 -0.071419 0.1216 -0.090649 0.35884 -0.30353 -0.22129 0.66441 -0.099614 0.25826 0.14126 -1.0088 0.50384 -0.42753 0.35343 -0.41591 -0.14406 -0.182 0.097696 -0.066657 -0.00012738 0.067307 -0.36802 0.41439 0.55929 0.093327 0.10362 0.30767 0.0819 0.25901 -0.29607 0.55039 0.14661 -0.59789 0.32773 -0.19889 -0.10672 0.2144 -0.64895 0.50915 0.18025 -0.32786 0.22128 0.40262 -0.16789 0.1466 0.60658 -0.1696 0.078587 -0.071954 0.78219 -0.050235 -0.2611 0.14691 0.017595 -0.20362 -0.14187 -0.1431 0.032732 -0.076867 -0.28911 -0.19821 0.12321 -0.41946 0.28724 0.20665 -0.002952 -0.06401 -0.57314 0.74917 0.48884 0.059058 -0.19274 -0.0032263 -0.15969 -0.10017 -0.3248 0.058976 0.23604 -0.48017 0.28215 -0.49615 0.010868 -0.39829 0.098308 0.57921 -0.067805 0.36138 0.24581 0.044078 -0.13168 0.065544
columbus 0.21884 -0.19419 -0.22758 -0.021313 -0.33933 0.092676 -0.24877 0.097761 0.094006 0.58219 0.25204 -0.061548 0.081344 0.28804 0.051577 0.098364 0.24796 0.016935 -0.018162 0.088201 -0.1988 -0.58936 0.15871 -0.15274 0.02628 -0.42684 0.17423 -0.047707 -0.44325 0.13705 0.42029 0.61285 0.32069 0.1008 -0.61032 0.50201 -0.23791 0.34231 -0.20767 -0.26486 -0.35954 -0.2176 -0.19822 0.80722 -0.10363 0.12709 -0.0013382 -0.036233 -0.55104 0.32161 0.058969 0.3096 -0.26042 0.10999 -0.62243 -0.23889 0.23902 0.11718 0.34547 0.17014 -0.33115 0.015463 0.42108 -0.46712 0.14365 -0.15538 0.35759 0.37496 0.10121 -0.98178 0.23746 0.173 0.2355 0.34401 -0.23429 0.11636 -0.33264 0.54202 0.2599 0.10401 -0.15848 0.34572 -0.061687 0.12845 -0.37518 0.12033 0.74419 -0.24463 -0.35858 -0.086497 0.7235 -0.12728 -0.10157 -0.11661 -0.35916 -0.0911 -0.18906 0.062004 -0.81225 -0.43406 0.019592 -0.1177 0.17781 0.71316 0.35975 -0.2732 0.45041 -0.35672 -0.21253 0.81904 -0.35027 -0.25592 0.27605 0.2019 -1.0078 -0.57986 -0.19298 -0.34617 0.41865 0.31125 0.54399 -0.18506 0.094442 -0.20859 -0.30266 -0.023847 0.22844 -0.48467 0.075274 0.35134 0.47239 -0.42587 0.095565 -0.19004 -0.016489 -0.0027673 -0.016577 -0.37226 -0.046926 0.17893 0.28042 0.14077 0.20475 0.19849 0.41655 -0.088374 0.098814 -0.13839 -0.42854 -0.43521 0.8999 -0.48412 0.026625 0.03226 0.56201 -0.22207 -0.25357 0.55605 -0.51619 -0.46588 0.5182 0.24565 -0.039798 0.18945 0.74235 -0.048986 0.48054 0.093489 0.10584 0.74027 0.1731 -0.46983 -0.53649 0.98781 0.19854 0.061821 -0.69066 0.019783 -0.40311 0.053397 -0.14453 0.15934 0.32434 0.10873 -0.28114 -0.21337 -0.14052 -0.22593 0.084408 -0.03593 0.034099 0.027387 -0.18465 -0.31391 0.063449 -0.21043 0.5391 -0.70125 -0.05775 0.35908 0.87833 -0.0016375 0.023452 0.28546 -0.22172 -0.51511 -0.036804 0.32734 0.20554 0.34244 0.087875 0.20663 -0.17191 0.013948 -0.19638 0.27355 0.21883 0.17044 -0.51167 -1.1068 0.57968 0.28256 0.11217 -0.22551 0.33504 -0.24336 -0.080773 -0.15984 0.23773 -0.15287 -0.47382 0.33763 0.1369 -0.15113 -0.50648 -0.35334 0.061101 0.030589 0.094904 0.18674 -0.042636 -0.026656 -0.23108 -0.03201 -0.090668 -0.38787 0.25555 0.077669 0.53642 -0.14268 0.45758 0.46203 0.035345 0.38575 0.058846 -0.055908 -0.075295 -0.28474 0.74616 -0.38571 0.48894 0.53972 0.17453 -0.094107 -0.18506 0.0062743 0.40633 -0.023073 0.30046 0.24142 -0.22638 -0.36872 0.5499 0.2512 0.61416 0.28594 -0.85063 0.40352 -0.38832 0.64251 -0.23906 0.010164 -0.0081325 -0.12586 -0.1842 0.13425 -0.082422 -0.60683 -0.10292 -0.11483 0.42851 -0.26458 -0.61879 0.028208 -0.19149 -0.12994 -0.016922 -0.092786 -0.1055 0.6223
indianapolis 0.15544 0.37347 -0.064453 0.28886 -0.40901 0.18156 0.17466 -0.54766 0.0045196 0.9722 0.61738 0.29522 -0.23043 -0.09898 0.67169 0.23134 -0.33228 -0.008538 -0.46087 -0.62067 -0.16117 -0.39268 -0.23823 0.19748 0.056347 -0.2874 -0.074392 -0.11819 -0.61209 -1.2625 0.4113 0.028406 -0.05846 0.071002 -1.223 0.12429 -0.69224 0.17378 0.043512 -0.42813 -0.28438 0.30756 0.074953 0.45019 -0.15177 0.26927 0.16773 0.15726 -0.14976 0.53115 0.66364 0.16026 0.038508 0.58762 -0.47493 -0.12631 0.72538 -0.20444 0.46404 -0.62012 -0.35225 -0.10661 -0.17061 -0.19532 0.09619 0.035998 -0.18516 0.0042827 0.20698 -0.16871 -0.11479 -0.43579 0.26032 -0.11253 -0.77067 -0.52894 -0.15993 -0.057808 0.48549 -0.036067 0.046093 0.13474 -0.12346 -0.23669 -0.59322 -0.31156 0.20782 -0.33155 -0.078978 0.48857 0.63012 0.18781 0.15545 -0.35261 0.077195 0.070733 -0.078591 0.31211 -0.59885 -0.98228 -0.014 -0.11428 0.12414 0.41108 0.264 -0.090962 0.15566 -0.35441 -0.13832 0.4196 -0.11256 -0.7061 -0.3105 -0.047092 -0.36538 0.45204 -0.14326 0.21965 0.060798 0.67884 0.75763 -0.17048 0.46128 -0.49328 0.15255 -0.49972 0.13242 -0.20677 -0.36952 0.9636 0.31634 0.44092 0.35284 0.42906 -0.093157 0.34419 0.30905 -0.65808 -0.26923 0.11922 -0.35595 0.46067 0.035135 0.29788 0.053021 0.036257 -0.41932 -0.11569 -0.32301 0.32023 0.87264 -0.23492 -0.26737 -0.52286 0.10584 0.17699 0.21248 -0.12178 0.23008 -0.26266 -0.034525 0.28441 -0.77687 -0.092026 0.11046 -0.26564 -0.29172 0.30004 -0.1434 0.10771 0.36638 -0.073609 -0.017769 0.26853 0.046638 -0.024479 0.21348 0.010604 0.055077 0.48098 0.19537 0.53583 -0.17122 0.25108 -0.046378 -0.0025862 0.003456 -0.086312 0.096813 -0.10145 -0.33586 -0.26924 -0.33962 0.015185 0.079616 -0.41398 0.35386 0.022012 0.018583 0.2351 1.2408 0.38342 -0.096894 -0.32638 -0.02346 -0.36863 -0.047428 -0.68613 0.053616 -0.080573 0.45252 0.17251 -0.37478 -0.76515 -0.43313 0.31585 -0.30878 -0.0057556 -0.11892 -0.56041 0.82179 -0.81967 -0.10945 -0.24716 0.17243 0.73524 0.10395 0.10178 0.24804 0.17869 0.16705 0.24123 0.88248 0.13448 -0.2142 -0.11146 0.71428 -0.18505 -0.079799 0.44033 -0.76754 -0.43861 0.3126 -0.21418 -0.033235 -0.35922 0.0461 0.074837 0.53177 0.40672 0.16239 -0.52429 -0.26161 0.26641 0.5366 0.10094 0.19037 -0.21272 0.075666 -0.32781 -0.77256 -0.0023429 -0.54569 -0.088535 0.42254 0.083264 -0.13021 0.010297 0.19218 -0.4657 -0.27157 -0.34519 0.86256 0.54163 0.61203 0.0041184 -0.71655 0.67218 0.16358 0.36764 -0.38548 0.0061682 0.0012637 0.20247 -0.13007 0.15416 -0.11529 0.025733 0.11441 -0.33828 0.58214 -0.16697 -0.074524 0.097219 0.2216 -0.41601 0.0034502 0.20686 -0.12805 -0.13287
copenhagen 0.21907 -0.31473 -0.32288 0.21505 0.73692 0.22155 0.20293 0.011698 -0.1513 -0.86472 0.14032 -0.14426 -0.1909 0.96 -0.023966 0.39354 -0.36121 0.18265 -0.031105 0.15803 0.13679 -0.42057 -0.23346 0.36712 -0.25555 0.41444 -0.024057 -0.18112 -0.36269 -0.24113 1.0407 -0.10977 -0.29644 0.76681 -0.086635 -0.24179 -0.35561 0.69849 -0.79089 0.089483 -0.52453 -0.29255 -0.39557 0.056047 -0.59483 0.45957 0.31273 -0.010835 -0.56972 0.068665 0.32259 -0.45634 0.1563 0.13255 0.3917 0.74203 0.32797 -0.034009 -0.086754 0.1761 -0.89337 -0.18475 0.02683 -0.11823 0.063244 0.20878 0.24743 -0.18084 -0.10356 -0.77396 -0.59347 0.13121 0.51834 -0.88285 -0.75802 0.026418 0.17634 -0.057317 0.15443 0.42998 -0.31227 -0.6112 0.14107 -0.34647 -0.56878 0.10469 0.0097783 0.20387 -0.6938 -0.39246 0.17951 -0.73815 0.0056586 0.25152 -0.14495 -0.3761 0.7069 0.069542 -0.65285 -0.38541 -0.088951 -0.42819 -0.087136 -0.019933 -0.12497 0.40541 0.57933 0.075206 -0.23511 -0.13185 -0.083119 -0.1224 0.10145 0.31573 0.15728 -0.59237 -0.34875 0.42726 -0.51263 -0.13025 0.18485 -0.13215 0.72394 0.023008 -0.17518 0.37451 0.80595 -0.093209 0.67148 -0.45492 0.50898 0.49855 -0.018112 -0.11744 0.38552 0.036442 0.26012 0.78226 0.60228 -0.66581 -0.091088 -0.045065 -0.17431 -0.21075 0.17283 -0.28735 0.54108 0.69153 -0.44198 -0.39785 0.020378 0.30604 0.054393 -0.0097082 -0.39522 0.52741 0.021661 0.027605 -0.24643 -0.23028 -0.41981 0.79724 0.071093 -0.44403 0.5846 0.179 0.52838 0.82876 0.41632 0.015177 -0.36609 -0.13074 0.030252 -0.36336 0.31013 -0.18246 0.34378 -0.074675 -0.3101 0.55127 -0.16654 -0.25304 -0.38169 0.04413 0.51672 0.22896 -1.1953 -0.15373 -0.12268 -0.2107 0.13757 -0.57642 0.40475 -0.27208 0.25554 -0.65546 -0.081212 -0.060779 -0.0040924 -0.043509 0.29113 -0.16849 -0.036434 0.63048 -0.15297 -0.44971 0.15434 -0.30384 -0.33701 -0.25003 0.024816 -0.25196 0.066943 0.69868 -0.35875 0.48892 0.3192 -0.19217 -0.078589 -0.80098 0.59049 -0.26402 -0.032489 0.16504 -0.53084 -0.33813 -0.45185 -0.14848 0.12336 0.11305 0.66567 0.27082 0.45029 -0.19942 0.62964 0.47271 0.28877 0.42987 0.14654 0.7365 -0.27209 -0.34651 0.24292 0.065934 0.16954 0.35309 -0.34454 0.23664 -0.061287 -0.34514 -0.25625 -0.58465 -0.42833 0.27617 0.044532 0.22382 -0.17798 -0.12526 0.30748 -0.094518 0.26309 -0.071495 -0.02507 -0.25056 0.38464 0.041332 0.31635 -0.42177 0.23853 -0.80222 0.28692 -0.063755 0.34203 0.47428 0.047183 -0.70145 -0.5974 -0.178 0.8806 -0.27938 -0.41455 -0.072272 -0.43209 -0.19626 -0.19342 0.10093 -0.065387 0.10636 -0.22658 -0.26857 -0.036022 0.037602 -0.22657 0.10944 0.048985 0.27955 0.1579 0.38922 -0.59278 0.12466
kuala -0.43295 -0.36649 0.43905 -0.65503 0.05309 -0.39752 0.479 0.026307 -0.27459 -0.76365 0.26079 0.43497 -0.41126 0.12178 0.10569 -0.13412 0.017832 0.58907 -0.1278 -0.97952 -0.68912 -0.74109 -0.01955 0.044234 -0.10407 0.27205 0.18079 0.02181 -0.68545 -0.65321 0.95076 -0.72669 0.062118 0.58995 0.010297 -0.16688 -0.28048 0.063678 -0.11378 -0.21378 -0.72403 0.20686 -0.10393 0.4555 -0.18592 0.026316 -0.35323 1.0836 -0.39315 -0.21902 -0.13432 -0.5166 -0.28915 -0.1034 -0.34607 0.62463 -0.32175 0.43511 0.57578 -0.20096 -0.0857 -0.25347 -0.68254 -0.44729 0.85316 0.39511 0.082274 0.23194 -0.43946 0.23655 -0.56069 -0.47874 0.29509 -0.18161 -0.29875 0.12845 0.69385 -0.29354 0.58687 0.1213 0.92041 -0.11992 -0.47703 0.43285 -0.40323 -0.25533 -0.20897 -0.3063 0.17786 0.277 -0.47969 -0.28546 0.54534 0.048139 -0.10116 0.44064 -0.25916 0.25702 -0.6558 0.01552 -0.11261 -0.26704 -0.12233 0.26228 -0.54679 -0.056688 0.55609 -0.29696 -0.36133 -0.32248 -0.32693 -1.0446 -0.30439 0.1447 0.25865 -0.26321 0.32382 -0.01192 -0.39073 -0.64674 0.32724 -0.84053 0.23248 -0.63036 -0.1736 0.065375 -0.081241 -0.1967 -0.40841 -0.50818 0.42877 0.14665 0.032409 -0.23029 0.6284 0.14417 0.41502 0.18723 -0.30891 0.24078 0.2937 0.17226 0.095405 0.35969 -0.65399 -0.21374 0.51602 0.54297 -0.6589 -0.053799 0.69101 0.49177 0.48161 0.87003 0.39648 0.011978 -0.74691 0.29209 0.11648 0.08453 -0.0050444 0.044436 -0.19252 -0.45738 0.34201 -0.09393 0.55069 -0.035111 0.033783 0.093225 -1.1321 -0.63344 -0.56147 -0.26068 -0.43572 -0.34531 -0.071182 0.20937 0.23071 0.31421 -0.090644 0.14089 -0.73286 -0.35668 -0.33555 0.17317 0.23385 0.56375 0.21733 0.14439 -0.0049011 0.009786 -0.52813 0.46146 -0.58117 0.1856 -0.089828 0.19303 0.03342 0.25399 0.40295 -0.40581 -0.30246 0.7351 -0.74234 0.47273 0.19385 -0.96869 0.17381 -0.61798 0.077424 0.49842 0.060766 -0.19786 0.19549 0.4681 -0.26319 -0.56107 -0.26261 0.4106 0.25786 -0.75506 -0.024407 0.08817 -0.30233 0.10783 0.046802 0.028784 -0.15799 0.44669 0.25044 -0.33267 0.29144 -0.081113 0.55735 1.0925 -0.05782 -0.038335 0.37898 0.33506 -0.10343 -0.18334 -0.53885 0.58672 0.47976 -0.18623 0.36173 0.057401 -0.1592 0.37744 -0.03573 -0.6991 -0.094862 0.40912 -0.74647 0.058697 -0.029406 0.33253 -0.21439 -0.38193 -0.72859 0.46297 -0.1512 -0.010663 0.039853 -0.19308 -0.0024238 -0.1327 -0.26132 -0.33571 0.15553 -0.0077742 0.56393 -0.15145 -0.68642 -0.52719 -0.29351 0.039559 0.22319 0.23429 -0.80407 -0.85945 -0.34594 -0.95361 -1.0815 -0.16568 -0.097878 -0.096624 -0.92861 -0.43785 0.19411 0.60892 -0.37402 -0.33311 0.27756 0.37726 -0.62457 -0.83892 -0.16129 -0.35177
stockholm 0.43884 -0.37355 -0.36021 0.069684 0.44975 0.17938 0.22081 -0.090149 0.16236 -0.88992 -0.15301 0.19499 -0.43809 0.92403 0.26547 -0.38697 0.086246 0.66466 -0.02601 0.17655 -0.076385 -0.40341 -0.2879 0.24848 -0.12991 0.0034867 0.47245 -0.37264 -0.33843 -0.07432 0.23372 -0.25886 -0.38817 0.28705 -0.1462 -1.0201 -0.18949 0.28666 -0.67363 -0.025536 -0.57628 -0.020514 -0.10948 0.73593 -0.030145 0.45904 0.20658 0.030364 -0.28846 0.49911 -0.0072453 -0.21579 -0.13996 -0.1147 -0.021507 0.52068 -0.026273 -0.056575 0.12742 -0.22604 -0.50897 0.16636 -0.34442 -0.081069 -0.29798 -0.04495 0.23427 0.31381 -0.40894 -0.50712 -0.063547 -0.2095 0.8154 -0.31435 -0.60426 -0.15085 0.62698 0.013258 0.10995 0.3844 -0.26885 -0.39726 -0.21875 -0.082672 0.073934 -0.32015 0.068935 -0.40285 -0.20148 -0.14112 0.24278 -0.66392 0.60183 -0.54392 0.095092 -0.0041499 0.49376 0.1073 -0.243 -0.56669 0.31242 -0.40346 -0.11313 0.19033 0.055464 0.22294 0.94566 -0.28123 -0.66301 -0.14111 -0.1498 0.13892 0.023188 0.087209 -0.4032 -0.17141 0.19234 -0.028587 0.014142 0.0059588 0.096517 -0.16568 0.63074 -0.62227 0.3822 0.31624 0.74088 -0.39158 0.39283 -0.4978 0.41787 -0.072296 0.16953 -0.3974 0.05509 0.044411 0.10334 1.2528 0.16519 0.39607 0.38404 0.031933 -0.46107 0.68703 0.60495 -0.066627 0.74634 0.55515 -0.68764 -0.11397 0.39583 0.30629 0.68192 -0.05505 -0.32219 0.53662 -0.40241 0.30184 0.049934 -0.45923 -0.44276 0.51592 -0.062944 -0.42187 0.28253 0.45606 0.48288 0.017578 0.72392 -0.04139 -0.077737 -0.10202 -0.30298 -0.031683 -0.55861 -0.28557 0.011433 -0.068739 -0.61006 0.37278 0.077797 -0.34377 -0.24083 0.21139 0.19619 0.18538 -0.79829 0.14737 -0.37596 -0.34228 -0.068084 -0.72317 0.22055 -0.034891 -0.46405 -0.065351 -0.38224 0.11734 0.0061804 0.32237 0.61941 -0.41712 -0.35369 0.44139 -0.26403 -0.39889 -0.38663 -0.32433 0.23194 0.067816 -0.16188 0.53182 0.31073 -0.22428 0.085187 0.55218 -0.055758 -0.12613 -0.011426 -0.65661 0.68728 0.0044054 -0.025898 -0.063082 -0.34648 -0.076048 -0.73574 -0.86599 0.71891 -0.074241 0.43692 0.5098 0.41863 -0.38562 0.47966 0.53453 0.044338 0.72407 0.42207 0.62138 -0.21314 -0.4414 0.28365 0.0028896 0.12301 -0.18423 0.15556 -0.27522 -0.74508 0.22051 0.25245 0.40355 -0.33084 -0.063307 -0.18351 0.095915 0.41188 0.030282 0.63539 -0.64329 0.013902 -0.2082 -0.19332 0.23723 0.90874 -0.15552 0.42261 0.17403 0.21336 -0.66922 0.1306 -0.26766 0.42022 0.31807 -0.21712 -0.63271 -0.56468 -0.34488 0.49172 -0.23741 -0.22988 0.063225 -0.17022 -0.77194 -0.60441 0.17476 -0.37302 0.3662 -0.22141 -0.32699 -0.16574 -0.013216 -0.23722 -0.036647 -0.52922 0.16755 0.26335 0.2136 0.072893 0.10931
warsaw -0.17074 -0.062714 -0.01578 -0.35752 0.056966 -0.067665 -0.24606 -0.0053681 0.63149 -1.0013 -0.47705 0.77583 -0.08774 0.3693 0.52699 -0.1171 0.040923 0.22658 0.20843 0.16195 0.23143 -0.37212 0.66501 0.07611 -0.41636 -0.079663 -0.35996 0.46838 -0.99234 0.5311 0.15686 -0.79143 -0.2714 -0.015909 0.13935 -0.17649 -0.070789 0.19431 -0.48493 -0.22734 -0.21247 -0.75285 -0.083844 0.30511 0.13026 -0.095495 -0.09768 0.12638 -0.5551 -0.42336 0.67529 -0.43376 -0.12302 -0.40802 0.11361 -0.52297 0.072794 -0.058632 0.7164 -0.40175 -0.64317 -0.23044 -0.041348 0.10466 -0.41467 0.49701 0.53981 0.81967 -0.15273 -0.68191 0.48945 0.023409 -0.067764 -0.0032032 -0.44795 -0.17017 -0.068622 0.42823 0.18373 -0.035616 -0.00040156 -0.21686 0.0331 -0.17477 -0.19989 -0.23587 0.3746 0.18001 -0.0024997 0.031206 0.97512 -0.45839 0.042504 -0.0081029 0.019187 0.27928 0.30637 0.21455 -0.47432 0.22734 -0.1255 -0.46496 0.078551 -0.45902 0.31993 -0.057778 0.44653 -0.66438 -0.19003 -0.34424 -0.099288 0.56013 -0.23551 0.20512 -0.48643 -0.16929 -0.33537 0.099863 0.016006 -0.38549 0.75458 -0.056966 0.20037 -0.5052 0.14946 0.40871 0.76351 -0.38634 -0.16457 -0.098737 0.17221 0.19815 -0.039252 -0.15771 0.19066 -0.33409 0.074469 -0.21812 0.23577 -0.078623 0.2978 -0.022708 -0.52694 0.28729 0.59073 -0.28046 0.19132 -0.1315 -0.18799 -0.31285 0.21712 0.31697 -0.43201 -0.33076 0.20705 0.33456 -0.36266 0.21333 0.26543 -0.57092 -0.54473 0.95267 -0.12578 -0.46899 0.13095 0.20405 0.22652 0.16703 0.20757 -0.18386 -0.17724 -0.0077701 -0.11321 -0.24488 -0.50833 0.11087 0.55298 -0.38957 -0.40308 0.13183 0.20097 0.098333 -0.78632 0.34751 0.3227 0.9389 -0.71353 0.25884 -0.1088 -0.057821 -0.44774 -0.64875 0.12421 -0.33232 -0.7668 -0.32696 -0.30413 -0.18338 -0.30825 -0.13063 0.60671 -0.34489 -0.82319 0.24792 -0.69346 -0.066756 -0.091772 -0.61663 -0.15746 -0.31921 -0.034026 0.35484 -0.28229 -0.072243 -0.51994 0.12712 0.32254 -0.021949 -0.64486 -0.50482 0.5768 -0.30931 -0.51448 -0.11262 -0.23579 0.2441 -0.70179 -1.0138 -0.19498 -0.15062 0.036044 -0.29956 0.80241 -0.47635 -0.2726 -0.3038 0.48229 0.32871 0.55604 0.26037 -0.40119 -0.40534 0.42541 -0.13847 0.33674 0.25899 0.31711 0.12761 0.32296 -0.76026 -0.17867 -0.036877 0.15846 -0.096083 0.45368 0.35876 -0.02443 -0.48962 0.75684 -0.45659 -0.26758 0.6794 0.21686 0.30368 0.59961 -0.2539 -0.79066 -0.29606 -0.1032 0.28806 0.1795 -0.1869 0.23759 -0.29773 -0.055193 0.23269 -0.62037 -0.2915 0.76735 -0.2701 -0.27959 -0.38617 -0.28411 -0.96466 0.37462 0.46676 -0.3156 0.35114 -0.067794 0.64887 -0.32623 -0.33814 0.65166 0.22506 0.036779 -0.19016 0.069043 0.0571 -0.41755 0.31245
prague -0.076005 -0.20704 -0.40729 0.089328 0.4576 0.16642 0.0096468 -0.13792 0.20375 -0.80063 0.31216 0.3917 0.079038 0.299 0.50257 0.0077568 0.18193 0.86903 0.25107 0.37144 -0.37085 -0.50597 -0.050077 0.19871 0.042214 -0.023286 -0.059726 0.81974 -1.1183 -0.00055119 0.60555 -0.1124 -0.23364 0.63487 0.087304 0.19235 -0.76603 0.010138 -0.60968 -0.21567 0.0966 -0.54453 -0.21867 0.19759 -0.4106 0.22083 -0.2082 0.16641 -0.53526 0.11272 0.63513 -0.3026 -0.022303 0.089668 0.48711 -0.0094562 -0.0071245 -0.097693 0.96526 0.43406 -0.69108 -0.10038 -0.13522 -0.030667 0.033112 0.42543 0.66547 0.44862 -0.17159 -0.98586 0.21204 0.12859 -0.19134 -0.28158 -0.21888 -0.51016 -0.11081 0.0139 0.22093 0.099279 -0.062577 -0.46149 0.20933 -0.16559 -0.043775 0.21117 -0.12547 0.078614 -0.13665 0.0392 0.79076 -0.39602 0.25561 0.13964 0.22488 0.2678 0.16088 -0.10421 -0.20825 -0.091138 -0.39494 -0.27886 -0.032232 -0.44638 -0.29556 -0.13157 0.74249 -0.64466 -0.20845 0.023099 0.58577 0.10057 0.059937 0.44005 -0.22009 -0.48332 -0.11183 -0.24756 0.17675 -0.16317 0.29226 -0.014082 0.2829 -0.35348 0.22887 0.10269 0.67439 0.18919 -0.44812 -0.29122 0.011076 0.435 0.40618 -0.45393 0.28336 -0.087259 0.4318 -0.14741 0.21519 -0.095734 0.50182 0.092958 -0.55514 0.44664 0.62822 0.004584 0.44274 -0.0010568 -0.44762 -0.46 0.67532 0.1391 -0.43391 0.21827 0.22295 0.71188 0.14379 0.078093 -0.12626 -0.1357 0.1096 -0.059014 -0.36582 -0.34375 0.34442 0.48998 0.25322 -0.14224 0.71381 -0.18025 0.39707 -0.22782 -0.077001 -0.24839 -0.5499 -0.42437 0.37751 -0.20271 -0.4622 0.32641 0.25857 -0.29237 -0.78512 -0.046325 0.30789 0.26613 -1.2356 0.47346 0.18876 -0.19473 -0.19918 -0.31706 0.2277 -0.39353 -0.15332 -0.29814 -0.12955 -0.014683 -0.144 0.42734 0.73973 -0.092478 -0.92719 0.77553 -0.55177 -0.39165 -0.13976 -0.61924 -0.91217 -0.23093 -0.079834 -0.093751 -0.42354 0.087855 -0.28441 0.019744 0.017307 -0.41912 -0.59871 -0.50021 0.13341 0.20265 -0.077263 0.27473 -0.55093 0.086313 -0.59765 -0.53219 0.21147 0.084945 0.17793 0.3281 0.7241 -0.41875 0.19952 -0.080897 0.29659 -0.14679 1.0564 0.28672 -0.4887 -0.069768 0.34746 -0.3117 0.99892 0.33578 0.17248 0.22619 0.1544 -0.029108 0.047456 0.011135 0.087901 0.031783 0.25141 0.43712 -0.13879 0.20118 0.083945 -0.2532 0.024523 0.57118 0.47273 0.11767 0.36617 -0.49472 -0.27854 0.30804 0.15179 -0.072903 0.45103 -0.18665 0.18701 -0.24769 0.021608 0.27101 -0.72219 -0.38507 0.57264 -0.32345 -1.0481 -0.47395 0.033512 -0.93379 0.075182 0.59014 0.059829 0.47155 -0.26167 0.19176 -0.075297 0.11828 0.37069 0.26042 -0.15942 -0.43765 0.07838 -0.11677 -0.2073 0.01186
nashville -0.18123 0.23825 -0.29398 0.40242 -0.71464 -0.20523 0.065572 -0.32396 0.084216 1.0732 0.31103 0.34512 -0.16829 0.48143 0.52686 0.41916 -0.30569 0.041944 0.34033 0.18919 0.051131 0.010624 -0.14069 0.1361 -0.44641 0.43263 -0.08845 -0.51015 -0.64584 -0.21941 -0.030056 0.073326 -0.084426 0.16209 -0.83917 -0.19102 -0.73707 0.034282 0.59361 -0.0050639 -0.24687 -0.010839 -0.04024 0.52378 0.4629 0.35369 0.39531 -0.16855 0.28425 0.18752 0.41577 0.70083 -0.76845 -0.11836 0.023607 -0.41701 -0.30366 0.085433 0.11627 -0.4012 -0.15987 -0.27054 0.21396 0.21572 0.42981 -0.28389 0.30555 0.36989 -0.21752 -0.022665 0.20439 -0.015819 0.085782 0.29957 0.045568 -0.57742 -0.33146 0.55073 0.47601 -0.39427 -0.37283 0.032051 -0.53954 0.058284 -0.42599 -0.096974 -0.19353 0.039596 -0.1115 0.15896 0.28568 0.17831 0.10016 0.45232 0.29058 -0.28679 0.27429 -0.15895 -0.17098 -0.67857 -0.10069 -0.18892 0.37517 0.25611 -0.51353 -0.46274 0.085313 0.016977 -0.18736 0.63602 -6.163e-05 -0.39467 -0.65217 0.74387 -0.67857 -0.31244 -0.098137 -0.57729 0.24063 0.30982 0.33151 0.6744 0.6366 -0.63875 -0.033008 -0.29046 -0.25887 -0.17628 0.46932 0.31284 0.68047 -0.067986 0.014957 -0.60509 -0.1471 -0.36924 -0.357 -0.52048 0.071607 0.59365 -0.036127 0.19733 -0.19789 0.29729 0.37373 -0.25408 -0.1614 0.09517 0.034443 0.21134 0.9249 0.16246 0.68755 -0.25112 0.22635 0.46847 0.23048 0.15037 0.16866 0.023464 0.070534 -0.2829 -0.85936 0.033158 0.44638 -0.14225 -0.078738 -0.12467 -0.2222 0.20855 0.49991 -0.050348 -0.19721 0.69162 -0.17773 -0.18006 -0.047759 0.35506 -0.60338 0.61803 -0.20859 0.32709 0.01772 -0.22747 -0.3227 0.19522 0.2951 0.1086 -0.36178 0.14134 -0.35256 0.1793 -0.23854 -0.3902 0.6403 0.047514 0.18168 -0.65627 0.34199 0.68468 1.4449 -0.40168 0.49874 -0.14186 -0.42502 -0.43717 0.10608 -0.11248 0.086673 -0.10797 0.093064 -0.00017691 0.30246 0.52141 0.44574 0.76223 0.015338 0.75951 -0.3541 -0.48773 0.66376 -0.13649 0.2291 -0.68954 -0.39644 -0.19433 0.099606 -0.32094 0.27026 0.049042 -0.29391 0.47358 0.59256 -0.33047 -0.15372 -0.21775 0.1205 -0.17534 -0.40951 0.07109 -0.039385 0.11011 -0.59464 -0.47966 -0.23621 -0.43456 0.04967 0.15975 0.26445 0.53636 0.023303 -0.21162 -0.52437 0.68667 0.28915 0.48014 0.25277 -0.21891 0.84845 -0.16329 -0.12287 0.3275 -0.20027 -0.10631 0.092631 0.73127 0.44479 -0.07815 0.27258 -0.47403 -0.46986 -0.25887 0.40047 -0.25143 0.26906 0.058048 -0.50188 0.42228 0.41216 -0.034564 -0.57958 0.45562 -0.21867 -0.095641 -0.44367 0.75764 0.10739 0.078398 -0.20588 -0.68112 0.19704 0.47732 -0.44088 0.028806 -0.21075 0.47439 0.11255 0.16003 -0.38793 0.24037
mumbai -0.25335 -0.41384 0.15746 0.23978 0.098891 -0.021824 -0.23281 0.13164 -0.41321 -0.82615 0.61228 0.10024 0.2627 0.75213 0.5339 0.37498 -0.88937 0.14837 -0.13396 0.2701 -0.57684 -1.1127 0.27818 -0.27392 0.19787 0.61588 0.10955 0.72822 -0.58227 -0.28485 0.61594 0.24188 -0.36555 0.17656 0.47876 -0.64407 -0.023482 0.50454 -0.70334 0.044588 0.27836 -0.1465 0.28683 0.036432 -0.012434 0.0081772 -0.028083 0.56399 -0.47834 -0.38577 0.036789 -0.3169 -0.27132 -0.14672 0.58455 -0.13697 -0.22433 0.22546 0.32928 -0.38057 -0.71197 -0.00026786 -0.25539 -0.20205 0.74549 -0.071599 0.35676 -0.46612 -0.76592 -0.14361 0.28017 0.17191 -0.13329 -0.6528 0.50524 -0.52558 -0.29122 -0.10805 -0.61166 0.78523 0.35398 0.14329 -0.015381 -0.043004 -0.25062 0.43465 -0.18598 -0.54581 0.064031 0.52923 -0.19295 -0.031036 0.7215 -0.12598 0.16799 0.47373 0.34341 -0.014257 0.24521 -0.76783 -0.39638 0.24096 0.1045 0.34294 0.46434 -0.67908 0.38078 -0.75323 0.066007 0.05017 -0.049882 -0.51035 0.10326 -0.26676 0.26477 -0.0087991 0.40219 0.28151 -0.68371 -0.65787 -0.24078 -0.55745 0.25306 0.36881 -0.39343 -0.23268 0.029323 -0.25221 -0.59213 -0.18891 0.10969 0.16602 0.44032 0.061635 -0.13695 0.51176 0.43917 0.24765 0.30117 0.34973 0.11123 0.12581 0.028631 0.13834 -0.50899 -0.26685 0.67507 0.34267 -0.38623 0.44956 0.67418 -0.22163 0.14196 0.49831 0.1238 -0.35589 0.038869 -0.13057 0.66452 0.057569 0.37203 0.56885 0.21291 -0.098913 -0.1013 0.1579 0.97022 -0.012484 -0.315 0.37813 -0.79003 -0.79875 -0.19512 -0.036531 -0.48535 0.27191 -0.44605 -0.0094446 -0.02341 0.25117 0.11355 -0.41317 -1.0202 0.634 -0.25668 0.59423 -0.21961 0.62539 0.16982 0.11099 0.83788 -0.32005 -0.33684 -0.42472 -0.20952 -0.71661 0.30476 -0.42529 0.24978 -0.41501 0.45231 -0.34351 0.48899 0.86945 -0.057451 0.053854 0.01687 -0.063246 0.025921 -0.46325 0.23162 0.94443 -0.33758 0.31967 0.078687 -0.32964 0.0043032 -0.32614 0.0016959 0.14879 -0.25509 -0.044877 -0.050768 -0.10163 -0.4724 -0.80964 -0.42952 -0.94037 -0.39175 0.25392 0.099174 -0.069764 -0.27616 -0.17408 0.3954 0.82202 0.457 0.17829 -0.063463 0.11283 -0.091049 -0.054432 -0.49844 0.62638 -0.035927 0.28949 -0.015528 0.14106 -0.25708 -0.026998 0.12726 0.42068 -0.1319 0.84252 -0.11303 -0.57409 0.50805 0.28613 0.060136 -0.077027 0.12234 0.17052 -0.090346 0.35691 -0.033386 0.24642 0.28121 -0.19572 -0.042638 0.42216 -0.29388 0.010813 -0.037917 0.58452 0.19892 -0.35392 -0.37777 -0.41958 -0.15603 0.22033 -0.52142 -0.70015 0.00084929 -0.011287 -0.39788 -0.148 0.26189 0.37469 -0.13296 -0.46856 0.90153 -0.17497 -0.53198 0.26799 0.02285 0.88706 -0.49317 -0.031004 -0.2244 0.13133
lyon -0.28348 0.82305 -0.48695 0.2236 0.73374 0.098593 -0.39649 -0.27705 -0.18478 -0.12839 0.27013 -0.15149 0.053484 -0.0051805 0.49987 0.59612 -0.62751 0.97938 0.65793 -0.072929 -0.42988 -0.095725 -0.1314 -0.30805 -0.11265 0.14216 0.46288 0.23839 -0.067412 0.28517 0.2761 -0.56115 -0.162 0.7489 -1.0815 -0.13475 0.63202 -0.164 -0.36227 -0.67943 0.041061 -0.11522 -0.21078 -0.12111 0.069862 0.21333 0.18739 0.73069 0.076704 0.25469 0.063812 0.0071086 -0.024166 -0.48452 -0.22047 0.042286 -0.2993 -0.90159 0.085558 0.10992 -0.45677 -0.3392 -0.18699 0.49888 -0.19488 0.11549 -0.026867 -0.034618 -0.36714 -1.2308 0.01756 0.13917 0.31328 0.20809 -0.34747 -0.37952 -0.35274 -0.062392 -0.30522 0.033111 -0.063058 -0.017468 0.12715 0.23182 -0.5281 0.13054 -0.085137 0.4283 -0.50586 -0.14618 0.20622 0.11196 0.55334 -0.06225 0.46262 0.53899 0.49359 0.2628 0.24451 -0.3202 -0.49343 -0.19819 0.36452 -0.11441 -0.13388 0.25296 -0.077335 -0.37031 0.055284 0.44084 -0.044211 -0.30885 0.74676 -0.53296 -0.18701 -0.87379 0.0099398 1.0758 0.17188 0.030396 -0.41955 -0.12193 0.16255 -0.66761 -0.38726 -0.12779 0.16363 -0.51662 0.30991 0.56172 0.6123 0.51883 -0.52773 0.35991 -0.062825 -0.45916 0.57329 -0.38989 -0.046694 0.028543 -0.34331 0.19584 0.38227 -0.021179 -0.021935 -0.15072 0.10153 -0.1131 0.013108 -0.31496 0.41065 0.14084 -0.012757 0.184 0.2974 0.3429 -0.060661 -1.1894 -0.7171 -0.19631 0.091283 0.26168 -0.023303 -0.075516 -0.26272 0.17166 0.17588 -0.60922 0.029269 0.076339 -0.46429 -0.58044 0.086351 -0.5985 0.51206 0.50983 0.027566 0.51689 -0.38741 0.83246 -0.033401 -0.031405 -0.21321 0.32856 0.29159 0.4746 -1.1996 0.073264 -0.088602 -0.052925 0.014 -0.3367 -0.020614 0.43344 0.083767 -0.91643 -0.022359 -0.7674 0.34646 0.31826 0.80846 -0.67727 -0.42436 -0.02599 -0.27777 -0.58992 -0.62359 -0.2561 -0.71835 -0.56886 -0.60877 -0.094986 0.08308 0.35454 0.86307 -0.098851 0.11953 -0.20234 -0.23708 -0.86285 -0.19493 -0.42006 -0.45092 -0.21885 -0.48575 0.33203 0.49827 0.15754 0.047295 0.21565 0.07041 0.35791 -0.096749 -0.69241 -0.092627 -0.011474 0.017112 0.20758 0.12851 0.63855 -0.030426 -0.79619 0.16285 -0.0044291 0.83514 0.51059 0.025877 0.14845 0.21864 -0.15371 -0.33174 0.035988 0.50114 0.10145 0.39515 0.054361 -0.12478 -0.10617 -0.1358 0.14512 -0.059746 0.68457 -0.060512 0.61449 -0.38445 0.38625 0.057053 0.22107 0.33847 -0.0063063 0.2209 0.2326 0.15242 -0.062655 -0.18212 -0.073045 -0.048537 -0.0043824 0.08768 0.58333 -0.20096 -0.13963 0.52862 0.071865 0.68687 0.37853 0.44637 0.90981 0.15712 0.33702 -0.076614 0.019942 0.18633 0.42764 0.16174 -0.30089 0.15672 -0.14943 -0.34594 -0.42625
lumpur -0.47607 -0.35939 0.48391 -0.58663 0.037602 -0.44645 0.42313 -0.054501 -0.37162 -0.79544 0.33434 0.34273 -0.43746 0.16738 0.10282 -0.22628 0.14939 0.58144 -0.19054 -1.106 -0.68681 -0.82129 0.061254 0.056383 -0.13454 0.29934 0.16791 0.018155 -0.70239 -0.65113 0.75116 -0.67503 0.13119 0.50899 -0.10963 -0.15024 -0.28432 -0.062631 -0.039495 -0.17091 -0.77766 0.22262 -0.080799 0.4786 -0.15721 -0.010982 -0.44617 1.1174 -0.31279 -0.25221 -0.13951 -0.48372 -0.35725 0.052595 -0.34803 0.5616 -0.27109 0.51307 0.68776 -0.36862 0.00027616 -0.23823 -0.62482 -0.42126 0.87813 0.41154 0.031089 0.24204 -0.49305 0.18274 -0.63201 -0.51009 0.29449 -0.12105 -0.027624 0.13086 0.66665 -0.28531 0.51857 0.15655 0.82142 -0.2039 -0.40561 0.41739 -0.37953 -0.23713 -0.15861 -0.25095 0.016783 0.29435 -0.49603 -0.26265 0.48216 0.09731 -0.226 0.49066 -0.24996 0.28944 -0.67004 0.055843 -0.17773 -0.35045 -0.19919 0.31444 -0.50008 -0.10665 0.47618 -0.35514 -0.53956 -0.36229 -0.32215 -0.91058 -0.25373 0.10923 0.34235 -0.21313 0.25137 0.029439 -0.43386 -0.61536 0.36167 -0.89371 0.28475 -0.60764 -0.23401 0.14338 -0.15729 -0.25991 -0.55425 -0.43412 0.39628 0.19383 0.058078 -0.15522 0.54848 0.13261 0.43196 0.14655 -0.29451 0.3414 0.3742 0.29789 0.064571 0.34445 -0.52939 -0.20845 0.44812 0.46771 -0.69594 -0.116 0.56299 0.56388 0.46142 0.88196 0.45622 0.044017 -0.79136 0.25031 0.22551 0.17137 -0.023634 0.058578 -0.25798 -0.35212 0.42185 -0.086644 0.48749 0.0075868 -0.018088 0.15191 -1.0721 -0.48684 -0.46475 -0.18954 -0.38905 -0.47373 -0.076178 0.17097 0.20414 0.35443 -0.15869 0.070067 -0.70257 -0.34411 -0.53537 0.13151 0.32044 0.60008 0.17572 0.20948 0.029867 -0.002379 -0.48543 0.37907 -0.57402 0.076876 -0.005464 0.19345 0.04223 0.18674 0.29382 -0.34596 -0.29461 0.73687 -0.67609 0.59088 0.25732 -1.065 0.12397 -0.73865 0.081637 0.4728 0.047179 -0.24701 0.17307 0.52163 -0.22354 -0.46049 -0.19517 0.45552 0.27424 -0.74797 -0.073244 0.18589 -0.38714 0.20753 0.038141 -0.046929 -0.14471 0.5762 0.27493 -0.36842 0.33665 -0.18796 0.43053 1.1557 -0.0020765 -0.13025 0.28446 0.29068 -0.050472 -0.28951 -0.61004 0.46122 0.52729 -0.093309 0.26213 0.007904 -0.18064 0.40432 -0.073714 -0.70143 -0.034362 0.33023 -0.76128 0.035896 -0.011297 0.24553 -0.12958 -0.36828 -0.85279 0.47014 -0.13484 0.037918 0.073356 -0.22945 0.029927 -0.13939 -0.26923 -0.30244 0.023534 0.066754 0.7477 -0.22088 -0.62512 -0.43468 -0.19688 -0.0087448 0.18613 0.28144 -0.76274 -0.96998 -0.48487 -0.9106 -1.0087 -0.21882 -0.19277 -0.1028 -0.981 -0.49535 0.11483 0.61134 -0.4421 -0.11401 0.37973 0.39437 -0.71772 -0.87427 -0.099861 -0.38435
oslo 0.1543 -0.22569 -0.26811 0.73062 0.30366 -0.07838 0.23429 -0.0029746 -0.14719 -1.0523 -0.7411 -0.31841 -0.10223 -0.044986 0.34416 0.56744 0.10017 0.5854 -0.21793 0.28303 -0.090387 -0.4468 -0.44498 0.41448 -0.27952 0.26885 -0.28201 -0.54832 -0.49999 -0.37061 0.28149 -1.0729 -0.37386 0.86297 0.19002 -0.6543 -0.36498 0.29646 -0.63061 -0.21478 -0.70318 -0.12176 -0.35263 0.32633 -0.024957 0.38479 0.099745 0.39758 -0.14823 0.45844 0.032717 -0.1757 -0.10475 -0.12966 -0.047243 0.90871 -0.10286 -0.26232 -0.30165 -0.0032355 -0.59286 0.63351 -0.49601 -0.36398 0.18267 0.63215 0.22722 0.027839 0.40804 -0.17977 -0.063101 -0.047768 0.61611 -0.13323 -0.44557 0.056851 0.61243 0.079016 0.1625 0.43284 -0.26192 -0.55614 -0.088861 0.073906 0.13074 -0.21815 -0.59403 -0.11847 -0.26536 0.090738 -0.32037 -0.39784 -0.1725 -0.023072 0.18233 -0.67825 0.56518 -0.35791 0.086856 -0.32714 0.096346 -0.87894 0.54643 0.34633 0.11793 0.077976 1.2683 0.091624 0.012991 -0.42826 -0.50856 -0.14375 -0.10976 -0.17178 0.25761 -0.52169 -0.15636 -0.52209 -0.69601 0.039936 0.59191 -0.37658 0.56057 -0.45957 0.35167 0.021841 0.84181 0.047965 0.20401 -0.37361 -0.32504 -0.049421 -0.30697 -0.38629 0.37175 0.77562 -0.25831 0.70215 0.11579 0.38832 0.4219 0.43333 -0.33571 -0.31023 0.18806 -0.4425 0.5043 0.45594 -0.12809 -0.62904 0.075884 0.34301 0.19524 -0.1632 -0.45061 0.24681 0.13238 0.023805 -0.1296 -0.34856 -0.53735 0.81616 -0.17862 -0.53006 0.47924 0.88791 0.40241 0.38358 -0.25736 -0.52556 -0.098726 -0.45968 0.36875 -0.3095 -0.091121 0.30567 0.2003 0.11644 -0.50991 0.88029 0.14414 0.10264 -0.28465 0.056044 0.9444 0.60755 -0.71551 -0.38194 -0.32679 -0.34344 0.72944 -0.97844 0.70434 -0.7262 -0.068411 -0.3775 -0.81025 0.45606 0.22117 0.17126 0.49657 -0.40129 -0.17804 0.3512 0.02798 -0.70642 -0.24764 -0.3161 0.64147 -0.073864 -0.018507 0.046011 -0.06225 0.22024 -0.11981 0.31408 0.14098 -0.051509 -0.29399 -0.31586 1.0469 -0.57661 -0.0024811 0.20785 0.068261 0.098991 -0.5627 -0.17071 0.50019 0.16947 0.19082 -0.4172 0.43384 -0.074936 0.1088 0.68313 -0.18068 0.13254 -0.20914 0.22944 -0.33556 -0.46318 0.19897 -0.026494 -0.54844 0.1441 -0.11629 -0.7021 -0.6658 -0.69358 -0.47768 -0.17377 0.047345 -0.15095 -0.38658 0.36167 0.56365 -0.23583 0.4416 -0.45646 0.056298 -0.34604 0.42424 0.49595 0.37728 0.029046 0.01209 -0.19433 0.47355 -0.4086 0.10252 -0.35983 0.79089 0.81422 -0.0029924 -0.16372 -0.65868 -0.60463 0.73474 -0.082221 0.10528 -0.050342 -0.46047 -0.26431 -0.15489 0.45525 -0.36566 0.77415 0.075968 -0.5883 -0.56433 0.018561 -0.12164 -0.07995 -0.075382 0.39675 0.10566 -0.3588 -0.32226 0.29707
edinburgh 0.35995 -0.043132 0.38673 0.0031049 -0.039952 0.2454 0.95503 -0.093156 -0.38332 -0.08721 0.34037 -0.20338 0.39645 0.20589 0.17429 0.35611 0.14813 0.44655 -0.096668 -0.12971 0.0043469 -0.16832 -0.32574 0.084527 0.30796 0.4082 -0.13523 0.15596 0.35333 0.11425 0.65094 -0.35462 0.31444 0.89014 -0.72419 0.24441 0.12348 0.56717 -0.35572 0.21088 -0.35852 0.25509 -0.74594 0.2497 0.087349 0.15445 0.35474 0.32918 0.24906 -0.28994 -0.40114 0.26848 -0.27324 0.35936 0.48712 -0.015551 0.36623 -0.06034 -0.40731 -0.27256 0.15873 -0.091334 0.29836 0.18573 0.7006 -0.064964 0.47127 0.76206 -0.2693 -0.25382 0.78143 -0.13598 0.69494 -0.4832 -0.0066591 0.34543 -0.15173 -0.21838 0.15786 0.26037 0.16837 -0.54118 0.13322 -0.099732 -0.37164 -0.42026 0.75179 0.15668 -0.11094 0.40397 0.77912 0.028673 0.27578 -0.18973 0.0034038 -0.027035 1.0446 0.42089 -0.50973 -0.68371 -0.1903 -0.05431 -0.20939 0.53814 -0.64548 -0.02569 0.066947 0.4808 0.016439 0.45628 0.082152 -0.38131 0.29441 -0.072288 -0.2803 -0.66023 -0.22708 0.21714 0.0098118 -0.85489 -0.43793 0.5992 0.19752 -0.46976 0.42469 -0.78664 0.0038249 0.021005 0.49405 -0.40473 0.76489 -0.30695 -0.18322 -0.38992 -0.25966 -0.087943 -0.14285 -0.48206 -0.53362 -0.15821 0.40023 -0.17659 -0.686 -0.21111 -0.22394 -0.070092 0.74704 0.30611 -0.67747 -0.25768 0.63621 -0.43818 0.32971 0.028493 -0.32744 0.17484 -0.12633 0.055927 0.41306 0.094014 -0.41658 0.34266 -0.14282 -0.3718 -0.85892 -0.10852 -0.36654 -0.66519 0.8334 0.044953 0.33978 -0.66207 0.058147 -0.34548 -0.30057 0.44204 0.16695 -0.21794 -0.12498 0.23298 -1.0693 0.30939 0.25866 0.51506 0.83949 0.31738 -0.54658 -0.20025 -0.036196 -0.60652 -0.58092 0.16432 0.091628 -0.75459 -0.27663 -0.42047 0.19222 -0.028139 -0.12399 0.12063 0.67731 -0.40605 -0.71996 0.073763 0.33856 -0.00233 -0.036507 -0.10758 -0.43403 -1.1058 0.34426 -0.35693 0.1189 0.14805 -0.10558 -0.0094689 -0.064058 0.4041 0.12507 -0.9266 0.068227 0.16592 -0.21403 0.13814 -0.61693 -0.35517 -0.48615 -0.14965 0.30671 0.55351 0.09644 0.2325 -0.28078 -0.38829 0.42408 -0.13396 -0.2222 0.030609 -0.42569 0.1854 -0.16351 -0.078575 0.28452 0.46235 -0.085202 0.3213 -0.33013 -0.11759 0.62992 -0.057036 0.26186 0.085753 0.52027 -1.0195 0.28216 0.41673 0.23597 0.061208 0.48197 0.5674 -0.30239 0.36343 0.049713 0.81775 0.039268 -0.5148 0.069876 -0.42152 -0.016752 0.14314 0.1508 0.63488 0.39235 -0.60293 -0.23443 -0.073148 -0.54364 -0.3987 0.25237 0.83522 -0.62717 -0.3261 -0.33601 -0.11487 -0.10552 0.36261 -0.10684 0.69756 0.225 0.16258 0.79653 0.10635 -0.3076 -0.21572 -0.14285 -0.40703 0.63042 0.35637 0.12532 0.5294
hamburg 0.092894 -0.045514 -0.46059 0.18706 0.56699 -0.048671 -0.17078 -0.56475 0.38898 -0.44744 0.35537 0.047265 0.00047922 0.15213 0.12648 0.0009575 -0.048021 0.74171 0.29122 0.35176 0.091756 -0.69548 -0.43097 -0.038092 -0.65083 0.20486 0.10455 0.77957 -0.53349 0.016833 0.32185 -0.21006 -0.10029 0.2433 0.18427 -0.85616 0.22525 0.18548 -0.30199 0.023479 0.038165 -0.19059 -0.61126 -0.49076 0.23441 0.27062 0.61216 0.65231 0.095668 -0.047451 -0.052237 0.28053 -0.4573 0.39556 0.28783 0.023746 0.29187 -0.48886 0.19968 0.061562 -0.47449 -0.052183 -0.17758 -0.44273 0.20094 -0.31091 -0.34161 -0.15716 -0.24313 -0.43883 0.15839 0.17805 0.30493 -0.39038 -0.11508 -0.11438 -0.19424 0.33524 -0.60903 0.48474 -0.0238 0.10403 -0.24319 0.37266 0.47519 0.42723 0.5098 -0.040368 -0.45033 0.14318 0.089224 -0.20075 0.47533 -0.3396 0.1548 0.022779 0.048822 0.25772 0.00086638 -0.73742 0.090326 -0.31283 0.68665 -0.28554 -0.23715 -0.1154 0.50735 0.21516 -0.065539 -0.062026 0.26241 -0.011837 0.15264 -0.71837 -0.31978 -0.16613 -0.45754 0.090269 0.11536 -0.31587 -0.10032 -0.22151 0.87072 0.031213 0.49123 0.22873 0.24157 -0.43666 -0.05372 -0.29889 0.30752 0.57073 -0.28855 0.14594 -0.030793 -0.18077 0.2071 0.33997 -0.11127 0.2832 0.31522 -0.052607 0.18773 0.32324 0.75834 0.069695 -0.27151 0.35525 -0.37238 0.26128 0.46409 0.33796 0.058613 -0.056977 -0.11817 0.48017 0.29198 -0.038861 0.11817 0.26259 -0.20325 0.35466 0.23297 -0.4958 0.44691 0.34051 0.319 -0.79871 1.0038 0.40161 0.24478 -0.89948 -0.29277 0.056895 0.10764 0.24191 0.65059 0.059064 0.05794 0.41341 0.96208 0.42696 -0.63093 0.13853 0.26915 -0.14147 -1.2037 0.030099 1.0805 0.36849 0.83688 -0.26682 -0.029009 0.11941 0.56667 -0.22196 -0.22607 -0.64038 -0.43116 -0.12868 0.67409 0.25775 -0.1874 -0.13493 -0.42378 -0.82015 -0.26598 -0.13307 -0.48414 -0.26793 -0.34795 0.16485 -0.18009 -0.307 0.28831 0.45853 0.21204 0.46575 -0.3185 -0.67616 0.24872 -0.14895 0.090392 0.3733 -0.36508 -0.20544 -0.53985 -0.67502 -0.09854 -0.097011 0.47 0.44098 0.6605 -0.38865 0.6006 -0.16226 -0.27895 1.2434 0.76279 0.31454 -0.55695 -0.090651 0.062933 -0.049858 0.52951 0.36705 0.083452 0.46265 0.44948 0.003637 0.4672 -0.38029 -0.33387 1.2251 0.052531 0.17506 0.26562 0.041714 0.11575 0.17082 0.24602 -0.18066 0.51273 0.045475 -0.12814 0.061708 -0.20705 -0.20171 0.22933 -0.4847 0.61187 0.027702 -0.33488 0.068819 0.40243 -0.53139 -0.58114 0.23842 -0.05763 0.70774 -0.88538 1.0465 -0.44627 -0.26945 0.03276 0.054994 0.23861 0.59554 0.023441 0.0048752 -0.022637 0.12225 -0.019762 -0.15758 0.10909 0.34865 0.068372 0.027217 0.14841 0.047043
ankara 0.98746 -0.036669 0.68921 0.15358 0.21667 -0.59261 0.3415 -0.020946 0.59871 -1.527 -0.012209 0.076337 0.37455 0.21164 0.6803 0.95721 -0.078688 0.097239 -0.075321 -0.64282 0.65649 -0.24447 -0.064584 0.40408 -0.51669 0.11976 0.50153 -0.49147 -0.24885 0.1142 -0.037616 -0.19515 -0.21095 -0.15021 0.50745 -0.10095 -0.39085 0.2562 -0.687 -0.4006 -0.30874 -0.21315 -0.66091 -0.28404 -0.24901 0.36659 -0.082421 -0.057845 -0.17494 0.28131 0.092449 -0.26572 -0.14504 -0.52186 -0.08514 0.6733 -0.63507 0.5924 -0.18651 0.46848 -0.31234 0.59953 -0.83714 -0.48895 -1.1912 -0.069753 0.71157 0.67258 0.097873 -0.08309 0.37239 -0.42422 0.85127 -0.024071 -0.0013352 -0.15568 0.14267 -0.13947 0.15018 0.21142 0.11691 0.036376 -0.10238 -0.72251 0.7137 -0.083954 0.050041 0.10229 0.12495 -0.20419 0.08672 0.36873 -0.28015 0.57882 -0.061935 0.77546 -0.2087 0.23177 -0.61902 0.00030943 -0.23331 -0.60093 -0.52133 0.13171 -0.53781 0.1617 0.59561 -0.10822 0.15318 -0.53814 0.1246 0.61628 -0.40438 0.45383 -0.24546 -0.44109 -0.40288 -0.25368 0.072509 -0.80531 0.23926 0.18457 0.069653 0.35004 0.027172 0.33822 0.91318 -0.57105 0.32551 -0.082074 -0.19315 0.32385 0.60928 0.12574 0.34346 -0.1704 0.12427 0.18137 -0.28326 -0.37661 0.52894 -0.21879 0.29899 -0.78562 0.040459 -0.89937 -0.054682 -0.20087 -1.0605 -0.28427 0.29576 0.23354 0.47493 0.82519 -0.1402 0.4838 0.075244 0.045052 0.099521 -0.21264 -0.058043 0.7618 -0.010051 0.059424 -0.037118 -0.29641 -0.18131 0.041475 0.041768 -0.062418 -0.081062 -0.53883 0.12287 -0.16579 -0.1688 -0.12291 0.10368 -0.30715 -0.26923 0.17854 -0.12162 -0.53807 -0.36773 -0.42724 -0.12275 0.85982 -0.45534 -0.047511 0.035106 0.11945 -0.5886 -0.43335 -0.10478 -0.44236 0.027064 -0.10066 -0.11696 0.33978 -0.32681 0.66033 0.43155 0.071686 -0.1334 0.59368 -0.20137 0.15409 -0.24672 -0.32878 0.19136 0.27232 0.13758 0.31344 0.22614 0.35045 0.33497 0.12516 0.21172 0.48882 -0.64129 -0.0021519 1.0455 -0.085365 0.11457 0.35098 0.15605 -0.37607 0.051871 -0.41324 -0.19276 -0.33144 0.34678 -0.4169 0.70035 -0.48783 0.053876 0.20213 0.37194 0.24928 0.71488 0.20714 -0.13696 -0.31607 -0.082949 0.013381 0.26905 0.44567 0.15343 0.26565 -0.33113 -0.47054 -0.064557 0.26024 0.047462 -0.12633 0.25891 -0.42719 -0.15758 -0.026332 -0.003006 -0.41713 0.39919 0.36276 0.34943 0.46273 0.57752 -0.14356 0.24226 -0.67412 -0.04622 -0.81277 0.062721 0.047582 -0.13679 -0.14383 0.29016 -0.35732 -0.51313 0.31078 0.56818 0.12739 0.017909 -0.24136 0.60055 -1.3881 -0.068879 0.040912 -0.093845 0.62914 -0.0095375 0.13905 -0.040219 -0.329 0.90655 -0.15868 -0.66626 0.35621 -0.41221 -0.72776 -0.84478 0.16807
sao 0.4961 0.39571 -0.063392 0.021822 0.094282 0.4051 -0.73349 0.13799 -0.039557 -0.87537 -0.39803 0.18494 0.15552 -0.27509 0.25638 -0.4987 -0.16104 0.87835 0.3167 -0.39281 0.06925 -0.2423 0.41835 -0.066838 -0.22003 -0.15959 1.0819 0.25454 -0.47441 -0.53734 0.2247 0.059726 -0.050978 0.082851 0.0077201 0.12917 0.55385 -0.0086116 0.12738 -0.077514 -0.19748 -0.49049 -0.67589 -0.12421 0.10016 -0.38817 0.59077 0.6187 -0.3086 0.35923 0.1271 -0.23742 0.047795 0.9649 0.1298 0.46414 -0.39157 -0.4417 0.11957 -0.70905 -0.48557 -0.50058 0.16337 0.18233 -0.057708 0.39938 0.83336 0.58767 0.67122 -0.64884 0.36677 0.41711 0.27294 -0.90811 -0.084884 -0.12091 -0.14027 -0.16715 0.34881 -0.30616 0.82841 0.26821 -0.42294 0.10234 -0.75232 0.25593 0.31984 0.088471 -0.002305 -0.22545 0.067067 -0.49519 0.49989 -0.73001 0.35778 -0.42581 -0.032709 0.10954 0.13496 -0.31946 -0.039947 -0.17953 -0.014533 0.0059444 0.64446 -0.036646 0.41825 0.052661 -0.36306 0.0037847 -0.74572 -1.0229 -0.82488 -0.24413 -0.23562 0.1051 0.55296 0.41355 0.51914 -0.32064 0.3255 -0.1266 0.28763 -0.15075 -0.4313 -0.023614 0.46417 -0.55859 -0.76027 0.43226 0.38085 -0.45169 -0.68266 0.20893 -0.51772 0.052835 0.061542 0.16534 0.20514 0.63071 -0.29964 -0.35226 0.18649 0.0050681 -0.19146 -0.32011 0.32234 0.33192 -0.041402 -0.65135 0.78573 0.026028 -0.11353 0.72117 0.49865 -0.33356 0.029489 0.34145 -0.13363 0.073765 0.057605 -0.18389 -0.32409 0.28385 -0.21498 -1.0664 0.20479 -0.51547 -0.27247 -0.40419 -0.41651 -0.0073658 -0.54051 0.61698 0.42532 -0.49455 0.019306 0.49049 -0.26813 0.80119 0.28357 0.55569 -0.043592 0.26171 -0.091233 0.57691 -0.55648 0.48346 -0.43794 0.0073694 0.18117 -0.12665 -0.096307 0.25046 0.35561 -0.11202 0.52267 -0.14066 -1.0223 0.28645 0.14811 0.12831 -0.449 0.1252 -0.54745 -0.057694 0.14914 -0.0070392 0.33043 -0.28115 -0.65613 0.21744 0.31885 0.17317 0.40225 0.46749 -0.012267 -0.56225 -0.38159 0.11071 0.30288 -0.22968 0.86843 0.16237 -0.17961 -0.70279 -0.15089 -0.3482 -0.1208 -0.27476 -0.2007 0.090856 -0.22772 0.72057 0.65873 -0.10497 -0.45131 0.31006 0.75955 0.24633 0.033055 -0.29922 -0.1366 0.12901 0.70582 0.28064 0.64276 0.13246 0.51019 0.026117 0.66823 -0.089206 -0.25751 0.54537 0.12769 0.13433 -0.32756 -0.14041 -0.46713 -0.66408 0.34452 0.66655 0.19355 -0.6279 0.18841 0.0045999 0.038086 0.094712 -0.44318 -0.046965 -0.26997 0.087966 0.32333 -0.45043 0.25242 -0.22416 -0.11504 -0.19704 -0.40312 0.30698 -0.62172 -0.013574 0.3412 -0.8168 -0.42369 -0.17641 -0.2704 0.1404 -0.38364 -0.21121 -0.25322 0.44517 0.16093 -0.30532 0.95174 0.16979 -0.70648 -0.7416 -0.18558 -0.2255
chi -0.052297 -0.2895 -0.11222 -0.45723 -0.34332 -0.46712 -0.071948 0.15174 -0.30214 -0.6249 0.3748 -0.59207 -1.0425 0.18625 0.80663 0.31352 1.1059 0.14495 0.24835 0.063605 -0.4127 -0.15093 0.029327 -1.0923 0.23907 0.5466 1.1164 -0.15038 0.26306 0.083058 0.041985 -0.1632 0.14927 1.042 -0.79973 0.81618 -0.20733 -0.29474 -0.28665 0.07369 0.43124 -0.32654 -0.6071 0.72106 0.082137 -0.14781 0.99618 0.41975 -0.71969 -0.099855 -0.72526 0.342 0.37639 0.17686 -0.086769 0.11844 -0.41883 0.56862 -0.32978 -0.35439 0.054234 0.21414 0.30386 0.032366 -0.13566 -0.35372 -0.35001 0.15646 -0.31867 0.7626 0.1636 -0.18708 0.39348 0.41256 0.19943 0.81741 0.85322 -0.17455 0.55383 -0.27897 -0.046447 -0.19959 0.2421 0.088961 -0.56804 -0.54379 -0.53055 0.23106 -0.076387 -0.1032 -0.46937 0.10919 0.27374 -0.25425 0.21558 -0.15337 0.46844 0.22866 1.0489 0.40017 -0.37368 -0.076195 -0.42964 0.64016 0.048684 -0.069932 -0.35186 0.036719 -0.82098 0.43863 -0.98181 -0.8089 -0.21827 -0.37801 0.41062 -0.15491 -0.057779 0.037955 -0.42511 0.54273 -0.18961 -0.47253 -0.10245 0.086312 0.14366 -0.013559 -0.48182 0.21163 -0.0096174 0.60989 -1.0598 -0.44051 0.12935 0.047956 -1.0405 -0.84906 -0.023763 -0.4939 0.55293 0.35129 -0.003797 -0.2635 0.040568 -0.40351 0.028034 0.37682 -0.32661 0.2225 -0.0642 0.2128 0.61017 0.41577 -0.16313 0.35738 0.47618 0.18984 0.18736 0.18549 -0.49379 -0.11082 0.3586 0.27022 -0.20858 -0.76408 -0.42346 -0.056234 -0.56418 -0.025823 0.080328 0.10208 -0.26259 -0.49693 -0.44979 0.16094 -0.54698 -0.20688 0.48239 -0.58837 0.11279 0.16266 -0.56844 0.41032 -0.60985 0.55033 -0.6199 0.35128 -1.0555 0.38891 -0.24438 0.060769 0.10974 0.19159 -0.058758 0.4354 0.32123 -0.33912 0.58974 -0.12804 -0.39738 -0.18291 0.20517 0.35068 0.48822 -0.18905 -0.79469 0.27468 0.028506 -0.22988 -0.18549 0.10736 -0.063256 -0.18596 -0.35332 0.34961 -0.026742 0.36451 -0.13578 -0.071838 0.30672 0.53376 0.36079 -0.14595 -0.068344 0.2184 -0.16973 -0.13032 -0.28067 -0.19583 -1.0073 -0.55467 0.020243 -0.67419 0.092913 0.49847 -0.31058 -0.23838 -0.74525 -0.92403 0.089803 1.0193 0.53348 0.11087 -0.34707 0.20785 0.74216 0.82891 0.19947 -0.25165 0.038051 0.4262 0.34678 -0.022861 0.27962 -0.092907 0.16768 0.10925 -0.20078 -0.37347 -0.33181 -0.99089 -0.067144 0.28391 0.17642 -0.67793 0.68507 -0.014772 -0.5318 0.56305 -0.13495 0.099906 -0.45737 0.61352 0.21117 -0.25466 -0.024911 -0.093492 -0.07237 -0.37022 -0.29421 0.23558 0.010852 -0.2224 0.14391 0.024163 -0.66767 0.76806 -0.052238 0.41516 0.16143 -0.011069 0.50279 0.6085 -0.48418 -0.21388 0.20223 0.17901 -0.093454 -0.14034 0.29152 -0.017078
salvador 0.42227 0.056704 -0.51769 -0.19064 0.083102 0.37435 -0.96245 0.21501 0.10875 -0.60401 0.11085 1.1104 0.44529 -0.0093374 -0.010995 -0.36516 0.34859 -0.38236 -0.056812 0.09124 0.12153 0.2058 0.10623 -0.52856 -0.25877 -0.32135 -0.18125 0.066615 -0.3319 -0.29578 0.31373 1.0778 -0.10553 0.14966 0.18659 -0.098434 0.51943 -0.033347 -0.017519 -0.43767 0.18757 -0.20413 0.3412 0.39349 0.16243 -0.1758 0.69467 0.58604 -0.46359 -0.15638 0.1108 -0.37244 0.056473 0.41305 0.0065411 0.15131 0.054183 0.2284 0.23578 -0.77267 -0.76666 0.14932 -0.55061 0.53153 -0.44983 -0.58857 -0.16893 0.54989 0.46959 -0.46581 -0.041734 0.14364 0.10588 -0.064866 0.4326 -0.40482 0.21491 0.056738 0.21723 -0.4939 0.35953 -0.13032 -0.42274 0.19814 -0.53423 0.052605 0.22985 -0.11067 -0.072122 -0.26657 0.59486 -0.58595 0.49615 -0.72091 0.09224 -0.01388 0.46751 -0.75995 -0.51085 0.35385 0.5687 -0.019421 -0.097166 -0.074818 0.36264 0.3249 0.15081 -0.1613 -0.062802 0.1027 -0.088253 -0.61518 -0.16326 0.027036 0.67074 0.4077 0.1265 -0.16724 -0.14399 0.47469 0.23377 -0.039331 0.030088 -0.46286 0.26499 0.26148 -0.074718 0.2545 0.24877 0.41547 -0.59168 0.024414 -0.0070435 0.76556 0.2081 -0.45346 -0.47501 0.60108 0.32029 0.29496 0.074625 -0.19364 -0.78607 -0.11471 -0.14536 -0.33909 0.87233 0.35582 -0.19835 -0.35515 0.51721 -0.46286 -0.13046 0.31239 -0.51429 0.31602 0.23329 0.1942 0.32528 -0.05115 0.30027 0.08115 -0.23392 0.19359 0.12699 -0.77213 -0.024098 0.28856 -0.14653 0.21074 0.51777 0.43827 -0.2426 0.21221 0.46399 0.19314 -0.12207 -0.14505 -0.81022 0.50186 0.070069 0.23747 -0.52337 0.53177 0.16988 0.15735 -0.86325 0.63448 -0.0049558 0.50023 0.090079 0.25539 0.52544 -0.1257 -0.085228 0.74697 0.72079 0.52931 -1.0014 0.53444 0.35431 0.11259 0.044521 0.029248 0.1588 -0.37143 -0.0074843 0.78994 0.044349 -0.31818 -0.0092077 -0.34777 -0.050818 0.40853 0.084955 0.26488 0.046394 -0.30023 0.085515 0.52091 0.44145 -0.28388 -0.16349 0.23747 0.14112 0.116 0.5489 -0.49058 -0.13432 -0.53779 0.0070203 0.060663 0.042257 0.4106 0.15492 -0.2234 -0.13838 -0.22097 0.83432 0.29563 0.10175 -0.091721 -0.45467 0.04155 0.22296 -0.3952 0.60389 0.029558 0.047985 -0.13545 0.18821 0.039042 -0.22079 0.57274 -0.093598 0.58509 0.19735 -0.44331 -0.75278 -0.35822 -0.1312 0.34411 0.35408 -0.19202 0.69262 0.15166 -0.041814 0.054782 -0.26763 -0.43041 0.055501 -0.54722 0.36662 -0.23364 0.33475 0.57443 -0.53502 -0.65547 0.12166 -0.29947 0.82677 0.25951 0.52435 -0.48996 -0.26886 0.5758 0.096049 0.19892 -0.43799 -0.010782 -0.25308 0.02255 0.012404 -0.12476 0.42175 0.39013 -0.31481 -0.033862 -0.06693 0.091759
guatemala 0.1819 0.54091 -0.5135 -0.11109 -0.10102 -0.048682 -0.27139 0.31471 -0.079575 -0.62884 0.26366 0.7489 0.054997 -0.19977 -0.2696 -0.27519 0.083192 -0.36331 0.0024254 0.033944 -0.25165 -0.2427 0.10066 -0.66227 -0.32997 -0.55557 0.32443 -0.053152 -0.53314 -0.25264 0.42401 0.80952 -0.1796 0.21796 0.27394 0.18473 0.39729 0.1607 -0.50704 -0.5621 -0.0094147 -0.33526 0.30802 -0.008618 0.10671 -0.26896 -0.012102 0.57346 -0.1123 -0.020983 -0.068639 -0.17363 -0.21651 -0.1008 -0.36603 -0.20302 -0.055987 -0.51981 0.043412 -0.41986 -0.7819 0.31382 -0.52275 0.58323 -0.15952 0.01054 0.50574 0.57381 0.75474 -0.70371 -0.29785 0.34662 0.053583 0.013152 0.028921 -0.23525 -0.2001 0.11186 0.21528 0.041535 0.10745 -0.52285 -0.37462 0.34771 -0.66159 -0.34495 -0.36571 -0.52823 0.073675 -0.41443 0.20331 -0.47576 0.35471 -0.47666 0.032575 0.39062 0.063858 -0.25333 -0.31262 0.41637 0.89515 0.11437 -0.045849 -0.31775 0.52594 0.32054 0.31696 0.022613 0.08864 0.39299 0.51246 -0.78164 -0.23981 -0.020079 0.48976 -0.44622 0.28811 -0.22894 -0.30291 0.41804 0.12291 -0.039108 0.14068 -0.19039 -0.3163 0.47 0.38865 0.34648 0.42677 0.14961 -0.88 -0.14125 0.32003 0.47923 -0.042357 -0.076874 -0.35852 0.77364 0.20498 0.082634 -0.42778 -0.66331 -0.56309 0.10309 -0.4489 -0.29968 0.77872 0.083554 0.071415 -0.66942 0.33333 -0.18587 0.18052 0.39152 -0.585 0.18245 0.32309 0.20341 0.031703 -0.30814 0.39256 0.19191 0.30644 0.3554 -0.17794 -0.43964 0.28776 0.079439 -0.20828 -0.40241 0.14768 0.47486 0.12629 0.057482 0.39522 0.30597 -0.0025733 -0.070084 -0.7686 0.45182 -0.34917 0.23088 0.22196 0.12189 0.73063 -0.18026 -0.64886 0.51693 -0.2696 -0.24127 0.027404 -0.076005 0.20502 -0.15629 0.10814 -0.0031315 0.92045 0.27422 -0.66199 0.33656 0.056668 -0.10709 0.053269 -0.016013 0.11818 -0.38277 -0.09012 0.48529 -0.023379 -0.29661 0.034953 -0.14589 -0.064762 0.97034 0.28424 0.073601 -0.44233 -0.62279 0.33849 0.63029 0.31855 -0.59642 -0.40102 0.23529 0.33081 0.27284 0.59969 -0.43412 -0.098839 -0.1796 -0.0094862 -0.58454 -0.24225 0.45956 -0.2099 -0.054033 -0.08757 -0.35398 0.78819 -0.12405 -0.21355 -0.1262 -0.050121 -0.10296 0.12786 -0.40639 0.39951 -0.054215 -0.29717 0.22476 0.0132 0.41759 -0.09701 0.035395 -0.16013 0.55232 -0.15774 -0.40583 -0.21856 -0.45634 -0.26091 0.22915 0.55791 -0.013534 0.56657 0.41085 0.17426 -0.28641 -0.33622 -0.062277 -0.22712 -0.65269 0.21931 0.27401 0.60755 0.321 -0.7816 -0.37398 0.60881 -0.022415 0.80206 0.0050111 1.0306 -0.54472 -0.70761 0.48153 0.41274 0.12137 -0.051878 0.018388 -0.010592 0.14222 0.023748 0.24871 0.12006 0.51636 -0.29681 -0.042592 0.047809 0.33347
aires 0.9378 0.28765 0.23897 -0.22691 0.22251 -0.073109 -0.6093 -0.1395 -0.26592 -0.62015 -0.18116 1.1267 0.30221 0.48195 0.32317 -0.25307 0.063429 -0.0039719 0.40266 0.62941 -0.72934 -0.1875 -0.024111 -0.07734 -0.29657 -0.47755 -0.083256 0.07437 -0.48352 -0.50692 -0.10802 0.49023 -0.64069 -0.11596 0.32828 -0.48865 -0.02217 0.35041 -0.56798 0.18893 -0.27188 0.16819 -0.37434 -0.17889 0.26324 0.37237 0.0047663 0.74252 -0.11778 0.45262 0.024386 -0.18702 -0.17609 0.72162 -0.11763 0.22512 -0.4862 -0.36519 0.2311 -1.1511 -0.41934 -0.53719 -0.18279 -0.12509 -0.20645 0.33419 0.64464 0.13149 -0.16083 -0.74537 -0.29849 0.69882 0.27649 -0.36349 -0.80411 -0.96836 0.12577 -0.12349 0.20166 0.072727 0.46607 -0.1984 -0.091084 -0.26842 -0.4083 0.090377 0.52939 -0.26325 -0.010964 0.2982 0.52139 -0.85489 0.090337 0.054929 0.17279 0.51569 -0.030659 0.065487 -0.35206 -0.57851 0.16085 -0.34539 -0.79319 -0.17353 0.56519 0.11698 0.16733 -0.71942 -0.3714 0.056052 0.11073 -0.28829 -0.47298 -0.62015 -0.35779 -0.23579 -0.11659 0.050638 0.21846 -0.5857 0.64372 0.18664 0.079617 -0.57968 -0.098553 -0.049947 0.42186 -0.45599 -0.70842 0.17442 0.18001 -0.46374 0.025028 -0.11396 0.14538 0.098913 -0.15026 0.18468 -0.050567 0.10365 -0.20158 -0.14955 -0.5823 0.68053 -0.17802 -0.25782 0.66866 -0.028375 -0.48598 -0.22893 0.529 0.0013031 0.69252 0.074009 0.54675 0.023991 -0.37264 -0.029134 0.60487 0.0081344 -0.44442 0.61658 -0.58011 0.42187 -0.28281 -0.67731 -0.017345 -0.50341 0.38752 0.046944 -0.41523 -0.20095 0.086663 0.18467 0.30963 -0.19033 -0.5419 0.023608 -0.34865 0.5128 -0.063193 0.16596 -0.49902 0.3424 0.038751 0.7645 -0.34573 0.068597 0.24787 0.050312 -0.24319 0.10407 -0.15229 -0.68623 -0.5076 -0.18153 0.099337 0.61129 -0.23419 0.63337 0.37745 0.024545 -0.29284 0.65812 0.21608 -0.05749 -0.18702 0.072628 0.34064 -0.10719 -0.46347 0.030338 0.20458 0.1169 0.23528 0.30258 -0.094255 -0.72862 0.2107 -0.15637 0.50233 -0.076419 0.45358 0.028429 -0.56574 -0.0212 -0.31192 -0.38196 -0.069569 -0.24876 -0.022808 0.31194 0.35483 -0.12025 0.64473 0.1403 -0.31834 0.31382 0.52908 0.26516 -0.21571 -0.099981 -0.055436 -0.013883 0.31844 0.18894 -0.12485 -0.52466 0.28968 0.63434 0.92764 0.141 -0.51237 0.32667 -0.0081239 0.13898 -0.062491 -0.0094958 0.3273 -0.65355 0.2417 0.1498 0.18654 0.60643 1.0083 -0.063795 0.59008 -0.11279 -0.20133 -0.41185 -0.19011 -0.27723 0.32712 0.16076 0.40218 -0.65567 -0.65594 0.073141 0.42829 0.57451 -0.4636 -0.092339 -0.46333 -0.82514 -0.46203 0.090393 -0.03336 0.19879 0.18625 -0.19422 -0.28372 -0.008111 0.23036 0.016934 -0.25996 -0.0056356 0.049111 -1.0366 0.0057418 -0.11092
buenos 1.0089 0.37749 0.11365 -0.2649 0.20622 -0.11386 -0.68785 -0.13977 -0.11711 -0.54864 -0.13558 1.1007 0.35836 0.35866 0.21939 -0.35921 0.040168 0.061709 0.29562 0.6054 -0.79031 -0.16092 0.024251 -0.090043 -0.22019 -0.47239 -0.091814 0.11107 -0.53383 -0.55192 -0.16774 0.58658 -0.61371 -0.03188 0.45368 -0.40121 -0.054808 0.43743 -0.56079 0.21148 -0.26657 0.055844 -0.27715 -0.23908 0.24838 0.38529 0.082323 0.78089 -0.074291 0.5089 0.01881 -0.14124 -0.053523 0.6538 -0.14696 0.14834 -0.62859 -0.36008 0.13676 -1.0488 -0.43452 -0.46038 -0.22372 -0.085018 -0.15342 0.42473 0.64173 0.21666 -0.13598 -0.81533 -0.30317 0.61005 0.33104 -0.37325 -0.81943 -0.88294 -0.012295 -0.19736 0.23047 -0.058535 0.54567 -0.25981 -0.12259 -0.34757 -0.47366 0.099878 0.45479 -0.25326 0.01148 0.30667 0.52164 -0.81116 0.071471 -0.0050181 0.16232 0.43757 -0.0028313 0.0054903 -0.34536 -0.45006 0.17152 -0.32741 -0.89811 -0.14043 0.44637 0.083373 0.1206 -0.68739 -0.31431 0.073796 -0.054657 -0.2978 -0.46351 -0.55526 -0.49219 -0.22788 -0.12024 0.024619 0.19312 -0.62291 0.60672 0.19441 0.062997 -0.58143 -0.025747 -0.028394 0.52823 -0.44941 -0.72099 0.1733 0.11721 -0.52226 0.022493 -0.02576 0.080007 0.16497 -0.11106 0.15411 -0.10986 0.15514 -0.20086 -0.24887 -0.55995 0.59963 -0.18382 -0.32241 0.48323 0.055324 -0.66281 -0.31315 0.5579 0.064657 0.67867 0.25431 0.59662 -0.048926 -0.24116 0.039889 0.55013 -0.083303 -0.60445 0.58534 -0.67891 0.35791 -0.28726 -0.70508 -0.078356 -0.5826 0.44817 -0.036341 -0.40909 -0.23076 -0.044481 0.10592 0.24385 -0.12296 -0.50478 0.087721 -0.42562 0.4745 -0.0049085 0.11767 -0.43148 0.36646 0.17448 0.65071 -0.3907 0.051251 0.19814 0.022536 -0.29972 0.13159 -0.19853 -0.64054 -0.417 -0.24192 0.11764 0.48309 -0.29505 0.71946 0.34969 0.0092497 -0.23719 0.64377 0.26318 -0.05282 -0.19527 0.2173 0.38931 -0.046205 -0.42164 0.069773 0.25874 0.13407 0.28901 0.37807 0.057343 -0.74342 0.060853 -0.076515 0.44685 0.020568 0.41949 -0.011852 -0.45663 0.019865 -0.17589 -0.26132 -0.089072 -0.27051 -0.058911 0.25034 0.32464 -0.056805 0.55368 0.062467 -0.28598 0.32917 0.5616 0.32851 -0.23459 -0.10375 -0.033895 -0.13992 0.33926 0.13904 -0.17915 -0.5098 0.3315 0.70984 1.0005 0.10294 -0.52422 0.38354 -0.030319 0.27349 -0.044785 0.019956 0.40216 -0.79388 0.19664 0.13866 0.28645 0.49209 0.97001 -0.020223 0.60197 -0.079963 -0.1464 -0.37448 -0.36306 -0.30484 0.29849 0.1145 0.35923 -0.68181 -0.6497 0.051726 0.47232 0.47998 -0.49261 -0.12432 -0.42536 -0.72596 -0.4147 0.12675 -0.011848 0.16977 0.099664 -0.15622 -0.18974 0.16034 0.13107 0.066936 -0.24999 -0.031203 0.079787 -0.98307 -0.047321 -0.23426
nairobi 0.5795 -0.32012 0.072219 0.23814 0.058491 0.46477 -0.30272 0.25897 0.068644 -0.97179 -0.17584 -0.43721 -0.2585 -0.0072555 0.041435 0.13055 -0.20457 0.1426 -0.15194 -0.74192 -0.9382 -0.42613 -0.16931 0.11296 0.5101 1.1349 0.24338 0.022421 -0.53928 -0.16276 -0.40851 -0.12491 -0.16328 0.73041 0.20836 -0.54242 -0.37636 0.29605 -0.75946 -0.5294 -0.16187 -0.46501 -0.21422 0.14966 0.075777 0.1491 0.065939 0.41098 -0.0893 -0.45539 0.0045782 -0.9259 -0.40708 0.58543 0.37317 1.2467 -0.68362 0.43774 -0.51237 -0.25285 -1.0542 0.3799 -0.71673 0.26031 0.0063022 0.33219 0.3945 0.19371 -0.34044 -0.61757 0.21748 -0.39553 0.63309 -0.054563 -0.024458 -0.28147 0.62192 -0.49772 -0.022794 0.20852 0.7644 -0.0076673 -0.23128 0.076316 -0.4672 -0.2802 0.034318 0.34303 0.36266 0.049466 -0.70257 -0.20785 0.3392 0.37088 0.33525 0.086955 0.53036 -0.16784 -0.2419 0.28843 -0.21717 -0.39519 0.75434 0.074692 -0.11838 -0.17742 0.97277 -0.12306 -0.044504 -0.26777 -0.4496 -0.32958 -0.48919 0.75936 0.57042 0.032725 -0.12438 -0.019111 0.019906 -0.84715 -0.36372 -0.30817 0.42517 0.079504 -0.15094 -0.2527 0.679 -0.80828 0.032805 -0.20883 -0.14572 0.28065 0.53425 -0.13329 -0.00019939 0.26928 -0.44251 0.28191 0.08747 -0.42077 -0.4062 -0.057963 -0.034932 -0.11943 -0.71971 0.13634 0.6883 0.53578 -0.38375 -0.043112 0.63063 0.059179 0.45836 0.061732 -0.10184 0.15076 0.41568 -0.19077 0.46391 0.22483 -0.51588 -0.39443 -0.36388 -0.15215 -0.38532 -0.44454 0.1224 -0.21496 -0.48142 -0.70923 -0.40087 -0.069827 0.15424 0.092499 -0.40027 0.10136 0.14299 -0.15867 -0.36928 0.15763 0.26023 0.13553 -0.50516 -0.42799 0.13988 0.61173 -0.16621 0.96783 0.037969 -0.19535 0.26934 -0.10553 0.20476 -0.16662 0.33895 0.3932 0.13537 -0.18445 -0.76241 0.77966 -0.076445 -0.62121 0.25343 0.043196 -0.040433 -0.080066 0.090862 -0.42542 0.23791 -0.067998 0.54018 0.35133 -0.52613 -0.22836 -0.021099 0.25117 -0.43961 -0.42658 0.080469 -0.38568 0.54866 -0.66611 0.27385 0.10665 -0.19967 -0.23533 -0.1119 0.1816 0.22774 -0.045464 0.15544 0.71325 0.34223 0.016884 0.44836 0.65045 -0.19909 0.49398 0.46344 0.05248 0.20532 0.22212 -0.31681 -0.0073734 0.36308 0.42745 -0.047591 -0.1129 0.090905 0.19371 0.66133 -0.11729 -0.067421 0.082085 0.19635 0.1954 -0.0025952 0.084139 -0.36831 0.1912 0.30046 0.21085 -0.31423 0.043209 0.24693 0.18296 0.51976 -0.16779 0.028464 -0.12215 -0.34152 0.49556 -0.042012 0.28831 0.42694 -0.023002 -0.66819 0.77356 0.65605 0.40879 -0.76915 -0.20676 -0.019276 -0.45937 -0.62183 0.27256 -0.0085091 -0.20724 -0.56291 -0.59944 0.23353 -0.26955 0.057767 -0.053742 -0.35531 0.3088 -0.52465 -0.50843 -0.44686 0.039791
karachi 0.29405 -0.27778 0.29024 -0.1891 -0.54151 -0.30418 0.43668 0.55434 -0.1114 -0.6979 0.37387 0.0025697 0.8123 0.72876 0.6816 0.06952 0.33593 0.2872 -0.16885 0.28746 -1.1388 -0.95575 -0.10454 -0.2428 -0.29901 0.65268 0.028228 0.21215 -0.57882 -0.39528 -0.21394 0.59814 -0.4072 0.29856 0.75959 0.017186 0.066658 0.65677 -1.0029 -0.06102 0.64122 0.12797 -0.30698 0.29306 0.038396 -0.002487 0.31589 0.45591 -0.31324 -0.074511 0.23918 0.12873 -0.33103 -0.075921 0.6999 0.21399 -0.34429 -0.24048 0.025892 -0.21088 -0.72633 0.2278 -0.36335 -0.56921 0.35238 0.36936 0.66554 -0.35851 -0.12565 -0.060711 -0.1347 -0.2666 -0.13575 -0.080204 0.45821 0.072097 0.37562 -0.38 0.14002 0.33333 0.88965 0.37614 -0.50051 0.43726 -0.43448 0.21783 0.18723 -0.3077 -0.1345 0.33987 -0.14218 0.27153 0.47286 0.29353 0.50507 1 0.054665 -0.11106 0.21035 0.10253 0.17923 -0.29319 0.11662 -0.13127 0.024595 -0.37851 1.0764 -0.36327 -0.12761 0.25876 -0.16036 -0.5389 0.11612 -0.22797 0.62482 0.056888 0.32064 0.061363 -0.35883 -0.85295 -0.38442 -0.21397 0.17857 0.34123 0.083702 -0.0056776 0.040434 -0.69011 0.49008 0.10495 0.67792 0.3573 0.69512 -0.42063 -0.42402 0.32114 0.38582 -0.31456 0.31843 -0.030517 -0.21569 0.44943 -0.42596 0.70407 -0.56079 0.48468 0.15088 -0.1336 -0.55588 0.98832 0.43329 0.16927 0.57527 0.4822 0.56534 -0.52867 0.18798 -0.034193 1.1263 -0.06363 -0.067204 0.12745 -0.50222 0.10587 -0.62301 -0.027994 0.45008 -0.31458 -0.37932 0.2944 -0.45182 -0.48207 -0.19466 -0.22621 0.23925 0.59841 -0.57633 -0.10624 0.037903 0.46774 -0.16233 -0.0082623 -0.47255 0.26015 -0.12235 0.57593 0.46995 0.61834 0.19467 0.006945 0.27799 -0.247 -0.29752 -0.25782 0.18276 -0.059346 0.20427 -0.086234 -0.1564 -0.14761 0.42266 -0.3106 0.62868 -0.072074 0.053743 -0.20038 0.43916 -0.11995 0.066065 -0.06792 0.29956 0.99309 0.11331 0.097231 -0.25281 0.008739 -0.7499 -0.25883 0.30391 0.19524 0.23105 0.1446 0.16728 -0.041326 -0.36609 -0.41877 0.34436 -0.48782 0.3455 -0.68957 0.21199 0.3754 -0.42475 0.25703 0.52253 0.56468 0.53972 0.073603 0.66505 0.2559 0.079091 -0.046999 -0.16198 0.3173 0.36701 -0.2294 0.063821 -0.2783 0.18092 0.65255 0.58471 -0.082077 -0.13868 -0.21226 -0.027445 -0.13607 0.066573 0.10716 0.064053 0.27327 0.17781 0.073789 0.23593 0.48172 0.28201 -0.13151 0.43104 0.035451 -0.24908 -0.00072389 -0.37392 0.3731 -0.17939 0.43415 0.43727 -0.22962 -0.20167 -0.21623 0.14146 0.67966 -0.57215 0.11401 -0.0087771 -0.39916 -0.53793 -0.21591 -0.14578 0.080415 -0.06868 -0.19982 0.63903 -0.49924 0.10055 0.049869 -0.097163 0.6612 0.25678 -0.77649 -1.0421 -0.14657
santiago 0.5839 0.42665 -0.29889 -0.86758 0.76545 0.48783 -0.6711 0.31745 -0.39452 -0.53575 0.074012 0.5336 0.30183 0.14051 0.17781 -0.29782 0.0043486 -0.0076016 0.58478 0.76113 0.19748 -0.74679 0.051448 -0.28113 0.19586 -0.43079 -0.047458 0.45363 -0.25557 -0.62246 0.36833 0.78424 -0.63885 0.41297 -0.17405 0.02028 -0.10176 0.081818 -0.10115 0.069027 -0.35606 0.37835 0.03864 0.48087 0.31292 0.14926 -0.049838 0.6571 0.73919 0.22343 -0.50596 0.070672 -0.12351 0.46404 0.24881 0.016842 -0.52604 -0.72894 0.19116 -0.60282 0.19019 -1.1003 0.17596 0.56924 -0.55646 -0.38931 0.58072 -0.42779 -0.050019 -0.75796 0.21253 0.53774 0.19094 -0.055645 0.098239 -0.32052 0.63202 -0.089299 0.10147 0.10498 0.48807 -0.26432 -0.40564 0.4249 -0.97989 -0.018545 0.1371 -0.43075 0.1398 -0.065179 0.64284 -0.11997 0.19988 -0.48704 -0.092079 0.23067 0.28184 -0.32083 -0.33837 0.20622 0.11794 -0.27989 -0.082041 0.35495 0.57962 0.18158 0.37403 -0.46276 -0.26912 0.35759 -0.093139 -0.26356 -0.13607 -0.43928 -0.21076 -0.31194 0.43283 0.04129 -0.32619 0.5839 0.24007 -0.27799 -0.29872 -0.65748 0.25043 -0.21331 0.51773 -0.14917 -0.29054 -0.045591 -0.28593 -0.33441 0.17966 0.12301 0.69038 -0.5662 -0.066127 -0.27808 -0.070363 0.35629 -0.14603 -0.13463 -0.63755 0.5096 -0.23981 0.20114 0.60223 0.14221 -0.64837 -0.044123 0.81505 0.50441 0.61662 -0.022579 0.4454 0.20233 -0.45967 -0.41347 -0.58218 0.14087 0.30496 -0.26593 0.1644 0.15579 -0.17746 -0.38799 -0.42666 -0.39386 0.22563 0.14433 -0.39151 -0.55116 0.30567 -0.14356 -0.15468 0.4582 -0.18897 0.1213 -0.26594 0.55532 -0.14719 0.44549 -0.091443 0.56663 0.036924 0.44516 -0.88713 0.1128 -0.40556 0.60934 -0.4493 0.53793 0.10851 -0.73061 0.083718 0.14128 -0.18473 0.2343 0.29748 0.3646 0.33505 0.0041007 0.21018 0.1553 0.086996 0.28195 -0.046093 0.49966 -0.11948 -0.0902 -0.16968 0.1071 -0.29641 0.054549 0.17977 0.44709 0.16061 -0.32676 -0.189 0.31504 0.074854 0.22878 -0.22654 0.20711 0.14204 0.46058 0.28834 -0.2578 -0.3198 -0.68582 -0.5019 -0.099016 -0.20175 0.18961 0.41827 0.026542 -0.50659 0.16158 0.21319 0.15652 0.010907 -0.2797 -0.28052 -0.013625 0.8499 0.33193 0.2487 -0.33522 0.099435 -0.00099229 0.16425 -0.36931 0.029638 -0.11891 -0.17958 0.50578 0.14645 -0.37811 -0.43216 -0.52369 -0.3759 0.36408 0.044165 0.026877 0.37291 0.21814 0.2736 -0.007204 0.11187 -0.36246 -0.26758 -0.27398 0.42397 0.07579 -0.11005 0.054809 -0.45957 -0.22366 0.27947 0.30945 0.18564 0.22968 -0.31418 -0.0079551 -0.51313 0.3203 -0.36233 0.27194 0.28699 -0.076531 0.0097346 0.13229 0.2439 0.32501 -0.28063 -0.11211 -0.18089 -0.65228 -0.17534 0.2028
shenzhen 0.034999 0.33392 0.46038 -0.53346 0.031998 -0.18672 0.33029 0.073724 -0.032815 -0.87736 0.6663 0.036087 0.36962 -0.020473 0.75059 -0.27849 -0.26482 0.11329 -0.25146 0.49034 -0.73573 -0.36866 -0.078561 -0.26205 0.031686 0.25254 -0.049603 0.24444 0.082686 -0.44253 0.10737 0.14598 0.14693 1.2386 -0.6609 0.06469 -0.1386 -0.33349 -0.32105 -0.28761 0.51779 0.10599 -0.098656 0.49667 0.12084 0.24436 0.11933 0.71932 -0.86355 0.33185 0.15888 0.076065 -1.0649 0.72639 0.084175 0.55868 0.5906 -0.15466 -0.022756 -0.49245 -0.21472 -0.53242 -0.011017 -0.98393 0.57463 0.30346 -0.28987 0.1516 -0.19617 0.81726 0.043811 0.43696 0.64423 -0.54362 -0.30235 0.2211 -0.57808 -0.080992 0.64295 0.25124 -0.55677 0.061327 0.20979 -1.0237 0.59263 -0.081362 0.14094 0.16487 0.071955 0.044308 -0.19285 0.03881 0.28937 0.35042 -0.16908 0.036693 -0.31851 0.49021 -0.11119 -0.60488 0.61733 0.082711 -0.033252 0.32523 -0.39346 0.319 0.085861 -0.37999 -0.51443 0.15407 -0.50862 -0.67325 0.3183 -0.038684 0.61437 0.067266 0.32453 0.31991 -0.071167 0.3062 0.19061 -0.61244 0.52105 -0.55512 0.5662 0.33789 0.064333 0.69536 -0.5393 -0.055294 -0.75906 -0.30369 0.4908 0.48324 0.07881 -0.19775 0.30974 -0.218 -0.095891 0.78951 0.40791 0.74959 -0.53988 -0.16756 0.018459 0.42832 -0.019432 -0.21427 -0.52562 0.48259 -0.0047458 0.060544 0.4113 0.2352 1.2284 0.12222 -0.42024 0.16558 0.26573 0.31851 0.040988 0.33864 -0.13465 0.41236 0.51383 -0.24062 0.28029 -0.019432 -0.075916 0.20951 -0.36416 -0.82242 0.14554 0.14535 -0.36758 -0.080661 -0.56303 -0.2983 -0.36683 0.63263 -0.22201 -0.164 -0.9696 0.18631 0.0054734 0.43378 0.23463 0.49192 -0.0082154 -0.2201 0.91368 -0.44214 -1.1037 0.027412 0.39447 -0.015808 0.053232 -0.54254 -0.16825 0.2113 -0.52236 -0.21109 -0.31783 0.5094 -0.38608 0.83851 -0.052765 -0.64861 0.21079 0.27402 -0.4612 0.11734 -0.76058 -0.17758 0.21623 -0.26067 -0.57921 0.93901 0.18119 0.65059 0.22603 -0.05576 -0.66302 0.63563 -0.20091 -0.072755 0.2091 -0.027299 -0.47434 0.11722 0.22177 -0.70614 -0.27996 0.12357 0.56728 1.5789 0.075458 -0.048383 0.93289 0.55249 0.56401 -0.46504 -0.21322 0.75841 0.18099 0.362 0.12507 -0.55576 0.36741 -0.052339 0.34112 0.15856 0.76742 -0.24973 -0.36219 -0.29152 -0.14995 -0.43288 -0.5841 -0.21983 0.32591 0.26124 0.015239 -0.84023 0.1217 -0.36496 0.35662 -0.49195 -0.56426 -0.18675 0.033779 -0.11626 0.41625 0.86873 -0.14155 -0.40805 -0.29066 -0.066718 -0.82637 0.69479 -0.92887 0.15514 -0.54339 -1.0427 0.1425 0.043252 0.11935 0.42857 -0.29087 -0.38295 0.86333 0.31853 0.070061 -0.53579 0.86209 0.47001 0.27388 -1.4732 0.29765 0.33269
memphis 0.20206 -0.11189 -0.25591 0.40728 -0.3578 -0.0084884 0.40834 -0.39659 0.28161 1.4351 0.010422 -0.14458 0.25285 0.33318 0.69252 -0.074355 0.041625 -0.2443 0.029594 -0.45465 -0.22082 -0.23441 -0.3626 -0.19347 -0.12351 0.22386 -0.49129 -0.38591 -0.2979 0.11125 -0.48519 0.33528 -0.55288 -0.36251 -0.49154 -0.309 0.11603 0.20061 0.17785 -0.17448 0.14168 -0.14488 -0.1371 0.30624 0.26303 -0.028661 0.22854 -0.061514 -0.1644 -0.18837 0.5621 0.40464 -0.44 -0.35821 0.26403 -0.10761 0.33785 0.053173 0.29797 -0.36573 -0.48086 0.11833 0.31683 0.46161 0.20066 -0.43927 -0.19644 -0.69859 0.19572 -0.29709 0.28313 -0.15505 -0.05667 -0.091666 0.16895 -0.38928 -0.025187 0.35783 -0.083667 -0.14811 -0.14757 0.30737 0.097739 -0.0042905 -0.23875 -0.022743 0.50859 0.2901 0.20601 0.34876 0.46719 0.36069 -0.091822 0.34636 -0.38821 0.14634 0.1009 0.39251 -0.39378 -0.75336 0.18889 -0.19141 0.15912 0.088747 -0.11163 -0.27575 -0.32405 -0.042891 -0.063585 0.18678 0.30718 -0.52107 -0.34837 -0.1464 -0.18045 -0.46849 -0.065029 -0.034112 0.55494 0.24282 0.40054 0.28665 0.62899 -0.64927 -0.42994 -0.22166 0.12547 -0.063778 0.34105 0.15704 0.36421 0.073349 0.33862 -0.46928 -0.76437 -0.68725 -0.27215 -0.74011 -0.018394 0.32445 -0.233 0.61065 0.15897 0.30937 -0.11919 -0.15151 -0.42301 0.37991 0.02262 0.34727 0.77508 -0.068082 0.097069 0.19967 0.67834 0.50791 0.0057174 0.34171 0.24794 0.32712 0.16592 0.45398 -0.55001 -0.047359 0.050228 -0.55798 -0.085746 -0.14283 -0.22501 0.39341 -0.10048 -0.031337 -0.22793 0.054378 0.19271 0.27358 -0.015454 -0.40721 -0.36492 -0.17543 0.5386 0.82745 -0.13686 0.056639 -0.89843 -0.16421 0.1839 0.23531 -0.49557 -0.30688 0.037612 0.33883 -0.34886 -0.26558 0.25811 -0.39677 0.26983 -0.50083 -0.14791 0.25855 1.4716 -0.6393 0.58277 -0.12383 -0.48301 -0.74336 -0.54284 -0.20738 0.13462 0.28934 0.21381 0.040411 -0.056727 0.59959 -0.057865 0.36643 0.24365 0.53955 -0.4949 -0.87659 0.41326 -0.34912 -0.013656 -0.44485 -0.24073 -0.16722 0.12693 -0.033809 -0.15696 0.32641 -0.25993 0.24233 0.65641 -0.31794 -0.059981 -0.17086 0.25881 -0.40621 -0.484 0.46477 -0.22882 0.28313 -0.44304 -0.52901 -0.054839 -0.50635 -0.29689 -0.37074 -0.23715 0.4709 0.15042 0.048728 -0.24198 0.35836 -0.22361 0.24387 -0.095662 0.12172 0.27079 -0.48456 0.064177 -0.26065 0.091476 -0.025793 -0.093938 0.42053 -0.08885 0.30353 -0.23121 -0.32817 -0.42063 0.022833 0.13211 -0.049247 0.91131 -0.58378 -0.8854 0.14997 -0.29267 0.3137 -0.69202 0.14009 0.05941 0.049676 -0.82678 0.3623 0.17822 -0.023378 -0.14321 -0.49519 0.71637 -0.56433 -0.10159 0.18391 0.45735 0.29149 0.32087 -0.29023 -0.38253 0.27241
wellington -0.19945 0.29713 -0.16227 -0.090828 0.24342 -0.074705 0.14693 -0.027375 -0.045826 -0.34717 0.43637 -0.026859 0.59116 0.5395 -0.027196 0.052113 0.22956 -0.060374 0.017914 0.23733 -0.45725 -0.5783 0.58795 0.20197 0.029804 0.22771 -0.45066 0.30356 0.033462 -0.29549 0.32164 0.19621 0.065544 0.80298 -0.23649 -0.40509 0.035844 0.4673 0.53504 0.10181 -0.59749 0.2097 -0.37281 0.47843 0.11918 0.13258 -0.22632 0.51587 0.20397 -0.3331 -0.54787 -0.21236 -0.46475 0.31919 0.32228 0.48731 -0.31331 0.47975 -0.47504 -0.39704 0.11126 -0.22266 -0.027672 0.010338 0.24073 -0.098047 0.10047 -0.69284 -0.15461 -0.034136 -0.031388 0.40936 0.088823 0.14327 -0.59108 -0.21229 -0.12679 0.025878 -0.56357 -0.38728 0.42831 0.3533 0.15757 0.087207 -1.1283 0.018732 0.42859 -0.20673 -0.034797 0.050027 0.53609 -0.15079 0.72878 0.040303 -0.63993 0.12861 0.20957 0.088902 -0.098573 -0.10241 0.51255 -0.11194 -0.4825 -0.35766 -0.1247 0.2381 -0.25527 0.20451 0.38919 0.43821 0.62641 -0.18522 -0.47042 0.23575 -0.061451 -0.023057 0.43123 0.24341 0.16718 -0.78857 0.068701 0.13644 0.11122 -0.52527 -0.58504 -0.57854 -0.35276 -0.53008 -0.36103 -0.73722 -0.35022 -0.16632 -0.22579 -0.40929 0.43899 0.23995 -0.22797 0.06971 0.50707 0.53404 0.17149 0.65432 -0.00021803 0.58019 -0.34622 0.44176 0.35419 -0.027224 -0.93976 -0.5073 0.65219 -0.3526 -0.26479 0.30477 0.5015 -0.42278 -0.43812 -0.50213 0.42233 0.23062 -0.014276 -0.3179 -0.31752 -0.23615 -0.43433 -0.78346 0.030832 -0.12926 0.19468 0.1934 -0.39888 -0.24979 -0.19311 -0.20952 -0.44178 -0.20191 -0.058405 -0.20663 0.43606 0.47508 -0.073996 0.34196 -0.43421 -0.18074 0.14292 0.39556 -0.24315 0.45623 -0.28169 -0.29478 -0.21357 0.52671 0.44996 0.055453 0.0092266 0.11345 0.2392 0.24449 -0.085781 0.52078 0.43916 -0.62652 -0.49445 0.17746 0.19982 0.1737 0.1765 0.0088275 0.080927 -0.71195 -0.18777 0.56607 -0.4763 -0.17416 -0.32735 -0.5079 0.053272 -0.40893 -0.017434 -0.31796 0.57461 0.35947 -0.067898 -0.15077 0.18177 -0.37212 0.073562 -0.40245 -0.0092476 0.9669 -0.26183 0.22801 -0.11767 -0.22905 0.67199 0.29415 -0.1519 0.054356 0.2882 0.89528 -0.065056 -0.2976 0.16747 0.16379 -0.193 0.41484 -0.16589 0.014376 -0.27875 -0.25593 0.58031 0.17292 -0.16298 -0.14775 -0.27608 0.19356 -0.060553 0.14375 0.18197 -0.095669 -0.33284 0.14378 0.11167 0.8789 -0.33759 -0.075043 0.65841 -0.34592 -0.16213 0.17296 -0.38563 0.16762 0.50401 0.13329 -0.49894 -0.18798 0.04687 0.24881 -0.040953 0.99795 -0.1201 0.17648 -0.67198 -0.50466 -0.55344 0.18541 -0.29189 -0.14183 0.24295 -0.58675 -0.075269 -0.32569 -0.37277 -0.34472 0.28336 0.12384 -0.4456 -0.20622 0.41509 0.079186
colombo 0.14366 0.17931 0.43195 0.058232 0.31281 -0.038858 0.052466 0.25166 -0.22019 -0.9958 -0.26511 -0.47472 0.72133 0.40803 -0.23217 0.0051817 0.30378 0.18601 -0.60054 0.055581 -0.40552 -0.82145 -0.21933 -0.072606 -0.14525 1.0861 -0.076636 0.39628 -0.65255 -0.38381 -0.40555 -0.72424 -0.46124 0.63389 0.69169 0.23347 -0.084977 0.54355 -0.70422 -0.10021 0.033786 0.095071 0.49491 0.30788 -0.3246 -0.13206 0.25846 0.46602 -0.39023 0.19416 0.23419 -0.43318 0.089775 -0.14455 0.57028 0.29602 -0.19095 0.94163 -0.25327 -0.21191 -0.90908 -0.23855 -0.37269 0.37497 0.87556 0.17293 0.054698 -0.44425 0.10944 -0.39535 -0.13152 -0.21647 -0.10667 -0.52594 0.25771 -0.04556 0.6908 -0.37289 0.076865 0.36617 0.8528 -0.19528 0.022954 0.51594 -0.63063 -0.080679 0.20553 -0.66039 0.46591 -0.078316 0.19739 -0.12221 0.23115 -0.66167 0.40377 0.61829 0.30212 -0.44172 -0.85339 -0.16247 0.17232 -0.37362 -0.17299 0.23762 0.41747 -0.60809 0.37585 -0.46712 -0.15732 0.37829 -0.10599 -0.52599 -0.43048 -0.061655 0.36542 0.2859 0.32388 -0.4264 -1.1332 -1.0046 -0.65704 -0.46002 0.23495 -0.43833 0.086906 -0.29365 0.39454 -0.704 0.26774 0.42387 -0.21774 0.015978 -0.10972 -0.26941 0.33581 0.2569 0.20113 -0.1994 0.38359 0.41534 -0.073795 0.7263 0.39084 -0.023237 -0.92999 0.029886 0.35116 -0.23324 -0.9023 -0.037773 0.47224 0.14494 0.24175 0.20721 0.37795 -0.49712 -0.21644 -0.71262 0.68848 0.3319 -0.17423 -0.36074 0.040144 -0.4337 -0.29147 -0.1098 -0.15987 0.012699 0.32355 -0.028516 -0.55033 -0.49874 0.30308 0.066502 -0.11126 0.093087 -0.063225 0.32555 -0.069875 0.52245 -0.66275 0.11906 -0.63702 0.31442 0.23981 1.098 -0.081995 0.76867 -0.044499 0.11736 0.60023 -0.52158 0.44632 -0.012696 0.34166 -0.14319 0.30587 0.22345 0.2586 -0.061815 -0.25914 -0.68336 0.17037 0.09606 -0.14014 -0.36577 -0.19816 -0.5432 0.64155 -0.53113 0.21217 0.10654 -0.1624 -0.12085 -0.22171 0.16487 0.20939 -0.6349 0.11024 0.11259 0.68188 0.029987 0.42348 -0.2127 -0.14191 -0.17656 0.014429 -0.45025 0.11332 -0.037505 -0.01752 -0.6633 -0.11233 0.040474 0.77181 -0.14659 0.3245 0.24304 -0.25822 -0.066674 -0.18448 -0.53679 0.1588 0.53734 -0.15678 0.77211 0.21648 0.2297 -0.70039 -0.37766 0.42593 -0.062481 0.094838 -0.05274 -0.11623 -0.3975 0.15406 -0.1397 0.30943 0.4251 -0.34281 0.13421 0.12793 0.043613 0.25188 0.016157 0.6027 0.48432 -0.26917 -0.56656 -0.25955 -0.084412 0.25384 0.40604 0.022494 0.37282 -0.23482 -0.74793 0.31471 0.13689 -0.13639 0.23318 0.18127 -0.87113 -0.49133 -0.20646 -0.41256 -0.33004 0.034418 -0.68265 -0.05218 -0.4896 -0.45706 -0.34582 0.11748 0.49917 -0.36617 -0.8235 -0.39513 -0.44457
johannesburg -0.34236 0.36849 -0.36234 -0.19341 0.21456 0.27558 0.0075519 0.075969 -0.080951 -0.53824 -0.070758 0.15831 0.44341 0.27342 -0.29174 -0.47511 0.052011 0.63993 0.049454 -0.49484 -0.37541 -0.27778 0.42327 0.3959 -0.043874 0.61333 0.11394 0.47252 -0.75025 -0.28346 0.15417 0.007059 -0.61276 0.92059 -0.056634 -0.50123 -0.44686 1.0089 -0.55984 -0.45975 0.10596 0.067927 -0.021668 0.26438 0.62149 -0.025269 0.0034423 0.20843 0.020018 -0.29353 -0.068017 -0.095418 -0.17143 0.78778 0.68388 0.79944 -0.038173 -0.054006 -0.39656 -0.4331 -0.1496 -0.44459 -0.22606 -0.29738 0.52346 0.47943 0.64502 -0.25064 0.096561 -0.40802 -0.23851 -0.32897 0.4141 -0.6839 -0.021538 -0.42112 0.31472 -0.44474 0.35569 0.16039 0.43873 -0.13495 -0.16076 0.054901 -0.74161 -0.2116 0.31263 -0.76589 -0.31559 0.13938 -0.2351 -0.25952 0.93553 0.27645 -0.58726 0.28373 0.47431 0.20572 -0.29006 -0.53441 0.096115 -0.55064 0.26411 0.309 0.11228 0.39686 0.78025 0.017679 -0.32996 0.18638 -0.15023 -0.47354 -0.49206 0.079202 0.38483 0.092418 0.26403 0.39327 -0.063192 -0.82805 0.39253 -0.36367 0.22573 -0.43126 -0.12821 -0.062273 0.3438 -0.43922 -0.021866 -0.18739 0.052477 0.23051 0.48901 -0.28363 -0.39738 0.42942 -0.19739 0.019828 0.28245 0.096758 -0.10113 0.13391 -0.2293 0.19449 -0.16231 -0.20679 0.28622 0.23562 -0.6743 0.23105 0.19555 0.080438 0.32616 0.54027 0.2664 0.0098919 -0.1444 -0.089771 0.56439 -0.14543 -0.80736 -0.41944 -0.51951 0.40826 0.34814 -0.67162 -0.0022635 -0.2586 0.10233 -0.42016 -0.5264 -0.22075 0.0013576 0.20904 -0.44464 -0.64494 -0.13291 -0.021042 -0.36201 0.61951 -0.011889 0.027378 -0.31433 -0.053235 0.20993 0.66268 -0.37008 0.37787 -0.61231 -0.16474 0.14474 -0.077559 0.098202 -0.078121 -0.23486 0.19393 0.28953 -0.51105 0.10138 -0.07885 0.38277 -0.24686 -1.0223 -0.021784 0.3789 0.17729 0.12227 -0.50644 0.3823 -0.11649 0.11248 -0.27385 -0.34923 -0.23961 0.40131 0.57799 -0.046477 -0.25937 -0.22241 -0.80146 0.67896 0.052763 -0.025565 -0.0075482 -0.6526 -0.56766 -0.55766 -0.30715 0.088883 0.19824 0.076161 0.19187 -0.12236 -0.068302 0.36384 0.8941 -0.29701 0.58987 0.4441 -0.32656 0.10124 -0.25577 -0.64637 0.15175 0.4853 -0.12018 -0.25776 -0.55296 0.63163 0.18553 -0.012991 0.21301 -0.35573 -0.22294 -0.13073 -0.14781 0.027361 -0.66573 0.1278 -0.40075 -0.096848 0.45829 0.33355 0.17676 0.62447 0.11394 0.39191 0.13565 -0.10575 -0.0036336 -0.8147 -0.091213 0.22924 0.19495 -0.14739 -0.2643 -0.66055 0.73339 0.383 0.47535 -0.80482 0.12454 -0.37701 -0.60235 -0.6962 0.023303 0.15606 0.0096609 -0.84353 -0.40727 0.15475 -0.19694 -0.47899 -0.070248 -0.070591 0.20773 -0.24123 -0.29682 -0.21408 0.10667
auckland -0.12567 -0.0021624 -0.035894 -0.075638 0.61449 0.12869 0.029867 -0.21641 0.16528 -0.00509 0.39544 -0.5423 0.77817 0.31746 0.66119 0.060963 0.52118 -0.066828 -0.091114 0.11258 -0.16006 -0.70247 -0.1358 -0.044141 -0.22362 0.11138 -0.36502 0.073641 -0.0032684 -0.051821 -0.065361 -0.21312 0.25753 0.82218 -0.19533 -0.084454 0.37601 0.629 0.049374 0.44267 -0.32495 -0.12001 -0.67435 0.34456 0.11394 0.44015 -0.24635 0.4432 -0.0026727 -0.10626 -0.2888 -0.13686 -0.30573 0.1843 -0.44563 0.38828 -0.0095707 0.029335 -0.19859 -0.24881 0.18351 -0.028592 -0.31348 0.16297 0.50297 -0.12449 -0.20743 -0.1558 -0.401 -0.15546 -0.46726 0.12464 0.19971 -0.31193 -0.81288 -0.109 -0.14442 -0.49471 0.16797 -0.039306 -0.30393 -0.36963 0.27783 0.35102 -1.3531 -0.45704 0.38095 -0.47626 -0.27582 -0.30332 0.74798 -0.19833 0.82165 -0.23627 -0.65113 0.15891 0.36184 -0.17527 0.45667 -0.20389 0.44938 -0.46384 -0.18643 -0.19007 0.061231 0.019954 0.35312 -0.072821 -0.18821 0.092357 0.83485 -0.94699 -0.34422 0.11721 0.34842 -0.13934 0.37361 0.13554 -0.083003 -0.57247 -0.064928 0.11578 -0.1186 -0.52862 -0.15228 -0.3657 -0.13188 -0.27999 0.05355 -0.10441 -0.073821 -0.20548 0.15031 -0.31156 0.14135 0.26292 0.080385 0.15933 0.00093836 0.1615 0.028913 0.44027 -0.083194 0.047217 -0.33785 0.11593 0.40114 0.054599 -0.6682 -0.16243 0.95804 -0.16665 -0.18202 0.28475 0.52446 0.012259 -0.66511 -0.55223 0.39104 0.15653 -0.045816 -0.15823 -0.3321 0.021399 -0.29329 -0.438 -0.13113 0.02444 0.84834 0.32394 0.025882 -0.4416 0.022914 -0.25961 0.045638 0.028738 0.086044 0.018431 0.32785 0.84228 -0.50553 0.34013 0.0034263 -0.3561 0.18538 0.66434 -0.011133 0.19156 -0.32901 -0.63273 -0.00022048 0.91953 0.19012 -0.23637 0.2266 -0.092889 -0.0393 -0.050238 -0.074349 0.39347 0.67728 0.14914 -0.33749 -0.75307 0.075466 0.0065571 -0.29167 -0.24924 0.1677 -0.39215 0.096041 0.73075 0.093876 0.055139 -0.23785 -0.70131 -0.12158 -0.27254 0.28548 -0.42897 0.7523 0.45663 0.084148 -0.19104 0.03558 -0.55366 0.070295 -0.53742 -0.21869 0.57366 0.1215 0.81192 -0.032277 0.021947 0.60611 -0.026467 -0.1476 0.28918 -0.18974 0.82916 -0.19778 -0.17561 -0.19259 0.25099 -0.38445 0.62656 -0.2934 -0.083764 -0.37332 0.17181 0.13963 0.212 -0.10836 -0.22012 -0.3521 0.066981 0.12581 0.26396 0.33227 0.03318 -0.26656 -0.063301 0.50674 1.1047 0.15463 -0.12115 0.83675 -0.72597 -0.15519 0.2623 -0.050109 0.66854 0.71392 0.36251 -0.19986 -0.022252 -0.02374 0.86386 0.22991 0.74488 -0.54585 -0.076374 -0.30446 -0.34839 -0.68547 -0.37262 -0.37978 0.27171 0.036373 -0.86912 0.17572 -0.15655 -0.028545 -0.082032 0.49701 0.16438 0.1019 -0.24411 0.067932 -0.40077
khartoum 0.84098 -0.025716 0.074287 -0.45093 -0.18854 -0.013393 0.099237 0.51252 0.64751 -1.0346 -0.20377 0.19609 0.31931 0.14179 0.097012 0.53568 0.3316 -0.068087 -0.35035 -1.0401 0.033938 -0.13398 0.62681 -0.010853 0.0062232 0.3254 0.45134 -0.38358 -0.042473 -0.30851 -0.47325 -0.67181 -0.41245 -0.012877 0.61749 -0.59015 -0.51725 0.12848 -0.88181 -0.44053 -0.085525 -0.39321 -0.33049 -0.049964 -0.33611 0.042346 -0.27604 -0.10024 0.024394 0.20861 0.64325 0.18017 -0.37199 0.43114 0.058675 0.25619 0.46662 0.33712 -0.15861 0.37189 -0.93533 -0.19076 -0.24988 0.18387 -0.34315 -0.24185 0.56495 0.17204 0.21815 -0.49261 0.69169 -0.58697 0.45806 -0.52711 0.52418 0.23675 0.070927 -0.5409 -0.17042 0.77066 0.010883 -0.63274 -0.17468 -0.031209 -0.029626 -0.15695 0.22862 -0.072347 0.29134 0.27524 -0.40872 -0.051515 0.85571 1.1764 -0.28096 0.4999 0.28454 -0.39578 -0.048139 0.66187 0.20434 -0.42944 0.081646 0.21788 -0.25761 0.11207 -0.00081698 0.02532 0.037387 -0.92913 -0.071709 -0.49062 -0.22937 0.30603 0.021687 0.19049 -0.54812 0.35709 0.89728 -0.48842 0.0010255 -0.59984 0.41386 -0.20978 -0.13078 -0.50599 0.57576 -0.30319 0.33054 -0.15323 -0.4691 0.33365 0.080803 0.039307 0.30189 0.21453 -0.044714 0.63035 -0.44789 0.0038 -0.48061 -0.29715 -0.17391 -0.46586 -0.86212 -0.39511 -0.32858 -0.023317 -0.74922 -0.10902 0.46316 0.07661 0.071893 0.39986 0.26993 -0.40659 0.76087 -0.7126 0.46675 0.31315 -0.0038925 -0.25308 -0.14213 -0.26781 -0.48039 -0.60619 0.2447 -0.27099 0.13613 -0.39196 -0.72336 -0.2688 0.42008 -0.43255 0.091567 -0.34624 -0.61013 -0.58531 -0.66573 0.43813 -0.050597 0.14553 -0.23921 0.099137 -0.26467 0.14414 -0.50546 0.26349 0.13126 -0.02535 0.098699 -0.51644 0.65828 -0.017078 0.51933 0.19196 0.23884 0.61607 -0.52471 0.0021995 -0.026674 -0.6851 0.50523 0.42122 -0.21592 0.055821 -0.41187 -0.23586 -0.086412 -0.5065 0.23767 0.13214 0.36543 -0.083493 0.43125 0.44473 0.13784 -0.10021 -0.22266 -0.15657 0.53822 -0.020512 -0.10978 0.50719 -0.17199 0.055108 0.055364 0.046233 0.22721 -0.2529 0.30563 -0.48055 0.39534 -0.039563 -0.10558 0.07264 -0.38987 0.24867 0.49613 -0.46104 -0.064546 0.17016 -0.8498 0.25759 0.10511 0.37135 0.084367 0.18068 0.28589 -0.12519 0.1588 0.36923 -0.15888 -0.2539 0.32364 -0.10095 -0.62747 -0.031113 -0.67174 -0.31817 -0.029756 -0.027822 -0.77828 0.015296 -0.1375 -0.20539 -0.10829 -0.0093124 -0.10829 0.094859 -0.13063 0.76567 0.11036 0.22659 0.44075 -0.096666 -0.96202 0.56037 0.81906 0.41219 0.67107 -0.090229 0.36644 -0.53743 -0.10428 -7.8744e-05 0.33719 0.079567 -0.52896 -0.17563 0.025991 -0.76885 0.17737 -0.2905 -0.022242 0.60831 -0.21846 -0.084477 -0.29943 0.32898
minneapolis 0.089671 -0.28668 -0.42542 -0.33009 0.74699 0.84221 0.1898 0.11207 0.058911 0.2433 -0.081156 -0.24374 -0.17296 -0.0072094 0.84162 0.25129 0.098705 -0.75327 0.14988 -0.084142 -0.49604 -0.70391 0.072958 -0.18653 0.29853 0.24213 -0.067249 -0.12429 -0.80391 0.0027179 0.28704 -0.083187 0.21935 0.12522 -0.8087 -0.22947 -0.60895 0.52265 0.28533 -0.037152 -0.29448 0.12432 0.25309 0.94236 -0.026285 0.27719 -0.11317 -0.21711 -0.47762 0.3848 0.34516 -0.1582 -0.29721 0.21053 -0.22621 -0.47383 0.47949 0.023877 0.53412 -0.39767 -0.32245 0.10404 0.57375 -0.13317 0.07062 -0.24821 0.20468 0.055746 0.038972 -0.24795 0.32843 -0.86401 -0.33393 0.23321 -0.57358 -0.026553 0.26575 0.57949 -0.32887 -0.35159 -0.56687 0.50083 0.16276 -0.051558 -0.33215 -0.32721 0.11371 -0.086432 -0.48684 0.12223 0.14342 0.68254 0.3798 -0.10178 0.025996 0.36402 0.053879 -0.043541 -0.21254 -0.34916 -0.018055 0.14454 0.17966 -0.40042 -0.059902 0.056256 0.14802 0.089596 0.46909 -0.051977 -1.0448 -0.66476 0.01883 0.15719 -0.34066 0.1672 0.040654 0.058285 0.21401 0.43616 0.6282 -0.34992 0.66804 0.078701 -0.052902 -0.41365 0.58701 -0.23741 0.26467 0.17673 0.59563 -0.097923 0.088004 -0.24681 0.024826 0.38212 0.10027 -0.20729 -0.054209 0.12487 -0.34163 0.54888 0.2053 0.11936 -0.4712 -0.1015 0.1476 0.34625 0.18629 -0.12523 1.2259 0.30728 0.16703 -0.15737 0.16511 0.33929 0.23214 -0.025077 -0.050714 0.11114 0.033155 0.34797 -0.51819 -0.065454 -0.2029 0.038105 0.36485 -0.15195 0.12433 0.4659 -0.25202 -0.3982 -0.3538 -0.095053 0.11152 0.38241 0.35026 -0.70323 -0.6416 0.060405 0.41272 0.28934 -0.86847 0.2818 -0.10911 0.42819 -0.2526 -0.32793 0.10363 -0.31194 -0.28353 0.31352 -0.13472 0.47845 -0.38744 -0.21507 0.70716 -0.1966 -0.019597 0.13806 0.32648 -0.6247 0.21641 0.26652 -0.17824 -0.15441 -0.14474 -0.057107 -0.061619 -0.12308 0.31707 0.45384 -0.023994 0.033496 -0.018232 0.68879 -0.17803 0.19717 -0.27878 -0.58305 -0.046636 -0.12996 0.48077 -0.42898 0.21987 -0.0035016 -0.40474 0.077905 0.43211 0.038541 -0.25744 0.88466 0.038446 0.0021643 0.040473 -0.39778 0.32533 0.54126 -0.17555 -0.16977 -0.040864 0.068026 -0.34796 -0.15174 0.29762 -0.54613 -0.10486 -0.54753 0.32724 0.21277 -0.10308 0.30268 0.164 0.14928 0.14371 0.30575 0.085637 -0.28038 0.59871 -0.48537 0.0082184 -0.19356 0.034988 -0.54742 -0.27067 0.40709 0.28221 0.47867 -0.086899 -0.56143 -0.21216 -0.24483 0.06597 -0.12635 0.22444 -0.54681 -0.24834 0.56409 0.0017105 -0.095644 -0.57445 -0.27525 -0.23968 0.35124 -0.188 0.79601 -0.013132 0.28499 0.068768 -0.13864 1.098 -0.36555 -0.68654 0.51398 0.20527 -0.094444 0.18701 0.13221 -0.4002 0.29088
lisbon -0.031203 -0.30432 -0.54618 0.40214 0.6506 0.26247 -0.36851 0.23791 -0.28192 -1.0461 0.17659 0.6198 0.083191 0.15532 0.39194 0.22179 -0.38695 0.39706 0.073506 0.030178 -0.29262 0.13394 0.058131 0.36012 -0.2483 -0.16025 0.11553 0.41988 -0.55349 -0.30929 0.80091 -0.22022 -0.27853 0.56771 0.077363 -0.06706 0.24777 0.41739 -0.32096 -0.22654 -0.5847 -0.10089 -0.32314 -0.19623 -0.33988 0.39582 0.44731 0.49166 -0.16756 -0.25103 0.048999 -0.0014396 -0.082047 0.11103 0.79426 0.63775 0.13149 0.076531 0.026881 0.15504 -0.37273 -0.59962 -0.078564 0.56353 -0.22789 0.3495 0.7837 0.15001 -0.17322 -1.3788 0.32015 0.52621 -0.091879 -0.47018 -0.21638 -0.3645 0.22681 -0.19305 0.067684 0.21947 0.049294 -0.045432 0.19471 -0.40578 -0.42888 0.066172 0.19326 0.020703 0.15837 0.17346 0.11035 -0.531 -0.33228 -0.13657 0.013399 -0.40845 0.47509 -0.24231 -0.43924 -0.035523 -0.17972 -0.72048 0.44726 0.10716 0.094045 0.17112 0.12772 -0.399 -0.19566 0.16092 0.48415 -0.021841 -0.19867 -0.050968 0.034846 -0.51837 -0.16592 0.69725 -0.12 -0.19371 0.46671 -0.19085 0.0098726 -0.14748 0.0014207 0.058094 0.81988 -0.47653 -0.1186 -0.16663 0.43687 0.029108 -0.3773 0.49075 0.11486 -0.2502 0.32338 -0.071601 0.35658 0.41126 0.27926 -0.45634 -0.014669 -0.23928 -0.027241 -0.31453 0.8186 0.65511 -0.48912 -0.86928 0.35305 -0.14745 0.13424 -0.2268 0.03148 0.36509 -0.36569 0.12439 -0.37541 -0.014524 -0.34378 0.44722 0.12496 -0.40139 0.21847 -0.63219 0.24546 0.096104 0.24882 0.15483 -0.30214 -0.080097 0.014392 -0.23412 0.035577 -0.73362 -0.042016 0.0041388 -0.049627 0.23605 -0.0694 0.014986 0.07593 0.3847 0.23158 0.28994 -0.90783 -0.075043 -0.28249 -0.23213 -0.4681 -0.362 0.44361 -0.50339 0.49969 -0.61787 0.014281 0.39548 -0.73706 0.52271 0.58225 -0.024674 -0.53408 0.70226 -0.38463 -0.65445 0.46476 0.043237 -0.47983 -0.18275 -0.19539 -0.12157 -0.44013 0.62609 0.10724 0.66289 0.080817 -0.37358 -0.37587 -0.24911 0.51502 -0.256 0.18632 -0.02837 -0.20074 -0.23117 -0.24435 -0.43295 -0.20059 0.28495 0.065101 0.053231 0.35507 -0.44664 0.44913 -0.086711 0.060687 0.16766 0.69327 0.24554 -0.48634 -0.50142 0.3475 -0.21178 0.56204 0.51579 0.10953 0.59654 0.53874 -0.55445 0.063392 0.35075 0.10818 0.3621 -0.25025 -0.62757 0.32492 -0.013977 0.29782 -0.68544 0.26919 0.75464 0.3724 0.69114 0.23173 0.1422 0.077136 -0.06239 -0.20952 -0.2344 -0.28492 0.29228 0.078599 0.12947 -0.027689 0.28115 -0.41126 -0.64607 0.55756 0.45533 -0.36551 0.60959 -0.037149 -0.67508 0.034654 0.18433 -0.90943 -0.014711 -0.1023 0.2018 -0.11815 0.48782 -0.18843 -0.36286 -0.2156 0.11983 -1.0768 -0.34245 -0.39047 0.07762
venice 0.12108 -0.50857 -0.33098 -0.26246 0.62002 0.24131 -0.21048 -0.1253 0.1715 -0.16749 0.62643 0.19973 0.41276 0.12869 0.03449 -0.72904 0.38934 0.24854 -0.29127 0.32184 -0.31649 0.16129 -0.29102 -0.60206 -0.20356 -0.43892 -0.047547 -0.019746 -0.42685 0.52294 0.61509 0.51423 -0.54878 0.37503 -0.13409 -0.26875 -0.09215 -0.50137 -0.34477 -0.019842 0.15042 -0.59119 -0.6458 0.69904 0.17601 0.28959 0.74311 0.64054 0.073844 0.53345 0.20023 -0.37483 0.31464 -0.29765 0.8379 -0.04537 -0.30152 0.25745 0.81993 0.28875 -0.58337 -0.1795 0.0063238 0.082852 0.8108 0.060566 -0.06415 0.096913 0.46454 -0.94396 0.43029 -0.30996 -0.13754 -0.40806 -0.050708 0.43298 0.24538 0.57211 0.095458 -0.10385 -0.6013 -0.24374 -0.47107 0.23626 -0.012287 0.30895 -0.087454 0.47053 0.036578 0.15496 0.38446 -0.3363 -0.098115 -0.81419 -0.33974 -0.34752 0.32002 -0.24599 -0.75726 -0.21952 0.065142 -0.13917 0.14715 -0.15211 -0.38074 0.091495 0.034748 -0.38627 0.2084 -0.56395 0.33491 0.20447 -0.029481 -0.39694 -0.21827 0.0072143 0.089733 0.051998 0.014312 -0.20399 -0.24119 0.064883 0.066062 -0.62946 0.91479 -0.073784 -0.1177 -0.24414 0.28296 -0.17395 -0.026305 -0.7612 0.041852 0.16365 -0.0040725 -0.12682 0.13819 -0.66794 0.29609 -0.40904 0.76292 0.75239 -0.27772 0.21153 0.58423 -0.56166 0.089157 -0.14342 -0.58749 0.18851 0.44241 0.19248 0.57866 -0.4513 0.22364 0.80662 0.38611 0.92404 -0.27966 -0.28967 -0.036307 -0.49772 0.1145 -0.151 0.21769 -0.21877 0.2981 -0.27486 0.32998 0.6478 -0.14397 -0.15351 -0.36674 0.33534 -0.18086 0.065251 0.14169 -0.4012 0.4044 -0.348 -0.24495 0.26861 -0.37312 0.80263 0.96028 -0.058317 -0.91302 -0.065502 0.13969 0.14616 0.24488 -0.14889 -0.101 -0.25923 -0.23263 -0.69041 -0.60598 -0.24493 -0.17539 0.29986 0.7013 0.27683 -0.40367 -0.00044753 0.34544 0.31867 -0.22665 0.019729 -0.099271 -0.12938 -0.26818 0.58811 0.013954 0.31565 0.11317 0.11266 0.24467 -0.58654 0.025775 0.17412 0.26763 -0.43481 0.38358 0.61898 -0.56775 -0.6965 -0.61386 -0.80936 -0.38332 0.12674 -0.13833 -0.21691 -0.047223 -0.30935 0.40458 -0.65421 0.26213 -0.27153 0.86918 -0.29713 -1.3474 -0.79285 -0.11673 0.40539 -0.076286 -0.034112 -0.44497 0.17037 -0.63567 0.36319 0.34135 0.18737 0.34358 0.28251 0.093237 -0.49024 -0.00253 -0.1432 0.7954 0.013974 0.20147 -0.01025 -0.2148 -0.3335 0.37218 -0.52779 0.087901 -0.28227 0.44521 -0.39313 0.45512 0.047469 -0.60325 0.34989 -0.3796 -0.61557 -0.97602 -0.70332 -0.28283 0.20955 -0.47606 0.152 0.27341 0.024156 -0.22491 0.47782 0.038707 -0.068993 0.34248 -0.20046 -0.15598 0.26421 -0.3484 -0.24462 -0.34882 -0.56198 -0.30132 0.02616 0.21067 -0.41848
florence -0.31832 0.10363 -0.53401 -0.022117 0.80373 -0.082109 -0.13996 -0.89454 -0.2769 -0.22515 -0.065821 0.090602 0.38472 0.063944 -0.036535 -0.13375 0.26138 0.068413 -0.23329 0.024721 -0.16134 0.28781 0.01154 -0.3038 0.52925 -0.17102 -0.19964 -0.19038 -0.39954 -0.1433 0.090624 0.76913 -0.34759 0.54862 -0.24712 0.070616 -0.13179 -0.020647 -0.30423 -0.74118 -0.13214 -0.11077 -0.43402 0.23886 0.30754 0.42521 0.48533 1.0461 0.43407 -0.2182 -0.39875 0.28594 -0.078268 0.22036 0.43888 -0.041126 -0.31113 -0.096829 0.67161 0.082295 -0.12516 -0.47685 0.51454 0.27858 -0.072114 0.2025 -0.28314 0.097331 0.20898 -0.95685 0.46744 -0.75158 -0.051695 -0.77361 -0.13632 0.26339 -0.10179 0.081937 -0.19794 -0.279 -0.54158 -0.63182 -0.3972 0.18916 -0.29392 0.29517 0.00014206 0.43326 0.14237 -0.032856 0.35176 0.10305 0.097993 -0.20573 0.22012 -0.21526 0.33156 -0.2185 0.028573 0.024328 -0.40557 -0.26206 0.22852 0.5467 -0.73087 0.13759 0.2653 -0.13223 0.17245 0.26192 0.1659 0.1739 0.2001 0.30637 -0.049179 -0.4648 -0.028328 0.4708 0.90075 0.36329 0.22936 0.64242 0.12723 -0.61655 0.31239 -0.33994 0.10675 -0.094796 0.072567 0.80509 -0.24595 -0.52145 0.15227 0.12306 -0.4823 -0.24501 0.074921 -0.080627 0.17561 -0.17156 0.028241 0.45034 -0.57246 0.54233 0.53182 -0.41612 0.16733 0.025422 -0.40455 0.26165 0.2927 0.06734 0.59136 0.2819 -0.41775 0.23801 -0.19245 0.27459 -0.8012 -0.25664 -0.21454 -0.51674 -0.041693 -0.19562 0.24909 0.1317 -0.074889 -0.53455 0.3176 0.21139 -0.055293 0.32578 0.10534 -0.036345 -0.36693 0.094172 -0.32321 -0.30288 0.052898 0.35766 -0.043444 0.76349 -0.0862 -0.12644 0.36962 -0.0024735 -1.2244 -0.45301 -0.25813 0.066842 -0.036236 0.041597 -0.15855 0.21013 -0.49416 -0.12094 -0.29576 -0.42257 -0.16565 -0.14712 0.57695 -0.38123 -0.26802 0.35145 0.24746 -0.22291 -0.15658 -0.16963 0.061524 -0.21759 0.33744 -0.11622 -0.090382 0.52763 0.4637 0.06047 -0.0086389 0.13242 0.025512 -0.29121 0.10189 -0.18186 0.0045261 -0.04893 -0.59593 0.14078 -0.16021 0.28087 0.2464 0.17367 -0.061851 -0.34217 -0.31933 -0.43027 -0.061965 0.12385 0.028586 0.16839 0.62121 -0.39703 -0.25029 -0.39959 -0.35899 -0.249 0.26839 0.072849 -0.45998 -0.23698 -0.18993 0.15447 -0.3354 0.0063067 0.167 0.31439 0.8596 -0.5443 0.44814 -0.32067 0.4376 0.0070852 -0.12505 -0.24824 0.099784 -0.14179 0.010588 -0.54913 0.18002 0.032611 0.30056 -0.25958 -0.84358 -0.088537 -0.43077 -0.038029 -0.41678 -0.4624 -0.66802 -0.21589 -0.12319 0.575 -0.24912 0.34503 0.17262 -0.63935 -0.16554 0.25379 0.26761 0.14569 0.43386 -0.71934 0.21161 -0.17659 0.45312 0.062184 -0.82465 -0.22045 0.16385 0.020358 0.063629 0.41035
brisbane -0.37613 0.054496 -0.59643 -0.2771 0.55039 0.30113 0.26027 0.065389 0.1306 0.20889 -0.033533 -0.037127 0.40218 0.27309 0.39914 -0.27465 -0.076059 0.36329 -0.17181 -0.62256 -0.38206 -0.49284 0.064253 -0.032193 -0.0034735 0.5371 -0.32396 0.1577 -0.20265 -0.057046 0.19999 -0.18208 0.31043 1.2647 -0.46904 -0.41415 -0.27228 0.099217 -0.4431 -0.27296 0.22969 -0.053406 -0.43472 0.033223 0.32506 0.22186 0.10426 0.53405 0.14958 -0.38254 0.17823 0.20385 -0.20313 0.31554 0.25077 0.50216 0.51959 0.15803 -0.25322 -0.37202 -0.088009 -0.38513 -0.76166 -0.28225 0.32268 -0.10061 -0.34906 0.017671 -0.46136 0.21697 -0.12055 -0.11814 -0.036505 -0.59335 -0.47852 -0.43968 0.032486 0.015054 0.1696 0.22705 -0.50019 0.082369 0.016495 -0.39259 -0.86541 -0.30345 0.57835 -0.53661 0.29349 -0.024598 0.49135 0.3341 0.57445 0.027555 -0.53002 0.38478 0.63232 -0.23734 0.42229 -0.50492 0.15373 -0.084494 -0.45988 0.12325 0.32414 0.18394 0.13367 -0.53997 0.20504 0.033629 0.28654 -0.87961 0.046141 0.091812 0.54283 -0.12544 -0.10502 0.25283 0.2283 -0.62771 0.26519 -0.1658 -0.3795 -0.14589 0.11129 -0.64931 -0.34404 -0.70284 -0.36009 -0.04344 -0.056673 -0.22698 0.31806 0.17585 0.20555 0.64208 0.88687 -0.1964 0.60815 0.38626 -0.0034012 0.36399 -0.3132 0.24035 -0.22106 -0.30911 0.98123 0.23357 -0.061897 -0.17481 1.14 -0.1508 -0.47568 0.0081482 0.67959 -0.42615 0.017988 -0.55245 0.17771 0.26355 -0.24327 -0.28519 0.12589 -0.084285 -0.23915 -0.44274 0.13425 0.24385 0.63729 0.34646 -0.60893 -0.031672 0.22444 0.029228 -0.4405 0.33163 0.34677 -0.29056 0.24813 0.21572 0.069855 0.45072 0.021516 0.095182 0.24098 0.68711 -0.13977 0.37041 0.40663 -0.47021 -0.14312 0.92153 0.00074058 -0.0105 -0.047899 -0.50973 0.61533 0.028898 -0.41252 0.37245 0.84397 0.44374 -0.60203 -1.1069 -0.27738 0.072464 -0.10861 -0.58351 0.44905 -0.85029 0.10735 0.57675 -0.23773 0.61931 -0.22648 -0.29579 -0.56677 -0.17829 0.072926 -0.85582 0.40059 -0.37499 -0.17817 -0.38906 -0.43621 -0.19854 -0.15416 -0.40804 0.19324 0.70587 -0.099172 0.43572 0.034079 -0.58777 0.33179 0.5632 0.031888 0.023447 -0.034293 0.68192 -0.42682 -0.018429 -0.50493 0.10078 0.14614 0.47943 -0.11767 0.048221 0.011021 0.011854 0.16349 0.25442 0.062794 -0.13056 0.0079252 0.35299 0.42023 0.095194 0.50535 0.02092 0.077706 0.04454 0.0931 0.67434 -0.097226 -0.082327 -0.068623 -0.72746 0.19487 0.30939 -0.22209 -0.1934 0.35909 -0.042254 0.17015 -0.19822 -0.45894 0.36942 0.6744 0.44998 -0.37029 -0.22372 -0.26554 0.81872 -0.47231 -0.30696 -0.52769 -0.15053 -0.025778 -0.18515 0.49904 0.42727 -0.047305 -0.001271 0.75011 -0.30442 -0.741 -0.075825 0.39457 -0.28813
havana 0.55271 -0.43653 -0.44942 -0.5564 -0.34168 0.017263 -0.51498 0.085253 0.63254 -0.43403 -0.18247 0.038264 0.17263 0.32638 -0.079794 -0.099372 0.16207 -0.14361 0.15872 0.1509 0.043861 -0.31471 -0.3668 -0.16611 -0.18279 0.16489 -0.077374 0.49558 -0.6481 0.0087139 0.17441 0.30499 -0.71365 0.12509 0.24733 -0.13388 -0.54359 -0.19581 -0.45474 0.16953 -0.43493 0.30974 -0.58325 0.83567 -0.8304 0.50408 0.35193 0.17383 -0.58632 0.35234 0.10444 -0.6046 -0.31227 0.51669 0.33505 0.082922 -0.45148 0.42703 0.60526 -0.577 -0.30501 -0.2697 0.11308 0.52933 -0.081276 0.13409 0.51802 0.47402 -0.0053503 -0.54188 -0.014375 0.48387 0.0072888 -0.26725 -0.43145 -0.083325 -0.073539 -0.096366 0.27347 0.42917 0.51826 -0.58399 -0.34245 -0.0063472 -0.036591 -0.62545 0.039454 -0.47074 0.51255 -0.18695 0.51906 -0.52373 -0.29207 0.04635 -0.27683 0.36541 0.68649 -0.46821 -0.71187 0.22686 0.47964 -0.36932 -0.065504 0.43373 -0.023555 0.27422 -0.079315 -0.63355 -0.23467 -0.1221 -0.020783 -0.19825 0.11133 -0.34625 -0.58484 -0.11164 -0.26105 0.12116 -0.57807 0.10194 0.014766 -0.30812 0.52078 -0.37972 0.15287 0.053517 0.82857 -0.2714 0.054636 -0.0073797 -0.25466 -0.20421 0.19892 -0.36762 0.057889 -0.027693 -0.37496 0.20658 -0.6732 -0.11308 0.202 -0.5494 -0.40834 0.29664 -0.09587 0.22457 0.52537 0.63203 -0.73819 0.12652 0.27849 0.19736 0.063449 0.18106 -0.48214 0.29778 0.043053 -0.12614 0.015426 0.15687 0.27446 0.30161 -0.067746 -0.44168 -0.12727 -0.28301 0.2832 -0.13861 0.17541 0.25972 -0.3104 -0.052717 -0.68697 -0.17405 0.16487 -0.61752 -0.52007 -0.036137 -0.42139 0.10606 0.051114 0.14617 -0.24164 0.019434 -0.059778 0.46364 -0.30795 -0.048027 0.16257 0.12436 -0.714 0.077491 -0.19209 -0.2833 0.4029 0.092251 -0.32199 0.018245 -0.34372 0.27267 0.49928 0.073702 0.24302 0.44758 -0.20285 -0.068535 -0.15625 0.57015 -0.15562 0.2799 -0.16969 0.14142 -0.30617 0.29557 -0.42366 0.60067 0.17638 -0.83331 -0.12005 0.49231 0.75692 -0.075378 0.13137 0.44752 -0.38476 0.40927 0.37112 -0.31892 0.16367 -0.58443 0.36113 -0.38206 0.57407 0.011619 0.28528 -0.85147 0.24323 -0.53667 -0.062643 -0.1192 -0.55346 -0.21847 -0.064631 0.02822 0.24202 -0.41339 0.064415 -0.22151 -0.24161 0.21287 0.47185 0.34414 0.23304 0.57946 0.11352 -0.013737 0.23977 -0.40483 -0.11222 -0.50541 -0.21858 0.12753 -0.12798 0.045096 0.23711 0.0072823 0.11745 -0.54096 -0.3415 -0.42582 -0.10605 -0.046046 -0.0067687 0.098405 0.43236 -0.010089 -1.0461 0.29992 0.21498 0.002336 0.12871 0.15686 0.22305 -0.66528 -0.41272 0.27136 -0.13527 0.15952 -0.45567 -0.020686 0.16698 0.092217 0.43805 -0.023921 -0.31418 -0.053723 -0.47189 -0.54252 -0.11354 0.19472
mogadishu 0.55158 -0.62029 0.45751 0.6967 -0.29384 0.062868 0.17064 0.75108 0.42448 -0.71843 -0.65608 0.17416 0.38874 0.97448 -0.033479 -0.1203 -0.26334 0.15466 -0.51756 -0.66064 -0.52865 0.015512 -0.024408 -0.30418 0.65216 0.32744 0.14093 0.028814 -0.15013 0.13008 0.03018 0.1418 -0.21252 -0.033697 0.69182 -0.75704 -0.011366 1.0503 -0.89499 -0.16253 0.42716 0.10098 -0.30541 0.2966 0.35734 0.32 0.53687 0.061392 -0.47981 0.72131 0.021846 -0.56665 -0.11041 0.87665 0.59833 0.30535 0.31447 0.40431 0.32703 0.54468 -0.6764 0.043351 0.083991 0.012171 0.019698 0.36971 -0.37554 0.21287 0.34632 -0.077083 0.80215 -0.50822 -0.4747 -0.80108 0.9535 -0.037323 0.39749 -0.93052 -0.36734 -0.10463 0.46217 0.0044317 0.67903 0.17921 -0.61435 -0.38756 -0.13748 0.31427 0.44924 -0.0077205 -0.3189 0.19235 7.9891e-05 0.44431 -0.1496 -0.035428 -0.23293 0.13783 0.42875 1.0321 0.037686 0.23866 0.23366 -0.24689 -0.54839 -0.22542 0.61259 0.028623 0.28632 -0.83395 -0.22864 -0.45706 -0.16071 0.17416 0.4697 0.69894 -0.40935 -0.078779 0.6463 -0.45535 0.23252 -0.10863 0.48984 0.66385 0.24264 -0.36626 0.31884 -0.25897 0.34383 -0.012105 -0.029613 0.50201 0.16961 -0.3695 -0.10146 -0.081256 -0.18359 -0.32802 0.26378 -0.31809 -0.69919 0.49008 -0.40168 0.82029 -0.11907 0.077075 0.36394 0.30588 -0.24991 0.094438 0.49248 -0.55789 0.44564 -0.072536 -0.19036 0.36143 0.85044 0.21013 1.021 0.18487 -0.46194 -0.65895 -0.1785 0.03224 -0.56372 -0.56481 0.7126 -0.48261 -0.45988 -0.85238 -0.23658 -0.18481 0.23922 -0.34615 -0.39049 0.4428 -0.46699 -0.0072587 -0.55944 0.12787 -0.4984 0.49022 -0.32676 -0.043535 0.13618 0.60003 -0.017735 0.34902 -0.4299 -0.3542 0.12186 -0.30503 0.3028 0.015698 0.71676 0.80481 -0.32822 0.54253 -0.056675 0.2557 0.18509 -0.57561 0.25174 -0.10527 -0.27499 -0.13356 0.26237 -1.0243 0.2973 0.067401 0.84906 0.0097691 0.44615 -0.36517 0.46906 0.021583 0.48272 -0.088834 -0.39779 -0.57592 0.58689 -0.29329 0.47777 0.37424 0.09593 -0.051676 0.083113 -0.42426 0.53374 -0.31058 -0.012219 0.23824 0.27034 0.65894 0.72731 0.32325 -0.022606 0.5403 -0.090308 -0.060949 -0.13263 -0.42277 -0.0084204 -0.016523 0.52424 0.62378 0.097967 -0.19514 0.02125 -0.22826 1.0529 0.37292 -0.66588 0.41101 -0.067515 0.15773 -0.072112 -0.15177 -0.050706 0.61396 0.23825 -0.0042163 -1.1026 -0.34748 0.12909 0.15594 0.070509 -0.0011983 -0.11874 -0.1858 -0.085127 0.53891 -0.33544 -0.36804 -0.14474 -0.39066 -1.2218 0.92249 0.022657 0.81058 -0.016023 0.32912 -0.26085 -0.61712 -0.3986 -0.26962 -0.057947 -0.10272 -0.093999 -0.80654 0.35867 -0.1672 0.80554 -0.41215 -0.54131 0.72201 -0.1125 -0.15919 -0.44121 0.31028
adelaide -0.39456 0.28539 -0.19117 -0.10807 0.33738 -0.20907 -0.08061 0.024452 -0.016743 0.23522 0.2055 -0.14748 0.48957 -0.04499 0.54039 -0.034144 0.13471 0.089976 0.10522 -0.48047 -0.70981 -0.32586 -0.044496 0.35145 0.164 0.68288 -0.29369 0.56515 -0.24226 -0.14981 0.18087 -0.092212 0.10839 1.3329 -0.44838 -0.23626 -0.18092 0.19591 -0.4781 -0.23331 0.28445 -0.044673 -0.26572 0.12805 0.087604 0.13235 0.20543 0.80587 -0.24581 -0.059303 -0.17156 0.74978 -0.042885 0.39779 0.26891 0.15356 0.32607 0.076177 -0.050701 -0.20212 -0.5075 -0.31398 0.21549 -0.24995 0.6652 -0.1961 0.13925 -0.15712 -0.38279 0.5815 -0.22346 -0.14953 0.36048 -0.53689 -0.58624 -0.48391 -0.21821 -0.50404 -0.084946 0.44431 -0.43571 0.12202 0.28196 -0.26042 -0.79245 -0.26969 0.64486 -0.50202 0.26014 0.15173 0.40859 -0.22554 0.50308 -0.1455 -0.16508 0.10763 0.39081 0.017418 0.28268 -0.70011 -0.079626 -0.17141 -0.73889 0.35814 0.12464 -0.018814 -0.070488 -0.29008 -0.1112 0.29842 0.28671 -0.45805 0.18077 -0.30181 0.24516 -0.23858 -0.14377 -0.033988 0.099446 -0.38684 0.12163 0.17965 -0.43544 -0.11142 0.17149 -0.0046367 -0.30272 -0.25912 -0.17399 0.077079 0.49724 -0.1123 -0.021389 0.010775 0.28529 0.49105 0.54162 -0.39326 -0.17588 0.73809 0.17318 0.61943 -0.035847 0.13686 0.020282 0.036222 0.42688 -0.27085 -0.41207 -0.17359 0.7303 0.016689 -0.21964 0.55871 0.19749 -0.28837 0.12339 -0.46288 0.56724 0.041144 -0.69945 -0.17918 -0.18151 0.0043695 -0.13589 -0.50343 -0.29065 0.016202 0.64869 0.3195 -0.3177 0.017961 0.29984 -0.30686 -0.42556 0.19995 0.069005 0.020999 -0.19618 0.49534 0.37797 0.26901 0.33315 0.47008 0.41462 0.61601 -0.26514 0.16981 0.27844 -0.27853 -0.12227 0.66258 0.10343 0.020146 -0.13661 -0.04547 0.65136 0.098996 -0.078556 0.37766 1.0401 0.45843 -0.47638 -0.36042 -0.0020419 -0.17401 0.46079 -0.28266 0.79548 -0.72542 -0.30753 0.61882 -0.066251 0.4134 -0.28528 -0.091775 -0.17508 -0.18582 -0.23422 -1.111 0.48273 -0.61742 0.13308 -0.54863 -0.40949 0.47569 -1.9412e-05 -0.63357 0.15196 0.64244 -0.24327 -0.057556 0.29363 -0.16976 0.10113 0.48753 -0.5014 0.6543 0.18701 0.23253 -0.18866 -0.21272 -0.25418 0.027451 -0.33644 0.47151 -0.45968 0.041284 0.090581 0.13398 0.18823 -0.016526 -0.028001 -0.41433 0.016375 0.076353 0.4932 0.10314 0.59736 -0.087653 0.025102 -0.18507 -0.34672 0.66093 0.3141 -0.12981 0.030965 -0.721 0.69847 -0.11425 -0.20563 -0.65724 0.11472 -0.0092845 0.67724 -0.32674 -0.23977 0.18948 0.20673 0.47061 -0.54696 0.21088 -0.14014 0.012617 -0.50157 -0.037649 -0.25526 0.12569 -0.2301 -0.52019 0.32289 0.48613 0.20793 0.008149 0.13108 -0.033761 -0.039621 -0.055364 0.61215 -0.26089
marseille 0.34584 0.28551 -0.21358 0.10746 0.46948 0.052177 0.036025 -0.54098 0.21605 -0.044302 0.32889 -0.16202 0.20277 -0.76452 0.62052 0.41836 -0.37071 0.97187 0.46886 0.17191 -0.42035 -0.07802 -0.5405 -0.65528 -0.16015 0.13498 -0.028352 0.36566 -0.24029 0.37624 0.062442 -0.18918 -0.28661 0.78029 -1.0531 -0.51766 0.74292 -0.28127 -0.28337 -0.26911 0.30094 -0.64181 -0.3183 -0.57693 0.13923 0.044307 0.37335 0.76779 0.084315 0.16458 -0.25342 0.11596 -0.02299 -0.2899 0.076995 0.50096 -0.20338 -0.64873 0.41175 0.036169 -0.331 -0.10137 -0.15878 0.062333 -0.28936 -0.20852 -0.17556 -0.22045 0.077294 -1.089 -0.21842 0.064823 0.1909 0.071425 -0.062219 -0.16312 -0.26075 -0.17942 -0.23099 0.17644 0.01441 0.10441 0.25041 0.23435 -0.45848 0.18362 0.29891 -0.028909 -0.33408 0.0040692 0.22106 -0.18604 0.56115 -0.083058 0.44916 0.59506 0.49273 0.33313 0.23024 -0.24999 -0.0050984 0.0011584 0.5853 -0.21009 0.42082 0.033238 0.65232 -0.33996 -0.31732 0.20804 0.11339 -0.30468 0.81838 -1.0599 0.15311 -0.62422 -0.04978 0.84727 0.07559 0.18453 -0.33225 -0.38035 0.20122 0.13537 0.039325 0.20487 -0.27243 -0.30402 0.56852 0.21247 0.25597 0.3821 -0.20805 0.39375 0.10701 -0.15544 0.65155 -0.24559 -0.19464 -0.16499 -0.36041 -0.48805 -0.26952 0.39497 0.025545 -0.35594 -0.39067 -0.24862 -0.21118 0.18288 0.16798 -0.4195 0.18298 0.038413 0.59681 -0.12226 0.043782 -0.26331 -0.2238 0.51031 -0.25437 0.22747 -0.55751 0.36802 0.43204 -0.070416 -0.061143 -0.548 0.066704 0.12592 -0.36331 -0.4104 0.23124 -0.68109 0.76653 0.35022 -0.048386 0.39233 -0.83419 0.69645 0.11518 -0.17364 -0.23035 0.34707 0.40858 0.39146 -0.65445 0.22681 0.20046 0.26667 0.14341 -0.065841 0.07755 -0.12981 0.55106 -1.5252 -0.03391 -0.19211 0.092343 0.35557 0.34933 -0.53929 -0.12604 -0.68885 0.068035 -1.1386 -0.36924 -0.65801 -0.46082 -0.089206 -0.38248 0.1795 0.02348 0.37212 0.65958 -0.070902 0.51953 -0.28261 0.19974 -0.7758 0.58362 0.0071494 -0.033059 -0.38 -0.59589 -0.69793 0.35948 0.071067 -0.1947 0.084633 0.19309 0.64411 -0.0038472 -0.47778 0.45996 0.0065308 -0.041406 0.54538 0.094609 0.5349 0.076383 -0.85136 0.053122 -0.14211 0.94083 0.83889 -0.00854 0.14875 -0.018619 -0.25947 0.26385 0.13539 0.57385 0.53752 0.021052 0.14733 -0.33465 -0.64622 -0.054011 -0.032103 0.28779 0.56356 -0.13388 0.53818 0.26439 0.27816 -0.041608 0.047518 0.45774 0.041123 0.79602 0.73974 -0.34299 0.19693 0.20706 -0.096817 -0.30813 -0.18263 -0.14034 0.37217 -0.5131 0.49734 0.064425 0.37193 0.46477 0.27327 0.21782 0.25029 0.20331 -0.066558 -0.2588 0.4654 0.11173 -0.25119 0.8102 -0.14796 0.17575 -0.24982 -0.47672 -0.42101
lima 0.31877 0.23853 -0.37472 -0.10095 0.12953 -0.048216 -0.44539 0.11597 -0.26629 -0.28583 -0.21344 0.34079 0.37466 -0.046229 -0.20004 -0.17818 -0.19869 0.25061 0.49196 0.039991 -0.16137 -0.50907 -0.058838 -0.34607 -0.46779 -0.19648 0.3893 -0.062313 0.065222 -0.36261 0.3696 0.13787 -0.16549 -0.51826 0.18927 0.26581 0.49792 0.34162 -0.70875 -0.27688 0.027117 -0.050376 0.013992 0.51789 -0.30114 -0.25266 0.089252 0.49266 -0.1175 0.4516 0.17536 -0.16945 -0.10355 0.34922 -0.088935 -0.14179 -0.040688 -0.004579 -0.19116 -0.62839 -0.24717 -0.29327 0.16011 0.18597 -0.24237 0.54474 0.49422 -0.23068 0.15313 -1.0557 -0.20692 0.022439 -0.49587 -0.13007 -0.71569 -0.32274 0.47978 -0.17147 0.76433 0.026741 0.09649 0.096206 -0.094263 0.4886 -0.41022 0.076652 0.54567 -0.32398 0.27696 -0.11397 0.56748 -0.49944 -0.11808 -0.32166 0.14253 0.30636 -0.49903 -0.063971 -0.27521 0.12763 -0.70953 -0.60889 -0.34199 0.14944 0.10788 0.20127 0.12084 0.24013 0.091179 0.35575 0.16442 -0.57933 0.14533 -0.60676 0.71168 -0.4314 -0.32609 -0.0014292 -0.061747 0.12287 0.46267 -0.94012 -0.065636 -0.6145 -0.74344 -0.068375 0.72082 -0.28877 -0.29475 0.58066 -0.012364 -0.0048793 0.33611 -0.0040782 0.23695 0.12929 -0.1315 0.029228 0.44811 -0.22429 -0.26322 -0.69869 0.3974 -0.14544 -0.23196 -0.28517 1.067 0.42212 -0.74039 -0.60568 0.54405 0.066638 0.5256 0.38248 0.089133 0.38149 -0.1639 -0.1016 0.11667 -0.44513 -0.33883 -0.041326 0.13295 -0.23343 -0.59378 -0.54797 -0.038559 0.25081 -0.3154 -0.28085 -0.31288 -0.19615 -0.11708 0.35051 0.41813 0.044428 -0.015397 0.4368 0.10706 0.44716 -0.22064 0.58989 0.26855 0.30026 -0.30204 0.83616 -0.12992 0.45374 0.01911 0.16676 -0.181 0.48589 -0.31666 -0.049102 0.36049 0.14299 0.60539 0.21833 -0.79616 0.16546 0.10759 -0.036751 0.37489 0.45426 0.17714 -0.21034 0.02776 0.44586 -0.11215 0.12312 -0.032216 -0.085623 -0.85702 0.01277 0.19743 0.29942 0.21815 -0.68931 -0.68145 0.19345 0.45899 -0.40714 0.024144 0.24289 0.15986 0.26052 0.24148 -0.53043 -0.15694 -0.57956 0.0079852 -0.35388 0.077556 0.24269 0.54022 0.090302 0.25057 0.40649 0.15399 0.35205 -0.37916 -0.45324 -0.21276 0.19717 0.095843 0.35488 0.31714 0.29021 0.42376 -0.31222 0.25501 -0.069983 -0.144 0.35378 0.25546 0.11077 0.034904 0.11094 -0.078687 -0.86741 -0.33302 -0.029416 -0.036447 0.12809 0.38911 -0.33837 0.035841 0.28628 -0.040526 -0.31077 -0.82176 -0.091446 0.11247 0.52129 0.67076 0.22354 -0.3029 -0.15763 -0.27967 0.30754 -0.19172 -0.01916 0.13596 -0.036708 -0.42849 -0.047112 -0.18493 0.12969 0.25558 0.41109 0.14125 0.15379 0.31941 -0.40383 0.28344 0.061475 -0.1361 -0.22985 -0.41862 -0.1634
zagreb 0.87445 0.18746 0.2445 -0.13607 0.51428 -0.09856 -0.29734 -0.68702 0.47724 -0.50242 -0.47259 -0.22726 -0.094691 0.15391 0.56741 0.5027 0.014037 0.5871 0.24119 -0.020638 0.78443 -0.40547 0.2289 -0.21701 -0.09336 0.22706 0.30483 0.16476 -0.04465 0.1108 -0.22493 -0.55274 0.11572 0.77152 0.27707 0.37164 -0.48253 0.044174 -0.74 0.2498 0.2343 -0.59945 -0.84349 -0.15377 0.034468 0.24164 -0.19737 0.4289 -0.38651 0.30099 0.047695 -0.46298 -0.27481 0.21577 0.00029687 0.2792 -0.30461 0.26565 0.65216 -0.16703 -0.94367 -0.18491 -0.18674 0.16451 0.26422 0.83357 0.14217 0.30326 0.099651 -1.0685 0.69524 -0.52947 0.59726 -0.17074 -0.086468 0.37101 0.42493 0.34608 0.2541 0.11121 -0.22469 -0.82066 -0.11577 -0.29853 -0.47859 -0.3338 -0.040476 -0.17987 0.17532 -0.32236 0.64022 0.15735 -0.21669 -0.41187 -0.35025 0.50568 -0.056903 0.040838 -0.58036 0.73707 -0.17074 -0.78273 0.15693 -0.013806 0.21437 0.3064 0.55641 -0.55649 -0.13035 -0.27557 0.26711 0.57144 0.30482 0.57273 -0.083949 -0.37407 -0.51778 -0.11288 0.32418 -0.42197 0.49554 -0.26912 0.72387 -0.32858 -0.17019 0.10981 0.27495 -0.34273 0.18181 0.47777 -0.28626 0.074249 -0.22201 -0.005675 0.31301 -0.0015098 0.57011 0.16723 0.32176 -0.2527 -0.2802 0.028515 -0.4149 -0.19418 0.39112 0.12728 0.82161 -0.25808 -0.89861 0.088196 0.18043 0.040273 -0.24112 0.59621 0.25026 0.10154 0.12399 0.19311 0.21834 0.066979 -0.18316 -0.024111 0.086676 -0.74858 -0.020143 0.12671 -0.22311 -0.28887 0.14454 -0.24073 0.19846 -0.72694 0.47376 0.40259 0.22703 0.039708 0.61899 -0.38447 -0.19728 0.3307 -0.30449 -0.20066 0.15391 -0.016735 0.4429 1.0153 -0.9013 0.43875 0.070493 0.14169 -0.092503 -0.17734 -0.22336 -0.25579 0.2681 -0.41309 -0.14179 0.14578 0.097296 0.30829 0.40408 -0.42619 -0.80696 0.46541 -0.24922 0.03226 -0.68765 -0.6164 0.50737 -0.13505 -0.4888 0.2662 0.064044 -0.054337 0.24618 -0.021875 -0.49221 -0.0060668 0.17771 -0.25952 0.11685 -1.0594 0.081685 0.20784 -0.84652 -0.14235 -0.66771 -0.31143 0.069528 0.057042 0.19838 0.10099 0.62661 -0.9757 -0.10035 -0.21321 0.45321 -0.18797 -0.16641 0.17315 -0.054548 -1.0166 0.30422 -0.40682 0.35555 0.71366 0.26753 0.25134 -0.26498 -0.045648 0.043234 0.39817 0.073645 -0.33388 0.096869 -0.098697 0.094779 -0.10067 0.20731 0.34082 0.2586 0.063163 -0.38601 -0.031212 0.2733 -0.32297 -0.1085 -0.35062 0.00060494 0.052437 -0.088892 -0.1377 0.35127 -0.32722 0.70822 0.30628 -1.0097 -0.87548 0.32748 0.18235 -0.0607 0.016423 -0.11084 0.06357 -0.091422 -0.12695 -0.39797 0.058291 -0.14476 -0.27833 0.21347 -0.23984 0.93142 -0.078261 0.34465 -0.014426 -0.42891 -0.48641 0.44091 -0.1258
zurich -0.11314 -0.053266 -0.32167 0.63615 0.32802 -0.32871 0.22921 -0.55959 -0.43633 -0.49292 0.45425 -0.48888 -0.0078887 -0.37342 0.14562 -0.13284 0.27998 0.69245 -0.082817 -0.1738 0.27204 -0.57556 -0.54592 -0.18341 -0.31914 -0.095575 0.10377 0.10246 -0.44426 -0.425 -0.37449 -0.51485 0.24736 0.75523 -0.42917 -0.51649 0.11552 0.40979 -0.16538 -0.36724 -0.70253 -0.6253 -0.54232 0.22978 0.34565 0.73935 -0.26931 0.97544 -0.11081 0.3309 -0.67246 -0.32017 -0.12149 0.24015 0.31627 0.11062 -0.2856 -0.12533 0.51824 -0.18946 -0.71417 0.29689 -0.21779 -0.045557 -0.24024 0.47729 -0.31086 -0.34331 -0.49155 -0.81488 0.20711 -0.16205 0.50939 0.21654 -0.017767 0.23038 0.023561 0.0053031 -0.029139 0.037958 -0.77281 -0.10871 -0.49878 0.59723 0.084163 0.10699 -0.2578 -0.089662 -0.87822 0.3065 0.38951 -0.13844 0.66358 -0.2586 0.91034 -0.12645 -0.78072 0.33362 -0.53214 -0.32971 0.89182 -0.30683 0.048078 0.040409 -0.30776 -0.069257 0.41429 -0.15879 -0.25137 0.040129 0.019005 -0.33614 -0.10665 0.10435 -0.274 0.07864 -0.099018 -0.0051817 -0.027807 -0.017398 0.49934 -0.4225 0.43066 -0.02301 -0.086889 -0.50971 0.86609 0.090721 -0.16973 -0.26859 -0.37676 0.11347 0.077776 -0.13502 0.045083 -0.015342 0.35331 0.0078238 -0.031304 0.072161 0.13575 -0.29161 -0.38318 0.59632 0.4455 -0.10494 0.049855 0.082642 -0.2571 0.39758 0.19597 -0.066719 0.83273 -0.15715 0.45279 0.42794 0.3748 -0.033747 0.13691 -0.55844 -0.23965 0.1892 0.064995 -0.056916 0.24276 0.71416 0.15152 -0.41422 0.68105 -0.069558 -0.68883 -0.28146 0.017375 0.29566 0.28487 -0.61068 0.88563 -0.48053 -0.13421 0.63791 0.59406 -0.35682 -0.55405 0.32874 0.29809 0.29869 -0.70276 -0.50092 0.19246 -0.31922 0.2864 0.14261 -0.058256 -0.079139 -0.19293 -0.87589 0.35922 -0.25332 -0.32382 0.42492 0.59269 -0.13553 -1.0022 0.047806 -0.50901 -0.25928 -0.5701 -0.27155 -0.19453 -0.1932 0.11625 0.15588 -0.12716 -0.019094 0.18639 0.17581 -0.23822 0.054758 -0.057277 -0.50021 0.2587 -0.25679 0.089705 0.093758 -0.52785 0.049283 -0.6057 -0.12079 -0.16406 0.17265 0.09077 0.27354 0.61798 -0.15892 0.41956 0.012447 0.10424 0.37192 0.46265 0.21666 -0.36562 -0.48554 -0.19078 0.13132 0.018542 0.36009 -0.38854 -0.55396 -0.45417 -0.054326 0.42707 0.11529 -0.059052 -0.17681 -0.066554 -0.027096 0.07817 -0.26282 0.17508 -0.49862 0.11036 0.23096 0.44347 0.35365 0.5919 0.12862 0.13774 -0.30173 0.12858 0.0029079 -0.23117 0.25151 0.75133 0.78446 0.30218 -0.083535 0.138 -0.21085 0.14888 -0.1113 -0.87832 0.23193 0.0017864 -0.44268 -0.34891 0.15785 0.02776 0.89316 -0.3254 -0.29388 0.028015 0.053465 -0.023077 0.4941 0.040761 0.1394 -0.16429 0.22218 0.08093 0.06993
dhaka -0.058741 -0.26596 0.032895 -0.57541 0.28775 -0.76784 0.95284 0.21451 -0.33646 -0.69927 -0.21652 -0.084013 0.1989 -0.092645 0.46604 -0.14559 -0.38261 0.30124 -0.37007 -0.34852 -0.055017 -1.4035 0.077636 0.35831 -0.038326 0.79799 0.051956 -0.15849 -0.26518 -0.25772 -0.01141 -0.016169 -0.10321 0.15552 0.18461 -0.40381 -0.22554 0.149 -0.7682 -0.17609 0.70482 -0.052463 0.12249 0.39988 -0.028476 -0.061017 -0.027751 0.20367 -0.67916 -0.57544 0.37972 -0.26162 -0.29235 0.29606 0.87231 -0.077015 0.052935 0.12284 0.11998 -0.23015 -0.43519 -0.15579 -0.30587 -0.27608 0.13778 0.65832 0.37731 0.13538 -0.48486 -0.28803 0.62332 -0.15558 -0.0010352 -0.93613 0.71115 0.19803 0.56887 -0.15144 0.40988 -0.23926 1.139 -0.16042 0.16911 0.45659 -1.0297 0.030902 -0.233 -0.60712 0.35364 0.39598 0.19661 0.01122 0.79803 0.05224 0.21204 0.93833 0.55538 -0.26694 -0.4948 -0.078329 0.019181 -0.46262 -0.18235 0.43535 0.20422 0.17181 0.94415 -0.1174 -0.059824 0.20439 -0.46496 -1.1019 -0.29854 0.52553 0.82357 0.10422 0.082952 0.29182 0.45667 -0.63217 0.027534 0.12684 0.22463 0.032175 -0.59395 -0.17206 0.056551 -0.9099 0.42931 0.54154 0.1056 0.30017 0.98175 -0.27426 -0.30524 0.10269 0.51976 -0.20048 0.26941 0.34083 -0.42936 0.69525 -0.48823 -0.097443 -0.52367 0.013686 0.41666 0.34105 -0.65503 0.28987 0.62724 -0.27222 0.2533 0.80456 0.0068316 0.57625 -0.42847 -0.14506 0.17911 -0.33241 -0.30571 0.37473 -0.83049 -0.094795 -0.067706 -0.36463 0.01595 -0.060555 -0.49841 0.62097 -0.59201 -0.14874 -0.08482 -0.16545 -0.18764 0.44652 -0.54965 -0.25009 -0.68653 0.049048 -0.28352 -0.68257 -0.76802 0.21403 -0.17929 0.61105 0.032281 0.57054 -0.12003 -0.22467 -0.29158 0.10468 -0.11458 0.064337 -0.079126 0.68374 0.14227 -0.057541 0.16857 -0.027064 0.049157 -0.21874 -0.38701 0.28374 0.49267 -0.21988 0.47913 -0.39804 0.18786 -0.21712 0.073763 0.42134 -0.16685 0.1055 -0.23939 -0.12149 -0.38948 -0.4509 -0.032015 0.10571 0.49537 0.0054132 -0.127 0.17228 0.11441 0.069054 -0.11473 -0.0063463 -0.26496 -0.037596 0.56043 -0.066904 -0.30621 -0.19107 0.94369 0.38913 0.35312 0.041914 0.8012 -0.31007 0.64998 -0.34136 -0.56179 0.17476 0.20083 0.35911 0.24482 -0.19113 -0.17648 0.19568 0.17317 -0.40091 -0.0011827 -0.12328 -0.074119 0.40838 0.45758 0.10529 -0.0041827 -0.18311 0.2832 -0.10474 0.24307 -0.19789 0.61185 0.063053 0.26369 -0.090332 0.0082719 0.021633 -0.48051 0.029461 0.14064 0.19738 0.17833 0.061517 -0.48075 -0.10841 0.014275 0.47838 0.042484 -0.27763 0.42773 -0.20765 -0.23367 0.22699 -0.25659 -0.21012 -0.18621 -0.10144 -0.13549 0.0039139 -0.084647 0.1485 -0.11005 0.59097 -0.17187 -0.48226 -0.75631 0.12952
amman 0.2135 -0.71295 0.11359 -0.42267 0.043589 0.20596 0.055773 0.49498 0.17834 -0.88044 -0.49714 -0.50841 0.24471 0.17006 0.04618 0.16144 -0.06294 0.31094 -0.099779 -0.55157 -0.8153 -0.72183 0.17899 -0.074558 0.4283 0.47484 0.06094 -0.013605 -0.34461 -0.057127 -0.44581 -0.69401 -0.52735 0.38903 0.40246 -0.94627 -0.27609 0.094929 -0.42449 -0.48338 -0.0040039 0.056146 0.11153 -0.10205 -0.27624 -0.23838 0.041819 0.050698 -0.15729 -0.18568 0.33258 -0.51513 0.01133 0.20935 0.10852 0.1643 -0.023949 0.82214 0.1913 0.097697 -0.43378 0.15375 -0.11627 -0.212 -0.3229 0.2796 0.43329 0.31269 0.27027 -0.037742 0.31163 -0.046053 0.86065 0.20318 0.31176 -0.31825 0.52272 -0.63959 -0.011134 0.31475 0.48911 -0.0066127 -0.14242 0.33803 0.39369 0.0097182 0.14457 0.061982 0.49258 -0.17708 -0.54431 0.042446 0.14109 0.092412 0.097683 -0.12835 0.43007 -0.22225 0.11798 -0.0017797 -0.23789 -0.55671 0.74573 0.36475 0.025085 -0.47755 0.59481 -0.54762 -0.03992 -0.28589 -0.14729 0.29237 -0.23121 -0.026018 0.15482 0.12125 0.024956 -0.69057 -0.19123 -0.49309 -0.14361 -0.31145 0.37167 -0.57449 -0.091728 0.25473 0.35247 -0.45423 -0.038403 -0.73407 0.19198 0.18421 0.68435 -0.051073 -0.1086 -0.12616 -0.36617 0.11837 -0.32622 0.026304 0.22479 0.2326 -0.090137 -0.2191 -0.51775 -0.16885 0.64303 0.098516 -1.2608 0.045663 0.35835 -0.024228 -0.29382 0.39293 -0.031708 0.066197 0.36033 -0.48782 1.0866 -0.071581 -0.040016 0.4093 -0.66061 -0.19374 -0.2031 0.038287 0.13563 -0.048614 -0.23161 0.10148 -0.44105 -0.38966 0.31291 -0.44052 -0.39602 0.56719 -0.010951 -0.37255 -0.35519 0.37963 0.51783 -0.07462 -0.95473 0.54761 -0.39554 0.38207 0.18895 0.43081 0.10945 0.27294 -0.27162 -0.35679 0.21632 -0.1582 0.28034 0.52691 0.19271 -0.05052 -0.28507 0.45164 0.37085 -0.88513 -0.70594 1.1104 -0.18679 -0.0081309 -0.33477 -0.86177 0.14997 -0.27451 -0.18397 0.48672 -0.070441 -0.3744 -0.057188 -0.10381 0.58583 -0.70326 -0.58498 -0.060998 0.78997 0.011331 0.27098 0.31941 0.054599 0.15713 -0.4531 0.064543 0.64338 -0.16953 0.051259 0.20801 0.75955 -0.63922 0.42489 0.75767 0.40398 0.33004 0.74929 -0.30367 -0.23204 0.31726 -0.051164 0.49658 0.26131 -0.32853 0.12449 0.10824 -0.30843 -0.22168 -0.031029 0.19519 0.22914 -0.20059 -0.22987 -0.020913 -0.24363 0.12357 -0.11733 -0.6935 0.11852 0.12096 0.0012871 -0.3204 0.0058117 -0.42773 0.42465 -0.74814 0.12043 -0.9012 -0.45008 -0.12248 0.38658 0.039001 0.21529 -0.56468 -0.2729 -0.13051 0.2235 -0.22588 -0.022388 -0.34861 -0.246 -0.69142 -0.43212 0.62516 0.39564 0.55767 -0.023075 -0.014179 -0.019904 -0.2651 -0.29362 0.64582 -0.10786 0.071583 -0.12197 -0.54829 -1.0347 0.017697
doha -0.016045 0.27896 -0.23239 -0.12826 0.67912 0.1697 -0.32039 0.88329 0.010084 -0.63559 0.75252 -0.096678 -0.18175 0.082636 0.24479 0.17689 -0.60603 0.35534 0.038608 -0.33398 -0.74573 -0.084019 -0.30279 -0.54119 0.13758 -0.037985 0.5426 -0.46215 0.02284 0.43254 0.18056 -0.43792 -0.069756 0.69548 -0.038886 -0.30362 0.040337 -0.081061 -0.4532 -0.088615 0.1833 -0.60413 -0.44414 -0.13486 -0.18483 0.86397 -0.68057 0.66326 -0.65521 -0.30009 0.61436 0.21308 -0.10724 -0.53026 -0.58699 0.40185 -0.55668 0.77179 0.10523 0.37835 -0.29683 -0.44436 0.10846 -0.66531 -0.55114 0.32661 0.60396 0.52327 -0.11981 -0.092569 0.31753 -0.015617 1.0568 -0.22952 -0.25704 -0.18731 0.11009 -1.2793 0.16978 0.88243 0.09705 -0.16976 0.28278 0.056719 -0.47112 0.059168 0.085525 -0.0018134 0.41845 -0.18701 0.067155 -0.13827 0.0043846 0.1551 0.63529 -0.17767 -0.45117 0.37211 0.005341 -0.13702 -0.25054 -0.1312 0.098643 0.23957 -0.0047861 0.1143 -0.0076358 -0.76289 0.053927 -0.80164 -0.17936 -0.094426 -0.22829 0.20722 0.28643 -0.7217 -0.44527 -0.29204 0.6 0.1115 0.47123 -0.75788 0.66805 -0.14528 -0.010383 -0.030387 -0.087663 0.19194 -0.32619 -0.26937 -0.31233 0.030382 0.24735 -0.43802 -0.12123 0.27692 0.15466 0.3302 -0.16444 -0.12012 0.043321 0.28313 0.46151 -0.28271 0.00022721 -0.38446 -0.0060581 0.32992 -0.38668 0.31681 -0.44888 -0.36594 0.066652 0.043411 -0.0084063 -0.25143 0.20305 -0.34264 -0.27437 0.39276 -0.27837 0.35875 -0.49866 -0.2454 0.41421 -0.51563 0.78454 0.12026 0.1617 0.54203 -0.7718 -0.53667 -0.48933 -0.91428 -0.13128 0.064785 0.57166 0.48539 -0.27999 0.63895 0.089772 0.022759 -0.38062 0.15961 0.53629 0.52901 -0.56346 0.062543 -0.12332 0.26371 0.2236 -0.14636 0.077765 -0.30111 0.31302 0.091779 0.35642 0.47722 0.07411 0.17724 0.61753 -0.52566 -0.22076 0.28839 -0.10254 0.026079 0.37228 -0.88263 0.19771 0.22976 0.14352 0.078068 -0.62136 0.45219 0.051362 -0.088892 0.20093 -0.029839 -0.20555 -0.41675 0.86048 -1.1694 -0.012167 0.14512 0.024447 0.17746 -0.06236 0.26907 0.04478 -0.24811 0.54701 0.05539 0.94068 -0.29232 0.60973 0.86037 0.47991 0.16345 0.48722 0.035539 -0.21648 -0.071265 -0.93058 0.61509 0.046436 0.35027 -0.088621 0.53435 -0.02682 -0.72557 -0.31976 -0.1348 -0.52682 0.58637 -0.29147 -0.48761 -0.040267 0.22364 -0.19255 -0.05192 0.26649 0.16935 -0.30691 -0.18188 0.42022 0.10115 0.74603 -0.32166 0.1158 -0.45919 -0.65631 0.33054 0.61239 0.74703 0.3081 -0.91165 -0.6762 0.43632 0.63197 0.15915 -0.14455 -0.91248 0.046088 -0.27679 0.099369 -0.32223 -0.1126 0.27838 -0.52861 -0.15511 -0.37156 0.40332 -0.2263 -0.24392 0.077023 0.45622 0.070472 -0.11504 -0.72617 -0.027084
calgary 0.63387 0.35365 -0.24169 -0.20835 -0.34831 0.22374 -0.26587 0.42914 -0.37023 0.98514 0.40081 0.52907 0.19935 0.49639 0.16198 0.67719 0.5338 0.83843 -0.15472 0.071859 -0.60449 -0.48567 -0.032827 0.29404 0.30985 0.17424 0.27645 -0.33445 -1.0326 0.1635 -0.15161 -0.24828 0.33468 0.04625 -0.52924 -0.032497 -0.20474 0.92484 0.5366 0.098593 -0.23724 -0.13789 -0.039324 0.58497 0.24195 0.15427 -0.32298 0.16978 -0.011471 0.17013 -0.44173 0.63048 -0.33702 -0.12306 -0.00052238 -0.36422 0.51353 0.15397 0.065942 -0.52458 -1.0246 0.62399 -0.32022 -0.64756 0.75132 -0.49312 -0.70636 0.13367 0.36034 -0.36221 0.17826 0.062267 -0.43083 0.30773 -0.38104 -0.064512 -0.15397 -0.032661 0.36055 0.54505 -0.78034 -0.23642 -0.31168 -0.4694 -0.61084 -0.61918 -0.29148 -0.014946 -0.52732 0.07817 0.50061 0.5187 0.58343 0.066257 0.48414 0.0058911 0.13508 0.11751 -0.070892 -0.16334 0.1013 -0.096357 -1.2325 0.46743 -0.14841 -0.27962 0.19688 0.20204 -0.49432 0.79789 -0.27706 -0.72216 -0.45572 0.017623 -0.41133 -0.16929 0.13614 -0.45586 0.63559 0.48056 0.14611 0.57817 -0.078844 -0.26077 -0.085545 -0.63259 0.024635 -0.45312 0.23412 -0.52758 0.24564 -0.53102 -0.43036 -0.25938 0.54536 0.098149 -0.26978 -0.49211 0.34111 0.13578 -0.0078448 0.45071 -0.33288 0.65578 0.26761 -0.26447 1.0661 0.059159 -0.4372 0.12958 0.79281 0.33157 0.10432 -0.16846 0.21548 0.0025034 0.36242 -0.1316 0.42231 -0.36646 0.13165 -0.40758 -0.35792 -0.29542 0.073323 0.67538 0.45081 0.025003 -0.22198 0.20227 -0.24475 -0.05586 -0.15977 0.30017 -0.26073 0.10469 0.060732 0.081312 -0.43132 0.56844 -0.69889 0.43318 0.56802 -0.43484 0.31687 0.74695 -0.20312 -0.46426 -0.38824 -0.23349 0.2851 0.18531 0.32681 -0.22405 -0.1109 -0.22968 0.31911 -0.022017 0.86883 0.61808 0.69922 -0.28108 0.071822 -0.33314 -0.10299 -0.48719 0.00077614 0.036555 0.58445 -0.22097 0.60705 0.039133 0.28979 0.22282 -0.43248 -0.11895 0.45138 -0.05049 -0.1385 -0.84815 0.23565 0.68953 -0.17014 -0.23907 0.63428 -0.34079 -0.61478 -0.030707 0.12052 0.25321 -0.0018059 0.65024 0.20366 -0.49618 -0.40113 -0.40404 0.004362 -0.19383 -0.24225 0.42124 -0.33081 0.16834 -0.50185 0.18388 -0.34861 0.18991 -0.042454 0.027365 0.35985 0.025272 0.41026 -0.53519 0.44171 -0.30481 -0.20425 -0.077965 0.059491 -0.2788 -0.14539 -0.045816 -0.44921 0.13268 0.4073 0.20189 -0.66082 0.025656 0.61215 0.52443 -0.041008 -0.14743 -0.60213 -0.11315 0.46348 0.20999 0.25082 -0.28898 -0.74687 0.30119 0.26399 0.17665 -0.092214 0.14651 -0.30011 -0.043814 -0.43715 0.42008 0.077717 0.20161 -0.18666 -0.21762 0.67276 0.53939 -0.62265 0.069475 0.54164 0.28981 0.10898 -0.066573 0.72196 0.30923
es 0.80872 -0.45008 -0.5697 -0.58226 -0.28129 0.38473 -1.0206 -0.16966 -0.26929 -0.97652 0.67364 0.20399 -0.14267 -0.28646 -0.012476 -0.41354 -0.06873 0.19753 0.44956 0.24882 -1.3572 -0.49649 0.069317 -0.3104 0.83319 0.81304 0.90732 0.55704 0.60208 -0.69769 -0.11475 0.43804 0.38075 -0.38328 1.108 -1.2709 0.44064 -0.29934 -0.24981 -0.16494 0.2843 -0.30192 -0.020765 0.07685 0.010483 0.41716 0.13696 0.89888 0.52768 0.090574 0.27125 0.0073227 -0.57927 0.9182 -0.25918 0.76636 -0.65164 -0.26035 -0.30262 -0.15179 -0.51387 0.23014 -0.10728 0.13242 0.30375 0.86157 0.51224 0.39105 -0.021769 -0.22661 0.40665 0.1568 1.2397 0.26123 -0.38441 -0.012549 0.8947 -0.6123 0.18593 -0.20041 0.58635 0.13773 -0.14618 0.43179 -0.21382 -0.43461 -0.74241 -0.087985 0.47633 0.17361 -0.3403 -0.78348 0.36249 -0.50889 0.63728 0.028372 0.31842 -0.55695 -0.2841 0.57819 -0.01997 -0.25574 0.5251 0.015606 0.083055 -0.119 -0.0017446 0.63203 -0.15169 -0.58833 -0.24754 -0.23028 -0.1029 0.51625 0.59439 -0.36847 -0.2139 0.2922 -0.24441 -0.37718 0.049268 -0.54178 0.23578 -0.22996 -0.74551 -0.18885 0.16876 0.25766 -0.14511 -0.11728 -0.22373 -0.47902 -0.32448 0.0086711 -0.062552 -0.54673 -0.044457 0.54192 0.3146 -0.4027 -0.67653 0.18858 0.06863 0.14259 -0.19444 -0.070937 0.5711 -0.31138 -0.82018 0.35689 0.40984 -0.051727 0.26426 0.0194 0.27136 -0.17233 0.33105 0.21842 0.095939 0.35387 -0.068901 0.10418 -1.1617 -0.049239 0.1081 -0.096118 -0.28628 -0.4966 0.02356 -0.23817 -0.11596 0.84896 0.1599 0.24735 0.62072 0.30004 0.33475 -0.0041504 0.42626 0.25967 0.85163 0.55846 -0.73762 -0.6886 0.0047626 -0.72498 -0.0086298 0.2115 0.084406 0.29859 0.43354 0.23826 0.34083 -0.44038 0.076716 0.82394 -0.0065825 -0.13341 -0.18804 0.26469 -0.0666 -0.2757 0.54526 0.78637 0.19072 -0.26892 -0.43733 0.095002 -0.082503 -0.16932 -0.092835 -0.19152 0.43436 0.23717 0.066575 0.042349 0.47834 -0.12077 0.3296 -0.79059 -0.30446 0.095346 0.18732 1.2452 0.3716 0.1267 0.12349 0.66879 -0.00041138 -0.34169 0.70629 0.24386 0.24311 -0.2457 0.9207 0.28611 -0.083352 0.12196 -0.21171 0.090127 0.23299 0.14871 0.15969 0.076598 -0.24079 0.73736 -0.22108 -0.216 0.4765 0.034216 0.63036 -0.46055 0.10496 1.0443 -0.39401 0.32479 0.30999 0.023909 0.034931 -1.1838 0.76241 -0.61434 0.2311 -0.17619 0.14649 0.055012 1.0779 -0.44921 0.044576 -0.16661 0.0033853 -0.13492 0.37809 -0.31643 0.33566 0.38715 -0.11361 0.56354 0.30607 0.24165 -0.43361 -0.0047624 -0.80757 -0.0001055 -0.33415 0.34269 0.11334 -0.33442 0.46632 0.2159 -0.15468 0.33141 0.091916 0.032112 0.14743 0.37657 0.42801 -0.95535 -0.20333 1.0031
edmonton 0.20556 0.034079 0.068871 -0.017355 0.031008 -0.27981 -0.14696 -0.078675 0.0057375 0.8917 0.71984 -0.074568 -0.097296 0.57222 0.12625 0.43222 -0.10959 0.5729 -0.4829 -0.036153 -0.53619 -0.62707 0.15365 0.74403 0.27233 0.063108 -0.24394 -0.28485 -0.87774 -0.26286 -0.36501 0.028512 0.51921 0.096262 -0.48476 0.028053 -0.62583 1.2601 0.32358 0.30252 -0.88124 -0.34664 -0.1127 0.45622 0.70629 0.425 -0.13791 -0.1374 -0.2004 0.26268 0.075768 0.39214 -0.48933 -0.24445 0.12577 -0.4251 0.15208 0.013651 0.12964 -0.5313 -0.9671 0.59966 -0.69969 -0.66065 0.039492 -0.72357 -0.35101 0.21053 -0.10916 -0.15846 0.16711 0.16315 -0.11304 0.42029 -0.60597 0.27484 -0.23976 -0.15157 0.4377 0.17087 -0.34137 -0.32269 -0.08973 -0.44132 -0.43177 -0.45629 -0.46141 0.026962 -0.095978 0.32803 0.38271 0.020334 0.4955 0.18258 0.0022878 -0.063249 0.21564 -0.49502 -0.023024 -0.34745 0.30376 0.19702 -0.87279 0.31575 0.078262 -0.25543 -0.16286 0.2436 -0.42625 0.69097 -0.61359 -0.66262 -0.6643 0.11435 -0.68877 -0.011768 0.12509 -0.20947 0.62799 0.77615 0.44912 0.53894 0.19402 -0.1876 0.15139 -0.63064 0.018134 -0.6166 0.27349 -0.15557 0.15047 -0.39397 -0.48537 -0.33657 0.33931 -0.016732 -0.2276 -0.89261 -0.20585 0.32004 0.089445 0.23853 0.030553 0.48722 0.2586 -0.47699 0.43806 0.13726 -0.5139 -0.52359 0.56948 0.043348 -0.33131 0.18538 0.40021 -0.097071 0.26817 -0.0018932 0.48914 -0.4873 -0.022124 -0.20999 -0.39871 -0.37098 -0.091916 0.46748 0.076129 0.25195 -0.027082 -0.19998 0.0046511 0.07031 -0.19318 0.28197 0.03201 -0.35675 -0.10599 0.58041 -0.76459 0.42091 -0.50376 0.67896 0.67801 -0.63706 0.35328 0.74946 -0.015106 -0.61564 -0.071204 -0.28396 -0.3682 0.094311 0.23805 -0.0037865 -0.01714 0.082812 0.24736 -0.055462 0.39415 0.27385 1.0756 0.17949 -0.14292 -0.87504 -0.24554 -0.68011 0.097886 -0.15862 0.45541 0.29317 0.04582 -0.19399 0.34027 0.28281 -0.34716 -0.037527 0.64173 0.25016 -0.54993 -1.1798 0.31136 0.23131 -0.28627 -0.47831 0.75984 0.059154 -0.17968 -0.25751 0.2352 0.18283 0.32208 1.1289 0.14489 -0.52375 -0.19325 -0.45368 0.04302 -0.012014 -0.36089 0.4103 -0.41504 -0.25916 0.16725 0.21051 -0.45928 -0.18159 0.38092 0.38388 0.52477 0.095112 0.61628 -0.11158 0.25765 0.28664 -0.59957 -0.26928 0.25079 -0.19867 -0.34095 -0.13497 -0.53817 0.75422 0.11819 0.081051 -0.46062 -0.14582 0.53834 0.2448 -0.11053 -0.22802 -0.64383 -0.049702 0.28628 -0.070637 0.14364 -0.36096 -0.41099 0.54474 0.52352 0.36489 -0.10545 0.41042 -0.34707 -0.37784 -0.53791 0.6054 0.39504 -0.079924 -0.10323 -0.034175 0.10897 0.39974 -1.0497 0.031596 0.37523 -0.081529 -0.25488 -0.13778 0.47421 0.21185
hanoi -0.36768 -0.32126 -0.30181 -1.0592 -0.25224 -0.30877 0.37404 -0.098041 -0.21678 -0.51541 0.42411 -0.045983 -0.0036137 -0.34807 0.36365 -0.33671 0.64019 0.33717 -0.079904 -0.097248 -0.21992 -0.41792 -0.012695 -0.16057 -0.17305 0.66037 0.35959 -0.43594 -0.11454 -0.32887 0.053068 -0.55491 -0.21706 0.60863 0.37982 -0.43251 -1.089 -0.43786 -0.2889 -0.49579 0.1295 0.054748 -0.61606 0.018224 0.12869 0.44953 0.21482 0.35069 -1.2118 0.042734 -0.24591 -0.24411 -0.50772 0.73563 0.27254 0.050766 -0.12326 0.54955 -0.46322 -0.49951 -0.10833 -0.092197 -0.093832 -0.11823 -0.18913 0.18341 0.30195 0.46786 -0.55901 0.16523 -0.36455 0.1486 -0.045087 0.29226 -0.32427 0.37003 0.69956 -0.089196 0.46842 -0.67668 -0.022086 -0.65895 0.24228 -0.14971 -0.25073 -0.68628 -0.088992 0.016058 0.042414 -0.29929 -0.35543 -0.36936 0.27254 0.3712 -0.027561 0.24081 0.37212 -0.12035 -0.25852 -0.20575 -0.050305 -0.23197 -0.43855 0.59844 -0.32219 0.33443 -0.46512 -0.31654 -0.0002143 0.05535 0.13193 -0.77551 -0.78943 -0.1727 0.34592 -0.57297 0.013358 -0.041098 0.10179 -0.068297 0.093269 -0.87614 0.073277 -0.13699 -0.21368 -0.028833 0.046264 0.10888 -0.39961 0.039065 -0.23348 0.050637 0.54346 -0.13748 -0.25396 -0.41539 0.16886 -0.36637 0.40706 0.13742 -0.24632 0.37326 0.021635 -0.4632 -0.48443 -0.22776 0.084698 0.38378 -0.41101 0.32868 0.23129 -0.11441 0.049153 0.36074 0.18117 0.6142 -0.73173 0.16162 0.35593 -0.24025 0.15738 0.23605 0.10447 -0.43915 0.097857 -0.16412 0.2891 0.054264 0.28281 0.19691 -0.50149 -0.17067 -0.36941 -0.44803 -0.047228 -0.26249 0.27442 -0.077999 -0.07527 0.4385 -0.29447 -0.39006 -0.64021 -0.25407 -0.39594 0.23793 -0.14276 0.21229 0.11732 -0.24574 -0.17422 0.018425 -0.37486 -0.16304 0.47894 -0.1377 0.28581 0.12108 -0.41689 0.44683 0.4987 -0.06947 -0.05417 0.20042 -0.58332 0.59616 -0.33978 -0.51556 -0.28198 0.465 0.071131 0.14712 0.038684 -0.22618 0.33251 0.40202 0.017371 -0.24668 -0.32198 0.18728 0.82973 -0.13504 0.073494 0.21572 -0.31631 0.70682 -0.11276 0.24658 -0.36044 -0.14417 0.75372 -0.46307 0.43179 0.047677 0.13596 0.21988 0.23173 -0.32246 0.52915 0.37409 0.0276 -0.51814 -0.046361 0.013019 0.62963 0.51678 0.45308 0.16983 0.07068 0.19414 0.11023 -0.28089 0.24605 0.31135 0.24008 -0.028768 0.14473 0.14953 -0.26641 -0.72597 -0.39381 0.21555 0.19343 0.071182 0.66532 -0.065737 0.11881 -0.3674 -0.19857 0.069275 -0.23707 0.35983 0.13624 -0.19972 0.2266 -0.037963 -0.63465 -0.336 0.16662 -0.18045 -0.22043 -0.36252 0.36388 -0.99712 -0.5322 0.358 -0.13965 0.57995 -0.58211 0.027745 0.25343 0.36016 0.38732 0.29055 -0.2402 -0.029313 -0.18659 -0.28213 -0.30883 -0.10779
newark -0.06896 -0.46615 -0.022668 0.10484 0.13061 -0.30258 0.52464 -0.40146 -0.35651 0.29209 -0.29805 0.239 0.50131 -0.48392 0.34802 -0.01061 0.12971 -0.29934 0.078719 -0.11964 -0.55146 -0.49459 -0.26345 -0.087784 -0.2736 -0.148 -0.43943 0.27616 -0.35156 -0.54112 0.70039 0.032915 -0.23383 0.28165 -0.48462 0.3873 -0.34161 -0.048806 0.16507 -0.085283 -0.4643 0.095696 0.16158 1.1165 0.1289 0.11644 0.22894 0.69167 -0.090925 0.5666 -0.015895 -0.23926 0.083192 -0.62781 -0.29428 0.05851 0.42659 0.16464 -0.10755 -0.9841 0.27167 0.041379 -0.16173 0.28616 -0.059803 0.21067 -0.19405 -0.089314 0.4753 -0.27703 0.016543 0.031379 0.63895 -0.58454 0.070274 0.40846 -0.4297 0.18845 -0.18669 0.075215 -0.41933 0.17031 -0.034163 0.065671 -0.59946 0.026796 0.93635 -0.37882 -0.31836 0.49907 0.18808 0.34246 0.149 0.38943 -0.90064 -0.3389 -0.22166 -0.15338 -0.56558 -0.063692 0.35524 -0.40197 -0.11433 -0.13151 -0.25457 -0.17353 0.32357 -0.3227 0.55228 0.25788 -0.025652 -0.45188 0.11647 -0.063971 -0.16649 0.35933 0.1226 0.040643 -0.60714 -0.40049 0.86916 -0.62489 0.0019809 -0.019384 -0.4649 -0.29771 0.62494 -0.25937 0.28801 -0.24117 0.48006 0.021348 0.62984 0.16519 -0.1567 -0.0057878 -0.092016 0.0096996 -0.34011 -0.26333 -0.51998 0.11538 -0.052997 0.28986 0.28392 -0.018737 0.063499 0.10704 -0.05453 -0.13402 0.91553 -0.46253 0.56235 -0.53761 0.29125 -0.09174 0.33472 -0.10122 0.11902 -0.17435 -0.12333 0.101 0.00085402 0.34153 0.37842 0.042033 0.18318 0.32887 -0.39911 0.061575 -0.052574 -0.91444 -0.23672 0.90252 0.061942 -0.30473 0.11552 -0.68564 -0.064055 -0.2881 -0.012133 0.66324 -0.090723 0.27517 0.256 -0.22079 -0.062438 -0.41361 -0.029339 0.27837 0.023453 0.37929 0.15032 -0.45953 0.11619 0.034202 -0.24617 -0.68162 -0.26036 0.20569 -0.16194 0.078345 0.15621 -0.018204 -0.24785 -0.17643 0.18775 0.016021 0.059165 0.024497 0.15864 0.25135 -0.61264 -0.30655 -0.16522 -0.22036 -0.27789 -0.14498 -0.25685 -0.9206 0.69838 -0.032738 0.49395 0.22164 0.047481 -0.60274 -0.18742 -0.282 -0.058251 -0.24576 -0.28191 0.22994 0.034876 -0.32503 -0.1776 -0.083032 0.42248 0.38192 -0.09948 0.28585 -0.62451 -0.66656 0.1986 -0.37711 0.18068 0.36681 0.2567 -0.37438 -0.085085 -0.50489 0.15752 0.61207 -0.53629 0.67138 0.050363 0.15844 0.5964 -0.25733 0.23733 -0.31324 0.040969 0.77822 0.37806 -0.22736 0.15584 -0.041613 0.75046 0.47138 -0.51854 0.24198 -0.011654 0.21836 0.2233 0.34828 0.39606 0.21115 -0.86174 0.14573 0.18195 0.31543 -0.73618 -0.0058031 -0.0032314 0.10624 -0.45748 0.18305 -0.21394 0.80848 -0.19299 -0.41596 0.66914 -0.15204 -0.31332 0.24348 0.34795 -0.25615 0.20349 -0.31451 -0.49757 0.44652
perth 0.10122 -0.16099 -0.34225 -0.31211 0.16861 -0.10167 0.25074 0.25881 0.063412 0.033819 0.42787 -0.10951 0.22149 0.29008 0.42559 0.026242 -0.058081 0.43039 0.23077 -0.45128 -0.46351 -0.64063 0.061177 0.3477 0.26498 0.31691 -0.38738 0.32038 -0.63809 -0.18384 0.20303 -0.19926 0.10625 1.044 -0.18984 0.028649 -0.14316 0.32558 -0.27207 -0.057819 0.14625 -0.33933 -0.2149 -0.087495 0.83377 0.36763 -0.062825 0.74126 -0.11302 -0.60388 -0.1786 0.19457 -0.078999 0.11624 -0.035859 0.35443 0.073173 0.20916 0.17133 -0.39541 -0.22642 0.01653 -0.035963 -0.02566 1.2241 0.18195 -0.054907 0.090222 -0.20114 0.11707 -0.024764 0.11412 0.33137 -0.24184 -0.8008 -0.069473 -0.46059 -0.19618 -0.16095 0.47814 -0.20631 -0.031393 -0.23113 -0.26414 -0.57415 -0.48036 0.50068 -0.99883 0.14391 0.20816 0.19812 0.31912 0.51063 -0.04899 -0.33458 0.16394 0.6683 -0.016628 -0.07941 -0.021651 -9.9876e-05 -0.17753 -0.076899 0.21288 0.1647 0.068272 -0.24353 -0.54791 0.0033269 0.55718 0.2712 -0.39517 -0.10729 -0.22976 0.12634 -0.33688 -0.22208 -0.14343 0.23554 -0.89424 0.30467 -0.19654 -0.56001 -0.16666 0.11565 -0.36859 -0.19474 -0.14177 0.022334 0.23506 0.224 -0.1586 0.11342 0.049785 0.11713 -0.062745 0.41873 -0.10631 -0.26284 0.19788 0.029256 0.45526 -0.068992 0.18021 -0.71893 -0.46806 0.53375 0.29586 -0.25328 -0.31591 0.83202 0.082081 -0.2801 0.027787 0.46067 -0.38293 -0.29633 -0.11565 0.51036 0.33176 -0.63959 -0.44141 -0.43716 -0.24347 -0.020265 -0.45334 -0.05888 -0.12525 0.44625 0.25657 -0.28162 -0.45985 0.40225 0.053357 -0.26586 0.44835 0.34454 -0.26758 0.20258 0.072458 -0.25493 0.4374 0.43641 0.27203 0.90227 0.80228 0.076186 0.082282 0.18716 -0.6447 -0.092556 0.4331 -0.10562 0.23061 0.23049 -0.29349 0.6203 -0.19326 -0.64684 0.31402 0.72018 -0.21279 -0.87495 -0.34539 -0.35983 0.41625 0.20604 -0.34721 0.2994 -0.90962 -0.083744 0.4606 -0.40198 0.21759 -0.23019 0.32501 -0.51286 -0.1489 -0.20241 -0.73818 0.31125 -0.51536 0.12589 -0.48775 -0.062382 -0.04574 -0.51311 -0.30692 0.17136 0.55693 0.19786 0.088791 0.0063657 -0.89634 0.34627 0.26899 0.23235 0.42274 0.006286 0.32328 -0.042815 0.2461 -0.009306 0.10555 0.14676 0.27501 -0.21653 -0.076554 0.35416 -0.0061179 -0.069332 0.20828 0.66194 -0.24673 0.10026 0.17089 0.58927 0.57356 0.65285 0.079833 -0.060158 -0.13476 -0.2198 0.4798 -0.1143 -0.1409 0.24665 -0.5055 0.070224 -0.17933 -0.20291 -0.14246 0.35818 -0.094413 0.35265 -0.049493 -0.67229 0.12584 0.41502 0.47514 -0.15283 -0.01171 -0.42569 0.44151 -0.31436 0.2465 -0.41805 -0.12678 -0.10139 -0.096838 0.27415 0.44777 -0.30551 -0.03945 0.42357 -0.15179 -0.1589 -0.060414 0.1487 -0.073584
jacksonville -0.49369 0.23668 -0.08714 0.42208 -0.048521 0.21934 0.4441 -0.014255 0.12664 1.1562 -0.21639 0.39574 -0.070478 -0.28348 1.0624 -0.015476 -0.063684 -0.36714 -0.24722 0.4209 -0.26693 -0.18948 -0.33849 -0.068249 0.24181 -0.24441 -0.66933 0.19853 -0.37056 -0.57709 0.205 0.20429 -0.54739 0.088708 -0.93329 -0.56797 -0.47585 0.4219 -0.071091 -0.56812 -0.55294 0.18667 -0.45102 0.046079 -0.17988 0.38477 0.51094 0.28155 -0.0063952 0.19858 -0.12196 -0.11615 -0.60926 0.20189 -0.010532 -0.090127 0.31512 0.4905 0.38179 -0.63398 -0.091582 -0.21425 -0.069254 0.35188 -0.25672 -0.46994 0.1634 -0.43801 0.27328 -0.43155 -0.21812 0.031594 0.2361 0.046316 -0.4253 -0.38659 0.11674 0.84913 0.31569 -0.13486 -0.38347 -0.20007 -0.096368 -0.18625 -0.28927 0.11734 -0.1902 0.070383 0.068959 0.045101 0.33838 0.3577 0.092353 -0.42436 -0.40486 0.0095345 0.13176 0.06355 -0.59869 -0.4009 -0.31698 -0.076172 0.33814 0.12487 0.66133 -0.085485 0.11769 -0.021999 -0.33953 0.41417 0.03176 -0.64745 -0.62434 0.20206 -0.018841 0.0067907 0.16896 0.073307 0.076153 0.78716 0.3658 0.077071 0.11061 -0.25537 -0.23072 -0.49929 -0.054062 -0.56689 0.2516 0.0088302 0.29618 -0.076057 -0.34609 -0.042332 -0.38981 0.029117 -0.048511 -0.66685 0.11476 0.35659 0.081914 0.18732 -0.20479 0.61258 -0.19066 0.76676 -0.087396 0.24242 -0.16709 0.41584 0.32372 -1.0191 0.38337 -0.6921 0.068648 0.31486 0.40968 -0.3518 0.044191 0.74081 0.057133 0.28523 -0.69374 0.33284 0.51295 -0.35281 0.30346 0.13856 -0.46473 0.47508 0.56863 -0.41828 -0.36372 0.63004 -0.068683 0.022151 -0.34039 0.029928 0.15097 0.054818 0.35797 0.61943 -0.15223 0.045015 0.036231 -0.35558 -0.25903 -0.15603 -0.067505 0.31604 -0.14621 0.33062 -0.29398 -0.32946 0.091647 0.076816 0.57422 0.076868 0.19052 0.39805 0.56779 -0.27711 -0.03464 -0.65157 -0.017583 -1.1986 0.057939 0.21791 0.35661 0.065244 0.11663 0.56094 -0.62662 -0.14954 -0.022456 0.047315 0.1103 -0.0068258 -0.3681 -0.87562 1.025 -0.20105 -0.12363 0.063416 0.0081726 0.012365 -0.26515 -0.31431 0.55206 -0.12039 0.36443 0.36708 0.44662 -0.097035 -0.41679 -0.34786 -0.0073569 -0.60601 -0.27855 -0.14152 -0.62177 -0.13309 0.3457 -0.49902 0.011835 -0.041534 -0.15825 -0.16397 0.075541 0.38613 0.15697 0.25684 -0.20782 0.064166 -0.24975 0.40557 0.16491 0.18495 0.27102 -0.33693 -0.13019 0.38578 -0.47931 -0.20661 -0.09616 0.10635 0.40019 -0.044797 0.18584 -0.16312 -0.27993 -0.067462 -0.16046 0.2379 -0.13679 -0.46009 -0.69769 0.83285 -0.098621 0.75031 -0.65705 0.30906 -0.12351 0.22041 -0.25108 0.041809 -0.17652 -0.23959 0.31864 -0.40245 -0.049355 0.11604 -0.22787 -0.053177 -0.11461 0.1084 -0.01895 -0.25346 0.010112 0.063634
guangzhou 0.0095068 0.39489 0.10919 -0.5631 -0.13595 -0.1547 0.69815 0.49003 0.30468 -0.24125 0.68784 -0.18591 0.095577 0.42897 0.11013 -0.2277 -0.28259 0.684 0.22128 0.19115 -0.85324 -0.58867 0.13239 -0.40435 -0.36019 0.50413 -0.12559 0.0070181 0.30346 0.12699 0.40322 0.12749 0.19999 0.50037 -0.3237 -0.34205 -0.2512 -0.63005 -0.50683 -0.34379 0.59231 -0.30215 -0.18461 -0.10984 0.18715 0.11151 -0.031961 0.63707 -1.2343 0.66609 0.37679 0.31614 -0.43857 0.65649 -0.15467 0.25654 0.46798 0.17188 -0.43611 -0.28308 -0.51419 -0.015605 -0.010455 -1.006 0.21668 0.34022 -0.19623 0.46292 -0.56854 0.36185 -0.12836 0.61094 0.61473 -0.59122 -0.45208 0.71627 -0.64818 -0.30485 0.51508 0.25293 -0.28738 0.080501 0.093713 -0.35698 -0.10292 -0.25369 -0.15073 -0.41067 0.53389 0.51984 0.046839 0.11708 0.39626 0.45278 -0.013332 0.047401 -0.1769 0.19688 0.1319 -0.19463 0.6243 -0.49227 -0.28086 0.21802 0.15793 -0.34136 0.025436 -0.74097 -0.16696 0.41796 -0.22844 -0.44595 0.20753 -0.18014 0.39465 -0.1869 -0.025774 0.033918 0.059705 0.045345 -0.43605 -0.79376 0.3625 -0.68511 0.079697 0.20038 -0.065172 0.33542 -0.66007 -0.25747 -0.42369 0.1515 0.90228 0.26306 -0.16326 -0.23436 -0.035464 -0.65588 0.099548 0.74236 -0.42616 0.22724 0.23214 -0.045652 0.79479 0.40894 0.24575 0.82092 -0.30069 0.61498 0.44149 -0.35868 0.72511 -0.31334 1.116 0.062253 -0.35553 0.20447 -0.18782 -0.18132 -0.059321 0.53221 -0.18202 -0.24671 0.78696 -0.42848 0.27978 -0.32651 0.62958 0.79473 -0.96273 -0.42187 -0.35158 -0.13489 -0.47845 -0.26957 0.18208 -0.14003 -0.26578 0.17607 -0.42202 -0.14075 -0.6134 0.51479 0.31682 -0.055423 0.17742 0.25278 0.24811 -0.57933 0.58364 -0.21835 -0.03445 0.21406 0.66749 -0.26614 0.55558 -0.39742 -0.20806 0.56056 0.071352 -0.022277 -0.14607 -0.099825 -0.57748 0.17692 0.25819 -0.36454 0.054958 0.32516 -0.51119 0.012306 -0.78102 -0.089587 0.13512 -0.53371 -0.74882 0.41391 -0.083172 0.26997 0.55055 -0.36916 -0.3116 0.27179 0.027417 0.023902 0.091231 0.23235 -0.59663 -0.25386 0.005237 -0.57296 0.44336 0.10348 0.425 1.0191 0.06171 -0.15397 0.2997 0.4352 0.31508 -0.7068 -0.61405 0.87639 0.19571 0.74306 -0.42322 -0.13298 -0.21861 0.023675 0.26275 0.12148 0.24719 0.29191 -0.35406 -0.010537 0.20912 0.39454 0.2634 -0.56181 0.2278 -0.37791 0.46107 -0.17742 0.37749 0.017182 0.30048 -0.1668 0.078236 0.026916 0.072487 0.29448 0.033665 0.72832 0.22225 -0.035596 -0.75669 -0.59767 -0.39101 0.60932 -0.70313 -0.80336 -0.23714 -0.082875 -0.48377 0.42232 0.097505 0.60621 -0.67553 0.10847 0.19222 0.45497 -0.47392 -0.5485 0.73368 0.19199 0.36358 -0.46916 0.28881 0.45919
alexandria 0.17155 -0.71329 -0.50407 0.024429 0.57117 -0.14848 0.077254 -0.58177 -0.15268 -0.28985 0.035712 0.05208 0.63634 0.076153 0.83882 -0.25105 -0.17525 -0.4418 -0.21543 -0.21662 -0.19968 -0.51589 -0.17809 -0.3586 0.76865 -0.082077 -0.17269 0.13821 -0.84915 0.37777 0.16165 0.46273 -0.4304 0.60689 0.22728 -0.33702 -0.4694 0.075155 0.14171 -0.24117 0.41403 -0.11368 -0.21696 0.423 0.080598 -0.03858 0.42764 0.36116 0.22622 0.17777 -0.14954 0.31853 -0.088827 -0.10117 0.41986 -0.060077 -0.23661 0.17248 0.35237 -0.0054897 0.47617 0.46354 0.18578 0.066922 -0.1849 -0.26097 -0.28207 -0.3558 -0.40867 -0.38688 -0.072491 -0.8235 0.1107 -0.59206 -0.63983 0.097428 -0.39735 0.36313 -0.057547 -0.022008 0.1044 -0.10228 -0.41735 0.40564 -0.22649 0.052949 0.1031 0.72919 0.59224 0.19927 -0.50713 -0.067488 0.014289 0.35263 -0.25457 0.5227 -0.016775 0.32253 -0.28449 -0.10537 -0.066177 0.22559 1.0517 -0.48692 0.018809 0.043339 0.1139 -0.22595 0.27334 -0.60214 -0.26203 0.2044 -0.36195 0.22886 -0.53929 -0.86055 -0.12758 0.087479 0.26569 0.24498 -0.16302 0.052742 -0.37176 -0.8713 -0.026952 0.21888 0.40415 -0.28494 0.76995 0.09136 0.3959 -0.30873 0.38765 -0.43062 -0.33128 -0.54679 0.25889 -0.32074 -0.50576 -0.49361 0.074343 -0.0021523 0.22689 0.23539 -0.21826 -0.37201 -0.46811 -0.071694 -0.55547 0.13353 0.64095 -0.49643 -0.043388 0.06599 0.14242 0.58118 0.41819 -0.24231 0.027068 -0.32068 -0.12753 0.33787 0.029535 0.16222 0.086858 -0.85247 -0.080568 0.089581 -0.29274 0.51719 -0.507 -0.078164 -0.076851 0.030674 0.30637 0.3065 -0.10993 -0.18523 -0.40754 -0.08277 0.65105 0.50588 -0.14478 0.41307 -0.075637 0.16082 -0.27103 0.58567 0.30565 -0.21331 -0.04147 0.30438 0.11856 -0.3615 0.1261 -0.22007 0.21216 -0.74608 -0.44025 0.18209 0.24181 -0.61361 -0.056137 0.52081 -0.055388 0.10726 -0.17007 -0.10918 0.57781 0.29897 -0.054561 0.37908 -0.16204 -0.36509 0.032211 0.40328 -0.023866 -0.0025445 -0.040128 -0.54005 0.26352 -0.14648 0.27022 0.042635 0.078777 -0.46381 -0.099033 -0.1672 0.021229 -0.2794 -0.29507 -0.050612 0.032831 0.026748 0.63961 0.53703 -0.090059 -0.13612 -0.20321 -0.016697 -0.40083 -0.24068 0.25287 0.19244 0.53784 -0.13147 -0.33171 -0.28011 -0.12241 -0.13476 0.028716 0.71389 0.45069 0.51143 0.23874 -0.19039 -0.026236 -0.11585 0.15698 -0.33422 0.20035 -0.010154 -0.11444 -0.49261 0.20166 -0.062028 0.083966 -0.8446 -0.20583 0.033568 -0.49874 -0.095813 0.15593 0.12499 -0.045361 -0.43616 -0.44618 0.71419 0.23898 0.27399 -0.56802 -0.091467 0.19256 -0.21269 0.024948 0.5444 -0.012305 0.027558 0.21557 -0.35361 0.24774 -0.12388 0.14229 0.41949 -0.39052 -0.07427 -0.13593 -0.040772 -0.62638 -0.16541
naples -0.41542 0.14128 0.2443 0.37497 0.77016 -0.011473 -0.13934 -0.50138 -0.23514 -0.23011 -0.17493 0.17973 0.27048 0.49065 0.20828 -0.74645 0.2411 0.43714 0.58881 0.83166 -0.66929 -0.022738 -0.40236 -0.728 0.086512 -0.42106 -0.7465 0.026332 -0.092723 0.078742 0.077623 0.56186 -0.31212 0.43109 0.53976 -0.035773 -0.06857 0.28351 -0.32134 0.12378 -0.18034 -0.32898 -0.23793 0.30269 0.13364 0.24493 0.98053 0.44068 -0.20716 0.4244 -0.4756 -0.055685 0.096484 0.1474 0.56393 0.40312 -0.14703 0.4179 0.55905 -0.046968 0.0043353 -0.71108 0.58208 0.17257 0.24847 -0.10846 -0.13932 -0.092962 -0.40049 -0.91322 0.22797 -0.20598 -0.4318 -0.59756 -0.49275 -0.21063 -0.1342 0.0037761 0.35288 0.025506 0.090676 -0.53319 -0.23346 0.54058 -0.08044 0.6057 0.074415 0.43924 -0.33353 0.12859 0.41612 0.037252 -0.14046 -0.81099 -0.20437 -0.34108 -0.082779 0.12173 -0.70685 -0.034564 -0.011257 0.053445 0.2353 0.16921 -0.35992 -0.15414 0.26877 -0.20013 0.28742 0.43713 0.34278 -0.41852 -0.044296 -0.54283 0.017899 -0.74302 0.015103 -0.11565 0.14126 -0.032293 -0.38662 0.10979 -0.22847 -0.47594 0.19399 0.259 -0.36108 -0.56938 0.28772 0.48902 0.48397 -0.10357 -0.047251 0.159 0.16419 -0.38245 -0.028764 -0.3751 0.69955 -0.33052 0.27291 0.34537 -0.26155 -0.088875 0.54686 0.22765 0.24578 0.56039 -0.53408 -0.019774 0.20902 -0.073656 0.6172 0.62314 -0.36591 0.53175 0.68021 0.18559 -0.20805 -0.48482 -0.30011 -0.087282 -0.089805 0.37729 0.58396 -0.38035 0.071409 -0.44019 0.78078 0.64068 -0.12527 0.096293 -0.078297 -0.015818 -0.5358 0.12855 -0.057045 0.057917 -0.076173 -0.29577 -0.36099 0.23579 -0.24425 0.77377 0.18336 -0.28912 -0.80243 0.15192 -0.16485 0.017947 -0.21353 0.31782 -0.13607 -0.23342 0.57164 -0.75886 0.023343 -0.18481 0.26495 0.69782 0.32569 -0.29228 -0.1264 0.28717 0.12411 -0.46349 0.14817 -0.24926 -0.070309 -0.16906 -0.5577 0.28602 0.40043 0.28879 -0.17892 -0.29853 0.21841 -0.33013 -0.68636 -0.55601 0.39235 -0.018909 0.63651 0.14485 -0.84587 -0.18185 0.32315 -0.25613 0.24324 0.21608 -0.15883 -0.30757 0.19831 -0.26574 0.61478 -0.39979 0.29144 0.25855 0.15368 0.11193 -0.73356 -0.98749 0.47635 -0.02391 0.74845 -0.035243 -0.45327 0.19973 -0.33043 0.21908 -0.050632 0.4571 0.13401 -0.027687 0.80619 -0.39872 -0.26126 0.070432 0.19861 0.002938 -0.067422 -0.061732 -0.4988 0.4373 -0.038504 -0.35278 0.092819 0.25961 0.44458 -0.88638 0.052237 0.1069 -0.57692 0.58056 -0.51478 -0.65647 -0.91327 -0.30332 0.21207 0.20218 -0.16794 0.26535 -0.49019 -0.13939 -0.30658 0.10387 -0.046559 0.41958 0.4441 -0.70703 -0.078444 -0.28175 -0.12262 0.068546 -0.21147 -0.24475 0.13061 0.10973 -0.36434 -0.52456
lahore 0.20125 0.15749 0.064572 -0.53367 0.049284 -0.52851 0.79382 0.54631 -0.44551 -0.51412 0.25926 -0.15596 0.39945 0.25558 0.23674 0.80776 -0.24093 -0.27095 0.16766 0.18923 -0.68528 -1.1774 -0.16677 0.11229 0.027739 0.54808 -0.17327 -0.14766 -0.26693 -0.39349 0.10129 0.10827 -0.076361 0.39066 0.58883 0.034497 -0.12077 0.27372 -1.165 0.24058 0.80835 0.20222 -0.12153 -0.040277 0.27257 0.3927 0.16044 0.55146 -0.24415 -0.45988 -0.035328 -0.044012 -0.28952 0.011292 0.65941 0.1789 -0.40272 -0.37723 -0.0059399 0.11187 -0.48593 -0.076564 -0.28493 -0.41165 0.45158 0.56666 0.16696 -0.30587 -0.50074 -0.1824 0.3043 -0.31096 0.15372 -0.41072 0.39182 0.075049 0.185 -0.83909 0.025189 0.48411 0.8726 0.30376 0.12987 -0.059264 -0.89442 0.31784 0.28361 -0.31851 0.028303 0.65128 -0.021391 0.31132 0.62557 0.43941 0.11393 1.1857 0.059804 -0.45757 -0.25415 -0.027327 0.41851 -0.42615 0.054447 0.17061 0.24358 -0.51437 0.41937 -0.24052 -0.075096 0.050456 0.0041909 -0.30725 -0.37648 -0.18655 0.52357 -0.20829 0.06747 -0.013076 -0.47916 -0.83348 -0.27301 0.2216 0.012466 0.19655 -0.36835 0.014606 0.042518 -0.3111 0.47984 -0.093081 0.36332 -0.12042 0.60353 -0.538 -0.050063 0.071009 0.70232 -0.23777 0.26378 -0.056669 -0.40512 0.1569 -0.27696 0.19629 -0.18304 0.070079 0.1632 -0.21424 -0.45596 0.84314 0.48874 0.27494 -0.050573 0.44429 0.16837 -0.21431 -0.058888 -0.32258 0.95271 -0.41318 -0.049437 0.42565 -0.52872 -0.24992 -0.42246 0.34129 0.060987 -0.58855 -0.36855 0.38431 -0.58013 -0.37705 0.22047 -0.33294 0.02944 0.55261 0.29331 -0.28015 0.24949 0.16162 -0.39541 -0.27618 -0.41938 0.20991 0.0054148 0.51366 -0.10867 0.2796 0.0055786 0.29909 0.44999 -0.24933 0.3554 -0.26262 -0.11056 -0.12898 -0.047898 0.38001 0.072121 0.0093209 0.23664 -0.82098 0.23739 0.44847 -0.10597 -0.16299 0.55333 0.15519 0.15489 -0.31787 0.22296 0.87952 -0.1452 -0.19556 -0.55099 -0.15405 -0.77265 -0.41487 0.27612 -0.020599 0.1672 0.19512 -0.26928 0.092534 -0.3723 -0.49623 0.28285 -0.097775 -0.038834 -0.33742 -0.153 0.21514 -0.08058 -0.35232 0.53082 -0.071146 0.39435 -0.27931 0.34908 -0.23706 0.10362 0.14268 -0.25019 0.27914 -0.085273 0.39671 -0.35366 -0.089994 0.27745 0.35595 0.29927 -0.15755 0.018952 -0.41063 0.27752 0.076319 0.66121 -0.4684 -0.05198 0.023508 0.38786 -0.0276 0.62762 0.60903 0.53177 -0.28247 0.3853 -0.25259 -0.055294 0.17821 -0.4104 -0.22496 -0.13523 0.26857 0.34496 -0.062833 -0.45843 -0.2004 0.21525 0.80815 -0.3703 -0.3763 -0.037891 -0.18111 -0.25017 0.12942 -0.23318 0.30209 -0.36817 0.3115 0.89628 -0.67706 -0.46274 0.36734 -0.084359 0.46609 -0.03659 -0.84426 -0.72387 -0.29609
helsinki 0.75028 -0.37893 -0.49216 -0.073776 0.4317 0.20741 -0.055883 -0.12797 0.23917 -0.7943 -0.30034 0.15048 0.27313 0.056353 0.52701 0.032686 0.082527 1.0817 -0.31013 -0.12409 0.0035032 -0.28424 -0.12176 0.20385 -0.10942 0.57634 0.52623 0.037649 -0.35114 -0.37326 0.20158 -0.48768 -0.085826 0.43651 -0.30597 -0.56053 -0.45271 0.2477 -0.96159 -0.099061 -0.089136 -0.36411 -0.95441 0.34466 -0.22305 -0.03998 -0.49189 0.12485 -0.16641 0.64877 0.27707 0.11007 -0.4199 -0.087842 0.11459 0.57613 -0.19715 -0.17582 0.35496 -0.048955 -0.50883 0.081587 -0.44624 -0.64982 0.043501 0.35632 -0.19795 0.75521 -0.16992 -0.67081 0.064624 -0.0066074 -0.20969 -0.21654 -0.68273 -0.031693 0.38211 0.24359 0.45148 0.24688 -0.29044 -0.383 -0.0684 -0.2587 0.17218 -0.064119 -0.69163 -0.19816 0.08686 0.31523 0.23581 0.075102 0.062964 -0.38957 0.26399 -0.11012 -0.12094 -0.15709 -0.47853 -0.085383 -0.17965 -0.76901 0.2781 0.29125 0.065929 0.1556 0.95125 -0.65431 -0.90051 -0.40734 0.0141 0.1234 -0.50295 0.44411 -0.084556 -0.66557 -0.26011 0.49446 -0.23425 0.77709 -0.21448 -0.49434 0.80572 -0.64512 0.55027 -0.00044717 0.52749 0.017586 0.31222 -0.64015 -0.59942 -0.045846 0.39777 -0.65232 0.15891 0.39438 0.23636 0.19581 0.12379 -0.064114 0.25514 0.053994 -0.58769 0.036044 0.50025 0.039023 1.0157 0.10925 -0.78675 -0.41833 0.3371 -0.20761 0.76816 0.017232 -0.45318 0.70099 -0.55878 0.30292 0.1817 -0.20372 -0.53975 0.75908 -0.10798 -0.6092 0.258 0.36924 0.48496 0.45766 0.67528 -0.02498 -0.45619 -0.3698 0.025559 0.29696 0.29075 -0.18018 0.44634 -0.45641 -0.47357 -0.10899 0.18588 -0.11604 -0.46874 -0.40328 0.35939 0.55246 -0.35306 -0.16977 0.33405 -0.47007 0.17701 -0.92195 0.22334 -1.1058 -0.032788 0.076428 -0.33123 0.080072 0.14042 0.51307 0.74447 -0.26532 0.0076836 0.66309 -0.53333 -0.22198 -0.61962 -0.68847 0.20279 -0.36288 0.45308 0.28017 -0.055756 0.35037 -0.13226 0.62598 0.37097 0.0040822 -0.51391 -0.68977 0.45666 -0.29705 -0.36799 -0.31688 -0.070855 0.14477 -0.12508 -0.66699 -0.011362 0.43267 0.34221 0.1154 0.57665 -0.24143 0.57814 -0.041429 0.091938 -0.0059068 0.095314 0.51456 0.099191 -0.4319 0.40342 -0.40429 0.22746 -0.27253 -0.001363 -0.12492 -0.43118 0.18583 -0.3322 -0.061008 0.401 -0.0007913 -0.31517 0.087774 0.20817 0.066169 0.36476 -0.039887 -0.25295 0.16512 0.073698 0.18785 0.45502 0.40995 0.25217 0.00747 0.20339 -0.93163 0.41443 -0.40317 0.74938 0.11882 0.21072 0.027844 -0.1974 -0.70948 0.5138 -0.55446 -0.33964 -0.26056 -0.36621 -0.54158 -0.37933 0.07285 -0.33288 0.10942 -0.22108 0.0067413 -0.3653 0.34683 -0.4572 -0.44463 0.19957 -0.11106 -0.19374 0.12883 -0.10527 0.27802
osaka 0.46599 0.45459 -0.0069475 -0.47173 0.872 -0.25715 0.0351 0.034859 -0.83081 -0.12603 0.27358 0.18957 0.67566 -0.0068673 0.26516 -0.0311 -0.18733 0.60134 0.19322 -0.41959 0.010228 -0.86166 -0.22152 -0.16123 0.20382 0.074513 0.60448 -0.77368 0.33412 -0.22522 -0.14164 -0.47916 0.19237 0.31631 -0.40105 -0.34192 0.36673 -0.66439 -0.3964 0.20746 0.29762 -0.10428 -0.53217 -0.17659 -0.13795 0.12588 0.10492 0.59309 -0.53369 0.54113 -0.3838 0.77937 -0.040949 -0.21492 -0.22752 0.15108 0.25104 0.156 -0.075227 -0.46083 0.1117 0.32652 -0.67483 -0.41037 0.37628 0.38286 -0.14906 0.55473 0.24468 -0.39512 0.48932 0.39093 0.81675 -0.45289 -0.38442 -0.34592 -0.14914 0.35051 0.025489 -0.28796 -0.30079 -0.041434 -0.16484 0.049746 -0.29405 0.19759 -0.14989 -0.3681 0.045364 0.035557 0.30572 0.12698 0.3213 0.09294 0.36764 -0.052157 -0.12316 -0.039896 0.085461 -0.17299 -0.3896 -0.82822 -0.028785 0.73589 -0.073422 0.16977 0.25513 -0.73336 -0.53445 0.40742 -0.56671 -1.0496 0.094064 0.10462 0.32021 0.15845 -0.42622 0.44922 0.80518 0.31874 0.43137 -0.53937 -0.065212 -0.082131 -0.21513 -0.18779 -0.035621 -0.3437 -0.26178 -0.2727 -0.11295 0.63643 0.55608 -0.033019 0.20279 0.048548 0.056268 -0.042764 0.36482 -0.067303 0.012967 -0.0092483 0.030069 -0.69874 0.58819 -0.63465 0.29216 0.25393 0.041869 -0.59463 0.55476 -0.0034394 0.64416 0.54261 0.019198 0.78061 -0.20841 -0.70369 -0.56752 -0.52361 0.021549 0.28561 -0.055901 -0.52641 0.63762 -0.45841 0.64186 -0.032356 0.3677 0.10772 0.21823 -0.51751 -0.10198 0.38137 0.16437 0.36309 0.66015 0.37048 -0.39717 0.75318 0.24349 0.66786 -0.59111 -0.037677 0.58447 0.38168 0.078599 0.31284 0.69974 -0.1044 0.48736 0.12725 0.18936 -0.38801 -0.36281 -0.22405 0.025035 -0.16627 -0.77389 0.448 0.38577 -0.2769 -0.02791 0.84502 -0.84728 0.85264 0.32553 -0.23801 0.27607 -0.3352 -0.35765 0.23623 -0.057866 0.29412 0.25237 -0.080101 -0.047807 -0.37866 -0.37382 -0.38742 0.55237 -0.53162 0.26717 0.011305 -0.89945 -0.14924 -0.50707 -0.22163 -0.66726 0.0066518 0.63827 0.34593 -0.019043 -0.11426 0.061245 0.68229 0.62272 -0.015612 0.53877 0.79733 -0.098861 -0.42057 -0.48211 0.70697 -0.31634 0.13531 -0.019041 0.174 0.47226 0.091435 0.2694 -0.3716 0.23482 0.46674 -0.5795 -0.38905 0.2635 0.31028 0.026809 -0.1784 -0.31133 -0.019724 -0.074465 0.22205 0.041776 -0.16429 -0.39647 -0.27201 0.0093476 -0.46663 0.080223 -0.19276 0.81694 0.41083 0.046387 0.17036 -0.61909 0.34511 0.19752 -0.29007 -0.7129 -0.41475 -0.20254 -0.081186 -0.65738 0.20903 -0.43791 0.96544 -0.54527 -0.50306 0.30955 0.97606 -0.19651 -0.46615 0.30041 0.10968 0.43921 -0.334 -0.56242 -0.16672
janeiro 0.2754 0.38451 -0.11467 0.097491 0.12182 0.38312 -0.19879 0.20896 -0.3593 -0.42521 -0.088781 0.82672 0.33502 -0.38812 0.025044 -0.47461 -0.24257 0.5017 0.21492 0.040472 -0.47959 0.2828 0.042847 0.031922 -0.11587 -0.65764 1.0035 0.22502 -0.69252 -0.68946 0.90353 0.0082743 -0.3993 -0.096702 0.57775 -0.37075 0.39514 0.21249 -0.66715 0.022278 -0.75495 -0.3068 -0.19857 0.24495 -0.2001 0.053843 0.72115 0.95365 0.034885 0.51084 0.19857 -0.14027 0.22304 0.51401 0.064417 0.57614 -0.44204 -0.32836 -0.41346 -0.75949 -0.84091 0.053485 -0.12451 -0.34544 -0.079331 -0.014489 0.39511 0.49643 0.25723 -0.97687 0.23072 0.21199 -0.010098 -1.2202 -0.86433 -0.58875 0.43866 0.27262 0.13243 0.37596 0.25153 0.3999 -0.0090052 -0.32154 -0.57703 0.49041 -0.080239 -0.040887 0.15588 -0.23686 -0.24092 -0.34367 0.97315 -0.65645 -0.043727 -0.23026 -0.068631 0.11657 -0.42917 -0.71562 -0.0023467 -0.52879 0.18758 0.5619 0.38055 0.50842 0.2148 -0.17379 -0.2661 -0.28701 -0.57533 -0.73971 -0.2076 -0.47595 -0.20532 -0.27425 0.63847 0.1031 0.18001 -0.027679 0.085114 -0.092293 -0.32703 -0.21784 -0.38539 -0.052944 0.7461 -0.36293 -0.68005 -0.07624 0.0024813 0.28648 -0.089281 -0.096788 0.14798 -0.13685 -0.046884 0.25956 0.24739 0.56274 -0.2057 -0.036166 -0.067215 0.019846 -0.25477 -0.28948 1.4223 0.2301 -0.18923 -0.024685 0.75505 0.1622 -0.1399 -0.10941 0.26262 -0.3298 0.15015 -0.61531 -0.28119 0.23454 -0.18748 0.16665 -0.34287 0.19538 0.34508 -0.76012 0.070889 0.26857 0.24593 0.22448 -0.24404 0.019925 -0.45402 0.2282 0.82501 -0.72918 -0.081249 0.50997 -0.32652 0.5128 -0.078041 0.84402 -0.066418 0.55322 0.2355 0.44317 -0.86918 0.27809 -0.12774 -0.31422 -0.086324 -0.7008 -0.68787 -0.055008 -0.20756 -0.52722 0.58291 0.26132 -0.3911 0.1667 0.21271 0.40443 -0.14747 0.67684 -0.38332 -0.024366 0.18681 0.12565 0.15244 -0.11509 -0.1847 0.11994 -0.34562 0.44916 0.21113 0.89235 -0.036633 -0.74888 -0.42231 0.015056 0.1743 -0.35107 0.96284 -0.020387 -0.3084 -0.13976 -0.099941 -0.34978 0.25172 -0.23066 0.41771 0.083999 0.14548 -0.031849 -0.065462 -0.027156 0.19238 0.39695 0.19403 -0.061141 -0.35821 -0.74767 -0.095988 0.25804 0.040373 -0.029046 -0.15749 -0.61361 0.20635 0.037873 0.38533 0.038837 0.14108 0.57733 -0.31289 0.3208 -0.14426 -0.19235 -0.23267 -0.47463 0.24379 0.26423 -0.067162 -0.12703 0.82536 0.30224 -0.093478 -0.00047625 -0.089661 -0.43244 -0.33244 -0.33427 0.012847 0.60596 -0.10288 -0.26218 -0.59247 -0.17711 -0.14049 0.49417 -0.32445 -0.4051 -0.19626 -0.93067 -0.53634 0.006344 -0.093966 0.2318 -0.30358 -0.19825 0.042754 0.11353 0.062755 -0.029359 0.43798 -0.31207 -1.0859 -0.40545 -0.34439 -0.44014
budapest 0.23409 -0.18619 -0.17479 0.19518 0.18396 -0.054217 0.011278 -0.18623 0.055043 -0.32543 -0.29021 0.41931 0.17524 0.28227 -0.099131 -0.48564 0.2766 0.73928 0.49805 0.070283 0.25063 -0.44649 0.045478 -0.38416 0.10188 0.071991 0.22953 0.71239 -0.39417 -0.010618 0.092988 -0.405 0.27879 0.61431 0.1777 0.27661 -0.39152 0.33598 -0.50208 0.50039 -0.10423 -0.39672 0.098303 0.41835 -0.04877 0.20879 0.073284 0.68545 -0.53878 0.28725 0.14018 -0.53178 0.18606 -0.17814 0.2148 0.17722 0.32722 0.035794 0.59674 -0.28764 -0.57052 0.10659 -0.3423 -0.15786 0.088544 0.40051 0.33534 0.64613 -0.50187 -0.85034 -0.037956 -0.46959 0.46941 0.0284 -0.66313 -0.33865 0.11035 0.13677 0.2572 0.059203 0.13222 -0.70411 0.15529 0.021282 -0.1086 0.24656 -1.5403e-05 0.3591 -0.011984 0.30186 0.59124 -0.094979 0.1678 -0.10015 0.36058 0.2722 -0.014766 -0.093645 -0.66659 -0.01696 -0.40557 -0.77018 0.016924 -0.37126 0.0038193 -0.09674 0.83587 -0.4431 -0.26775 -0.19307 0.028233 0.22143 0.19886 0.11097 -0.72632 -0.38789 0.20969 -0.12356 -0.45136 -0.47712 0.54782 0.053054 0.0047416 -0.5562 -0.0035863 0.19161 0.66567 -0.10874 -0.13413 -0.56533 0.15722 0.43599 0.21517 0.1092 -0.25243 -0.42703 0.50103 0.082483 0.3804 0.080981 0.23447 0.027909 -0.18142 -0.12728 0.69455 -0.56431 0.78773 -0.19514 -0.72801 0.40049 0.52491 0.15031 0.21745 0.10961 0.038911 0.45845 -0.15743 0.37037 -0.087969 -0.52897 -0.26164 0.66511 0.28998 -0.41428 0.2979 -0.06498 -0.040357 -0.082478 0.47956 -0.031907 -0.098303 -0.29314 0.17223 0.31868 -0.31336 -0.44936 0.36778 -0.41172 -0.39952 0.28202 -0.088735 -0.059276 -0.46131 0.67326 0.11517 0.48468 -0.23078 0.26299 0.3697 -0.080141 -0.39791 0.19203 0.043918 -0.59516 -0.40563 -0.45629 -0.023202 0.22683 -0.12288 0.53256 0.71838 0.14391 -0.6562 0.74832 -0.64261 0.10384 -0.45808 -0.79339 -0.0047809 -0.39044 -0.13793 0.47701 -0.091474 -0.24066 0.17424 0.081813 0.2724 -0.34736 -0.64678 -0.50927 0.50924 -0.37104 -0.26151 -0.52711 -0.58898 -0.29655 -0.38715 -0.86315 -0.025498 -0.43074 -0.02139 -0.10712 0.74343 -0.38075 0.22184 0.19191 0.36225 0.24062 0.65568 0.35747 -0.12787 -0.25108 0.38241 0.24409 0.46741 -0.010465 0.37237 0.28696 -0.21043 -0.14836 0.034668 -0.53145 -0.013585 0.19711 0.31183 -0.097836 -0.11696 0.10605 0.59941 -0.51836 -0.14802 0.2696 0.23148 0.35448 0.32034 -0.35638 -0.57665 -0.28998 0.062044 -0.0037131 0.1282 -0.21938 0.61331 -0.19709 0.42766 0.2896 -0.096278 -0.43837 0.39997 -0.086999 -0.21714 -0.75863 -0.12486 -0.44309 -0.041006 0.26888 -0.18201 0.40197 -0.80234 0.070046 -0.021939 -0.40632 0.0029279 0.22217 0.10422 -0.34914 -0.28993 -0.48072 0.010053 -0.2754
canberra -0.1343 -0.04179 -0.35837 0.056953 0.36486 -0.22655 0.14821 0.15323 -0.23904 -1.0254 0.76031 0.16245 0.42355 0.32958 0.24288 0.30814 0.1007 0.34842 -0.20075 -0.10181 -0.23091 -0.4873 0.56773 0.17696 0.313 0.5422 -0.052506 -0.11264 -0.44423 -0.24547 0.20059 -0.3041 -0.092094 0.9867 0.078188 -0.85976 0.070837 -0.21147 -0.018948 -0.21845 0.17065 0.51897 -0.69602 -0.35961 -0.12329 0.18704 -0.58822 0.22784 -0.36569 -0.33646 -0.32072 0.092719 -0.62731 0.23155 -0.11225 0.28571 -0.099293 0.4026 -0.04624 -0.10211 -0.45197 0.34275 -0.24722 -0.24673 0.1974 -0.38401 0.034653 0.16035 -0.37583 0.26954 -0.24567 -0.12545 0.13805 0.12138 -0.43393 -0.093685 0.17646 -0.039263 0.030762 0.27542 0.021533 0.0068833 -0.24159 -0.75339 -0.21282 -0.31941 0.41831 -0.02369 0.067472 -0.13853 0.37516 0.036109 0.2711 0.21508 -0.071452 0.42393 0.34128 0.1583 -0.63433 0.065851 -0.14871 -0.3999 -0.91594 0.59517 0.027727 0.3377 -0.23241 -0.62385 0.39775 0.30753 0.19194 -0.14122 -0.28154 0.28192 0.097055 0.033621 -0.042402 0.35309 0.42754 -0.59547 0.6171 -0.012309 -0.16918 -0.072563 -0.25776 -0.44559 -0.37275 -0.40718 -0.58434 -0.19413 0.47897 0.010916 0.12636 0.11169 0.27113 0.2623 0.36905 0.39569 0.43041 0.25904 0.20248 0.84656 0.091816 0.15305 -0.40964 -0.63253 0.22056 -0.075901 -0.29436 -0.17182 1.111 -0.69329 -0.42154 0.25717 0.17108 -0.69236 -0.84303 -0.011175 0.070023 0.20771 0.06756 -0.23802 -0.032326 -0.46958 0.037673 -0.20242 -0.1655 0.09367 0.21187 -0.27942 -0.4488 -0.10481 -0.0089966 -0.3908 -1.0805 -0.03439 0.0090465 0.40423 0.3537 0.17878 -0.027491 -0.12885 -0.39632 0.019561 -0.23855 0.56166 0.097195 0.6598 0.3238 -0.4388 -0.38046 0.20234 0.019541 -0.25755 0.45907 -0.28301 0.83005 0.53658 -0.17791 0.29387 0.50315 -0.095047 -0.23641 -0.044192 0.092953 0.13325 0.093665 -0.99926 -0.10244 -0.37334 0.31505 0.85765 -0.17009 0.40196 -0.38743 0.31388 -0.34614 -0.046975 -0.011346 -0.14086 0.87144 -0.13634 0.0032836 -0.76155 -0.060744 -0.12064 -0.29338 -0.081112 -0.05678 0.69192 0.19678 -0.061871 0.39547 -0.41791 0.29977 0.65037 0.20321 0.092799 0.74967 0.64957 -0.16084 0.13882 0.064891 0.32096 0.36924 0.42399 -0.082891 0.051389 0.16967 -0.05057 -0.010721 -0.49848 0.06892 -0.39144 0.083936 0.10151 0.2429 0.54942 0.39783 -0.37927 -0.30689 -0.20875 0.093516 0.77638 0.33357 -0.26181 0.109 -0.37072 -0.0089635 0.19575 -0.38501 0.2373 0.39071 -0.52569 0.14037 -0.09197 -0.040542 0.44177 0.65036 0.14436 -0.31176 0.092329 -0.29814 -0.010315 -0.52872 -0.45889 -0.31969 -0.054273 0.22826 -0.42617 0.096243 -0.059583 -0.060425 0.069126 0.38076 0.019955 -0.5507 0.26987 -0.1304 -0.10294
chiang 0.066118 -0.5284 0.23871 -0.21856 0.57407 -0.51805 -0.034256 0.050153 -0.15529 -0.46128 -0.65874 -0.40306 -0.73201 -0.4197 -0.4071 0.48482 0.68543 -0.79874 -0.3977 0.1827 -0.11654 -0.27858 -0.074174 -1.1072 -0.026788 0.18728 -0.46804 0.27103 0.44969 -0.46662 0.67444 -0.37779 0.87428 -0.2106 0.20924 0.35181 -0.026552 -0.28834 -0.12597 -0.19407 0.21858 -0.95337 -0.0038731 0.33225 0.55425 0.26879 0.28837 0.18553 -1.2992 -0.14789 -0.059171 -0.2974 0.10017 -0.42213 -0.011275 0.26682 -0.071723 0.33979 -0.2587 0.061724 -0.28529 -0.19256 -0.079805 0.50744 0.56124 0.15536 -0.37995 0.59868 -0.00090031 -0.1163 0.12156 -0.29471 0.31303 -0.24007 0.15385 0.49888 -0.074831 -0.034585 0.57676 -0.33598 0.38403 0.03709 0.28368 -0.01841 -0.45335 0.40511 -0.19686 0.21555 -0.018498 -0.10306 -0.79981 -0.0033957 -0.40115 0.23044 0.42988 0.42188 0.0082269 0.047269 0.1553 0.99954 0.4485 0.2128 -0.17521 0.15258 -0.61063 0.26528 -0.087876 -0.15708 -0.24274 0.31382 -0.21088 -0.064821 0.51288 -0.1593 0.73991 -0.9545 0.16304 -0.76234 0.2976 -0.62678 0.015758 0.28746 -0.43653 -0.4901 -0.65044 0.26681 0.14882 0.27111 -0.42613 -0.80551 -1.0833 0.33688 0.30008 -0.11004 0.2974 -0.79302 -0.057666 -0.096469 0.41219 0.048518 -0.12086 0.28845 -0.38658 -0.60089 0.053829 0.41272 0.3042 -0.051836 0.061998 -0.3198 0.8061 0.43301 -0.21577 0.13207 0.78454 0.397 -0.36046 0.39776 -0.038697 0.020525 -0.40446 0.41631 0.030348 -0.43301 -0.10231 -0.43152 0.0013116 -0.45391 -0.4124 -0.44139 -0.65784 -0.048044 -0.48358 -0.49249 -0.91401 -0.48359 0.096676 -1.1919 -0.078258 -0.24409 -0.50886 0.5903 -0.45216 0.21639 -0.60488 0.7317 -0.71533 0.17966 -0.26232 0.37073 0.27687 -0.37368 0.2946 0.4265 -0.64689 0.14699 -0.014339 0.28263 0.083661 -0.21852 0.31332 -0.44563 -0.074592 -0.51807 -0.8019 0.9134 0.38107 -0.34941 0.13656 -0.15091 0.11815 -0.22846 0.65112 -0.16292 0.18781 -0.48425 0.033101 -0.33217 0.054832 0.47111 0.25854 0.21027 -0.069879 0.73959 -0.90627 0.64933 0.50685 0.35787 -0.50767 -1.1114 0.14845 -0.53759 -0.21132 0.32685 -0.010728 -0.76674 -0.22542 0.11383 0.088299 1.2131 0.47424 0.42387 -0.28877 0.18097 -0.041167 1.1055 0.50766 -0.17238 -0.19737 0.33218 0.029466 -0.042639 0.096741 -0.039346 -0.11551 0.079004 0.57104 -0.27231 0.11837 -1.2829 -0.52817 0.53469 0.2972 -0.14229 0.44571 -0.32505 -0.2263 0.28135 0.31359 0.18969 0.48783 0.46904 0.45125 0.0023329 0.22468 -0.38816 -0.56537 -0.40418 -0.14954 0.11438 -0.47618 -0.27342 -0.31396 -0.54803 -0.2831 -0.08258 -0.19706 0.55196 0.085323 0.046803 0.88563 -0.17302 0.30891 -0.23144 -0.29327 0.68131 0.98684 -0.95119 0.46465 0.57472
porto 0.076442 0.53678 -0.90498 0.18795 0.49071 -0.29882 -0.80411 0.2597 0.18841 0.059128 -0.12148 0.3443 0.07099 0.016041 0.089795 0.3992 -0.50681 0.77927 0.19228 0.14662 0.45662 -0.027901 -0.083361 -0.53368 -0.27973 0.17609 0.2215 0.99004 -0.75852 -0.50411 1.0181 -0.015513 -0.098038 0.55452 -0.29764 -0.23829 0.60761 0.22958 -0.10812 -0.10955 -0.20766 -0.47212 -0.46353 0.037583 -0.23927 -0.14076 0.84345 0.69914 0.0047103 0.53896 -0.24185 0.031543 0.027728 0.31656 0.2404 0.73402 0.26427 -0.71898 0.057311 0.25807 -0.0076905 -0.82894 -0.16989 -0.32431 -0.10128 0.43012 -0.2068 -0.31032 0.40213 -1.1551 -0.31752 0.57575 0.32598 -0.5434 -0.57935 -0.11803 -0.06096 -0.34958 -0.047079 -0.19197 0.039565 -0.018719 0.12171 0.0073908 -0.35376 0.58591 0.12234 0.25598 0.27474 0.40513 0.34461 0.086024 0.44978 -0.33224 0.83097 0.45435 0.14808 -0.056654 -0.10375 0.012855 0.36212 -0.64511 0.22539 0.11987 0.48473 0.37246 0.12321 0.137 -0.59511 0.09511 0.58811 -0.23669 -0.15844 -0.86812 -0.15843 -0.73494 -0.12883 0.58328 -0.40793 0.24661 -0.37717 0.12455 0.46687 0.0015342 0.64022 -0.12064 -0.23673 -0.56651 0.23177 0.06583 0.35399 0.019028 -0.31982 0.47544 0.20055 0.33142 0.74619 0.25161 -0.050725 0.3633 -0.096251 -0.98721 -0.2405 0.21037 0.11683 -0.12102 0.31243 0.27588 -0.7184 -0.42772 -0.0039061 -0.24029 -0.09348 0.61123 -0.0027564 -0.25278 0.024198 0.1021 -0.6892 0.41882 -0.097164 0.64417 0.28905 0.001294 0.11598 -1.005 -0.2346 0.14716 0.0038485 0.074941 -0.66151 0.086004 -0.055394 -0.089722 0.57524 -0.67041 -0.32277 0.67416 -0.23515 0.51272 0.45293 0.067872 0.016664 0.42257 -0.1929 0.30836 -1.1726 -0.28808 0.32612 0.13481 -0.25503 -0.19998 0.037204 0.028987 0.35973 -0.80643 0.1304 0.29316 -0.18829 0.26509 0.88911 -0.42966 -0.64561 0.58198 -0.21322 -0.9057 -0.089552 0.19839 -0.066199 -0.19199 -0.14644 0.14186 -0.3956 0.7622 0.55542 0.17971 0.36033 -0.46705 -0.78156 -0.22456 0.16054 -0.20299 0.12856 0.20019 -0.23694 -0.63839 0.14936 -0.34763 -0.093652 0.092053 0.22919 0.42672 0.096204 -0.46955 0.42505 -0.13795 -0.10515 0.24684 0.11739 0.74355 -0.25173 -0.89277 0.081108 -0.19203 0.39392 0.96232 0.26049 0.35213 0.1641 -0.66559 -0.16631 0.20191 0.24324 0.76969 -0.56632 -0.4179 0.067208 -0.204 -0.30495 -0.059002 -0.12019 0.66679 0.15099 0.32701 -0.41325 0.1006 -0.22681 -0.71724 -0.0094942 0.047577 -0.070865 -0.032827 -0.21058 0.0031538 -0.087739 0.19232 -0.124 -0.68209 -0.33004 -0.30227 -0.59625 0.42461 -0.10637 -0.033123 -0.0060503 0.045183 -0.42874 0.14709 0.38308 0.1377 -0.75172 0.934 0.062964 0.16883 0.49161 0.046218 -0.73098 -0.71099 -0.26978 -0.45252
georgetown -0.32645 0.12538 0.35035 0.49493 -0.28951 -0.066068 0.33356 -0.28233 0.25193 0.53083 -0.20683 0.14556 0.37604 -0.17931 -0.009071 0.48204 0.04046 -0.35177 -0.1497 -0.030796 -0.095181 -0.42445 0.29222 0.28249 -0.67682 0.77696 0.038008 -0.24627 -0.086206 -0.69516 0.82481 -0.13278 0.16318 0.43507 -0.5659 0.40844 -0.21955 0.18667 0.34104 -0.18647 0.74767 -0.013839 -0.054799 0.29275 -0.54736 0.32676 0.37904 0.29348 -0.7161 0.039131 -0.52265 0.028223 0.17147 -0.087872 0.078409 -0.5072 0.59716 -0.067223 0.43702 -0.4896 -0.11339 0.12448 -0.02826 0.3114 0.010661 -0.69898 0.10088 0.43222 0.19797 -0.50365 -0.18073 0.12097 0.1356 -0.21771 -0.3696 0.14539 -0.16913 0.037009 -0.143 -0.42075 0.62861 -0.12182 -0.25241 0.12343 -0.13706 -0.40554 0.2363 -0.13905 0.31842 -0.26199 0.24258 0.13382 0.4021 -0.18393 -0.26828 -0.10253 0.53579 0.3507 -0.44984 -0.39407 -0.097882 -0.19265 0.2241 -0.02501 -0.018187 -0.25851 0.40091 0.24823 0.072443 -0.24003 -0.19465 -0.9354 -0.24667 -0.39798 0.33528 -0.017797 0.11928 0.13091 -0.044913 0.60421 0.12431 0.28255 -0.25906 -0.32088 -0.67587 -0.04792 0.08792 -0.12946 0.28777 0.62123 0.5919 -0.12405 0.50811 -1.5467 -0.4777 0.12527 -0.2056 -0.13771 -0.48057 0.20249 0.20787 -0.13493 0.3144 -0.094722 -0.03823 -0.35657 0.21469 -0.47015 -0.5929 0.41723 0.75574 -0.081645 0.12473 -0.0256 -0.40473 0.071307 0.22011 -0.35781 0.044615 -0.25418 0.20617 0.43462 -0.047956 -0.46718 -0.45029 -0.66148 -0.18935 -0.23846 -0.18659 0.25999 -0.077284 0.22621 -0.39716 0.045999 -0.91834 0.054273 -0.50282 0.68089 0.41623 -0.33476 0.26912 0.16596 0.0018933 0.17741 -0.26284 0.4926 -0.29242 0.66225 -0.35825 -0.26682 -0.099109 0.071832 -0.16441 -0.32859 0.26851 0.043857 0.17931 -0.47291 -0.15516 -0.23737 0.43056 -0.059326 0.25554 0.17409 -0.34175 -0.54134 -0.43242 0.75573 0.13427 0.1046 0.3441 0.43637 0.019006 -0.39989 0.2138 0.5576 -0.42951 -0.40292 -0.052186 -0.26348 0.2509 -0.26785 0.22413 0.11387 -0.054679 -0.39427 -0.36373 0.41296 -0.38718 0.33888 -0.063321 0.33376 0.66588 0.40079 -0.16525 -0.23927 0.41082 0.04231 0.096647 -0.11966 0.17564 0.056348 0.35999 -0.33264 0.086135 0.09673 -0.68306 0.45837 0.087284 -0.47319 0.36825 0.00094345 -0.13963 0.14553 -0.0040915 0.24071 0.5699 0.3874 -0.12198 0.063118 -0.30001 0.097733 0.51857 -0.21626 0.31392 -0.12422 0.15957 -0.3471 -0.33289 0.46659 -0.719 -0.61026 -0.067312 -0.42618 0.37507 0.016453 -0.7008 0.30851 -0.36281 0.6628 -0.17959 -0.051606 0.45087 -0.54382 0.14864 0.19495 -0.12479 -0.10462 -0.09877 0.13062 0.23131 -0.026409 0.31165 0.60458 0.26409 -0.21434 0.36545 -0.39814 -0.2206 0.19283
riyadh 0.026558 0.24137 -0.028276 -0.32897 0.10996 -0.041774 -0.23567 0.78428 0.095045 -0.72326 0.3536 -0.076812 0.30173 0.20357 0.2362 0.31288 -0.1808 0.41004 -0.12983 -0.34913 -0.329 -0.53319 -0.0053919 0.028624 0.2098 0.044489 0.11229 -0.29311 -0.61565 -0.3189 -0.066484 -0.28323 -0.46799 0.16478 0.77215 -0.69536 -0.19469 0.0099668 -0.25986 0.1973 0.1992 0.21274 -0.39538 -0.42499 -0.46774 0.25656 -0.50187 0.12558 -0.31872 -0.42352 -0.31672 -0.14669 0.080917 -0.18169 0.15383 -0.0093284 -0.18452 0.37843 0.22634 -0.035182 -0.47952 0.14708 0.21259 -0.39094 0.27609 0.17714 0.95544 -0.14069 0.076441 0.36026 -0.4067 0.17105 0.40176 0.20351 -0.080084 0.015873 0.54452 -0.68706 -0.072805 0.66839 0.51021 -0.62377 -0.37783 0.64777 0.34236 -0.72293 0.3044 -0.22054 0.5519 0.20124 -0.076297 0.61043 0.4098 0.94344 -0.17997 0.40706 0.31491 0.031503 -0.16032 -0.11074 -0.57578 -0.54437 0.49904 0.30546 0.048552 -0.1948 -0.18897 -0.25793 -0.1015 0.15029 -0.11607 -0.39099 -0.31047 -0.034199 0.59359 0.38654 -0.47262 -0.18705 0.49071 -0.46466 -0.11746 -0.42666 0.38908 -0.41765 -0.20902 0.33705 -0.098958 -0.44517 -0.062259 -0.17133 0.54695 -0.094601 0.21604 0.15082 -0.46338 -0.31501 -1.1347 0.011875 -0.35979 -0.4291 0.049869 -0.038336 0.20731 -0.31384 -0.28972 -0.23724 -0.24462 -0.20497 -1.1292 0.74061 -0.0054676 -0.21768 0.13376 0.32458 -0.38493 -0.67993 0.72778 -0.89377 0.36399 -0.22431 0.24842 0.55823 -0.045711 -0.24067 0.19832 0.0056117 0.46113 -0.19151 0.4856 0.27057 -0.096114 -0.34614 0.47315 -0.64358 -0.05411 0.42564 -0.45051 -0.010616 -0.060314 0.65581 0.37478 0.061233 -0.36887 0.1653 -0.31643 0.62138 0.030999 0.59924 -0.19709 -0.054707 0.099501 -0.52861 0.47376 -0.68386 0.26108 -0.036644 0.18332 0.10511 -0.031569 0.44048 0.033767 -0.6195 0.11232 0.48555 -0.17029 -0.3481 -0.034031 -0.49087 -0.36541 -0.058745 -0.51009 0.15968 0.17429 0.036133 0.006429 0.12783 -0.15376 -0.10998 -0.34374 0.066231 0.49174 0.10459 -0.028422 0.42074 -0.22566 0.051788 -0.20449 0.38979 0.29845 -0.7888 0.19169 0.4937 0.64121 -0.47974 0.70179 0.47241 0.069106 0.0080431 0.27809 -0.41476 0.1443 -0.23024 0.054421 0.38044 1.0816 -0.33393 -0.37797 -0.087661 0.36277 -0.051431 -0.10874 -0.052322 0.38238 0.04513 0.28879 -0.57863 0.015973 0.6546 -0.25287 -0.4399 0.12865 0.27746 -0.016621 -0.24916 0.099279 -0.822 0.42907 -0.28877 -0.037295 -0.9502 0.061248 -0.069213 -0.36599 -0.31646 -0.54401 -0.60933 -0.96303 0.57328 0.29059 0.12433 0.49838 -0.097262 0.44307 -0.67482 -0.38246 0.75842 0.28743 0.60212 -0.37765 -0.42947 -0.15495 -0.33632 0.046035 0.12298 0.18777 0.41189 -0.18829 -0.052401 -1.3568 -0.37285
lagos 1.046 0.28433 -0.19271 -0.32495 0.07147 0.16798 -0.054817 0.78187 0.017585 -0.62633 -0.59697 0.23183 0.13301 -0.31966 0.019798 0.039772 0.12734 0.55522 0.068933 0.10153 -0.1912 -0.13443 0.044126 0.11806 -0.34264 0.10527 -0.10393 0.13515 0.050134 0.076439 0.43825 0.371 -0.12304 0.73291 0.4225 0.056399 -0.10756 0.71951 -0.040249 -0.097404 -0.18108 -0.35968 0.007962 0.081754 0.17946 0.18966 0.69378 0.8209 0.28559 -0.10934 0.092693 -0.28228 0.15015 0.50436 0.59252 0.10909 -0.64449 0.23309 -0.15449 -0.69448 -0.66859 -0.23357 0.0054506 -0.048437 0.096443 -0.10897 0.36019 0.32708 0.15225 -0.39037 0.064325 -0.077756 -0.23684 -0.044609 0.19296 0.19233 0.46685 -0.21771 0.74466 0.54218 0.73228 -0.42321 0.04147 0.71382 -0.59008 0.36522 0.36522 -0.57342 0.045189 0.17532 -0.54725 0.073485 0.0076029 -0.87924 0.10909 -0.29687 0.53937 0.48262 -0.15903 -0.13319 0.27467 -0.61047 0.12525 0.24935 -0.02851 -0.052151 0.38483 -0.51851 -0.4596 -0.081807 -0.36706 -0.55147 -0.43916 0.58564 0.30558 0.38529 0.19346 0.21822 0.11782 -0.15435 0.056432 -0.38678 0.24873 -0.12028 -0.10712 -0.5613 -0.31614 -0.65978 -0.14202 -0.16956 -0.11096 -0.31935 -0.2225 -0.20848 -0.10123 0.0065901 -0.083576 -0.2807 0.7025 0.50312 -0.68899 -0.14493 -0.35964 -0.017666 -0.18754 -0.15532 1.0338 0.76688 -0.67109 0.41741 0.48056 0.010089 0.7387 0.78777 0.165 -0.15213 0.26518 -0.15327 0.68032 0.045472 -0.027861 0.55567 -0.13733 0.19975 -0.42805 -0.70894 0.2771 -0.7054 -0.22074 -0.40964 -0.29309 -0.36744 -0.096657 -0.43706 0.63667 0.49116 0.27424 -0.12973 0.08556 0.3973 -0.090648 0.71916 -0.12686 -0.025744 -0.10622 -0.182 -0.042517 0.28044 -0.2685 0.21808 -0.14554 0.065194 0.48758 -0.29876 0.51621 0.25995 0.40444 0.10688 -0.47795 0.4831 -0.1777 0.43182 0.4012 -0.13466 -0.32304 -0.12325 0.057228 -0.0042729 0.75583 0.035631 -0.23038 -0.041395 -0.20225 0.090748 0.0039496 0.21171 -0.26836 -0.2808 0.15355 -0.56908 0.41779 0.55394 0.68135 0.22628 -0.096725 -0.50449 -0.19043 -0.39929 0.46301 -0.33245 -0.039566 0.47754 0.11182 0.019238 0.59301 0.48329 0.032046 0.91579 0.019612 -0.89543 -0.017679 0.063051 -0.44512 0.12584 0.45912 0.047409 0.15817 -0.24446 0.22193 -0.22626 1.0761 0.17093 0.044859 0.14023 0.099915 0.35266 -0.065112 -0.38239 0.091003 0.1211 -0.020845 0.49535 0.39602 -0.055518 0.93351 -0.37722 0.49734 -0.01843 -0.33956 -0.60267 0.18203 0.086307 -0.032587 0.11618 0.5339 -0.0053502 -0.25115 -0.1782 -0.0094227 0.12027 0.027767 -0.24999 -0.40396 -0.11824 -0.92374 0.25892 -0.15838 0.15838 -0.4141 0.37555 -0.084336 0.11148 0.11473 -0.19447 0.15109 0.34171 -0.81377 -0.61409 -0.34807 0.34319
sofia 0.35421 0.61633 -0.2363 0.030089 0.29456 -0.39429 -0.42455 -0.19663 -0.2367 -0.48988 0.23837 0.32762 0.43128 1.1586 -0.10432 -0.2946 0.23062 -0.14757 0.69912 0.25867 0.11748 -0.52179 -0.068416 0.10847 0.43175 0.47301 -0.042588 0.24607 -0.37408 0.22151 0.53935 -0.013126 -0.19335 0.62884 0.12104 0.15613 -0.56413 0.19814 -0.45601 0.061947 0.16067 -0.27983 -0.49592 0.72374 -0.34936 -0.14459 -0.020036 0.68392 -0.20494 0.26136 0.31166 -0.11915 -0.36938 -0.89889 0.10494 0.2185 -0.15524 -0.12896 0.68178 -0.052178 -0.55615 0.53038 -0.12456 0.23201 -0.11466 -0.15954 0.58186 0.24136 -0.21477 -0.80029 -0.061641 0.068158 0.41764 -0.28949 -0.10075 -0.29669 -0.37893 -0.57625 0.7146 0.283 0.16666 -0.44199 0.2949 -0.28551 0.012223 0.23047 0.18923 0.14562 0.2041 -0.434 0.50876 -0.46095 0.37833 -0.081448 0.12945 0.30766 0.086692 -0.050172 -0.7314 0.0037631 0.15589 -0.52427 0.36542 -0.1981 0.11363 0.19135 0.58386 -0.10783 -0.73873 0.17092 0.46263 0.11461 0.31245 -0.25987 -0.28365 -0.27563 -0.078911 0.12489 -0.12046 -0.23467 -0.28757 0.24293 0.47065 -0.55772 0.28971 0.469 0.42747 -0.44948 0.26 -0.50564 0.094241 0.054637 0.19319 0.51589 0.24776 -0.32451 0.077567 0.2071 -0.364 0.01503 0.37607 -0.14765 0.019993 -0.37972 0.33454 -0.23665 0.23473 0.43166 -0.94969 -0.59535 0.54848 -0.017033 0.074349 1.2262 -0.037783 0.70946 0.079917 -0.12698 -0.22475 -0.62596 -0.55558 0.27792 0.23645 0.36198 -0.24336 -0.22849 -0.2363 0.3386 0.19573 -0.23071 -0.22501 0.1321 0.096282 -0.32577 -0.36005 0.13605 -0.49209 -0.074506 -0.48941 0.52939 0.16158 0.13248 -0.46513 -0.15557 -0.3376 0.35388 -0.4467 0.40901 -0.54869 -0.21351 -0.61076 0.11213 -0.89862 -0.42747 0.034295 0.25694 -0.41939 -0.41092 -0.34554 0.83434 0.52019 -0.48667 0.58472 0.64618 -0.32199 -0.80625 -0.28656 -0.096477 0.28775 -0.27189 -0.41478 0.026193 -0.34273 0.098242 0.25819 0.064996 0.62479 -0.35788 -0.80111 -0.36678 0.26188 0.091949 -0.03551 -0.0034974 -0.15245 -0.1261 0.39392 -0.83514 -0.014138 -0.40251 0.064863 -0.11633 0.33954 -0.45567 0.11776 -0.13874 -0.062179 0.29505 0.074125 0.99529 0.24697 0.1956 0.60771 -0.3464 1.0291 0.6888 0.21768 0.082502 -0.30456 0.24785 0.1395 0.1472 0.18888 0.033765 -0.476 0.12481 -0.12659 0.11082 0.16397 -0.19569 0.20867 -0.047141 -0.0045118 0.63149 0.39454 -0.0020526 0.0050962 -0.081554 -0.13501 -0.37738 0.84444 -0.47952 -0.060419 0.13085 0.12668 0.1282 -0.0045697 -0.60545 0.2122 -0.21564 -0.13168 0.4053 0.19859 -0.74372 -0.075808 0.55049 -0.35202 0.24825 -0.36278 0.36828 0.38306 -0.12692 0.18209 -0.16642 -0.24101 -0.080853 0.13059 -0.24895 -0.14827 0.089895
caracas 0.52177 0.20738 -0.0004487 -0.16284 0.036956 -0.14383 -0.19325 -0.030304 0.33117 -0.70094 -0.17335 0.29954 -0.12936 0.10296 0.648 0.31587 0.2749 0.16249 0.41351 -0.17275 0.30001 -0.45299 0.13241 -0.069431 0.57522 -0.56462 0.11049 0.553 -0.007849 -0.58166 0.43828 0.029331 -0.39211 0.23297 0.44429 -0.62329 -0.053657 0.063399 -0.51065 -0.003224 -0.62008 -0.17343 -0.74719 0.28217 -0.42505 0.098599 -0.23424 0.44094 0.07745 0.12771 0.31789 -0.63396 -0.56718 0.21919 0.1591 0.0028065 -0.8652 -0.0016546 0.19833 -0.8726 -0.37418 0.14153 0.15188 0.54331 -0.53215 0.29908 0.8306 0.54291 0.39979 -0.69642 -0.44557 0.50147 0.27948 -0.31247 -0.39752 -0.32002 0.19716 0.094311 0.30908 0.23624 0.67602 -0.59697 -0.32852 0.54274 -0.45335 0.13392 0.57531 -0.18555 -0.32678 0.040198 0.53436 -0.3086 0.531 -0.017083 -0.22476 0.54137 0.047863 0.24374 -0.24976 -0.02096 0.24316 -0.12525 -0.45979 0.36815 0.47765 0.34029 -0.19022 -0.36915 -0.23706 0.63999 -0.06356 -0.71779 0.092817 -0.10917 0.0064771 0.001066 -0.16918 -0.36352 -0.28783 0.13184 0.55306 -0.25454 0.50508 -0.22405 -0.54977 -0.30939 0.79686 -0.80183 -0.61791 -0.085364 -0.4127 -0.27616 -0.18235 0.56334 0.413 0.24084 -0.39652 0.34229 0.37162 0.33532 -0.31786 -0.23903 -0.41005 0.24794 -0.55877 -0.17348 0.72371 0.45927 -0.71441 -0.21537 0.64877 0.30829 0.21913 0.27677 -0.067746 0.11242 0.18588 -0.30159 -0.0068656 -0.38521 -0.22687 0.39871 0.024425 0.16471 -0.34477 -0.45526 -0.47884 -0.15525 0.095708 -0.11938 -0.23562 -0.1004 -0.11635 0.15194 0.48993 0.13252 -0.37892 0.52674 -0.72207 0.74629 -0.46377 -0.070835 -0.089631 -0.14654 -0.081581 0.81194 0.13167 0.15189 -0.45496 0.42401 -0.65339 0.36608 -0.501 -0.446 0.28376 -0.02417 0.038454 -0.10474 -0.048013 0.69967 0.28842 0.070449 0.13982 0.23249 -0.030268 -0.1865 -0.21374 0.14352 -0.021309 -0.22964 -0.12023 0.30679 -0.59057 0.035461 -0.26816 0.8387 0.40068 -0.57056 -0.067326 0.53412 0.34392 0.070105 0.27609 0.64182 0.0057908 0.38143 0.4543 -0.20475 0.093658 -0.6912 -0.032676 -0.089606 0.42083 -0.11772 0.55962 0.12978 0.22677 -0.38136 -0.10741 -0.0077344 -0.12439 -0.22536 -0.25814 0.50616 0.18563 -0.31399 -0.18075 -0.42918 0.3317 -0.36942 0.79749 -0.054585 0.13904 0.34481 0.046216 0.34247 -0.15527 -0.16379 0.00016937 -0.35483 -0.02324 0.6209 -0.20873 0.44591 0.96346 0.34706 0.33119 -0.12564 -0.40037 -0.40335 0.33267 0.01364 0.19668 -0.36008 0.43587 0.23982 -0.1781 0.19383 -0.10921 0.60355 0.04385 -0.14308 0.1562 -0.58524 -0.58044 0.29722 0.35864 0.32007 -0.28778 0.043422 -0.049427 -0.27534 0.48912 0.48564 0.36157 0.33892 -0.58981 -0.63832 -0.55626 -0.017496
kingston 0.10113 -0.34274 0.13494 0.35376 -0.10772 -0.23813 0.47971 -0.02805 -0.14096 0.37426 0.15784 -0.22198 0.18462 -0.13042 0.25681 0.56788 0.39654 0.26099 -0.0070539 -0.24743 -0.60659 -0.15641 -0.41647 -0.1786 0.16732 0.5628 -0.1004 0.19702 -0.28759 0.55856 -0.11815 -0.0636 0.027264 0.64552 0.22946 -0.034615 0.18144 0.37614 -0.19285 -0.46368 -0.46122 -0.016169 0.11218 0.85086 -0.05494 0.55505 0.25377 0.1924 -0.19988 -0.095061 -0.24893 0.045029 -0.45597 -0.67157 -0.087698 0.095009 -0.051501 -0.092197 -0.1943 -0.60023 0.42971 0.47954 -0.13188 0.23133 0.9959 -0.2427 -0.31389 0.38057 0.34013 -0.19547 -0.50174 -0.12214 0.16076 -0.15756 -0.20921 0.17635 -0.69363 -0.16207 -0.46191 -0.12355 0.18053 -0.097561 0.1616 -0.23597 -0.32407 -0.57578 0.44902 -0.10867 0.49231 0.40864 0.36207 0.31567 0.80364 -0.36095 -0.016805 -0.038 0.64753 -0.76119 0.1278 -0.35394 -0.10431 -0.020586 -0.28145 0.44089 0.17671 0.26071 0.35126 -0.21566 -0.40809 0.33146 0.11022 -0.52568 -0.096013 -0.052573 0.14664 -0.20774 -0.12402 -0.058368 -0.39112 -0.14567 -0.15652 0.22153 -0.30812 -0.30229 0.03342 -0.56877 0.15047 -0.16197 0.47359 0.1027 0.16489 0.1209 -0.17969 -0.87942 -0.16664 -0.041458 -0.39813 0.33427 -0.24323 -0.29434 -0.043549 -0.063665 -0.19416 0.2174 -0.10375 -0.52322 0.85797 -0.22534 -0.44997 -0.50584 0.49052 -0.26622 -0.35247 -0.24412 0.12316 0.13926 0.047235 -0.32563 0.092403 -0.44418 -0.11752 -0.0879 -0.35422 -0.92054 -0.47853 -0.25632 -0.00017267 -0.017168 -0.54555 -0.32582 -0.35873 0.44953 0.0078686 0.16535 -0.035362 0.35259 -0.29236 0.085757 -0.057773 0.32452 -0.72967 0.70695 -0.19765 -0.22508 0.77957 -0.20975 0.18396 0.20276 0.071335 -0.062926 0.046624 -0.060345 0.38944 -0.056034 -0.10808 0.65092 0.40714 -0.34422 -0.16934 -0.33263 0.56315 -0.13198 -0.094317 -0.2083 -0.69951 -0.23915 0.46919 0.47377 0.077894 0.0096039 -0.037612 -0.085411 0.080294 -0.31775 -0.06682 0.13858 -0.11606 0.050043 -0.10873 -0.50562 0.6713 0.11233 0.23471 -0.13022 -0.0051558 -0.062372 -0.01554 -0.10553 0.28389 0.092567 0.08133 0.32501 0.31192 -0.25997 0.15806 -0.079892 -0.024636 0.1665 -0.12975 0.79664 -0.028093 -0.0053181 0.66401 0.12741 0.1561 -0.10993 -0.20651 -0.025251 -0.0097156 -0.036376 0.46051 0.41986 0.19217 -0.10156 0.23843 0.29748 0.2674 0.052429 0.76528 0.39397 -0.48965 0.17209 -0.020388 0.29108 -0.032853 -0.032983 0.32394 -0.22495 -0.62853 0.19099 -0.10406 -0.096635 0.53239 0.00084335 -0.13578 0.50713 -0.38499 0.16653 -0.20595 0.25375 -0.4902 -0.041739 -0.30117 -0.46018 -1.0587 -0.06082 -0.1427 -0.2204 0.13546 0.017688 -0.20795 -0.0024229 0.15905 0.20523 0.25627 0.86473 -0.16374 -0.20651 -0.77517 0.092251
harare 0.548 0.057381 -0.27263 -0.33619 -0.11052 0.028428 0.56148 0.12234 -0.096672 -0.34058 -0.72863 -0.97551 0.21914 -0.128 -0.10242 0.065577 0.27777 -0.075783 -0.063725 -0.58889 -0.019487 -0.359 0.38568 -0.08397 0.34353 0.60435 0.1566 0.29809 -0.76876 0.26784 -0.23058 0.012125 -0.25692 1.0817 -0.20867 -0.34797 -0.096114 0.49662 -0.93584 -0.73276 0.12516 0.10896 -0.20034 -0.063795 -0.082279 0.26817 -0.20178 0.22698 -0.16926 -0.49632 -0.040238 -0.21037 -0.072917 0.67418 0.62617 0.38492 -0.41094 0.59688 0.35867 -0.4256 -0.14079 0.14671 -0.52533 0.22152 -0.012665 0.45096 0.61363 -0.26805 -0.14036 -0.75573 0.28368 0.1778 0.58665 -0.46617 -0.053154 0.095033 0.084439 -0.22741 0.44872 -0.070117 0.35988 -0.072682 0.3226 0.58546 -0.76498 -0.79013 0.71934 -0.69383 0.37291 0.55515 -0.32405 -0.13703 0.42601 0.0057224 -0.19436 0.51609 0.65024 -0.0043028 -0.64928 -0.11752 0.13284 -0.17706 -0.1064 0.29178 -0.026658 -0.013222 0.369 -0.1337 0.10695 -0.021114 0.46637 -0.7605 -0.31347 0.6012 0.44935 0.28931 0.0909 0.063508 0.0046259 -0.69215 0.3322 -0.13799 0.29575 -0.21912 -0.23126 -0.25943 0.67113 -0.50143 0.081938 0.15669 -0.11363 -0.41872 0.42231 -0.06268 -0.55026 0.36849 -0.0048101 -0.1905 -0.10394 0.088071 -0.57398 0.21063 0.038933 0.50137 -0.69447 0.48962 0.6805 0.38564 -0.17402 0.0053141 0.3711 -0.18437 0.38932 0.65904 0.33107 0.17149 -0.074035 0.038217 0.79283 0.37862 -0.70907 -0.09031 -0.3816 -0.056174 0.13574 -0.37337 -0.13653 -0.4223 -0.075616 -0.19694 -0.47815 -0.031937 0.16131 0.24812 -0.78469 -0.06792 0.29974 0.37578 -0.42318 0.34265 -0.10161 0.01404 0.44067 -0.11761 0.24481 0.53977 0.11688 0.19918 -0.37334 -0.092759 -0.4947 0.25805 0.2633 0.27613 0.47761 0.12705 0.19642 -0.27952 -0.14139 0.026952 -0.38259 -0.82295 -0.60015 -0.0438 -0.051669 -0.49224 0.6048 -0.016642 0.23795 0.10507 0.31988 0.19241 -0.20289 -0.30789 -0.27863 0.31709 -0.2327 -0.089137 0.34026 -0.26901 1.0886 -0.15257 0.24404 0.04557 -0.23939 -0.10662 -0.68088 0.2328 -0.094356 0.45902 0.56157 -0.00021618 0.15564 -0.66796 0.5603 0.53983 -0.4528 0.29519 0.38328 -0.6622 0.23179 0.1691 -0.61733 0.13757 0.52131 0.22043 0.022983 0.12076 -0.045594 -0.20685 0.66187 0.20703 -0.076902 -0.41864 0.29875 0.19091 -0.10226 -0.1937 -0.035608 -0.37273 0.42374 0.55203 -0.13863 -0.418 -0.15553 0.03187 0.6642 0.019668 -0.17595 0.17208 -0.36514 0.79949 -0.44484 -0.33532 0.071765 -0.077938 -0.77031 0.28028 0.46029 0.36029 -0.29733 0.053232 -0.12734 -0.31333 -0.46209 0.46469 -0.54912 -0.37841 -0.69407 -0.13666 -0.20405 -0.55455 0.23236 -0.057358 -0.21084 0.25779 -0.31291 -0.27647 0.13332 0.033384
bucharest 0.25269 0.58677 0.052059 -0.28182 0.28399 -0.38856 -0.11852 -0.57969 0.076129 -0.30608 -0.43943 0.3995 0.19128 0.068441 0.028108 -0.24644 0.040645 0.31977 0.24879 0.42908 0.18147 -0.42882 0.71559 0.4275 0.16043 -0.20664 0.41167 0.19991 -0.64672 0.12873 0.46431 -0.37626 0.023894 0.43138 -0.083959 -0.042313 -0.54429 0.53332 -0.51576 -0.2241 -0.041084 -0.052924 -0.19568 0.087615 -0.23214 -0.17347 0.27758 0.52554 -0.38713 -0.32722 0.087089 -0.20434 -0.14146 -0.3556 0.77508 0.33212 0.26296 -0.33295 0.93786 -0.3276 -0.42061 0.24039 -0.065194 0.071744 -0.31653 0.44582 0.63662 0.18938 -0.34007 -1.2235 0.31762 -0.044802 0.38142 -0.50692 -0.19307 -0.17258 -0.047223 0.11529 0.46083 -0.037546 -0.14145 -1.156 -0.11081 -0.34966 -0.1824 -0.34236 -0.09292 0.03579 -0.017734 -0.12647 0.90634 0.12113 0.17208 0.23699 0.14992 0.47927 0.19924 0.29722 -0.73838 -0.025317 -0.031864 -0.27544 0.15887 -0.14474 0.032985 0.11313 0.98926 -0.52182 -0.54972 0.1679 -0.0091607 -0.14854 -0.016822 0.64286 -0.48701 -0.71861 -0.18425 -0.21969 -0.16307 -0.42708 0.32322 0.061528 0.31305 -0.4777 0.065547 0.21955 0.30521 -0.076439 0.16029 0.20864 -0.0038643 0.026419 0.50539 0.63544 -0.05927 -0.23963 0.034007 -0.079599 0.30077 0.36954 0.17558 -0.0020569 -0.49667 -0.22919 0.32918 -0.46351 0.277 0.27413 -0.88845 0.25707 0.11813 -0.3667 -0.15869 0.60202 -0.27181 0.62855 0.041933 -0.12873 -0.01715 -0.55153 -0.39096 0.68843 0.63004 -0.026125 0.41992 -0.21879 -0.16004 -0.2003 0.05041 0.078937 0.19382 0.066958 0.36711 -0.34588 -0.077048 -0.05457 -0.17988 -0.18671 -0.67623 0.23923 -0.23151 -0.32787 -0.33239 -0.054292 -0.2486 0.59931 -0.8475 0.5124 0.38581 -0.3032 -0.2504 -0.18036 -0.39181 -0.6681 0.59964 -0.29051 -0.51241 -0.36754 0.028536 0.70014 0.40611 -0.42067 -0.36141 0.048087 -0.095455 -0.15664 -0.16573 -0.3401 -0.35303 -0.46896 -0.63095 -0.68113 -0.57252 0.23964 -0.083995 0.015126 -0.16489 -0.24261 -0.63455 -0.56838 0.21897 0.017426 -0.3532 -0.44487 -0.41467 -0.091507 -0.52534 -0.34938 0.34806 0.17328 0.084651 0.18574 -0.020426 -0.67385 0.60917 -0.049098 0.34748 0.054801 0.69095 0.54234 0.28184 -0.29929 0.37934 -0.50278 0.75052 0.12181 0.51099 -0.11307 0.16261 0.11402 -0.015083 -0.027669 0.33815 0.046157 -0.00012231 0.28992 -0.075983 0.15503 0.30741 -0.47273 -0.24049 0.20177 0.34694 0.28157 0.75729 0.12671 -0.33438 0.0018728 -0.02759 -0.10299 -0.15819 0.10526 0.030514 -0.34278 0.32822 0.010344 -0.27966 -0.12948 0.76417 0.17749 0.020269 0.14076 0.064854 -0.38651 -0.15343 0.49378 -0.12905 -0.10511 -0.30752 0.14149 -0.023431 -0.1722 0.68981 0.28179 -0.27827 -0.11328 -0.10004 -0.1573 -0.22979 -0.18249
yangon 0.60178 -0.20103 -0.48866 -0.73349 0.27585 -0.29811 0.36635 0.53477 0.30918 -0.62512 -0.2368 -0.76203 -0.58784 -0.094648 0.94553 -0.32838 0.28937 0.29906 0.061074 -0.60906 0.54066 -1.1851 -0.36397 0.035942 0.11194 0.45974 -0.17302 -0.080488 0.51257 0.55971 -0.20357 -0.38034 -0.31172 1.0371 0.44381 -0.10267 -0.7476 -0.28975 -0.45669 -1.1399 0.4642 0.12906 -0.084902 0.77474 -0.085311 0.19162 0.3132 0.50055 -0.42492 -0.39504 0.041443 -0.13385 0.53566 0.55574 0.11143 -0.44309 -0.2146 -0.32937 -0.31825 -0.22208 0.12539 -0.52235 -0.11368 0.44864 0.075932 0.11283 -0.088138 0.55955 -0.30388 -0.17153 0.27342 -0.069611 0.18148 -0.064453 0.46965 0.89451 0.21585 -0.31202 0.18508 -0.1797 0.21098 -0.5456 -0.2645 0.55177 -0.51042 -0.80389 -0.12099 -0.36203 0.52895 -0.39853 -0.26445 -0.13624 0.43994 0.77797 0.43728 0.82039 0.46836 0.12814 -0.068535 0.72847 0.22311 -0.28223 -0.45346 0.77848 -0.36994 0.068016 0.4346 -0.70733 -0.11005 0.29683 -0.69341 -0.75227 -0.57885 0.12486 -0.12726 0.20451 0.067865 0.074797 0.23895 0.0038467 0.066296 -0.26648 0.48507 0.36751 -0.52552 -0.66167 0.08514 -0.53364 -0.12888 0.039748 -0.014584 0.5935 0.66539 -0.089117 -0.74695 0.29023 0.20646 -0.12595 -0.21922 0.81634 -0.53865 0.28584 -0.42474 -0.16474 -0.3781 -0.061125 0.47144 1.0842 -0.61851 0.61096 0.55501 -0.487 0.24498 0.82343 -0.05666 0.5493 -0.21047 0.5241 0.029467 0.10257 -0.10556 0.14305 -0.16688 -0.60535 0.081886 -0.50023 -0.044464 -0.046644 -0.20694 -0.30496 -0.78384 -0.37491 0.36432 -0.99446 -0.517 -0.36257 0.24292 -0.071971 -0.27 0.52903 -0.73629 0.10451 -0.79274 -0.024414 0.17881 0.21603 -0.13335 0.3967 0.33802 -0.32741 -0.44212 0.37341 -0.5786 0.33446 0.54271 0.30831 0.13715 -0.015792 -0.6597 0.18074 0.032211 0.0099965 0.25661 0.061556 -0.57351 0.66395 0.40254 -0.2956 0.25561 0.21582 0.22575 0.33056 0.3384 -0.59441 -0.27674 0.036555 -0.73155 -0.043457 0.079541 0.69018 0.5506 -0.31506 -0.095064 0.55722 -0.27156 0.0185 -0.15396 -0.35204 0.017939 -0.65402 0.046083 -0.44635 0.44338 -0.57539 0.82247 0.39527 0.093434 0.25079 0.6695 -0.52644 -0.070958 0.13851 -0.15986 0.89433 0.38794 -0.026429 0.34599 0.73145 -0.35797 0.22256 0.80819 -0.16689 0.26587 0.13764 0.046054 0.26263 -0.29811 -0.19788 -0.24582 -0.19437 -0.35054 0.24144 0.21707 -0.086953 -0.07874 -0.30385 0.11754 -0.007443 -0.013803 0.28572 0.0069324 0.20602 0.056318 0.052095 0.45127 -0.27522 -0.53425 -0.3994 -0.16488 -0.017787 0.018824 0.045931 0.012901 0.28021 -0.63593 -0.12829 -0.61651 -0.39939 -0.24423 0.026503 0.66625 0.029118 0.39317 -0.27151 0.036189 0.78578 -0.34743 -0.22464 -0.52337 0.59582
darwin -0.23481 -0.43315 -0.57899 -0.098541 0.15467 0.5358 0.04808 -0.54014 0.51135 -0.62456 0.70215 -0.099959 0.25138 0.0017074 0.54839 0.10458 0.9814 0.08317 0.21341 -0.045443 -0.10508 -0.26762 -0.41976 -0.16796 0.18845 0.15596 -0.17282 -0.040769 0.33839 -0.34987 0.29848 0.64938 -0.34691 0.45445 0.1982 -0.28914 0.66062 0.31187 -0.37692 -0.5014 -0.2629 0.24705 0.3932 -0.018759 0.15528 0.31716 -0.31678 0.85512 -0.40302 0.51592 -0.3611 -0.41103 -0.16872 0.61378 -0.016604 -0.12878 0.17235 0.29965 -0.60272 -0.1773 -0.045372 -0.014065 0.36235 0.32208 -0.0077246 0.20606 -0.060783 0.064391 -0.81223 0.3115 0.36432 -0.007476 0.063421 -0.31904 -0.036033 -0.048281 0.78312 -0.12521 0.14106 0.16234 -0.20306 -0.11265 0.48458 0.68359 -0.33302 -0.35798 0.7672 -0.31982 0.64869 -0.078315 -0.16478 -0.17113 -0.40183 -0.045204 -0.012453 -0.16957 0.50744 -0.15202 0.12987 -0.028236 -0.02779 0.079267 -0.69337 0.62285 0.29719 -0.11045 0.018846 0.39908 0.48894 0.88637 0.3683 -0.086202 0.71752 -0.34264 0.13078 -0.1016 -0.56298 0.26149 0.20652 -0.61151 -0.25779 -0.080126 -1.0444 -0.5328 -0.099081 -0.76296 -0.59051 -0.33835 0.097157 -0.58501 -0.16325 -0.17615 -0.29076 0.085745 0.067345 0.1545 0.27551 -0.33093 0.094655 0.034591 0.42193 0.27403 -0.0050719 0.32339 0.17435 -0.23185 0.34717 0.14114 -0.62611 0.10205 0.22438 -0.23866 -0.49781 0.1508 0.26278 -0.51779 -0.34623 -0.24205 0.27005 -0.091231 -0.11549 -0.6561 0.77531 -0.094999 -0.49449 -0.21292 -0.066062 0.5489 0.10509 0.020926 -0.089265 -0.66191 0.4203 -0.41689 -0.034719 0.33925 0.24642 0.082645 -0.012864 -0.18988 0.16448 0.23515 0.23258 0.075864 0.36176 0.44037 -0.13957 0.58093 -0.02802 -0.53541 -0.31571 1.2367 0.061726 -0.39711 -0.55432 0.22139 0.76394 0.13408 -0.87945 0.13921 0.41117 -0.46143 -0.30849 -0.46737 0.41705 0.082829 0.058297 -0.5303 0.73718 0.18505 -0.035346 0.2704 0.32484 -0.13253 -0.0055899 0.34391 -0.72896 0.46782 0.50337 -0.59792 0.087412 0.22909 -0.18266 0.16928 0.11422 0.50041 -0.063511 -0.30026 0.0043256 0.16924 -0.31131 0.16935 -0.40849 -0.067212 -0.19652 0.47345 -0.4485 0.17576 0.10203 0.208 0.25867 -0.20652 0.0041288 -0.068723 -0.49472 0.11228 -0.51346 -0.054808 -0.13547 0.18609 -0.049636 0.098874 0.10776 0.54452 0.16402 1.0132 0.23835 0.22892 0.035792 -0.16607 0.38638 0.01111 -0.1916 0.70686 0.24539 -0.044528 -0.28362 -0.53615 0.6505 0.6755 -0.2531 0.035822 0.39071 -0.49498 0.14293 0.16299 -0.54793 -0.18264 -0.013892 0.10694 -0.39542 0.45534 0.2652 0.3618 -0.41776 -0.41979 -0.27261 -0.37037 0.10747 -0.096301 0.34184 -0.14832 0.46578 -0.075651 -0.20739 -0.30578 0.056096 0.25583 0.43139 0.061627
kinshasa 0.58424 -0.16816 0.30557 0.051701 -0.21267 0.16219 0.65595 -0.030294 1.1406 -0.72938 -0.51285 -0.2589 -0.17144 -0.089494 -0.43742 0.11147 0.27317 0.33199 0.11469 -0.64025 0.048579 0.58086 0.31399 0.0055851 -0.023506 0.33746 0.52698 0.11388 -0.10184 0.1213 -0.57295 -0.54897 0.0537 0.31795 0.64425 -0.49504 -0.44164 0.46095 -0.76885 -0.52781 -0.44021 -0.27345 -0.25932 0.11927 0.16004 0.31159 0.064796 0.27664 -0.58628 0.03197 0.64032 0.056667 0.14729 0.59281 0.54386 0.053792 0.32775 0.81078 0.41107 0.4352 -0.57533 0.26232 -0.33123 0.51708 -0.0033566 0.19455 0.5239 0.076714 0.1957 -0.52068 0.48334 -0.056986 0.44435 -0.49806 0.49455 -0.094243 0.48874 0.21706 0.21735 -0.45968 0.74523 -0.30016 0.36291 0.20097 -0.4102 -0.64289 0.088057 -0.56557 -0.051995 0.035111 -0.16986 -0.48151 0.23295 0.38389 -0.058469 0.22207 -0.077216 -0.16204 -0.39349 0.78862 0.15618 -0.12877 0.33917 0.16168 0.30321 -0.30434 0.35485 -0.22858 -0.068197 0.099819 -0.31185 -0.36964 -0.47868 0.24593 0.15054 -0.10948 -0.16896 -0.16171 0.7312 -0.37347 0.10487 -0.33506 0.32281 0.23658 -0.004692 -0.24192 1.0091 0.21843 -0.2524 -0.22554 -0.43259 0.17911 0.4188 -0.34107 0.65893 -0.15859 0.019328 0.10757 0.26168 0.0094753 -0.65197 0.13233 -0.33728 0.4186 -0.065356 -0.32441 0.15923 -0.12813 -1.3285 -0.062198 0.19394 -0.22705 0.070325 0.79129 0.79204 -0.10292 0.47284 -0.18022 0.35951 0.10795 -0.21826 -0.7265 0.01588 -0.27394 -0.099918 -0.33393 0.62058 -0.41661 -0.42774 -0.28829 -0.61212 -0.10316 0.26094 -0.35004 -0.47493 -0.55844 -0.29925 -0.10106 -1.3882 0.18573 -0.34618 0.15692 -0.023742 -0.45155 -0.48549 0.24648 -0.32808 0.28344 0.13319 -0.23205 0.027509 -0.19176 0.48891 0.16468 0.84382 0.60699 -0.11318 0.46521 -0.40234 0.24255 -0.14676 -0.99218 -0.48794 0.15534 -0.59797 -0.081127 -0.13239 -0.31976 -0.19601 0.02629 0.073908 0.23342 0.14005 -0.23179 0.43792 0.75387 0.36615 -0.79278 -0.0065665 -0.49037 0.39826 0.0013135 0.43525 0.12386 -0.11853 0.24352 -0.013595 0.32261 0.3462 -0.42797 0.33545 0.24175 0.24327 -0.17292 0.45168 0.0051937 -0.29384 0.40778 0.33555 -0.29136 0.033887 0.13741 -0.15515 -0.43588 0.57989 0.068324 0.55591 0.40961 0.21621 -0.052416 0.7362 0.38 -0.037608 0.20818 0.28149 0.23733 0.012066 0.17794 -0.42914 0.079183 0.54345 0.3337 -0.60868 0.052908 -0.066785 0.22092 -0.29575 0.0072984 -0.18588 0.2297 0.096665 0.36464 -0.090283 -0.62327 0.78477 0.79721 -0.66313 0.22876 0.090298 -0.33127 0.55373 0.23249 0.20434 -0.67551 -0.34986 -0.025387 0.025772 0.24948 -0.88021 -0.20133 0.030513 0.054844 0.69822 -0.34369 0.13383 0.25778 -0.3151 -0.30269 -0.056361 -0.10413
halifax -0.17834 0.15802 0.05367 -0.22595 0.090139 -0.1785 0.37533 0.1889 -0.26966 0.31924 0.279 0.11383 0.71401 0.24206 0.38892 0.28393 0.022456 -0.60717 -0.21901 0.12933 -0.97423 -0.10485 0.093647 0.04396 -0.06637 0.034992 -0.53573 0.31886 -0.42687 0.37281 0.022414 -0.65681 0.62012 0.48592 -0.032174 -0.054642 -0.23192 0.8473 0.075125 0.11287 -0.84012 0.19489 0.054705 0.71613 0.21983 0.68817 0.14843 0.0073323 -0.041571 0.20967 -0.57726 0.17911 -0.12322 0.079475 -0.52092 0.063973 0.10303 -0.11018 -0.32211 -0.19967 0.29914 -0.12093 0.16311 -0.39533 0.66147 -0.15169 -0.19129 0.61891 -0.17858 -0.2682 0.60058 0.35083 -0.24679 -0.54597 -0.52271 -0.019917 -0.20492 0.084367 0.17659 -0.064726 -0.30027 -0.1424 0.16641 0.23809 -0.2023 -0.38738 -0.060916 0.028435 -0.25954 0.25144 0.39727 0.31392 -0.15949 -0.57569 -0.22596 -0.5356 0.37727 -0.23682 -0.12966 -0.19697 0.037028 -0.29536 0.20947 0.2431 0.04554 0.081798 -0.084168 0.27161 0.26207 0.6369 -0.39555 -0.44383 -0.001016 -0.46693 -0.064682 -1.0773 0.28949 0.15164 0.099927 -0.42071 -0.29353 0.08776 0.065126 -0.17511 0.0063738 -0.28787 -0.28575 -0.46358 0.88404 -0.63761 0.007434 0.15836 -0.012221 -0.62689 0.25206 0.32014 -0.46037 -0.50325 -0.014532 -0.077947 0.29963 0.28222 0.17421 0.32473 -0.024047 0.093072 0.96697 -0.00016979 -0.69531 0.079964 0.0508 -0.51322 -0.29711 -0.56223 0.50767 0.049471 0.06323 -1.0266 0.17582 0.23039 -0.19148 0.47734 -0.37538 -1.0468 -0.17024 -0.1726 0.66142 -0.042188 0.41506 0.52703 -0.65054 -0.048651 -0.043028 0.16145 -0.10223 0.084634 -0.45679 0.13257 -0.0088811 0.10786 0.045264 0.032041 0.47249 0.053295 0.3035 0.44087 -0.37518 -0.28737 -0.42307 0.4152 0.036718 0.36008 0.18248 -0.49562 0.32387 0.25446 0.27947 0.30618 0.16334 -0.14763 -0.065386 -0.86251 -0.223 0.052877 -0.28364 0.045315 -0.10984 0.27826 -0.37233 -0.29123 -0.47832 0.24971 0.31938 -0.11575 -0.034559 0.099271 -0.23642 -0.33122 0.29145 -0.41633 0.42491 0.60001 0.39081 -0.18209 0.11182 0.025216 0.025452 -0.39892 0.34877 0.008802 -0.025558 0.45351 -0.34074 -0.3197 0.64633 -0.60557 0.68628 0.014703 -0.30338 0.38823 0.061633 -0.26042 0.70651 0.073183 0.32618 0.50316 0.031188 -0.08407 0.42034 0.033713 0.028767 0.12502 0.32204 0.24806 -0.33205 0.01189 0.1079 -0.08649 0.18629 0.14607 -0.025835 0.26466 0.11839 0.95489 -0.33665 0.32003 0.40187 0.0026973 -0.072081 -0.04985 0.060756 0.22855 0.39178 -0.16437 0.13201 -0.14059 -0.29173 0.30105 1.0896 0.3573 -0.16696 0.4239 -0.60286 -0.26167 0.024936 0.84166 -0.25347 0.26961 0.76136 0.22628 -0.14306 0.22507 -0.065727 -0.35769 0.57966 0.46198 0.30118 0.5741 -0.153 -0.14752
bogota 0.17562 0.30749 -0.06683 -0.39912 -0.24397 0.45417 -0.2009 0.12632 0.33023 -0.69803 -0.24207 0.38038 0.076017 0.1932 -0.22576 0.15138 0.043404 0.25979 0.18452 -0.076128 -0.11765 -0.28015 0.073666 -0.27178 -0.30816 -0.5492 0.084076 0.60596 -0.51935 -0.4411 -0.085664 -0.013857 -0.042283 -0.11986 0.53293 -0.34252 0.19197 0.35835 -0.17826 -0.37912 -0.73454 -0.1075 -0.46035 0.047767 -0.15125 -0.20835 0.064476 0.30224 0.13432 0.14954 -0.10763 -0.82623 -0.36983 0.24058 0.10334 -0.20078 -0.62504 -0.10389 -0.13081 -0.94535 -0.35131 -0.45054 0.18076 0.49071 -0.48988 0.78833 0.83918 0.29451 0.63436 -0.49183 0.18485 0.082728 0.29185 -0.53401 -0.27453 -0.45007 0.5193 -0.24102 0.15761 0.15689 0.42226 -0.15718 -0.11271 0.83425 -0.13129 -0.57665 0.2203 -0.18862 0.088525 -0.40187 0.1399 0.13133 0.48138 0.13755 0.20978 0.1873 -0.10358 0.36817 0.057928 0.012159 0.055492 -0.16963 -0.4314 0.12926 -0.20023 -0.29781 -0.0017793 0.20701 -0.12942 0.50238 -0.36185 -0.7575 -0.063637 -0.45028 -0.095755 0.18442 -0.093972 -0.33488 -0.22507 -0.2624 0.53562 0.020624 0.52115 -0.41142 -0.74295 0.1271 1.1687 -0.20361 -0.46571 0.11382 -0.32569 -0.076804 0.15388 0.52538 -0.053046 0.23038 -0.54975 0.29188 0.50441 0.052058 -0.60825 -0.091317 -0.024091 0.28907 -0.28763 -0.46569 0.84775 0.24461 -0.60706 -0.42955 0.36427 0.42546 0.29034 0.43552 0.056177 0.24932 -0.17016 -0.52812 0.42059 0.12694 -0.18558 0.0017685 0.017921 -0.48998 -0.32421 -0.41501 0.072307 -0.4845 0.095546 -0.72812 -0.046872 -0.31989 -0.19344 0.041941 0.49516 0.056325 0.16841 0.36601 -0.28218 0.58826 -0.20425 0.027742 0.025258 -0.23821 -0.065664 0.61499 0.047024 0.34001 -0.48193 -0.079251 -0.71427 -0.26838 -0.13689 -0.25235 -0.40212 0.26505 -0.28225 0.63919 -0.57122 0.51578 0.16468 -0.42275 0.20381 0.5222 -0.22216 -0.19902 -0.66321 0.26516 -0.086485 0.30846 -0.20719 0.38774 -0.60439 0.046807 -0.14316 0.49791 0.18324 -0.45888 0.013979 -0.060198 0.64116 0.11645 0.28477 0.86369 -0.20286 0.77772 0.13404 -0.25601 0.31122 -0.85206 -0.34893 -0.2074 0.31167 0.1895 0.57235 -0.036799 0.38216 0.51736 0.45142 0.13937 -0.43997 -0.32429 -0.2743 -0.62436 0.56528 0.14091 0.20252 -0.5895 0.59692 0.2702 0.38984 -0.047179 -0.18943 -0.39172 0.33185 0.66407 0.14639 -0.25551 0.3113 -0.78636 0.28526 0.47218 0.0086653 0.01324 0.74844 0.67611 0.64157 0.42838 -0.048574 -0.41064 -0.030524 -0.22293 0.19578 -0.21953 0.56492 0.024041 0.08793 0.11111 0.098515 0.66915 -0.15144 0.14719 0.17294 -1.1982 -1.0359 0.23339 0.54549 0.50874 0.13358 -0.22103 0.53145 0.12034 0.37904 0.0098294 0.2715 0.11071 -0.96828 -0.26958 -0.6879 0.35551
bologna 0.38531 0.5005 0.13154 0.20913 0.3185 -0.25299 -0.47723 0.0011467 -0.40022 -0.14244 -0.1826 0.66941 0.71238 0.063539 0.079295 -0.035848 -0.048274 0.4012 0.11708 0.80964 -0.10493 -0.24325 -0.31988 -0.20844 0.019965 0.1122 -0.32854 -0.77942 0.10977 -0.36493 -0.10969 0.14878 0.11323 0.45316 -0.32907 0.14779 0.13886 -0.11687 -0.53624 -0.4425 0.74844 -0.34636 -0.11965 0.35577 -0.11033 0.041434 0.37517 0.55819 -0.17946 -0.10882 0.072881 -0.17581 0.47075 0.58864 -0.17015 -0.14891 0.042915 -0.47303 0.26183 0.28225 -0.13323 -0.45457 0.021307 -0.14208 -0.20431 0.23216 -0.20723 0.019336 0.21696 -1.1711 0.75791 0.22297 0.14048 -0.89528 -0.10713 -0.018795 -0.079765 0.45429 0.027772 0.033797 -0.44734 -0.5132 -0.32833 0.076725 -0.58425 0.37463 0.088679 0.073289 -0.41306 0.40427 0.95456 -0.20321 0.094601 -0.72372 0.25118 -0.29667 0.075444 0.34583 -0.42754 -0.28405 0.045177 -0.82968 0.60305 -0.17661 -0.44776 0.057209 0.36446 -0.19722 -0.092432 -0.26576 0.57833 -0.12373 -0.28164 -0.66722 0.14729 -0.57327 -0.22022 -0.29362 0.78145 0.16864 -0.40784 0.2257 0.62319 -0.14234 -0.074118 0.0928 -0.43014 -0.6743 0.56456 0.26367 0.044125 -0.2813 0.099336 0.25909 0.29169 -0.024482 0.78034 -0.17248 0.087534 0.19193 0.52884 0.25666 -0.41357 0.00054996 0.48372 -0.34056 -0.0099205 -0.83639 -0.51855 -0.51312 -0.09764 0.56273 0.52657 0.52926 -0.11255 0.60392 0.096712 0.67561 -0.023115 -0.41948 -0.37668 -0.66066 -0.54306 0.15075 0.38338 -0.21257 0.030447 -0.40362 0.23715 -0.24878 0.15296 -0.36355 0.13243 0.48284 -0.4519 -0.24233 -0.29839 0.13947 -0.056844 -0.056657 0.25487 0.41043 -0.27052 0.20628 0.31278 0.52918 -1.0919 0.1666 0.10744 0.4076 0.65986 0.3542 0.24699 0.15115 0.10245 -0.67369 -0.23181 -0.45168 0.091857 0.47426 0.15807 -0.2443 0.11787 0.57616 0.31366 -0.77138 -0.40708 -0.4473 -0.31329 -0.14022 0.06257 -0.034062 -0.21562 0.43611 0.28482 -0.073971 0.19192 -0.46102 -0.1101 -0.32814 -0.056058 0.12067 -0.14266 0.22171 -0.71424 -0.50447 -0.063753 -0.15426 -0.18958 0.20626 0.16796 0.36197 0.24528 -0.41961 0.64183 -0.57641 0.10337 0.61599 0.46953 0.56473 -0.51145 -0.61335 -0.41636 -0.44523 0.15219 0.36965 -0.3504 0.18522 -0.032362 0.060917 0.035267 0.029009 0.40704 0.52882 0.41 0.36949 0.6727 -0.3216 0.1598 0.28754 -0.26346 -0.0012246 0.25594 0.36184 0.6197 -0.27673 0.0093503 0.31701 0.52254 -0.60066 -0.2212 -0.087828 -0.36107 0.66627 -0.0042889 -0.56468 -0.71707 -0.99123 -0.40749 0.45211 -0.48293 0.90326 0.34094 -0.11512 0.66248 0.10904 0.047715 -0.29323 0.87639 -0.45581 -0.35663 0.51784 0.29124 0.073462 0.12111 -0.20559 0.59379 -1.05 0.048586 -0.32981
paso 0.28827 0.14551 0.028488 -0.26352 -0.2999 -0.4363 -0.24852 -0.080494 -0.76941 -0.018277 -0.23929 0.24111 -0.045203 0.018404 0.67254 -0.33527 -0.15133 0.0040848 0.29543 0.45941 0.13035 -0.2319 0.042713 -0.15904 0.51964 -0.095439 0.23445 0.24044 -0.20721 -0.85513 -0.018031 0.60374 -0.15538 -0.72659 0.061403 -0.34038 0.54528 -0.086177 -0.18193 -0.30316 0.13328 -0.25984 0.078616 0.48976 0.027041 0.21632 0.23422 0.8825 0.32201 -0.074369 -0.4895 -0.30836 -0.12714 -0.13672 0.00074277 -0.30209 -0.077594 0.029266 0.35059 -0.89581 0.07079 0.22289 0.96671 0.14943 -0.22923 0.16015 -0.56277 0.65631 0.70718 -0.76512 0.1439 -0.10866 0.18307 -0.028772 0.06795 -0.14963 0.31685 0.21372 -0.078248 0.10682 0.11025 -0.11699 0.017818 0.18744 0.050719 -0.60521 -0.74097 0.13286 0.45346 0.62202 0.36647 0.86046 0.64013 0.70691 0.024975 0.53327 -0.59513 -0.30999 -0.64138 0.49697 0.090108 0.02029 -0.44513 0.079262 0.20629 -0.041306 0.10411 0.77797 -0.1952 0.33441 0.34219 -0.97052 -0.15875 0.037533 0.064108 0.13034 0.21619 -0.020321 0.50526 0.8771 0.61592 0.3052 0.28878 -0.44673 -0.22603 -0.10671 0.30023 0.16586 -0.31234 0.20044 0.042808 -0.5733 -0.3621 0.45222 -0.23544 -0.51807 -0.017407 0.15338 -0.21296 -0.7337 -0.37009 -0.53437 0.11812 0.27226 -0.40373 0.20927 0.63579 -0.079185 -0.28585 0.29952 0.53513 -0.12066 0.25921 -0.51868 0.0036275 0.050149 0.46297 -0.21699 0.10321 0.21431 0.2237 -0.19594 -0.5829 0.079387 0.12722 -0.35128 -0.59489 -0.38103 -0.21688 0.61072 0.04889 0.51967 0.2226 0.044808 0.76609 0.34651 -0.015258 -0.21651 0.39899 -0.055124 -0.23911 0.78784 -0.40818 0.38413 0.29983 -0.19012 -0.083846 -0.083444 0.28086 0.43984 -0.56703 -0.084312 0.25756 -0.4287 -0.68923 0.40956 0.11963 -0.3692 -0.22739 0.42954 0.00090629 0.25722 0.25907 0.19998 -0.14108 0.10977 -0.020406 0.34991 0.18241 -0.37787 0.25089 0.33423 -0.14604 0.37724 -0.028613 0.49747 -0.32444 -0.17908 -0.28606 0.20958 0.53623 -0.20772 0.061291 0.46557 -0.29867 -0.23221 -0.036717 0.1281 -0.46364 -0.0040506 0.19203 -0.020017 -0.50584 -0.41832 0.5612 -0.45384 -0.3882 -0.93784 0.064443 -0.49591 -0.17694 -0.20298 -0.36463 0.075755 -0.32421 -0.14793 0.24575 -0.48716 0.64934 -0.1158 0.39504 -0.32457 -0.53768 0.1967 0.032637 -0.25212 0.041338 0.31477 -0.1311 -0.13779 -0.074537 0.59433 0.18228 -0.36961 0.078493 -0.09978 0.67529 -0.44264 -0.43847 -0.42752 -0.19974 -0.24768 0.50823 -0.21322 0.29986 -0.25134 -0.49196 0.74006 -0.18345 0.68805 -0.11656 0.13823 -0.16109 0.90351 -0.24536 0.14525 0.28337 -0.052347 0.41147 0.079061 0.60562 -0.059669 0.019765 0.016842 0.44996 -0.11141 0.23799 -0.24819 -0.33283 0.29755
algiers 0.24386 -0.13374 -0.50653 -0.19447 -0.23396 0.52377 0.22056 0.45911 0.10559 -0.27915 -0.16637 0.64572 0.56055 -0.19336 0.23145 0.38807 0.40256 0.27413 0.0010955 -0.54976 -0.041875 -0.18032 -0.42109 -0.010381 0.33301 0.43756 -0.25179 -0.0774 -0.39485 0.040939 0.067604 -0.091455 -0.55624 0.15731 0.5586 -0.94269 -0.19589 0.12637 -0.13815 -0.15068 0.48458 -0.099761 -0.39257 -0.47869 0.44256 0.32035 0.47199 0.29813 -0.33523 -0.022021 0.39972 -0.27049 0.040692 -0.30506 0.4437 -0.07108 -0.59322 0.44541 0.44451 -0.29355 -0.6259 0.20637 0.0037838 -0.38444 0.089633 0.048848 0.91918 0.27015 -0.11943 -0.46553 0.12957 -0.10932 -0.37343 -0.19903 -0.4876 -0.27811 0.17834 -0.37522 -0.4491 0.34576 0.5127 -0.58456 0.66265 0.75088 0.0023079 -0.36664 0.08836 -0.20828 0.37265 0.53439 -0.17312 -0.090005 0.71326 0.28408 0.05881 0.38732 0.41975 -0.4101 -0.21745 0.23644 -0.11103 -0.39448 0.58084 0.02148 0.27241 -0.13333 0.38571 -0.23912 0.27008 -0.066205 -0.13505 -0.066873 -0.015748 -0.76112 0.059865 -0.12857 -0.32689 -0.063508 0.71255 0.20899 0.30975 -0.4162 -0.030472 -0.2879 0.0088462 0.075763 0.60963 -0.46036 0.11759 -0.062293 -0.051964 0.019878 0.092628 -0.67598 -0.13223 -0.29713 0.31578 -0.22536 0.23041 -0.23517 -0.66623 0.20783 0.11367 0.24622 -0.66934 -0.29004 0.36228 0.26201 -0.69654 0.087521 0.39401 -0.66312 0.62802 -0.11064 -0.3007 0.31757 0.60465 0.2468 0.21848 -0.18371 -0.14676 -0.020591 -0.77922 -0.068227 0.12467 -0.43761 0.10498 -0.32194 -0.1363 -0.14256 -0.52987 -0.36804 0.58258 -0.78925 -0.18882 0.17567 -0.35054 0.045233 -1.0905 0.27804 -0.0021138 0.087315 -0.21598 0.22383 0.36997 0.62223 -0.3067 0.65568 -0.067308 -0.12423 -0.11354 0.042809 0.38359 -0.70496 0.2997 -0.71539 -0.12725 0.12485 -0.42664 0.58773 -0.31172 -0.45041 -0.2827 0.73878 0.48561 -0.722 -0.32773 -0.58653 0.35291 0.18739 -0.22526 0.35478 0.12875 0.089171 0.19653 0.36539 0.53582 -0.39781 -0.061618 -0.80168 0.51614 0.23839 0.21143 0.71138 -0.34453 -0.33885 -0.10827 0.40551 0.14988 -0.71247 0.69142 -0.1489 -0.47136 0.082641 0.57978 0.11735 -0.018703 0.058939 0.10665 -0.69831 0.17244 0.052642 -0.21417 -0.1269 0.73986 -0.067762 -0.12621 -0.052072 0.054686 -0.072198 0.3567 0.52115 0.37255 0.30784 0.090033 -0.23716 0.19668 0.36443 -0.20679 -0.23733 0.47514 0.17162 -0.022612 0.10113 -0.028946 -0.0054018 0.068937 -0.16999 0.15667 -0.62762 -0.34563 0.074796 -0.51534 0.44973 -0.072939 0.19564 -0.85754 0.45557 0.024774 0.37018 0.17052 0.10611 0.27376 -0.78665 0.081865 0.38501 0.17575 0.2402 0.064794 -0.082726 -0.2098 -0.46093 0.027472 0.086659 -0.13075 0.58731 -0.66925 0.30237 -0.81618 -0.11523
minh -0.47242 -0.79622 0.099592 -0.80306 -0.6466 -0.29951 0.22071 0.08397 -0.11023 -0.28206 0.60801 -0.53131 -0.84851 -0.042729 0.80008 -0.26254 1.2716 0.1022 0.088868 -0.20235 -0.1914 -0.12406 0.37394 -0.7282 -0.14456 0.36648 0.91989 0.014636 0.04575 -0.265 0.34436 -0.55592 0.13949 1.0102 0.30043 0.17397 -0.65031 -0.67488 -0.078193 -0.41504 0.50884 -0.45889 -0.29079 0.2446 0.35365 -0.09754 1.1648 0.2639 -0.72414 0.31617 -0.33201 0.15878 0.16814 0.13543 0.4028 0.092004 -0.15864 0.51651 -0.043743 -0.58278 -0.14262 -0.058252 -0.21504 -0.23072 0.25605 0.074296 -0.15399 0.054963 -0.52463 0.74832 -0.21116 -0.18894 0.11395 0.60194 -0.051131 0.42959 0.67948 -0.17157 0.7606 -0.95388 -0.32457 -0.28457 0.24288 0.29073 -0.75177 -0.66966 -0.1981 0.36855 0.32481 0.46578 -0.42311 -0.66735 0.61905 0.25507 0.24562 0.2927 0.33432 0.27773 0.63018 0.36212 -0.014379 0.13957 -0.4006 0.53053 -0.30415 -0.29645 -0.68344 -0.26647 -0.23437 0.34626 -0.35428 -0.74555 -0.12829 -0.6282 0.37229 -0.23282 0.036054 -0.048199 0.16348 0.40208 -0.010529 -0.86711 0.085664 0.164 0.063695 0.41104 -0.27785 0.029644 -0.27409 0.92592 -0.26708 -0.3214 0.11685 0.092211 -0.51799 -0.47372 0.74187 -0.83098 0.86651 0.54665 -0.21488 0.13527 -0.11613 -0.034744 -0.56796 -0.23842 -0.050524 0.25196 -0.095876 0.59607 0.30489 0.28605 -0.33335 0.33483 0.39786 0.36833 -0.21927 0.45374 -0.040161 -0.17805 0.21591 0.53038 0.25816 0.018193 -0.073622 -0.51086 -0.064993 0.10322 0.40097 0.45722 -0.56018 -0.50926 -0.54297 -0.53255 0.28892 -0.28167 0.78654 -0.30709 -0.4256 0.39174 -0.064841 -0.0015154 -1.008 0.29294 -0.68902 0.28907 -0.44403 0.66717 0.081589 -0.35866 0.47129 0.40596 -0.37705 0.41919 0.23094 -0.32558 0.28189 -0.28364 -0.088952 0.35753 0.25551 0.10343 0.085362 -0.3682 -0.58538 0.17541 -0.3698 -0.017612 -0.10364 0.34059 0.014012 -0.14829 -0.023443 0.1182 0.20585 0.40584 -0.14206 0.19563 -0.16319 0.2388 0.29612 -0.36134 0.23054 0.037528 -0.13373 0.15629 -0.008826 -0.34823 -0.88334 -0.17945 0.54307 -0.22147 0.073538 0.23299 -0.24368 0.25545 -0.061292 -0.70981 0.41496 0.77959 0.3096 -0.31995 -0.19456 0.34658 0.69686 0.53264 0.62967 0.050067 0.18125 -0.010873 0.30445 -0.12502 0.045867 0.49414 0.33969 0.012431 -0.36229 0.07335 -0.70755 -0.98068 -0.39111 0.2678 0.25976 -0.221 0.71308 -0.075292 -0.83693 -0.10475 -0.33152 -0.11155 -0.34604 0.11572 0.12831 -0.16331 0.14045 0.049992 0.09781 -0.45161 -0.37276 0.10605 -0.11236 -0.39471 0.35714 -0.68098 -0.56537 0.38613 -0.021871 0.42516 -0.77262 0.002724 0.7192 0.69235 0.16112 -0.028887 0.38517 0.44865 -0.13469 -0.085325 -0.34319 -0.0028947
palermo 0.47625 0.17931 -0.27407 0.29541 0.73156 -0.30225 -0.43386 -0.3667 -0.25832 0.040293 0.18901 0.25247 0.48195 0.33817 0.084224 0.12905 0.17356 -0.013282 0.060824 0.38816 -0.4676 -0.10088 -0.771 -0.84692 0.23397 -0.034632 -0.0070893 -0.13456 -0.4353 -0.24665 -0.066314 0.35798 -0.16126 0.40186 0.060745 0.15588 0.65417 -0.018745 -0.1469 -0.56891 0.92834 -0.40775 -1.0455 0.27033 0.17263 0.31752 0.1547 0.36387 -0.32031 0.57314 -0.26207 0.004416 -0.047209 0.26759 -0.18817 0.15288 -0.30825 -0.51706 0.35477 -0.29766 -0.28286 -0.65877 0.36838 -0.1388 0.1103 0.14922 -0.28124 0.52588 0.078555 -1.164 -0.19798 0.15168 0.29376 -0.69848 0.17921 -0.14097 -0.018993 -0.26829 0.20227 -0.18435 0.11635 -0.68775 0.493 0.20739 -0.65418 0.28214 0.4415 0.24558 -0.022924 0.18017 0.56574 -0.25995 -0.18932 -0.54021 0.5084 -0.27685 -0.40497 -0.10932 -0.59065 0.099673 0.18623 -0.71726 0.34787 -0.30948 -0.072942 -0.029163 0.39027 -0.52954 0.07225 0.25659 0.47488 -0.24206 0.14105 -1.4883 0.0034939 -0.44863 -0.4328 -0.50756 0.41995 -0.072453 -0.40992 0.31299 0.36004 -0.043538 -0.23202 0.39995 0.31052 -0.97829 -0.66508 0.16202 0.41493 0.11077 0.35811 0.03095 0.52884 -0.35339 0.43207 -0.33362 -0.057832 -0.35036 -0.18907 0.39173 -0.14832 0.44577 0.15377 0.036459 0.38114 0.0023493 -0.3811 -0.13354 0.34137 0.40085 0.41938 0.65646 -0.29064 0.49945 0.49131 0.40157 -0.23713 -0.016896 -0.29437 -0.11498 -0.47248 0.3228 0.30379 -0.14344 -0.085976 -0.48277 0.54424 0.11309 -0.44516 -0.062189 0.20955 -0.12475 -0.13904 -0.041656 -0.28502 0.47932 -0.71778 -0.11395 -0.2409 0.47319 -0.34005 0.67926 -0.19257 0.19604 -0.66872 0.3199 -0.05687 0.26241 0.42803 0.032934 -0.1314 -0.0455 0.60005 -0.82612 0.076134 -0.43528 0.095757 0.42195 0.60469 -0.20717 -0.31384 0.18421 -0.012561 -0.46994 0.10075 -0.2034 -0.36273 -0.16515 0.14783 0.1338 -0.17511 -0.032302 0.22586 0.050548 -0.0024727 0.27707 -0.49875 -0.25521 -0.23248 -0.19873 0.16685 0.40053 -0.50673 0.18376 0.56924 -0.3359 -0.29026 -0.15484 -0.16117 -0.056117 0.26797 0.29913 0.68361 -0.37279 0.61915 0.50661 0.94249 0.91482 -0.2823 -0.86026 -0.34632 -0.4525 0.81523 1.2493 0.11164 0.12833 -0.087718 -0.041747 0.029346 0.0089753 -0.072978 0.16446 0.46941 0.4869 0.30681 0.04882 -0.4332 0.65851 -0.091676 -0.18617 0.56319 0.46239 0.13116 0.02299 0.59669 0.33362 0.47482 -0.50555 0.12522 0.31491 0.054079 0.088834 0.25085 -0.15632 -0.3131 -0.26186 -0.43531 0.34841 -0.34615 0.66567 -0.24354 0.3043 0.22361 -0.50343 0.16991 0.027629 0.97683 -0.66384 -0.49462 0.4799 0.059245 0.99363 0.15775 0.14269 -0.023264 -0.64717 0.014381 -0.11516
tripoli 0.3646 -0.34681 0.22266 -0.49007 0.077963 0.13252 -0.10941 0.040855 -0.034601 -0.547 -0.26074 -0.14136 0.35685 -0.22186 0.10102 0.43497 0.22718 -0.17835 0.16407 -0.88917 0.2196 -0.4918 -0.050248 0.1038 0.54874 -0.15115 -0.32729 -0.68155 -0.14392 -0.19559 -0.72726 -0.17165 -0.63944 0.47942 0.75057 -0.67676 0.10991 0.55643 -0.38832 -0.17731 -0.080338 0.24477 -0.30056 0.082859 -0.27911 0.751 -0.015648 0.38677 0.43103 0.42609 -0.38146 -0.10472 0.0015166 -0.27585 -0.15485 0.30187 0.010475 0.34513 0.63114 0.26069 -0.25221 -0.15718 0.04298 -0.25793 -0.030453 -0.084461 0.30978 0.12521 0.13348 -0.37333 0.90386 -0.7805 0.18936 -0.36933 0.20729 0.4691 0.068705 -0.23128 -0.0553 0.50259 -0.15123 -0.64514 0.14896 0.47793 0.39468 -0.49945 -0.2036 -0.17863 0.31423 0.13982 -0.59797 0.0071552 0.41918 0.15586 0.041646 0.20355 0.091121 0.10654 -0.66599 0.18677 -0.025895 -0.17836 0.13239 0.55649 -0.24974 -0.16639 0.2193 -0.091766 0.26464 -0.25031 0.35347 -0.31079 -0.07941 -0.51971 -0.24174 -0.048915 -0.31715 -0.12486 0.4072 0.054485 0.004268 -0.10736 0.32692 -0.043923 0.099654 0.31103 0.010468 -0.65191 0.3541 -0.37113 -0.058301 0.26402 0.68332 0.29678 0.18098 -0.26614 0.092705 -0.07722 -0.05706 -0.75059 -0.28912 -0.47598 -0.27406 0.1103 0.14365 -0.096252 -0.26112 0.10077 -1.082 0.69967 -0.040266 -0.30993 -0.1053 0.86237 -0.10104 0.53092 0.66985 -0.21444 0.31236 -0.37876 -0.18118 0.032286 -0.34662 0.35358 -0.30021 -0.45892 0.15642 -0.40966 0.10303 0.065952 -0.25094 -0.31131 0.54004 -0.31966 -0.20309 0.015564 -0.30548 -0.64553 -0.6883 0.27656 0.17389 0.2371 0.086395 -0.042496 -0.45452 0.10636 -0.39672 0.37218 -0.61717 0.23319 -0.20294 -0.016327 0.053669 -0.61658 0.50322 -0.46312 -0.11858 0.25975 -0.42711 0.79427 0.30488 -0.5471 0.13656 0.35789 0.48982 -0.56648 -0.10404 -0.17421 0.16707 -0.063476 -0.07287 0.10032 -0.33805 0.094637 0.10043 -0.013348 0.11099 -0.12598 -0.45918 -0.015371 0.82626 -0.17422 -0.070531 0.47262 -0.069817 -0.17713 0.52623 0.016838 0.29144 -0.42696 0.045576 -0.19327 0.33836 -0.047624 0.49715 0.15502 -0.27013 0.37814 0.71337 -0.32674 -0.046003 -0.78269 -0.074149 -0.32141 0.65791 0.2913 -0.10794 -0.11951 0.10775 -0.4566 -0.44515 0.17877 0.022324 0.38682 0.29749 -0.1554 -0.72922 -0.11173 -0.63454 0.23626 0.081899 0.067771 -0.70194 0.40828 0.54341 0.17409 -0.20578 -0.40944 -0.30523 -0.4533 -0.25947 -0.087879 0.23361 0.45306 0.0034946 -0.61401 -0.50752 0.30422 0.43187 0.21906 -0.049813 0.76129 0.2497 -0.47643 -0.024284 0.17588 0.070226 0.24379 0.010301 -0.26723 -0.12655 -0.68482 0.31143 0.19328 -0.54122 0.3037 0.29834 0.39689 -0.6628 -0.32464
tbilisi 0.81289 0.099763 0.37545 0.067269 -0.43845 -0.32286 -0.25262 -0.33508 0.6333 -0.54497 -0.27855 0.18095 -0.09873 0.15739 0.48677 0.5498 -0.59166 0.5681 0.060943 0.33201 0.46093 -0.68417 0.26621 -0.36339 0.31847 -0.088961 0.40103 0.18091 -0.71156 0.36917 0.17923 -0.14611 -0.27226 0.36074 0.391 -0.53089 -0.38701 0.60527 -0.78503 -0.018024 -0.44351 -0.17958 -0.9868 -0.23094 -0.398 -0.23508 -0.064251 0.19453 -0.46073 0.48796 0.63082 -0.50086 -0.39635 -0.60453 0.18871 0.1728 -0.13611 0.16624 0.015136 -0.29873 -0.47601 0.20055 0.62137 0.2724 -1.1735 0.036994 0.19467 0.15797 0.20458 -1.2209 0.39534 -0.49582 -0.5476 -0.15653 0.082904 0.096331 0.045464 -0.12317 0.07381 0.077012 0.62321 -0.49363 0.086711 -0.30377 0.031241 0.001331 -0.20186 -0.45687 0.80696 0.20968 0.22728 0.086631 -0.2139 0.33944 -0.023764 0.69865 0.20475 0.23252 -0.55693 0.63616 -0.051162 0.16507 0.42783 0.71118 0.35422 0.41666 0.24276 0.046475 -0.28521 -0.10923 0.4183 0.50474 0.11663 0.58458 -0.51027 -0.12367 0.0068665 -0.20389 -0.23248 -0.188 0.62356 -0.20901 0.67039 0.096402 -0.10833 -0.3511 0.16555 -0.3982 -0.18577 -0.018159 -0.82786 -0.29615 -0.10351 0.12825 0.3333 0.04861 0.18383 0.16645 -0.48685 -0.22038 0.11107 -0.17883 -0.057108 -0.36222 0.12445 -0.31177 -0.45183 0.070827 -0.83146 0.3083 0.40732 0.33618 0.61892 0.3385 0.050594 0.42292 0.43423 -0.026441 0.49062 0.18373 -0.49364 0.092175 0.2232 -0.51014 -0.27086 -0.30198 -0.48471 -0.24217 0.36643 -0.14893 0.24832 -0.64981 0.19879 -0.43333 0.12563 0.37522 -0.44864 -0.26111 -0.32906 0.1246 -0.60863 -0.1802 -0.30199 -0.49928 0.34983 0.68766 -0.024545 0.099357 -0.28404 -0.5793 -0.25441 -0.10995 -0.21061 -0.86227 0.25019 -0.11954 -0.061206 -0.17066 0.56429 0.43816 0.43644 -0.54219 0.40113 -0.26841 -0.44769 -0.98423 -0.057418 -0.34216 -0.2574 0.16344 0.71332 0.417 -0.28081 0.69336 0.056541 0.42733 0.63015 0.2837 -0.91392 0.11994 0.87835 0.066241 0.059743 0.0076283 -0.20778 -0.45342 0.19953 -0.089395 -0.33123 -0.46625 -0.083213 -0.40245 0.82664 -0.82038 0.18048 -0.33439 0.3576 -0.32147 -0.22086 0.1872 -0.13412 -0.51507 -0.087738 0.041029 0.16724 -0.085247 0.44445 0.19715 -0.19411 -0.26511 0.46185 0.24342 0.12249 -0.50614 0.17096 -0.011418 -0.39174 -0.22553 0.91506 -0.30935 0.10489 0.4831 -0.56874 0.2672 0.55179 -0.27612 0.14682 -0.65238 0.25959 0.18541 0.59378 0.31367 -0.28099 -0.71481 0.15776 -0.17117 -0.36387 -0.0016749 0.46113 -0.038401 0.33964 -0.16521 0.29331 -0.65465 -0.23583 -0.22731 -0.3838 0.28033 -0.42104 -0.080076 0.076509 -0.61713 0.92892 -0.354 0.26619 0.19994 -0.058437 -0.48903 0.25973 0.37971
winnipeg -0.12446 0.31994 -0.078285 -0.59476 -0.053543 -0.033982 0.1065 0.11865 -0.47526 0.81408 0.37447 -0.22727 0.0091702 0.50595 0.095832 0.65926 -0.027159 0.23742 -0.021883 0.36621 -0.66433 -0.67853 0.01713 0.3678 0.60074 0.1072 0.084635 0.037599 -0.69276 -0.085787 0.13617 -0.19417 0.39419 0.10215 -0.034753 -0.087053 -0.4542 0.96252 -0.082323 0.082857 -0.58551 0.026852 0.205 0.74807 0.31096 0.71718 -0.073286 0.366 0.1949 -0.20734 -0.31919 0.2433 -0.32792 -0.053191 0.29776 -0.26066 0.18387 0.028566 0.34057 0.097567 -0.77801 0.39596 -0.23696 -0.42164 0.4782 -0.44222 -0.34472 0.2664 0.39542 0.089902 0.94172 -0.084691 -0.16087 0.48374 -0.58138 0.018446 -0.055931 0.24343 0.19674 0.074567 -0.50343 -0.039748 0.25149 -0.42982 -0.28652 -0.42947 -0.022926 -0.0079949 -0.78798 0.31485 0.81319 0.10178 0.86902 0.1076 0.28931 0.49817 0.41574 -0.079174 -0.0010561 -0.0019454 0.39393 -0.12219 -0.31115 0.33538 -0.38613 0.3542 0.017875 0.10208 -0.1598 0.90228 -0.21423 -0.45917 -0.38717 -0.20331 -0.43428 -0.72158 0.53857 0.25731 -0.0007471 0.059286 -0.22291 0.093426 0.54677 0.24427 0.26269 -0.70498 0.41871 0.33123 -0.20784 -0.59991 -0.37834 -0.71796 0.17131 -0.64194 0.6089 -0.14794 -0.08511 -0.15162 -0.020856 0.35972 -0.087857 0.66571 -0.55065 0.63806 -0.01096 -0.026746 0.78725 0.34285 -0.38203 -0.11265 0.86048 -0.10634 -0.17417 0.17765 0.17851 -0.42057 -0.041359 -0.15897 0.088495 -0.37726 -0.40235 0.076012 -0.6029 -0.19755 -0.51273 0.16315 0.24877 0.16395 -0.080321 0.2733 -0.73193 0.21573 -0.61954 -0.0018017 -0.14678 -0.33846 0.025373 -0.12152 -0.23208 0.053887 -0.3642 0.21709 0.1792 0.25415 0.039784 0.95199 -0.070539 -0.2507 -0.2066 -0.35366 -0.37017 0.52884 -0.10658 -0.043954 -0.27734 -0.07638 0.34483 -0.041036 0.030014 0.42571 0.74071 -0.2921 -0.28459 -0.69488 -0.11985 -0.20945 0.1476 -0.070744 0.28646 0.34472 0.20742 0.45032 -0.28356 0.43605 -0.66086 0.36843 0.2711 -0.18004 -0.093965 -0.40292 0.29376 0.52408 -0.050296 -0.31101 0.93235 0.24344 -0.035139 -0.12926 0.79783 -0.026389 0.35258 0.56206 0.38346 -0.14565 -0.16415 -0.18223 0.51421 -0.39081 -0.56962 0.61205 -0.50085 0.15524 0.10431 0.16673 -0.00020984 -0.1142 0.0080539 -0.44762 0.32622 0.22295 0.22477 -0.20274 0.32302 0.097326 0.13807 0.10557 0.2005 0.15544 0.45679 -0.02111 -0.56256 -0.16068 0.090476 0.28534 -0.43629 0.20956 0.32084 0.3926 -0.56612 0.17033 -0.49635 -0.36062 0.49208 0.22426 0.087422 -0.35967 -0.33256 0.31127 0.20873 0.59935 0.046995 0.38449 -0.5272 -0.39163 -0.39299 0.54525 0.49189 0.58685 0.087098 -0.0081036 0.24253 0.33588 -0.60199 0.077535 0.54582 0.026724 -0.27117 0.00046463 0.30267 -0.03908
omaha -0.77019 -0.075153 -0.52697 0.17688 0.097479 0.46779 0.454 -0.1351 0.31646 0.11417 -0.18868 -0.0059785 -0.16522 0.2669 0.50593 0.48332 0.13795 0.70151 0.27008 0.098944 0.18476 -0.37641 -0.11085 -0.23323 0.12584 0.056221 -0.35566 0.47279 -0.54527 -0.32067 -0.066235 -0.01866 -0.51728 -0.13202 -0.16718 -0.43099 -0.046197 0.45148 0.093357 -0.35753 -0.063642 -0.066997 -0.17047 1.0733 0.26126 0.45784 0.48052 0.45529 -0.29169 0.010789 -0.59659 0.092974 -0.49386 0.39193 0.079063 -0.53549 0.1077 0.48794 0.47567 0.097192 -0.39725 -0.0471 0.52322 0.021715 0.13731 0.4244 -0.33865 0.36854 -0.4328 -0.30248 -0.26671 0.11225 -0.19862 0.38955 -0.74063 -0.28432 0.01621 0.61597 -0.12355 -0.83934 -0.24377 0.30705 0.49642 0.52168 -0.54139 -0.4921 -0.41857 -0.12464 -0.025623 0.21142 -0.035552 0.45717 0.47573 0.57337 0.17787 0.18733 -0.16865 0.04606 -0.31179 -0.023654 -0.37055 -0.071615 -0.3167 -0.07696 0.0055946 -0.22052 -0.38178 0.056848 0.65046 -0.34756 -0.057446 -0.30691 -0.25495 -0.087417 0.16771 0.14043 0.13973 -0.50611 0.22274 0.71515 1.039 0.28916 0.25908 -0.45089 -0.072605 -0.12859 0.19893 -0.34162 -0.27013 0.03928 0.5842 0.73913 0.10561 -0.4572 0.036997 -0.49332 -0.1314 -0.6931 0.64107 0.18002 -0.36554 0.68644 0.44628 0.41936 0.33962 0.20752 -0.036978 0.21639 -0.2391 0.10027 0.48248 -0.38399 -0.15372 -0.77624 -0.15297 0.15551 0.33855 0.03971 -0.011869 -0.3498 0.6936 0.55246 -0.23006 0.27406 0.44901 0.11191 0.65901 0.62792 -0.1099 0.29141 -0.3382 -0.065174 -0.27128 -0.5859 0.43202 -0.32304 0.025157 -0.31863 0.12414 0.51496 0.32423 0.65798 -0.11062 0.28123 -0.067226 0.24346 -0.2107 -0.43755 0.0084241 -0.46212 -0.80992 0.073714 0.22421 0.077194 0.10953 0.053054 0.81936 -0.5416 -0.23094 -0.071277 0.76402 0.053462 -0.29976 0.19271 -0.033645 -0.12158 0.53569 -0.51776 0.82434 0.37543 0.08367 0.42885 -0.73413 0.050975 0.061322 0.31409 -0.52185 -0.23443 -0.42929 -0.41507 0.24486 -0.44567 -0.19209 -1.1432 -0.43358 0.06605 -0.40207 -0.16748 -0.034685 0.38242 0.15776 0.46763 -0.29498 0.30021 0.10357 -0.45662 0.20409 -0.38207 0.0091533 0.36219 -0.58909 -0.25694 -0.2755 -0.22084 -0.25004 -0.44082 -0.35131 -0.087264 0.4002 -0.090958 0.063149 -0.08343 -0.24974 0.24368 -0.11954 -0.26717 0.019067 0.43877 0.40757 -0.30577 -0.24083 0.47956 0.10443 -0.26285 -0.25435 -0.69356 -0.0018307 -0.52015 -0.16162 0.60521 -1.2609 0.3016 0.10978 -0.047201 0.30252 -0.35206 -0.11759 0.52464 -0.45871 0.16019 -0.25925 -0.562 -0.41294 0.19998 -0.44275 0.56877 0.040186 0.16683 -0.43794 -0.093068 0.41623 -0.42247 -0.53753 -0.22694 -0.16883 -0.31324 0.31037 0.29777 0.13094 -0.15877
abuja 0.79297 0.32236 -0.32173 0.053213 -0.23524 0.29328 0.10887 0.6037 -0.15344 -0.57998 -0.43279 0.26102 -0.1029 -0.22573 -0.45072 0.31004 -0.1506 0.4241 0.001503 -0.98055 -0.31801 0.30499 -0.07957 0.096648 0.27261 -0.037272 0.26868 -0.40266 -0.13279 0.42126 0.68879 -0.3663 0.27085 1.0583 0.20881 -0.2708 -0.34873 0.89737 -0.25285 -0.86411 -0.74845 -0.2511 -0.67282 0.091725 0.089738 0.13714 -0.0072367 0.39379 0.14701 -0.15847 0.13465 -0.097795 -0.29235 0.59619 0.053182 0.051568 -0.17066 0.60988 0.092309 0.067618 -0.24924 0.10629 -0.0071396 -0.078896 -0.26112 0.097107 0.38342 0.10699 -0.13035 -0.23631 0.4301 -0.16252 0.059888 -0.60542 0.075708 0.17916 0.44365 -0.84451 0.8789 0.84686 0.34859 -0.37351 0.088848 0.63831 -0.32066 -0.0028909 0.13433 -0.44315 0.33969 0.46573 -1.0554 0.1166 0.042924 -0.28252 -0.040644 -0.81986 0.38982 0.22617 -0.56167 0.23807 0.040036 -0.32391 0.55023 0.73522 -0.28265 0.2389 -0.15517 -0.44329 -0.06681 -0.50965 -0.18164 -0.2902 -0.69963 0.80588 0.34802 -0.039629 0.11599 0.22567 0.91032 -0.30758 -0.086577 -0.6921 0.51083 -0.017592 0.20113 -0.90321 -0.22909 -0.47083 -0.35242 0.058488 0.0010673 -0.29066 0.035432 -0.22099 -0.24669 0.26937 0.097046 0.073509 -0.034044 -0.098772 -1.1206 0.040842 0.0034621 0.41354 -0.70886 0.057058 0.67677 0.42733 -0.46509 0.32871 0.19734 -0.19422 0.72556 0.87554 -0.072981 -0.31709 0.16465 -0.040928 0.24641 -0.038991 -0.12961 0.18499 -0.74747 0.20306 -0.42812 -0.42918 0.38648 -0.17186 -0.23574 -0.4658 -0.96256 -0.19371 0.13039 -0.37682 0.088455 0.069187 0.45141 0.1664 -0.18521 0.50215 0.23679 0.24481 -0.20119 -0.29015 -0.21166 0.076794 0.037401 0.34682 -0.18426 0.45268 0.60118 -0.4946 0.47649 -0.07215 0.081497 0.030277 0.65264 0.6013 -0.52208 -0.039702 -0.33806 -0.50212 0.38123 0.17987 -0.18194 -0.4381 0.21686 -0.41876 0.48459 -0.20664 0.44218 -0.38563 0.05425 0.44676 1.5826e-06 0.60875 -0.18485 0.075858 0.19224 -0.55255 0.23352 -0.2464 0.30357 0.708 -0.31142 -0.60172 -0.093247 0.020352 0.41294 0.046959 0.2674 -0.022066 0.29409 -0.25837 0.70498 0.68136 -0.38462 0.095522 0.18662 -0.66214 0.13983 0.37929 -0.97638 0.64301 0.50163 0.47169 -0.51233 -0.068595 -0.083368 -0.53113 0.28015 0.45016 0.026141 -0.044037 -0.11056 0.31716 0.18523 -0.50971 -0.46179 0.42546 0.069851 0.30848 0.18247 0.080277 0.20993 -0.30774 0.26845 0.067425 0.051486 -0.3218 0.32967 -0.10051 -0.15489 0.38758 0.5193 -0.087599 -0.60515 0.42469 0.44247 0.10067 -0.054468 -0.49099 -0.51498 -0.070867 -0.55554 -0.18627 -0.63268 -0.27061 -0.83768 -0.536 -0.010111 -0.35426 0.375 -0.47979 0.082469 0.28583 -0.4812 -0.30139 -0.1872 0.11929
phnom -0.14057 -0.19783 -0.11433 -0.27173 -0.39217 -0.53959 0.61792 0.17025 0.49949 -0.35604 -0.065472 -5.8744e-05 -0.57138 0.28458 -0.42747 0.07296 0.6879 0.72103 0.41355 -0.85165 -0.29743 -0.39162 0.96154 0.037582 0.13691 0.30852 0.084341 -0.30323 0.54418 0.25906 0.2977 -0.66613 -0.12481 0.62157 0.76842 -0.6258 -0.27978 -0.37365 -0.57552 -0.42048 0.32329 -0.20977 -0.19155 -0.079884 0.35711 -0.25478 0.39414 0.44971 -0.66334 0.20791 -0.22373 -0.65985 0.29119 -0.14978 0.078204 0.016895 -0.078794 0.37314 -0.012375 -0.26622 -0.022006 0.14201 -0.24173 0.2122 -0.22016 0.56008 0.25887 0.25632 -0.50533 -0.13799 -0.28102 0.34322 0.48311 -0.19344 0.019892 0.13624 1.0026 -0.7376 0.49103 -0.71063 0.063421 -0.55625 0.1272 -0.26461 -0.29858 -1.1026 -0.26184 -0.4342 0.18891 -0.30603 -0.004905 -0.34345 -0.18737 0.72283 -0.049919 0.0103 0.64881 -0.2839 -0.2381 0.48829 -0.17753 -0.086529 0.075402 0.37808 0.17059 -0.37354 -0.23673 -0.40042 -0.030424 0.7594 -0.31003 -0.13745 -0.19342 -0.27835 0.43587 0.27635 -0.2026 -0.0033656 -0.14979 -0.47103 0.41248 -0.41695 -0.38206 -0.40764 -0.8349 -0.36786 0.45829 -0.24182 -0.3801 0.40872 0.17047 0.25022 0.27415 0.13447 -0.12625 -0.49289 -0.0062297 -0.11219 0.3154 0.037587 -0.51245 0.019112 -0.19302 -0.29293 -0.37963 -0.63723 0.76686 0.88207 -0.56363 -0.17775 0.23895 0.10789 -0.29388 0.45865 0.074551 0.38617 0.1471 -0.26324 0.40413 0.12495 -0.45396 -0.12301 0.24642 -0.61658 0.087474 -0.17124 0.5222 -0.12336 -0.36096 -0.1038 -0.99256 -0.11627 0.035234 -0.67256 -0.85576 0.02038 0.055288 0.54739 -0.43111 0.4496 -0.55535 -0.068364 -0.17198 0.52218 0.097105 0.034304 -0.13172 1.0696 0.005774 -0.47803 -0.58331 -0.086582 -0.88983 0.12667 0.51413 -0.12785 -0.010784 0.19791 -0.33147 0.10541 -0.073255 -0.059231 -0.62379 -0.30449 -0.76578 0.11328 0.14797 -0.74547 0.092976 0.060594 0.071538 -0.11729 0.14275 -0.5519 -0.0013807 0.41946 -0.72126 -0.13826 -0.51719 0.17011 0.44919 -0.49904 0.13371 -0.016957 -0.54934 -0.043494 -0.58331 0.093575 -0.1867 -0.32862 0.18933 -0.41352 -0.093736 -0.33684 0.12985 0.8842 0.4035 -0.50874 0.41104 0.46932 0.39705 -0.085143 0.07332 0.12642 0.31091 0.059586 0.63818 0.36622 -0.0090787 0.11974 0.24996 -0.044165 -0.16235 0.11526 0.1293 0.13668 0.38649 0.44601 -0.053701 -0.72852 0.023722 0.11978 -0.049064 -0.19946 0.0030489 -0.28661 -0.10444 -0.37589 -0.13809 0.21227 -0.2337 0.49627 0.091638 -0.010196 0.50019 -0.0064699 -0.66298 -0.33612 0.32598 -0.037224 0.2641 -0.46445 -0.11407 -0.51884 -0.82587 0.10132 0.64801 0.1148 -0.80716 0.042033 0.28348 0.097698 0.091548 -0.49784 0.23654 0.19184 -0.47231 0.17542 -0.27835 0.034108
tucson -0.29251 0.20785 -0.30526 0.065711 -0.39186 -0.1011 -0.61288 0.14578 -0.25102 0.2508 0.040022 0.070567 -0.20966 0.30358 0.26722 -0.44491 0.043704 -0.073328 0.52551 0.18396 -0.42813 -0.65801 -0.098808 -0.19831 0.44559 -0.40009 0.10149 0.32633 -0.5204 -0.70751 0.60142 0.15135 -0.056668 -0.51299 0.015163 -0.67174 -0.010634 -0.81327 -0.02937 0.057393 0.77454 -0.45552 0.44107 0.55249 0.050613 -0.18186 0.3071 0.32356 -0.21413 -0.51872 -0.24949 -0.23613 -0.32896 0.40843 -0.027309 -0.27962 0.12393 -0.015065 0.3307 -0.10863 -0.20892 -0.076389 0.43475 0.2895 0.067629 -0.077584 -0.48203 0.12621 0.1971 -0.55096 -0.29736 -0.047039 0.29547 0.56217 -0.14076 0.30096 -0.37294 0.083672 0.24499 -0.38243 -0.84472 -0.1182 -0.10162 0.066759 -0.17563 -0.31423 -0.5061 0.10379 0.16288 0.13975 0.37935 0.00047307 0.13747 0.20618 -0.086551 -0.10215 0.1457 -0.31498 -0.64847 -0.27398 0.26703 -0.27973 -0.096151 0.036345 -0.067455 -0.36846 -0.16243 0.79179 -0.079229 0.38139 -0.21232 -0.58351 -0.058851 -0.21669 -0.18295 0.31854 0.13865 -0.36678 0.24634 0.97678 0.82469 0.046376 -0.25112 -0.042464 -0.16405 -0.25672 0.60829 0.094071 -0.4934 -0.15377 0.65818 -0.18873 -0.16078 0.29708 -0.6406 -0.48132 -0.57752 -0.024907 -0.23759 -0.17165 0.065625 0.09202 -0.09128 0.31677 -0.39457 -0.1212 0.20121 -0.074356 -0.062104 0.32005 0.86717 -0.086575 0.096751 0.0003028 0.16648 -0.073008 0.22317 0.003893 -0.2423 0.29804 0.2828 -0.84347 -0.49011 -0.0028914 0.58012 -0.52032 -0.047904 -0.25089 0.14443 0.23768 -0.41987 0.30887 -0.31207 0.52187 -0.41582 -0.11026 0.011678 -0.074758 0.37069 -0.0085582 0.30108 0.32086 -0.084006 0.54448 -0.2025 0.18503 0.01102 -0.14437 -0.010353 -0.35853 -0.51264 0.37816 0.12344 0.26057 -0.32099 -0.0018759 0.14308 -0.35213 -0.099301 0.12616 0.18275 -0.21603 -0.28249 -0.1929 -0.13799 0.096409 0.27407 0.27193 0.33878 0.05372 0.21038 0.56022 -0.53122 -0.47207 -0.21343 0.28832 -0.57169 0.24518 -0.61202 0.018664 0.14889 -0.48292 -0.33214 -0.21075 -0.31025 0.26163 -0.43977 -0.15958 0.19722 -0.1001 0.075363 -0.1306 0.3368 -0.60224 0.32257 -0.1777 0.1906 -0.24702 0.1299 -0.057303 -0.27385 0.62757 -0.39234 -0.26314 0.096815 -0.63881 -0.090736 -0.3436 -0.026845 0.3961 -0.57464 0.020845 -0.13615 -0.015557 0.26317 0.0012657 0.82497 -0.11013 0.14406 -0.09852 -0.055042 -0.15382 0.35594 -0.69773 -0.17814 -0.32883 0.84724 0.51807 0.18552 -0.21839 -0.57641 -0.1673 0.22079 -0.20503 0.39894 -0.49469 -0.26739 0.60805 -0.16404 0.89001 0.17798 0.083978 -0.14584 0.82647 -0.49904 -0.20523 0.045528 -0.2703 0.12737 -0.032435 0.48464 0.10951 -0.36849 0.22736 0.12336 0.33058 0.78808 -0.075192 0.26559 0.28566
kathmandu -0.040561 -0.6153 0.19254 -0.194 0.16789 -0.7362 0.69012 0.29842 -0.2844 -0.5027 -0.42858 -0.50247 -0.041549 0.186 0.13147 -0.29896 -0.030302 0.95141 -0.12543 -0.052025 -0.27245 -0.46563 0.1679 0.27544 0.18182 0.23359 -0.58192 0.27932 -0.10087 -0.12247 0.67696 -0.052889 0.16926 0.62985 0.55887 -1.0674 -0.68667 -0.071211 -0.65375 -0.15847 -0.1742 -0.17902 0.2116 -0.10974 -0.20143 -0.022781 0.40789 0.16643 -0.15007 -0.4655 0.84313 -1.112 0.22268 0.6391 0.33332 -0.32744 0.16394 0.26622 -0.40392 0.02023 -0.4463 -0.18762 -0.3635 -0.17361 0.20471 0.04781 0.39766 0.034406 -0.56584 -0.33239 -0.074327 -0.33022 -0.037971 -0.10228 0.54503 0.38233 0.54623 -0.55179 0.4988 0.62247 0.29305 -0.59673 -0.23215 0.058435 -0.22638 -0.52094 -0.10737 -0.20021 0.60469 0.57501 -0.029262 -0.55645 0.68855 0.48573 0.15311 0.28514 0.83065 -0.2822 -0.43807 0.22598 0.28318 -0.29857 0.095962 0.1904 -0.12079 0.087899 0.59934 -0.073252 0.41103 0.6667 -0.39099 -0.4493 -0.13854 -0.10824 0.82469 0.10063 0.092764 -0.91878 -0.23781 -0.83912 0.019412 -0.41299 0.067037 -0.049877 -0.70969 -0.10787 0.093866 -0.073466 -0.42435 -0.10322 0.012181 0.12578 0.52375 0.14371 0.02353 -0.030192 -0.34261 0.014773 -0.16045 0.20156 -0.57014 0.85532 -0.010112 -0.63382 -0.61579 0.017169 0.78938 0.6236 -0.60032 0.53415 0.3071 0.27406 0.5146 0.93468 0.30344 0.086175 0.014982 -0.133 0.5419 -0.23094 -0.4263 0.23274 -0.50218 -0.77039 0.0012113 -0.053689 0.4974 -0.29804 -0.004493 0.41708 -0.81608 -0.21149 0.23196 -0.30075 -0.61259 0.052128 0.092677 0.32795 -0.45202 0.11377 -0.28381 -0.3627 -0.76381 -0.12912 0.065255 -0.19204 0.15042 0.51637 -0.092748 -0.3504 -0.1259 0.31081 -0.20529 0.14026 -0.046975 0.55219 -0.13353 -0.15578 0.28374 0.75391 -0.35983 -0.49227 -0.26372 0.47161 -0.41036 -0.64187 -0.18136 -0.404 0.0089856 0.15682 -0.006571 -0.094518 -0.56146 -0.74772 -0.26381 -0.56185 -0.42887 -0.053898 -0.3473 0.26388 0.15314 -0.14077 -0.26006 0.56375 -0.13537 0.31702 0.14323 0.25494 0.040498 -0.14888 0.1355 0.22598 0.1122 -0.69658 0.93174 0.88721 0.40189 -0.35611 0.67307 -0.49564 0.10967 0.4513 -0.45519 0.28466 0.15467 0.53232 -0.039702 0.51438 -0.20817 0.55158 -0.096257 -0.1392 0.20105 -0.53623 -0.1987 0.18175 0.40516 -0.37512 -0.027872 -0.46854 0.53849 -0.29552 0.32267 -0.34996 0.063285 0.036611 0.78818 0.2371 0.57179 0.23996 0.16946 0.1074 0.12079 0.14821 0.59829 0.0021294 -0.57734 -0.47247 0.17144 -0.041308 0.31234 -0.75109 0.24551 -0.14355 -0.72532 -0.1088 0.038815 0.015784 -0.4633 -0.033394 -0.027834 -0.3453 -0.44108 -0.046699 -0.088201 0.75451 -0.33424 -0.13757 -0.4429 0.30784
penh -0.041133 -0.32957 -0.14658 -0.29562 -0.32281 -0.38466 0.57662 0.13459 0.42512 -0.4427 -0.08495 -0.0035303 -0.4078 0.33164 -0.31879 0.076423 0.74778 0.69366 0.45224 -0.88937 -0.35824 -0.29807 0.88594 0.099424 0.071694 0.35147 0.10738 -0.21047 0.46302 0.13859 0.21952 -0.58743 -0.10498 0.7526 0.72659 -0.6177 -0.20553 -0.30983 -0.4749 -0.45804 0.35724 -0.13805 -0.080881 -0.049509 0.49714 -0.29219 0.42666 0.39017 -0.65834 0.29114 -0.074705 -0.55177 0.25752 0.022453 0.074705 -0.15312 -0.072214 0.40695 -0.0413 -0.55052 0.021209 0.26784 -0.37599 -0.0034872 -0.21713 0.42803 0.14569 0.29745 -0.69573 -0.15163 -0.16283 0.2061 0.45563 -0.28243 0.1648 0.070029 0.92228 -0.47219 0.52155 -0.60538 -0.02747 -0.55081 0.13822 -0.16497 -0.35715 -1.0426 -0.36038 -0.45138 0.28074 -0.4378 -0.087598 -0.3635 -0.22871 0.67804 -0.073885 0.055158 0.51478 -0.33434 -0.15878 0.48463 -0.09172 -0.24302 0.0074074 0.33 0.25125 -0.30786 -0.29609 -0.5006 -0.11873 0.62076 -0.3726 -0.16246 -0.26724 -0.26405 0.33623 0.30387 -0.16626 -0.14215 -0.079102 -0.49753 0.46734 -0.48805 -0.29849 -0.40536 -0.74389 -0.40057 0.48347 -0.35547 -0.35119 0.59832 0.31775 0.36365 0.22444 0.24494 -0.010407 -0.42253 0.032289 -0.10263 0.32341 0.1455 -0.57579 0.17271 -0.19145 -0.2664 -0.34455 -0.63628 0.80403 0.93815 -0.61567 -0.17111 0.24014 0.2604 -0.36099 0.4911 0.02394 0.42818 -0.010747 -0.30301 0.41492 0.1118 -0.31164 0.01408 0.15636 -0.59945 0.095769 -0.23436 0.53494 -0.026171 -0.43374 0.067536 -0.90067 -0.026249 -0.087216 -0.62643 -0.79304 -0.093022 -0.0041212 0.50304 -0.45572 0.5257 -0.56689 -0.060699 -0.22769 0.63736 0.040704 0.087533 -0.15903 0.92648 -0.021165 -0.39634 -0.49711 -0.19615 -0.9525 0.069165 0.44921 -0.023358 0.025622 0.27587 -0.36791 -0.0074183 -0.26087 0.047168 -0.60895 -0.3333 -0.76932 0.088474 0.28313 -0.76417 0.16547 -0.074915 0.1032 -0.20581 0.11403 -0.57345 0.15481 0.50194 -0.61251 -0.10358 -0.5129 0.14786 0.4845 -0.52434 0.20123 0.10506 -0.5317 0.040428 -0.52688 -0.087779 -0.20163 -0.15491 0.27005 -0.22011 -0.043341 -0.33638 -0.0097657 0.99777 0.40988 -0.51011 0.47546 0.52429 0.4897 -0.22588 0.0093983 0.10784 0.34922 0.0097114 0.60648 0.26104 0.072539 0.091607 0.3824 0.0082 -0.20251 0.25657 0.10393 0.090089 0.39247 0.50113 -0.12141 -0.81299 -0.11317 0.25477 -0.072975 -0.16604 0.085393 -0.3299 0.003702 -0.53385 -0.232 0.10527 -0.18092 0.47998 0.023375 -0.14373 0.59957 -0.075505 -0.68844 -0.26948 0.36788 0.028154 0.45173 -0.41058 -0.073181 -0.59827 -0.74797 0.055071 0.69681 0.10623 -0.84671 0.049546 0.29014 0.059161 0.041337 -0.43431 0.34809 -0.031764 -0.55618 -0.077923 -0.16162 0.14814
bangalore -0.32418 -0.26001 0.12312 -0.0054284 -0.098401 -0.18685 0.45391 0.10028 -0.016136 -0.080527 0.95314 -0.35294 0.014627 -0.12345 0.76632 0.28643 -0.94754 0.32954 -0.067953 -0.19495 -0.51002 -0.59027 0.28937 0.19959 -0.5841 0.67099 0.12686 0.2223 -0.40873 0.080834 0.36133 -0.10907 0.0075691 0.41769 0.27762 -0.4356 -0.011718 0.59841 -0.9026 -0.16147 0.3947 -0.314 -0.044829 0.029447 -0.060661 -0.31631 0.041092 0.49821 0.10032 -0.68525 0.69365 -0.3872 -0.19298 0.38892 0.52556 -0.12294 0.53118 0.31133 0.42501 0.23282 -0.37809 -0.64062 0.24235 -0.65124 0.68678 -0.2452 0.38286 -0.3896 -0.60115 -0.28401 0.07097 -0.26327 0.69105 -0.27999 0.57482 0.33648 -0.097963 -0.32803 0.036098 0.32321 0.26761 0.39142 -0.18994 -0.22895 -0.35677 0.30506 0.10354 -0.64319 1.0463 0.2514 0.26995 0.020398 0.9578 -0.20862 0.40638 0.08408 -0.051668 0.28243 -0.1959 -0.68537 0.49034 -0.0039376 -0.19731 0.14678 0.07909 -0.33675 0.35257 -0.23428 -0.28356 0.18691 0.14539 -1.5196 -0.33967 -0.31269 0.38378 -0.46804 0.10294 -0.25214 -0.0057934 0.041059 0.024718 -0.12713 0.44743 -0.34536 -0.029005 0.079542 -0.039158 -0.39712 -0.32407 0.38017 0.31194 -0.33093 0.38866 0.090718 -0.30572 -0.043228 0.55469 -0.2448 0.45611 0.12639 0.054387 0.17992 0.05301 -0.21596 -0.14651 -0.076742 0.40646 0.51575 -0.50436 0.92103 0.69123 -0.19507 -0.065534 0.55031 0.01168 -0.020846 -0.15485 0.10482 0.4375 -0.51894 -0.30075 0.7331 -0.21992 -0.3333 0.086766 -0.33787 0.34765 0.26651 0.29367 0.71618 -0.8659 -0.57575 -0.0058644 -0.32817 -0.41286 0.39342 0.11486 -0.092268 -0.20383 -0.17275 0.30188 -0.21022 -0.41112 0.53447 -0.4068 0.11341 0.25037 0.44468 0.12102 -0.94383 0.45558 -0.16799 0.24125 0.15792 -0.21191 0.024285 0.43447 -0.31205 0.63772 -0.09856 0.57448 -0.57796 -0.29114 0.083745 -0.064214 -0.59774 0.38523 -0.087329 -0.27448 -0.569 0.11433 0.66625 0.094929 -0.26054 0.12478 -0.63297 -0.68431 -0.2133 0.085035 -0.31647 -0.35727 0.54929 -0.35152 0.0061461 0.026907 -0.71405 -0.40478 -0.64651 0.16047 0.2598 -0.037893 0.38106 -0.10541 -0.31327 0.3069 0.20574 0.60899 0.69519 -0.10918 0.0839 0.026011 -0.18567 -0.50855 0.50999 -0.47414 0.5437 -0.23053 -0.18858 0.069664 -0.21808 0.14619 0.012821 -0.10936 0.18595 -0.23626 -0.22496 0.59615 0.055159 0.22061 -0.033344 0.88272 -0.65689 0.025282 0.38544 0.16118 -0.077329 0.025809 0.092283 0.5745 0.36917 -0.10224 0.12375 0.1453 0.24976 0.099567 -0.49808 -0.11625 -0.17234 -0.45784 0.24583 -0.23731 -0.40908 0.08442 0.45342 -0.58811 -0.22054 0.028984 -0.12146 -0.42265 -0.19102 0.88158 0.11265 -0.45262 0.11997 0.21572 0.62195 -0.33454 -0.31298 -0.16919 0.44156
mai -0.1004 -0.032611 -0.046221 0.03519 -0.19599 -0.43976 0.28841 0.25986 -0.049238 0.022253 -0.18914 -0.34045 -0.48342 -0.11698 0.018364 0.069119 0.93905 0.21538 0.12025 -0.3602 -0.2866 0.080783 -0.2335 -0.47676 -0.25445 0.26701 0.06893 -0.35443 0.48369 -0.11052 -0.01586 -1.1182 0.46124 -0.50861 0.36263 0.034369 -0.28002 -0.17996 -0.62415 -0.40593 0.51984 -0.81975 -0.60191 0.33531 0.60681 0.057853 0.63136 0.52596 -0.56011 -0.0278 -0.22071 0.61615 0.15069 0.40784 0.18757 0.27417 0.13606 0.90269 -0.32969 0.057369 -0.36264 0.090984 -0.23268 0.20578 -0.25247 0.58721 -0.53717 0.37506 0.48613 -0.028853 -0.28973 -0.52873 0.23374 -0.37537 0.45818 0.51846 1.0455 -0.53998 0.0047172 -0.76692 0.30586 -0.14343 0.56288 0.009624 -0.5429 -0.12909 -0.59523 0.15933 -0.15841 -0.70832 -0.94618 -0.082392 0.69781 0.26564 0.99496 0.45729 0.18073 -0.18368 0.8335 0.65484 0.12778 -0.081581 -0.039523 -0.043045 -0.024677 -0.023429 0.022909 0.23974 -0.046436 0.25389 -0.31804 -0.71476 -0.0057192 0.19397 0.506 -0.2862 0.26667 -0.35061 0.73087 -0.23765 0.21868 0.3042 -0.21471 0.048955 -0.54577 -0.27595 -0.24274 0.2213 -0.28555 -0.85849 -0.60998 0.034519 -0.023142 -0.31434 0.1641 -1.0516 0.33651 -0.57328 0.51231 -0.55109 -0.15632 0.81886 -0.01381 -0.17878 0.059034 0.40704 -0.048697 -0.098826 -0.11722 0.20709 0.51717 0.33589 -0.21321 0.48857 0.06709 -0.2553 0.19081 -0.00053734 -0.050512 -0.17129 -0.30526 -0.46311 0.074179 -0.23733 -0.2814 -0.30905 0.23023 -0.23736 -0.082006 -0.61765 -0.58598 0.20836 -0.17237 0.36123 -0.88609 -0.50418 0.46596 -0.32974 -0.27645 0.43673 -0.60979 0.67358 -0.62252 -0.35094 -0.018771 0.32615 -0.16825 -0.034964 0.60151 -0.09836 0.28562 -0.43976 0.16114 0.47975 -0.70933 0.027635 -0.1191 0.56433 -0.72318 -0.28589 0.54233 -0.050687 -0.72335 -0.0017263 -0.32531 0.80153 -0.29737 -0.50732 0.081223 0.088073 -0.25739 -0.019382 0.7599 0.17009 0.51393 0.0018411 0.52407 -0.60714 -0.36321 -0.022505 0.44646 0.086718 -0.35045 0.62739 -0.42851 0.27988 0.072813 -0.31071 -0.10096 -0.47028 0.19347 -0.03064 0.17012 -0.36881 0.41081 -0.41736 -0.16519 0.11103 0.14925 0.43991 0.24251 0.011795 -0.50167 0.14387 -0.22567 1.1145 0.15294 0.067824 0.039246 0.65219 -0.036071 -0.13891 -0.053818 0.29758 -0.1362 -0.2848 -0.25964 0.27978 -0.0030255 -0.85788 -0.1738 0.47067 -0.16381 -0.041414 -0.064627 -0.47579 -0.61408 0.018484 0.070743 0.020106 0.10369 0.38054 -0.21012 -0.34055 0.099759 0.12351 -0.38237 -0.31277 -0.38629 0.39002 -0.037488 -0.19479 -0.53374 -0.13474 -0.39961 -0.030948 0.040097 0.69671 0.30249 0.16174 0.033741 0.12028 0.16679 -0.60928 0.015766 0.27501 0.75323 -0.26598 -0.5021 0.61064
dar 0.54495 -0.43134 -0.084379 -0.050456 -0.26734 0.095348 0.0075014 0.4021 -0.25634 -0.24175 0.66172 0.31741 -0.26466 -0.64071 0.65702 0.4969 -0.16332 0.11491 -0.17902 -0.13641 -1.2798 -0.37747 -0.2789 0.30348 0.022056 1.0483 0.0075706 -0.089255 0.24192 -0.2065 0.074381 0.17917 0.31379 0.48099 0.42903 -1.0536 -0.05142 -0.19612 -0.31756 -0.59824 -0.040078 0.063379 -0.47669 -0.25774 0.086024 0.10131 -0.2114 0.91417 0.2072 -0.056464 0.13371 -0.40175 -0.55264 0.62596 0.18333 0.89489 -0.80459 0.21689 -0.54325 0.052295 -0.53011 -0.0093688 -0.27284 0.0097544 -0.042566 0.85951 0.30675 -0.3874 -0.33009 0.14658 0.78443 -0.23102 0.70712 0.28272 0.11239 -0.19699 0.83392 -0.757 -0.25513 -0.066469 1.0281 0.15665 -0.27248 0.21471 -0.040444 -0.14874 0.043119 -0.061078 0.40342 0.3348 -0.59626 -0.67141 0.52797 -0.056835 0.2585 0.29649 0.21991 -0.33752 0.014154 0.65938 0.2578 -0.14883 0.66376 0.25037 -0.074068 0.11942 0.3499 0.50329 -0.14865 -0.31502 -0.27441 -0.53766 -0.66572 0.46674 0.58368 -0.063452 -0.37684 0.07212 0.22361 -0.2057 0.06129 -0.16079 0.15665 -0.76799 -0.51163 -0.21558 -0.015767 -0.28588 -0.06128 -0.23877 -0.32257 -0.060266 0.429 -0.44658 -0.31811 -0.27764 -0.14927 0.13691 -0.25249 -0.15777 -0.4753 -0.2325 0.13737 0.084414 -0.18081 0.077945 0.39513 0.053555 -0.47026 0.17587 0.24295 -0.079985 0.1088 -0.24792 -0.25408 0.17275 0.20153 -0.77421 0.76592 0.062551 -0.13629 0.017197 -0.72581 -0.42262 -0.35968 0.044951 -0.11738 -0.25142 0.11737 -0.095701 -0.39529 -0.025411 0.22222 -0.15312 0.54802 0.75113 -0.16012 -0.086846 0.10478 0.61416 0.47074 -0.010559 -0.87839 -0.60015 -0.074596 0.13249 0.046239 0.56383 0.11625 0.34795 0.42481 0.3385 -0.15128 0.089044 -0.049582 0.76725 -0.081713 -0.14165 -0.43921 0.33985 -0.0072455 -0.28267 0.24582 0.27035 -0.15515 -0.68609 0.16382 0.2152 0.071118 -0.061331 0.049108 0.079791 0.073355 -0.061463 0.00059459 0.10039 -0.18824 -0.049584 0.14491 -0.024594 0.096482 -0.093947 -0.21827 0.4598 0.51824 -0.0055118 0.26208 0.49736 0.040781 -0.49791 0.46789 0.264 0.010449 0.11303 0.6894 0.51563 -0.20551 -0.25051 0.19978 -0.11906 0.64158 0.17491 -0.15337 -0.16244 0.20952 0.61235 -0.41375 0.51024 0.34295 0.44526 0.76562 -0.71124 -0.070517 0.23908 -0.13534 0.61345 0.13779 -0.073469 0.11489 -0.32833 0.69952 -0.12404 -0.13725 0.077942 0.17781 -0.50178 0.73348 -0.037364 0.085613 0.13845 -0.32617 0.39887 0.27312 0.28535 0.25576 0.099312 0.076536 0.63644 0.27629 0.54135 -0.70024 0.42697 -0.21667 -0.35341 -0.34228 0.31315 0.19155 -0.074273 0.067727 0.43641 0.27459 0.11134 0.46664 -0.12907 -0.42139 0.81326 -0.005791 -0.33241 -0.29879 0.31383
pretoria -0.079069 0.27894 -0.57434 -0.15547 -0.14011 0.40434 0.21343 -0.12074 0.37418 -0.58898 -0.43492 -0.13739 -0.035315 -0.12529 -0.30411 0.055098 0.24919 0.069083 -0.033167 -0.57037 0.13432 -0.37869 0.77829 0.44296 -0.32398 0.68898 -0.30443 0.16997 -0.25759 0.066094 0.14896 -0.83417 -0.3588 1.0338 0.71181 -0.35382 -0.0414 1.1544 -0.74036 -0.76137 0.35931 0.20297 -0.89738 -0.17037 0.11249 0.20065 -0.37215 0.27877 0.076575 -0.76874 -0.26766 0.11154 -0.36753 0.44046 0.71258 0.70933 -0.078394 0.43138 -0.25163 0.049556 -0.11729 -0.21525 -0.10856 0.091825 0.3381 0.058925 0.54276 -0.16882 -0.2028 -0.065867 -0.10584 0.105 0.32295 -0.33312 -0.28559 -0.16802 0.25135 -0.48436 0.3298 -0.24756 0.45678 -0.33025 -0.1075 0.27317 -0.57518 -0.22288 0.48236 -0.69505 0.033003 0.15798 -0.43194 -0.32903 0.72056 0.25068 -0.49773 0.35444 0.79815 0.2922 -0.53869 -0.13825 -0.050394 -0.55008 0.68304 0.55452 0.40007 0.11259 -0.087835 -0.16688 -0.14242 0.24285 0.34569 -0.34726 -1.0372 -0.12919 0.6737 0.038491 -0.071805 -0.14833 0.3483 -0.31302 0.39824 -0.25451 0.44688 -0.45488 -0.30167 -0.24242 0.1644 -0.52597 -0.092649 -0.25737 0.024642 -0.41545 0.33888 -0.33864 -0.016375 -0.078673 -0.12914 -0.004149 0.55849 0.091659 -0.22396 -0.025211 0.22699 -0.035249 -0.023267 -0.010752 -0.1761 -0.10498 -0.56137 0.11778 -0.0074287 -0.064362 0.14565 0.35275 0.19442 -0.047203 -0.28221 -0.08805 0.22917 0.08737 -0.34795 -0.36432 -0.4461 -0.078534 0.23082 -0.58158 -0.12274 -0.29014 0.18001 -0.20475 -0.45539 -0.077785 -0.018357 -0.36362 -0.2919 -0.61116 -0.057628 -0.021223 -0.23559 0.062959 0.094783 0.34482 -0.10119 -0.50548 0.11448 0.43749 -0.31552 0.44864 -0.52311 -0.24276 0.18379 -0.28324 0.58736 -0.010925 0.22955 -0.052061 0.09887 0.22732 -0.47845 -0.15572 0.10987 -0.66739 -0.62454 -0.1423 0.19092 -0.33888 0.12493 -0.20964 0.22672 -0.24783 0.56334 0.10015 -0.46531 0.0035597 0.19668 0.25417 -0.10955 -0.21224 -0.11482 -0.68118 0.52909 -0.25385 -0.080112 0.13886 -0.31389 -0.44749 -0.35627 -0.13705 0.10644 -0.083275 0.039757 -0.29234 -0.023026 -0.11374 0.49729 0.17897 -0.18572 0.15965 0.59959 -0.039922 0.037181 -0.084361 -0.59294 0.11323 0.1855 0.6847 -0.074245 0.02142 0.73119 -0.42407 -0.14801 0.18992 0.11358 -0.43612 0.15729 -0.10303 -0.13675 -0.52086 0.18289 -0.19941 -0.1446 0.38617 0.2714 0.50205 0.2082 0.040914 -0.10905 -0.055029 -0.30611 -0.53803 -0.38131 -0.12722 -0.098276 -0.36922 0.1019 0.33468 -0.61051 0.52735 0.39667 0.59174 -0.31472 0.38723 -0.23625 -0.55078 -0.22713 0.22595 -0.28104 -0.060585 -0.65209 -0.2271 0.19994 -0.30716 0.081683 -0.35406 0.085566 0.37271 -0.044876 -0.1884 -0.014896 0.40271
raleigh -0.3156 -0.066779 0.21435 -0.7208 0.23044 0.096025 0.38184 0.1498 -0.24273 0.5589 -0.14022 0.22441 0.35835 0.23272 0.15602 0.42359 0.36837 -0.97343 0.17598 0.074487 0.024969 0.091967 0.33406 0.41062 0.1526 -0.12995 -0.62853 0.0026964 -0.4415 -0.29456 -0.0071001 0.02905 -0.097794 -0.14091 -0.093267 -0.25297 -0.95426 0.55 0.701 -0.25791 0.030948 0.57326 -0.20669 0.332 -0.017624 0.016059 0.2679 -0.095756 0.10001 -0.12898 -0.035357 0.43331 -0.11182 -0.076286 -0.1315 -0.12815 0.053299 0.13359 0.4115 -0.41692 0.37234 -0.34033 0.43271 -0.044985 0.10588 -0.31708 0.60618 0.25263 0.51262 -0.43485 -0.20135 0.13411 0.16898 -0.0087142 -0.43042 0.092417 -0.19843 0.21844 0.55077 0.035707 0.12951 0.20265 -0.41814 0.14026 -0.53439 -0.64218 0.42546 0.28494 0.21016 0.4739 0.45721 0.34564 0.35045 0.12011 -0.017285 0.44378 0.45626 0.074208 -0.20974 -0.3536 -0.17788 0.43806 -0.36321 0.35211 -0.37117 -0.42724 0.044472 -0.17193 0.17439 0.29612 0.35046 -0.78037 -0.28324 0.29307 -0.36718 -0.35207 -0.13281 -0.43491 0.19655 0.84466 0.21633 0.25521 0.79423 0.0040566 -0.18289 0.19279 0.089667 -0.37998 -0.049182 0.22632 0.45298 -0.27174 -0.023934 -0.096362 -0.56964 0.50712 -0.62442 -0.51839 -0.026792 -0.32975 0.088333 0.12875 0.2509 0.34045 0.02699 -0.092764 0.52355 0.48184 -0.099086 -0.22242 0.74819 0.22601 0.10027 0.0056438 -0.50847 0.2565 0.055472 0.033881 0.64693 -0.052435 0.069025 -0.18102 -0.24987 0.010279 0.13412 0.13304 0.70063 -0.16016 0.27007 0.49596 0.089462 0.14185 -0.44117 0.43488 -0.48255 -0.19684 -0.38812 0.057332 0.099321 0.10337 -0.15796 0.31056 -0.13883 -0.34258 -0.045278 -0.5407 -0.26631 -0.44644 -0.49165 0.14079 -0.63269 0.258 -0.16969 -0.19386 0.094773 0.74191 0.022506 -0.28947 -0.14077 0.16568 0.062887 -0.53196 0.089938 0.67903 0.21467 -0.1698 -0.13209 0.074257 0.15989 0.081878 -0.086826 0.024513 -0.35784 -0.24376 -0.2606 0.24588 0.093366 -0.058422 -0.74594 -0.77995 0.34401 -0.13855 -0.077853 0.31255 -0.18058 -0.36721 -0.062581 0.12016 0.26928 0.010146 -0.40993 0.2739 0.71108 -0.50755 -0.09729 -0.14974 -0.089153 0.20083 0.092603 -0.25214 -0.41895 -0.59737 -0.4421 -0.36858 0.56093 0.091077 -0.32794 0.20765 -0.25943 -0.17182 -0.50032 0.39312 -0.58069 -0.17944 0.46813 0.0020026 0.39357 0.05151 0.49244 -0.65413 -0.44375 0.45704 0.22235 0.012581 -0.14242 -0.14145 0.53814 0.30634 -0.072546 0.024626 -0.34064 0.24209 0.037467 0.084211 -0.32856 -0.4837 -0.32981 0.39817 0.25473 0.60421 -0.53264 -0.061651 -0.085827 -0.36561 -0.23304 -0.10495 0.23401 -0.076638 0.0038155 -0.024042 0.50522 -0.35542 -0.11912 0.11172 -0.5091 0.27986 -0.11573 0.33966 -0.29806 0.21457
chongqing -0.065295 0.42699 -0.24499 -0.44083 0.020165 -0.19677 0.5204 0.048162 0.03442 0.006935 0.1155 -0.12575 -0.12089 0.37858 -0.069362 -0.65342 -0.32739 -0.14885 0.37694 0.83131 -0.045096 -0.22234 0.51668 0.36982 -0.58114 0.512 -0.45542 0.38402 0.21276 -0.10218 0.13391 0.21781 0.20727 0.69378 0.11067 -0.20735 -0.39607 -0.49176 -0.11891 0.22915 0.52444 -0.024143 -0.058413 -0.21998 0.21836 -0.042776 -0.028057 0.35097 -1.194 0.44607 -0.26574 0.13754 -0.71665 1.1877 0.49531 0.4494 0.69982 -0.40486 -0.44571 -0.40707 -1.018 -0.10397 -0.13673 -1.0365 0.19874 -0.084798 0.21849 0.66292 -0.74823 0.41539 0.36519 0.2529 0.68761 -0.43808 -0.22795 0.58755 -0.94508 -0.0175 0.51607 0.49879 -0.32702 -0.37921 0.22093 -0.59981 0.5491 -0.087704 -0.16982 0.26942 -0.0015542 0.34249 0.059405 0.28331 0.38329 0.70202 -0.35128 -0.095199 0.45239 0.13156 0.10152 0.36266 0.74257 -0.57176 -0.069485 0.76891 0.26899 0.31583 0.092946 -0.32028 0.031121 0.57482 -0.4652 -0.71636 0.036826 0.11324 0.35471 0.17554 0.0042428 0.21654 -0.028213 0.13552 -0.54033 -0.43849 0.43269 -0.52535 -0.089059 -0.048501 0.19902 0.14483 -0.12615 -0.51521 -0.47973 0.40495 0.49688 0.72868 -0.014281 -0.096073 -0.41119 -0.10164 0.15418 0.74064 -0.39971 0.22389 0.27141 -0.3308 0.52653 0.43406 1.0152 0.81112 0.15278 0.31979 0.47837 -0.080729 0.4811 -0.46597 0.90659 0.47449 0.33631 0.10458 -0.2788 -0.081988 -0.40903 0.065326 -0.21347 -0.39921 0.21812 -0.53461 0.47357 -0.70996 0.037896 0.054172 -0.53453 0.3022 -0.7274 -0.24314 -0.87669 -0.1318 0.21812 -0.44002 -0.90311 -0.16847 -0.11298 -0.29327 -0.8057 -0.081211 0.44488 -0.2564 -0.078646 0.59017 -0.33501 -0.73696 0.51535 0.014876 -0.30576 0.13 0.75811 -0.45462 -0.025613 -0.28786 0.16375 0.30873 -0.12569 0.12893 0.50874 0.10066 -0.37393 0.49964 -0.13423 -0.67068 0.12338 0.47733 -0.50491 0.26705 -0.046667 -0.39468 -0.25706 -0.22112 -0.43702 0.74643 0.27874 -0.1951 0.14281 -0.01657 -0.011012 0.35528 0.1463 0.061508 0.32464 -0.03091 -0.93885 -0.51814 0.1169 -0.27353 -0.23151 0.059405 0.17481 0.58188 0.24111 -0.20659 0.27453 0.40775 0.67713 -0.53182 -0.50083 0.78208 0.06049 1.2583 0.25692 0.14743 0.13113 0.089804 0.42466 -0.071879 0.68439 -0.54186 -0.57241 0.16715 -0.24757 0.029016 -0.59932 -0.99363 0.38975 0.17107 0.36846 -0.071131 -0.1966 -0.17816 0.064335 -0.58023 0.47194 -0.30673 0.37196 -0.28343 -0.17649 0.33636 0.12926 0.30039 -0.48196 -0.56887 0.26316 0.074523 -0.50096 0.0031006 -0.20887 -0.38165 -0.12367 0.36471 0.26768 0.60547 -0.11828 -0.11908 0.074144 0.064136 -0.24491 -0.44351 0.5229 0.34722 0.041014 -0.46214 0.63078 0.90513
hyderabad -0.3703 -0.77939 -0.029541 -0.069513 -0.15589 -0.78185 0.66955 0.48417 0.139 -0.27106 0.89267 -0.25707 0.028751 0.48729 0.71706 0.033397 -0.32201 -0.2247 0.37127 0.44097 -0.3826 -0.86339 0.24614 0.31916 -0.21363 0.30289 -0.15584 0.063249 -0.33829 -0.15288 0.24863 0.1469 -0.68893 0.45192 0.61099 -0.56121 -0.45244 0.7235 -1.0529 -0.10007 0.6234 -0.2184 -0.073576 0.33606 0.635 -0.2881 0.0039392 0.21831 -0.13885 -0.42272 0.50386 -0.10791 -0.38121 -0.11536 0.5427 -0.45596 0.4742 0.08908 0.21204 0.36445 -0.57647 -0.61686 -0.19021 -0.60436 0.48661 0.09087 0.22115 -0.1438 -0.88767 0.0060731 0.35117 -0.20419 0.032266 -0.65685 0.59224 -0.011975 -0.16079 -0.31862 0.02438 0.053976 0.92588 0.066851 -0.091268 -0.10808 -0.24637 0.34286 0.05629 -0.41398 0.78863 0.88027 -0.14769 0.21838 0.877 0.30617 0.32888 0.66909 0.089657 0.34266 -0.25413 -0.078116 0.1418 -0.12856 -0.086689 0.20164 0.34937 -0.11296 0.17084 -0.21673 -0.40444 -0.19406 0.41014 -0.68309 -0.33625 0.089583 0.052592 -0.19801 -0.0056484 -0.4374 0.1702 -0.25888 -0.36175 0.037929 0.16444 -0.20531 -0.25847 0.26248 -0.35562 -0.17696 -0.040087 0.46776 0.3626 0.21389 0.82212 0.049424 -0.17898 -0.030811 0.78539 0.1059 0.46696 -0.37985 -0.60121 0.33528 -0.060434 0.64804 0.041454 -0.29728 0.46304 0.10677 -0.40095 0.74837 0.55503 -0.43756 0.1452 0.32249 0.25559 -0.29746 0.284 0.16425 0.57369 -0.10021 -0.16649 0.88991 -0.57729 -0.47068 -0.33806 -0.23643 0.62355 0.3752 0.45502 0.54205 -0.57476 -0.63829 -0.17053 -0.5045 -0.24124 0.64643 0.24281 -0.52299 -0.30119 -0.15845 0.56941 -0.3593 -0.72631 0.293 -0.5241 -0.035296 0.38191 0.20147 0.22805 -0.53336 0.18773 -0.053399 -0.29411 -0.17102 -0.63728 -0.35776 0.47719 0.010389 0.34704 -0.092395 0.55428 -0.50863 0.14673 0.1678 -0.22245 -0.66628 -0.051318 -0.31825 0.073159 0.038795 0.093778 1.0133 -0.52238 0.15703 0.28869 0.044043 -0.51221 -0.31685 0.38867 -0.15622 -0.6891 0.31599 -0.073044 -0.0019032 -0.042434 -0.39913 0.037666 -0.54976 0.16115 0.085637 0.054923 -0.35138 0.042924 -0.48161 0.39185 0.048442 0.77602 0.11329 0.3687 -0.01297 -0.021087 0.14946 -0.34097 0.39354 -0.44166 0.58839 -0.32424 -0.042346 -0.26117 -0.23068 0.16211 -0.009376 -0.21974 -0.028716 -0.117 -0.080843 0.25367 0.10694 0.033062 -0.15745 0.31284 0.20482 -0.1908 0.49995 0.40401 -0.1562 -0.14651 0.40044 0.42942 0.2857 -0.34948 0.10681 -0.17273 0.53216 0.26858 -0.49985 -0.11798 -0.34751 -0.55968 0.15013 -0.41118 -0.76459 -0.318 -0.017825 -0.79665 0.092319 0.031452 0.20312 -0.46139 -0.19588 0.67189 -0.4381 -0.41227 -0.68701 -0.061046 0.32318 -0.26309 -0.34074 -0.30375 0.36775
nanjing -0.015417 0.30937 0.29604 -0.0075855 0.067814 -0.77137 0.42923 0.42375 0.96843 -0.58383 0.081814 0.016257 0.59353 0.27416 0.28529 -0.069642 -0.015791 -0.094816 0.37383 0.26068 -0.55152 -0.39917 0.34641 -0.15268 -0.2417 -0.018708 -0.45938 -0.52412 0.73468 0.43343 0.14257 -0.63661 0.34372 0.25895 0.25662 0.015234 -0.24467 -0.40843 -0.5281 0.0073884 0.72938 -0.35491 0.04237 -0.058624 0.45485 0.10003 0.023149 0.35565 -1.2626 0.1087 0.163 0.0021048 -0.53329 0.43718 -0.17832 -0.057632 0.87974 -0.21813 0.11397 -0.0019485 -1.1362 -0.0012484 -0.27435 -0.46442 0.25608 0.28382 -0.045112 0.65873 -1.0291 0.065052 0.39683 0.67459 0.49981 -0.49759 -0.28856 0.76174 -1.034 0.30323 0.64425 -0.098653 -0.38131 -0.15895 0.0109 -0.48257 0.19089 0.1252 -0.36062 0.4425 0.32301 0.69566 0.17291 0.2294 -0.057837 0.6455 -0.61841 0.20842 0.43246 0.22159 -0.42674 -0.13438 0.095302 -0.27391 0.18306 1.0003 0.28351 -0.17312 0.35648 -1.0006 -0.21928 0.16355 -0.36231 0.045201 -0.0010395 -0.13901 0.19604 -0.2588 0.057469 0.16436 0.2106 0.21111 -0.50236 -0.053355 -0.013658 -0.24134 -0.11578 0.32366 0.19607 0.37066 -0.22761 -0.78774 -0.50571 0.21136 0.5352 0.17856 -0.027832 -0.19923 -0.025526 -0.57477 0.57868 0.45014 -0.030131 0.28695 0.33039 -0.37058 1.2027 0.40311 0.1544 0.37365 -0.25834 0.12827 0.6484 0.011044 0.5305 -0.33819 1.2171 -0.043962 -0.59068 0.33633 -0.469 -0.59885 0.26414 0.15655 -0.22602 -0.83189 0.031141 0.33561 0.90135 -0.12409 -0.35235 -0.096038 -0.46075 -0.35744 -0.22608 -0.031297 -0.95665 -0.16115 0.18611 -0.406 -0.47659 -0.38188 -0.3105 0.0019438 -0.72832 0.4412 0.34371 -0.019783 0.11275 0.49364 0.43346 0.02561 0.77169 -0.74892 0.034857 -0.52994 0.3403 -0.13734 0.41298 -0.35982 -0.38348 0.19169 -0.1645 -0.17372 -0.037112 0.29003 -1.0579 0.42488 -0.16404 -0.43654 0.039404 0.29613 -0.22548 0.30796 -0.34832 -0.21782 -0.23035 -0.11917 -0.4751 0.3753 0.040144 0.10772 0.21159 -0.34528 -0.68013 0.32035 -0.13331 0.090195 0.062868 -0.095889 -0.53241 -0.73269 0.036862 -0.6951 -0.017444 0.44309 -0.16027 0.076402 0.40351 -0.50819 -0.071 0.1275 0.15027 -0.33452 -0.21689 0.26289 -0.17555 0.70012 -0.22144 0.3128 0.0614 -0.32202 0.48894 0.56892 0.083561 -0.10255 -0.17909 -0.0062051 -0.19661 -0.050578 0.31235 -1.0645 -0.068592 -0.20219 0.27114 0.15921 0.13465 -0.027512 -0.38106 -0.3163 0.55268 0.32924 -0.34955 -0.11827 0.19668 0.61259 0.62438 0.34955 -0.31701 -0.90334 -0.13239 0.45406 -0.12558 -0.76929 0.22454 -0.90108 0.11338 0.45872 0.56923 0.38353 -0.38435 -0.17296 0.12395 -0.12356 -0.10826 -0.015786 -0.0026177 -0.0028787 0.77437 -0.23247 0.17639 0.34207
honolulu -0.17937 -0.40974 -0.23367 -0.043092 0.15265 -0.10998 -0.18126 -0.23159 0.14994 0.46084 -0.090735 0.146 0.45994 -0.46946 0.65466 0.0096107 0.096307 -0.10931 -0.19261 0.15457 -0.2487 -0.75129 -0.90334 -0.20794 -0.47784 -0.19404 -0.49162 -0.056636 -0.45637 -0.71126 1.0371 0.13391 0.059231 0.30037 0.046444 -0.38598 -0.23411 -0.53751 -0.15241 0.28214 -0.4 -0.24127 0.28431 0.18932 0.26097 0.25217 1.0223 0.3363 -0.39923 0.19776 0.16839 -0.43824 -0.20171 0.20961 -0.22255 -0.54107 -0.13792 0.38022 -0.21723 -0.79585 -0.45864 -0.0041282 0.27409 0.67107 0.78694 0.026436 -0.17077 0.24902 0.059835 -0.53518 -0.13137 -0.37909 0.15147 -0.010388 -0.43963 0.11605 0.39763 0.37448 0.31276 -0.0053896 -0.60056 -0.24498 -0.18262 0.20536 -0.66064 -0.098011 -0.21655 -0.33969 0.18182 -0.36799 0.19297 -0.46917 -0.14342 -0.054871 -0.46737 0.16303 0.091584 0.15648 -0.39019 -0.12105 0.73523 -0.30618 0.27091 -0.11436 0.38178 0.19979 0.14902 -0.34945 0.23495 0.4146 -0.061952 -0.26876 0.19012 -0.06768 0.17472 0.14614 0.15322 -0.031515 -0.11386 0.037281 1.0858 0.058829 0.0515 -0.69399 -0.30411 -0.26694 0.45103 -0.65299 -0.052326 -0.41294 -0.19901 0.20838 0.3266 -0.076034 -0.21655 0.59846 -0.50432 0.53188 0.2932 0.22875 -0.44724 0.48606 0.1193 0.095201 0.10738 -0.13244 0.1526 0.8708 0.34087 0.0095021 0.97808 0.0023637 0.0053299 0.61298 0.20916 0.14105 -0.31265 -0.43348 -0.22178 0.13576 0.24144 0.043375 -0.13378 -0.62597 0.42045 -0.40197 0.72797 0.082668 0.027485 0.36139 -0.35346 -0.44316 -0.54012 0.19048 -0.10847 -0.072498 0.29615 -0.43265 0.27619 0.31737 -0.084189 0.68574 0.11861 0.19601 0.047642 0.24093 0.50363 0.6302 -0.085667 -0.93715 0.22832 0.44251 0.4205 -0.20532 -0.061465 -0.31468 -0.075926 0.0040205 -0.77616 -0.11243 0.51155 0.095512 -0.05297 -0.22564 -0.59051 0.37168 -0.1114 -0.065782 0.22161 -0.43402 -0.13841 0.12492 -0.44012 -0.15201 -0.1977 -0.14659 -0.63222 -0.21301 -0.21131 -0.40755 0.84818 -0.42847 0.0070457 0.24429 -0.75528 0.2248 -0.31999 -0.19991 -0.051769 -0.24591 0.17286 0.32642 0.33389 0.11621 0.0090894 -0.25007 0.11396 -0.76783 0.12038 0.48807 -0.45268 0.032114 -0.1457 0.39005 0.1276 -0.17951 -0.15807 0.12043 -0.15436 -0.28651 0.016659 0.39289 -0.38574 0.58823 -0.12532 -0.092981 0.32003 -0.1823 0.38167 -0.45046 -0.214 -0.14323 0.045245 -0.31425 0.34 -0.48808 0.39628 -0.26919 0.092066 0.34877 -0.17652 0.11795 0.49927 0.30647 0.29125 -0.24846 -0.30835 0.89105 -0.13679 -0.54073 0.20045 -0.053824 -0.30025 0.39065 -0.88874 -0.076957 -0.63841 0.25129 -0.066163 0.18605 0.029779 -0.16741 -0.12658 -0.14914 -0.01248 -0.054894 0.21749 0.41786 -0.093626 -0.3833
addis 1.0211 -0.17391 -0.30628 -0.10927 -0.21125 0.033547 0.39711 -0.031559 0.14155 -0.68146 -0.79708 -0.085663 0.33 -0.20788 -0.091587 0.10786 -0.10227 0.18699 -0.56407 -0.7246 -0.17522 0.25755 -0.21917 -0.0060358 0.62554 0.3191 0.45852 -0.26792 -0.33534 -0.10639 -0.12335 -0.063511 0.03416 -0.089355 0.42091 -0.75844 -0.34888 0.60495 -0.39168 -0.61689 -0.51329 0.061286 -0.46643 -0.16194 0.12887 0.33052 0.26895 0.10505 -0.31779 -0.10183 0.42008 -0.41853 -0.35489 1.0323 0.60726 0.72377 0.33776 0.74756 0.34809 0.31187 -0.50101 0.238 -0.13433 -0.01905 -0.029646 0.16806 0.69191 0.18021 -0.11571 -0.34984 0.79129 -0.7237 0.29932 -0.46182 0.16085 0.24937 0.2239 -1.0261 0.37829 0.53837 0.42935 -0.51923 0.13626 -0.31278 -0.25603 0.19142 0.032711 0.13262 0.71326 0.49758 -0.20312 0.5809 0.36443 0.39337 -0.12756 -0.0064853 0.25088 0.34476 -0.91929 0.74324 0.10939 0.058724 0.64964 0.26599 0.15863 -0.32452 0.58085 -0.47344 0.26837 -0.52026 -0.43201 -0.16954 -0.54391 0.50186 0.12864 -0.32223 -0.31778 -0.1984 0.40548 -0.31791 -0.30054 0.21549 0.6332 -0.53735 -0.31771 -0.44488 0.97148 -0.35142 -0.096423 -0.045613 -0.28426 -0.48642 0.22098 -0.39997 -0.71086 -0.081663 -0.10539 0.37145 -0.53277 -0.43497 -0.59948 0.30046 -0.16096 -0.66472 -0.21714 0.23465 0.30035 0.36364 -0.67651 0.10758 0.5736 -0.35472 0.37696 0.26754 -0.66782 -0.19777 0.46932 0.12378 0.65124 -0.086247 -0.078597 0.093423 -0.23978 -0.26259 -0.030189 -0.047361 -0.15078 -0.2354 -0.32398 -0.11357 -0.29369 0.31871 0.094614 -0.40192 -0.13125 -0.19543 0.022863 -0.024756 -0.5954 -0.090001 -0.34234 0.35853 -0.52014 0.3568 0.1869 -0.054591 -0.34766 0.7112 0.42395 -0.056469 0.54453 -0.45154 0.43741 -0.22286 0.46237 0.30879 0.12169 -0.15592 -0.49712 0.6041 -0.039266 -0.61206 0.24641 0.48705 -0.32869 -0.27659 0.047834 -0.64364 0.087333 -0.025132 0.76289 -0.405 0.53369 -0.45988 -0.060796 0.20365 0.14663 -0.23833 -0.50912 -0.74471 0.61273 0.16646 0.26551 0.42962 -0.36288 -0.53796 0.30835 -0.2646 0.35486 -0.19035 0.37855 0.011617 -0.015294 -0.13035 0.43524 0.00089505 0.31057 -0.021115 0.29343 -0.46032 -0.53816 0.019297 -0.31118 0.34656 0.001373 0.25882 0.3562 0.053128 0.268 -0.23853 0.17074 0.38141 0.76426 -0.075365 -0.40322 -0.027321 0.038432 -0.38625 0.0067304 -0.37245 0.07844 -0.50954 -0.21792 0.085282 0.46822 0.40698 0.014301 -0.62979 0.092305 0.22014 -0.24462 0.96231 -0.58591 0.2057 0.28748 -0.147 -0.31669 0.58962 0.26503 0.48964 0.02059 0.058128 0.2323 -0.64213 -0.5202 -0.018766 0.22608 0.09315 -0.7258 -0.17782 0.51168 -0.60545 0.14085 0.15829 -0.3425 0.13722 -0.33246 -0.23266 -0.63571 0.48489
paz 0.17789 0.18672 -0.67823 -0.34806 -0.10697 -0.65233 -0.39408 0.22273 -0.15972 -0.23138 -0.51786 0.54614 0.083186 0.65876 -0.36229 0.15246 -0.013247 0.43037 0.54957 0.56052 0.21321 0.11575 0.44835 0.28818 -0.086335 -0.33889 -0.041289 0.2707 0.2363 -0.12286 0.53348 0.70446 -0.23382 0.13587 0.18434 -0.90559 0.18064 0.077513 -0.27169 -0.32282 -0.21555 -0.13427 0.048484 0.41253 -0.1153 -0.54018 -0.32628 0.83192 0.43677 0.29692 0.2713 0.0096742 -0.035939 -0.010118 -0.6958 -0.37109 -0.27771 -0.33721 0.14069 -0.49296 -0.50411 -0.51909 0.13161 0.093697 -0.60429 -0.12949 0.01447 0.34867 0.039748 -0.72211 -0.42689 0.50433 0.099749 -0.011103 -0.31404 0.042748 0.37526 -0.52668 0.65214 0.33283 0.3196 -0.44357 -0.24067 0.55577 -0.93561 -0.057499 0.26108 0.02503 0.29722 0.31629 0.90645 -0.15786 0.40938 -0.60793 0.075771 0.69506 0.29799 -0.94021 -0.68451 0.18349 0.63188 -0.1574 0.054747 0.15708 -0.11804 0.63842 0.38458 -0.0061812 0.12225 -0.32141 -0.62237 -0.12102 0.5124 -0.10013 -0.057252 0.17056 0.060278 -0.58295 0.040274 0.47314 0.27467 -0.42803 -0.056644 -0.55018 -0.40923 -0.30108 -0.070303 -0.194 -0.081299 -0.28215 -0.31042 -0.25209 0.21144 0.42242 0.75694 0.16451 -0.21584 0.17534 -0.065476 0.32289 -0.35328 0.09786 -0.14794 0.56086 -0.30325 -0.33771 1.0533 0.062629 -0.26444 0.10339 0.3613 0.54614 0.89556 0.16246 0.18179 0.039239 0.21084 0.016663 0.22275 -0.35997 -0.22447 0.15501 -0.02311 0.26418 -0.08104 -0.58651 -0.58837 -0.011437 -0.13027 0.15057 -0.29538 0.4682 0.025307 -0.17163 0.4872 -0.33042 -0.79841 0.29947 -0.46318 0.04064 -0.053936 0.1471 0.16802 0.37442 0.32683 -0.50224 -0.49891 0.083815 -0.046176 0.074829 -0.091993 0.012658 -0.0007453 -0.42658 -0.3685 0.28626 -0.252 0.033389 0.31863 0.58461 -0.17385 -0.072885 0.023776 -0.010529 -0.47657 -0.46124 0.064271 0.38749 0.79961 -0.061024 -0.30403 -0.68143 0.30934 -0.16083 0.038375 0.22923 0.30434 -0.35532 -0.11801 0.3716 0.043725 0.046909 -0.36291 0.99712 0.4941 0.54213 0.059856 -0.15979 -0.1376 -0.51774 0.14864 -0.59567 0.26818 -0.11511 0.67987 0.43469 -0.044363 -0.11812 -0.03408 0.38812 -0.25483 -0.12439 -0.52554 0.23211 0.00029775 0.11452 0.22602 0.31416 -0.085832 0.10471 0.26843 0.059266 0.039531 0.1625 -0.16494 0.13634 0.24518 -0.4454 0.50591 -1.0751 -0.09425 0.035947 -0.26847 -0.46864 0.54449 0.60198 0.062269 -0.26026 -0.24908 0.045466 -0.037961 -0.17709 0.1753 -0.027799 0.57764 -0.053447 0.10588 -0.3985 0.67664 0.068744 0.45185 0.36263 -0.1355 -0.020202 -0.47521 -0.43499 0.058095 -0.25055 0.31188 0.29746 -0.35792 -0.13674 0.74175 -0.71992 0.35672 0.18142 -0.21369 -0.57159 0.098098 0.36665
chennai -0.49219 -0.619 0.31381 0.36584 0.17057 -0.051786 0.16347 0.036654 -0.032905 -0.019495 0.6355 -0.32086 0.080501 0.32318 0.67832 0.016453 -0.59444 -0.28596 0.15158 0.18417 -0.30577 -0.98196 0.19256 -0.073161 -0.39149 1.0549 -0.22439 0.32133 -0.25209 -0.076255 0.36308 -0.085565 -0.09998 0.96742 0.23992 -0.0065946 -0.40085 0.59691 -0.79315 0.060014 -0.11437 -0.45657 -0.39062 -0.2223 0.29341 0.0087393 0.6728 0.19401 -0.11852 0.01301 0.21012 -0.0078279 0.40012 -0.096379 0.34918 0.10727 0.67219 0.34386 0.46609 0.37265 -0.58518 0.12068 0.044471 0.16148 0.50661 -0.035663 -0.14899 0.10376 -0.77386 0.18382 0.14773 0.014903 0.3111 0.034054 0.18451 -0.054205 -0.37781 -0.48736 0.36108 0.20277 0.25644 -0.057794 -0.0051254 -0.31037 -0.51037 0.14071 0.33763 -0.42274 0.97959 0.50885 0.46171 -0.22272 0.85585 -0.31503 0.14061 0.16032 -0.10207 -0.027986 -0.40124 -0.33224 0.51857 -0.039734 -0.2232 0.077277 0.35631 -0.053238 0.041583 -1.1053 -0.16204 0.065472 0.74609 -1.1005 -0.26878 -0.17681 0.17903 -0.39961 0.00035834 -0.67132 -0.54489 -0.067189 -0.30503 0.03754 0.47496 -0.09855 -0.18302 0.30388 -0.043935 -0.66404 -0.31745 0.45438 0.51415 -0.51254 0.65592 0.20098 -0.31768 0.043761 0.6349 -0.037813 0.48354 0.17724 -0.015671 -0.024586 0.22005 0.060339 -0.2903 -0.32811 0.43147 0.53604 -0.090057 0.063967 1.1013 -0.60101 -0.10352 0.36705 0.11521 -0.48392 -0.10026 -0.059046 0.61397 -0.048284 -0.23773 0.68454 0.16521 -0.15979 -0.58257 -0.16335 0.18194 0.67803 0.34807 0.68487 -0.89514 -0.9455 -0.12142 0.15525 -0.50969 0.22811 0.3099 -0.090572 -0.1112 -0.50589 0.057812 -0.39314 -0.84957 0.57626 -0.15295 0.36024 0.11929 0.21056 0.26938 0.15051 0.7073 0.47949 -0.25767 0.25817 -0.39531 -0.37906 0.57585 -0.31788 0.42593 -0.037048 0.74972 -0.36551 -0.28414 -0.15344 0.093164 -0.45172 0.034901 -0.55479 -0.076716 -0.79051 -0.18655 1.1534 0.0099792 0.42837 -0.12929 -0.75477 -0.79343 -0.54656 0.13183 -0.483 -0.27764 -0.42918 -0.032545 0.035536 0.16994 -0.65424 -0.50645 -0.95818 -0.31859 0.50867 -0.060087 -0.22201 -0.30879 -0.54198 0.37468 0.084036 0.55739 0.63334 -0.44139 -0.10265 -0.166 -0.17357 -0.44179 0.5059 -0.91365 1.2213 -0.15064 0.18183 -0.40651 -0.50171 -0.16547 0.090607 -0.35921 0.39133 -0.77255 -0.47335 0.64217 0.25791 0.32182 -0.053657 0.28852 0.1269 -0.19879 0.23007 0.4093 0.023499 0.39715 -0.02717 0.49183 -0.0044538 0.19093 -0.027283 0.34035 0.46936 0.69643 -0.37416 0.054396 -0.10064 -0.69197 0.14176 -0.29378 -0.6377 0.041745 0.67279 -1.0795 0.010181 0.018959 -0.39368 -0.35448 -0.13123 0.55765 0.19369 -0.83208 0.15644 0.30855 0.72561 -0.503 -0.39284 0.19297 0.31283
durban -0.11229 -0.045928 -0.29214 -0.25227 -0.37567 -0.042417 0.031884 -0.398 0.16456 0.077364 0.34021 -0.1027 0.2597 0.056578 -0.28452 0.030469 -0.14058 0.25045 -0.084071 -0.41236 -0.42375 -0.30715 0.047448 0.28907 -0.025178 0.33319 0.031922 0.30388 -0.43116 0.27155 0.23985 0.39147 -0.19655 0.5453 0.28908 -0.10343 0.16051 0.81047 -0.90719 -0.22508 0.31786 -0.058181 0.10151 -0.031637 0.45596 -0.12916 0.16724 0.34492 0.077557 -0.4565 -0.045936 0.036237 -0.26168 0.12167 -0.15361 0.57994 -0.15811 0.053084 0.16904 0.576 -0.25683 -0.41097 -0.46709 -0.1159 0.63042 0.30838 0.077876 0.088283 -0.2834 -0.65782 0.00031706 0.0050669 0.78611 -0.77382 -0.034239 -0.26405 -0.0182 -0.59812 0.56177 -0.069137 0.3415 -0.086128 -0.095299 0.061778 -0.61596 -0.1056 0.093032 -0.28016 0.14476 -0.0030454 -0.15466 0.05661 0.45709 -0.10843 -0.63503 0.51467 0.91117 -0.0072966 -0.32971 -0.69652 0.56408 -0.3663 0.82604 -0.19305 0.22874 -0.028312 0.46777 0.24943 -0.02492 0.0099714 0.60206 -0.30008 -0.34934 -0.11079 0.4496 -0.48412 0.57374 0.25758 -0.066316 -0.56227 -0.094995 -0.19087 -0.53079 -0.37097 0.35456 -0.24236 -0.45711 -0.6534 0.40982 0.083124 0.017043 -0.028797 0.31055 -0.23183 -0.11777 0.41944 -0.10086 -0.21983 0.54726 0.027294 -0.063889 0.20175 -0.0018027 -0.16198 -0.52453 0.23926 0.57451 -0.15237 -0.67228 0.29099 -0.26418 -0.22731 0.11019 0.46577 0.32073 0.1865 0.18837 -0.43739 0.68507 -0.010546 -0.80574 -0.14643 -0.71202 0.30319 0.012091 -0.21816 -0.024396 0.031662 -0.11066 0.018337 -0.43682 0.22406 0.2346 -0.28054 -0.47398 -0.46611 0.0081871 0.21231 -0.17813 0.24941 0.1772 0.3713 0.091543 0.050696 0.54152 0.27451 -0.26061 0.35891 -0.28949 0.053296 -0.016865 -0.38814 0.085034 -0.043799 0.25833 -0.37454 0.14013 -0.26559 -0.26921 -0.021514 0.23928 -0.65448 -0.51155 -0.45347 0.023027 -0.32234 0.14247 -0.027011 0.55657 -0.17778 0.055247 0.34515 -0.43318 0.0045099 -0.45773 0.19072 -0.3251 -0.36304 0.10572 -0.89253 0.53241 -0.1551 0.076601 0.088997 -0.65291 -0.99095 -0.029138 -0.44423 0.012363 0.4678 0.39912 0.22783 -0.20651 -0.35381 0.25383 0.2855 0.1344 0.32666 0.47481 -0.15587 -0.46817 0.010971 -0.75425 0.36954 0.30992 0.85698 -0.16176 -0.34467 0.22626 -0.15752 -0.06494 0.18307 -0.082648 0.43902 -0.23106 -0.52319 0.20013 -0.51144 -0.18749 0.12591 0.21164 0.22013 -0.22233 0.53594 0.20744 -0.11588 0.38099 -0.19375 -0.036984 -0.12319 -0.27967 0.1156 -0.091261 0.70363 0.10807 -0.0089799 -0.55863 0.87615 0.62248 0.5974 -0.66792 0.32952 -0.97268 -0.14583 -0.15445 0.15079 -0.11392 -0.072068 -0.83724 -0.20701 -0.0056329 -0.34893 -0.50276 -0.13297 -0.26127 0.068461 0.10358 -0.30442 0.1355 0.084324
ababa 1.1023 -0.1454 -0.25801 0.076067 -0.1662 0.097049 0.47398 -0.077084 -0.050189 -0.86674 -0.78132 -0.025778 0.23087 -0.054441 0.049996 0.066995 -0.13867 0.23359 -0.55207 -0.6098 -0.24714 0.14165 -0.21401 -0.058953 0.51495 0.24844 0.39527 -0.42203 -0.38727 0.034101 -0.21642 -0.17603 0.059875 -0.20196 0.43731 -0.81717 -0.29042 0.74773 -0.40777 -0.64914 -0.50838 -0.022663 -0.53548 -0.084178 0.074924 0.30068 0.25593 0.061057 -0.27219 -0.135 0.35265 -0.51773 -0.40911 1.0041 0.4825 0.66142 0.51393 0.62209 0.33372 0.31986 -0.55219 0.39067 -0.14547 0.0027811 -0.098654 0.17427 0.66981 0.3577 -0.015356 -0.30656 0.77951 -0.72885 0.33941 -0.41569 0.21435 0.11877 0.21975 -1.0862 0.36355 0.66725 0.50872 -0.60562 0.22724 -0.30487 -0.29192 0.24988 0.006187 0.053622 0.75374 0.34939 -0.23293 0.44571 0.31437 0.36897 -0.098906 0.038576 0.2569 0.43554 -0.95497 0.78427 0.21389 -0.03556 0.76515 0.34643 0.27555 -0.24031 0.62066 -0.4687 0.098202 -0.70514 -0.51467 -0.28658 -0.63305 0.41162 0.06633 -0.32296 -0.39017 -0.25646 0.4528 -0.36832 -0.36094 0.27032 0.67964 -0.36964 -0.3687 -0.4224 0.87652 -0.22195 -0.16439 -0.062568 -0.35256 -0.49501 0.22954 -0.40584 -0.71561 -0.28157 -0.12026 0.33957 -0.50685 -0.37305 -0.45416 0.35381 -0.25121 -0.73966 -0.20435 0.19841 0.34925 0.30109 -0.49641 0.086408 0.39834 -0.57785 0.38813 0.19845 -0.80076 -0.12521 0.32582 0.095713 0.61213 -0.11146 -0.10157 0.085575 -0.17042 -0.15977 0.040965 -0.096266 -0.20245 -0.22165 -0.33532 -0.093605 -0.27877 0.37132 0.22303 -0.35462 -0.1789 -0.1977 -0.015523 -0.22177 -0.66369 -0.038434 -0.46577 0.37661 -0.52195 0.39746 0.13038 0.001506 -0.25233 0.75689 0.429 -0.063929 0.60009 -0.56286 0.41694 -0.32173 0.4522 0.20932 0.14694 -0.059091 -0.47965 0.67858 -0.11353 -0.73854 0.27226 0.53235 -0.36867 -0.40289 0.018966 -0.64527 -0.098716 0.033593 0.79148 -0.54112 0.49896 -0.41015 -0.28168 0.1445 0.10019 -0.13643 -0.54637 -0.57879 0.66117 0.20787 0.31157 0.58398 -0.35761 -0.49416 0.31243 -0.35157 0.29107 -0.20331 0.51624 -0.044833 0.021835 -0.065164 0.42127 0.014912 0.20439 -0.1554 0.39701 -0.40502 -0.4369 0.057445 -0.3687 0.44569 -0.083639 0.37899 0.34274 0.06293 0.29121 -0.25043 0.18219 0.42802 0.79325 -0.075793 -0.54378 -0.14681 -0.014808 -0.4323 -0.063002 -0.34705 0.016535 -0.58426 -0.14637 0.21131 0.53512 0.49233 0.045265 -0.64159 0.0907 0.27171 -0.095121 1.0473 -0.60028 0.35136 0.34808 -0.16855 -0.37182 0.70773 0.3434 0.71894 0.027924 0.070468 0.13899 -0.78199 -0.55022 -0.069945 0.14114 0.089301 -0.75598 -0.25091 0.52467 -0.68652 0.081179 0.141 -0.32101 -0.0188 -0.26536 -0.32576 -0.59542 0.3934
abidjan 0.68628 0.21144 0.060295 0.70972 0.022976 0.7959 0.13462 0.59355 0.42544 -0.27149 -0.99509 -0.34252 0.18241 -0.86086 0.12014 -0.33019 0.062191 0.77396 0.12859 -0.53633 -0.31052 0.26912 -0.082028 -0.1592 -0.19159 0.11778 -0.013955 0.088892 -0.06664 0.77765 -0.5817 -0.49229 -0.038334 0.60142 0.32338 -0.16626 -0.055024 0.80374 -0.30961 -0.86929 -0.016109 -0.25734 0.2902 -0.4032 -0.41084 0.066612 0.73242 0.48392 -0.029257 0.025209 -0.071429 -0.16297 0.58847 0.32873 0.20675 0.1404 0.13769 0.21402 0.24183 -0.38398 -0.61187 -0.23109 -0.095718 0.51483 0.16345 0.30108 0.26653 0.56918 0.28112 -0.63466 -0.016915 -0.44676 0.10719 0.37755 -0.016752 0.5653 0.15041 -0.68745 -0.095496 -0.0049327 0.34705 -0.28032 0.032711 0.63986 0.016828 -0.42034 0.37733 -0.49933 0.07628 -0.17823 -0.4089 -0.60568 0.60716 -0.12843 -0.24392 0.80311 0.57825 0.47845 -0.19659 0.55495 -0.18832 -0.18999 0.66878 0.26644 0.86058 -0.34549 0.39064 -0.45503 0.14831 0.18502 -0.27607 -0.3431 0.1185 -0.37639 0.51835 0.24878 0.10838 0.23061 -0.028377 -0.43863 0.39122 -0.62797 -0.083882 0.64839 -0.66104 -0.56328 -0.55191 -0.75275 -0.17012 -0.091292 -0.47081 0.026808 0.25442 -0.51362 -0.090386 0.27612 0.00071214 -0.052376 0.32579 0.038501 -0.51947 -0.20566 0.11458 -0.29044 0.0070204 -0.012145 0.76359 0.10338 -1.2018 0.04332 0.35505 -0.15796 1.0331 0.85659 0.69489 -0.41775 0.90817 0.22978 0.69349 0.24769 -0.16509 -0.66141 -0.53216 0.44555 -0.31985 -0.59045 0.52298 -0.45447 -0.39024 0.3693 -0.13361 -0.050749 0.54025 -0.54639 0.20972 -0.31038 -0.27136 -0.1586 -1.0647 0.059893 0.37852 -0.47418 -0.39348 0.020456 -0.097351 0.14298 0.044769 0.51052 0.14873 -0.12551 0.21829 0.13059 0.080957 -0.23152 1.4539 -0.21739 0.41009 0.10737 -0.55773 0.094526 -0.51261 -0.92465 0.34922 -0.21179 0.062835 -0.33143 0.096313 -0.14609 0.22597 0.30054 0.36424 -0.32406 0.1758 -0.029527 -0.25493 0.41437 0.5347 -0.38172 0.13428 -0.39054 0.34735 -0.36695 0.53745 0.61449 -0.62011 0.18088 0.5262 -0.033281 0.11694 -0.98083 0.53021 0.1301 -0.03384 -0.14904 0.89789 0.79064 0.26976 0.23326 0.41398 -0.52315 -0.26866 -0.22846 -0.48436 0.25182 0.2969 0.31175 0.42666 0.27357 0.29472 -0.3314 0.97085 0.73748 0.75945 0.68019 0.27403 -0.64481 0.32818 -0.54331 -0.75321 -0.64553 0.73123 0.45863 -0.34855 0.15207 -0.26734 0.35741 -0.31783 0.48257 -0.028222 -0.17501 0.13457 0.42667 -0.16936 -0.073995 0.19335 -0.22327 -0.45403 0.23313 -0.36856 -0.31558 0.21216 -0.19507 -0.36902 -0.025461 -0.80486 0.34326 -0.53479 -0.013354 -0.56813 -0.39481 -0.074592 -0.54088 0.5394 0.12512 0.75089 0.17351 0.052662 -0.27665 -0.31347 0.1064
kampala 0.44363 -0.20767 -0.16979 -0.21278 -0.4039 0.40224 0.41025 0.41445 0.21018 -0.39264 -0.060665 -0.075074 0.32914 0.39635 -0.17951 0.32329 -0.079143 -0.016678 0.0039904 -1.0074 -0.41525 -0.20588 0.21493 0.22423 0.10915 0.3837 -0.035685 -0.12273 0.23112 -0.21886 -0.47353 -0.58715 0.062088 0.21027 0.59446 -0.47267 -0.5774 0.66136 -0.9138 -0.63465 0.30697 -0.40533 -0.40557 0.092827 0.15908 -0.027256 -0.20361 -0.012013 -0.32591 -0.44674 0.30138 -0.41577 -0.36505 0.57796 0.54824 0.41141 -0.022268 1.1203 -0.015209 0.1535 -0.80916 0.22426 -0.5536 0.098958 0.2406 0.32022 0.063721 0.58777 -0.55389 -0.69588 0.83886 -0.28251 0.23982 -0.2036 0.21143 0.30454 0.16609 -0.41751 -0.34832 0.11963 0.81974 -0.32643 0.040001 0.37825 -0.48164 -0.62476 -0.57924 -0.26646 0.74326 0.2829 -0.2724 0.37161 0.63858 0.2172 -0.4881 -0.098468 0.45223 0.10044 -0.10714 0.065416 0.073688 -0.21814 0.82929 -0.054085 -0.22309 -0.19095 0.49539 0.10996 -0.06477 -0.64195 -0.091901 -0.80906 -0.35187 0.53563 0.67296 0.44408 -0.14828 -0.20458 0.54783 -0.56889 0.090723 -0.31293 0.49264 -0.29883 -0.24504 -0.3638 0.58064 -0.87296 -0.17803 0.080559 -0.46622 -0.01772 0.68474 0.21759 0.28591 0.38129 -0.47734 0.15197 -0.15497 -0.034003 -0.90896 0.27696 0.038497 5.2329e-05 -0.29968 -0.45119 0.035858 -0.15339 -0.69329 0.023036 0.20574 0.26047 0.37375 0.59944 -0.029678 -0.043708 0.14543 -0.29593 0.41926 -0.036383 -0.10298 -0.55218 -0.12145 -0.71978 -0.07863 -0.47452 0.27884 -0.56998 0.26306 -0.73186 -0.64455 -0.0087923 0.35115 -0.38698 -0.38886 0.033841 -0.045329 -0.097467 -0.57288 -0.054208 -0.12435 0.25104 -0.41672 -0.22425 0.36465 0.50474 0.36404 0.73853 -0.044339 -0.23691 0.27748 -0.25956 0.2488 -0.17595 0.20007 0.80037 -0.11568 -0.15813 -0.97992 0.44398 -0.34376 -1.0139 0.09975 -0.13163 -0.56843 0.1223 -0.092499 -0.031561 0.29619 -0.22728 0.4117 -0.12348 -0.024571 -0.67203 0.16867 0.35989 0.068513 -0.47535 -0.051104 -0.42711 0.29474 -0.53837 0.11435 0.24997 0.013278 -0.071165 -0.20214 -0.30148 0.1956 -0.014751 0.37078 0.16953 0.66016 -0.42015 0.55424 0.069189 -0.091038 0.77131 0.22579 -0.18837 0.27227 -0.090077 -0.42899 -0.2777 0.21334 0.29013 -0.3005 -0.041143 0.2644 -0.16688 0.53046 0.11609 0.14347 0.024051 0.11036 0.18589 0.070073 -0.49204 -0.44319 -0.14845 0.16118 0.58912 -0.030409 0.70308 0.16396 0.019671 0.029258 0.18651 0.058129 0.14694 0.046677 0.31718 0.011884 0.15281 0.35082 0.243 -0.16111 0.43398 0.4462 0.52654 0.054596 -0.19886 -0.14715 -0.70331 -0.81496 0.30468 0.30511 -0.42021 -0.52149 -0.23912 -0.28643 -0.14709 -0.24852 0.033456 -0.060268 0.23774 -0.71165 -0.29817 0.011689 0.06753
albuquerque -0.3894 0.20501 -0.34066 -0.20087 -0.14274 0.42023 -0.45791 0.073402 0.24359 -0.0076575 0.069683 -0.0075093 -0.31438 -0.106 0.17267 -0.2082 -0.54749 -0.051816 0.71589 0.26532 -0.40435 -0.16492 0.19243 -0.12245 0.10704 -0.64422 -0.057308 0.59779 -0.68436 -0.40242 0.49808 0.33663 0.054578 -0.15992 0.34948 -0.55023 -0.073436 -0.34473 0.097758 -0.17532 -0.35719 -0.31532 0.083451 0.59416 0.021895 0.099002 -0.16712 0.39397 -0.15089 -0.32463 0.10964 -0.47901 -0.39105 0.084407 -0.4501 -0.11065 0.097769 -0.27973 0.37719 -0.52093 -0.38454 -0.36097 0.82432 0.25619 -0.03665 -0.083461 0.70447 -0.18543 0.27997 -0.67925 -0.37126 0.24393 0.049129 -0.060859 -0.50008 -0.0048704 -0.21273 0.13934 0.27218 -0.47792 -0.42811 0.42897 0.059983 0.18153 -0.67011 0.22469 0.33032 -0.40448 0.47473 0.7892 0.28496 -0.039534 0.2933 0.070171 -0.074165 0.2621 -0.33389 -0.17744 -0.049755 0.053334 -0.15397 -0.57062 -0.45505 0.74478 0.30475 -0.69996 -0.011789 0.50158 -0.081708 0.9075 0.22982 -0.050748 -0.65891 0.083243 0.26336 -0.18349 -0.20402 -0.42898 -0.14742 0.74499 0.91936 0.13519 -0.31902 -0.68219 -0.3811 -0.21716 0.37435 -0.42921 -0.093804 0.16004 0.4886 -0.62107 -0.71829 -0.18596 -0.10941 -0.16461 -0.25982 0.0047449 0.4748 -0.18058 -0.37204 0.015676 0.1756 0.052066 -0.15392 0.11454 0.46132 0.64697 -0.07267 0.15164 0.94352 0.11059 0.1804 0.054966 0.0069352 0.24659 0.38966 0.26905 -0.11818 -0.47614 0.63847 -0.27626 -0.33333 0.20137 0.76338 -0.65582 0.23576 0.52776 0.067871 0.66688 -0.41827 0.111 0.012811 0.28344 0.1642 0.11129 -0.053124 -0.32591 0.34035 0.085297 -0.030283 0.34836 0.13504 0.25713 -0.049848 0.12793 -0.11717 0.11359 -0.0088627 -0.45743 -0.20836 0.12387 0.34544 0.23563 -0.39643 0.40372 -0.087337 0.34459 0.34732 0.39895 0.067013 -0.027672 -0.16592 0.44263 -0.021808 -0.27356 0.3831 0.28043 0.31524 0.38656 -0.13832 0.47514 -0.42214 -0.092426 -0.066978 0.56674 -0.78187 -0.15085 0.007662 -0.12343 0.39435 -0.49098 0.079742 -0.18295 -0.0040581 -0.18107 -0.51945 0.057044 -0.25383 0.023379 0.10909 0.24244 0.50998 -0.55936 0.28306 -0.56565 0.24393 0.16036 0.19133 -0.081749 -0.26475 -0.34665 -0.65546 0.3673 -0.18133 -0.63757 0.10959 -0.070277 0.071197 -0.19798 -0.1437 -0.5859 -0.18288 0.15096 -0.20015 0.029367 0.40216 -0.19588 0.5151 -0.31911 0.32448 0.42348 -0.12316 -0.27743 0.25557 -0.19474 0.43134 0.71527 0.090321 0.25408 -0.3749 -0.10203 0.21203 0.2381 0.22971 -0.15743 -0.16766 0.10092 -0.50715 0.61776 0.20642 0.27503 -0.076521 0.35772 -0.53175 -0.39214 -0.15123 0.014989 -0.38 0.29544 0.0079694 -0.39234 -0.027411 0.041378 -0.16557 -0.26033 0.38888 -0.29217 -0.1313 0.53115
baku 0.62426 0.27863 0.25638 -0.0076289 -0.34214 -0.2734 0.32192 -0.26962 0.29016 -0.0096414 0.031395 0.49348 0.28577 0.1255 0.42668 0.36712 -0.38942 0.89995 -0.24758 0.12842 0.23073 -0.36315 -0.5188 0.058334 0.28401 -0.54383 0.54448 0.17139 -0.83397 0.262 0.55903 -0.26778 -0.17797 0.3673 0.57481 -0.46002 -0.23474 0.33254 -0.090256 0.044686 -0.29284 -0.36464 -0.57495 -0.19282 -0.52731 0.10074 0.20389 0.60232 -0.43026 0.66223 0.26604 -0.37479 -0.55711 -0.97141 -0.054173 -0.22182 -0.171 -0.0024544 -0.16854 -0.46616 -0.60615 0.38982 0.13798 -0.46922 -0.65246 0.50664 0.33764 0.132 0.39706 -0.31766 0.21441 -0.16166 -0.43694 -0.47942 -0.11862 0.051392 0.40282 -0.0074603 0.34748 0.12713 0.31927 -0.66205 0.26685 -0.22874 -0.23997 0.30083 0.34152 -0.54021 0.72501 0.48453 0.07294 -0.2107 0.050568 0.1087 -0.10657 0.63821 0.0027557 -0.038358 -0.38703 0.20207 0.37379 0.20129 0.52556 -0.19465 0.33818 0.62341 0.13468 -0.45972 -0.01794 0.0057143 0.095692 0.12238 0.049803 0.71929 -0.15281 0.03839 -0.043026 0.028092 0.53133 0.041094 0.51049 -0.28636 0.63386 0.076602 0.66025 -0.19152 0.091137 -0.12008 -0.31565 -0.13297 -0.33839 -0.12267 0.30666 -0.025906 0.49633 0.22267 0.30489 0.28615 -0.56417 -0.39636 0.12366 -0.60556 -0.23826 -0.21461 0.45891 -0.12947 0.25726 0.16209 -0.78959 0.40594 0.050461 0.50019 0.61177 0.16343 -0.11132 0.56217 0.4187 -0.2326 -0.063781 -0.49753 -0.57878 0.29421 -0.02753 -0.059673 -0.17936 -0.51276 -0.11198 -0.0020243 0.34917 0.19024 0.35533 -0.90881 0.0040345 -0.64935 0.218 0.41782 -0.096873 -0.23366 -0.60014 0.42036 -0.39188 -0.077672 -0.2951 -0.14313 0.59123 0.18787 -0.2572 0.27422 -0.021855 -0.36048 0.037359 -0.067999 -0.05568 -0.7264 -0.16571 0.1581 0.18238 -0.21376 0.26149 0.00032415 0.35766 -0.30198 -0.0079773 -0.34315 -0.070972 -0.5391 0.076514 -0.2155 0.69083 0.28822 0.07579 0.31196 -0.31543 0.11158 0.3046 0.23883 0.34714 0.2685 -0.5652 0.2221 0.67466 -0.11479 -0.2531 -0.17629 -0.04012 -0.59531 -0.26077 -0.61287 -0.64761 -0.60527 0.37423 -0.0094331 0.4213 -0.4559 0.78256 -0.13498 0.20596 -0.63794 0.44684 0.23172 0.19516 -0.72024 -0.16602 0.054198 0.17216 0.24291 0.23651 0.29099 -0.25615 -0.18253 0.20157 0.34519 0.16488 0.25914 -0.087952 0.45862 -0.47431 0.11385 0.47463 -0.457 0.049139 0.59353 0.14706 -0.4414 0.42513 -0.57932 0.30315 -0.74643 0.11464 0.14049 0.60296 -0.033576 -0.078798 -0.458 -0.0011553 -0.044614 -0.2573 0.031993 0.35937 -0.175 -0.25415 -0.54646 0.14176 -0.17538 -0.018161 -0.14369 -0.21291 0.48306 -0.69112 -0.36852 -0.16696 -0.17842 0.31414 -0.15433 -0.014235 0.026434 0.22383 -0.82421 -0.37284 0.40832
tirana 0.14851 0.028277 -0.28863 -0.040625 0.12578 0.018112 0.55993 0.032443 0.23813 -0.16787 -0.51648 -0.10321 0.40556 0.80075 0.12836 -0.54381 0.12379 0.32463 -0.1383 -0.42373 0.32928 -0.56749 0.17778 -0.076252 0.21063 0.20194 -0.37655 0.68841 -0.54615 0.0016585 -0.077532 0.027023 -0.081311 0.66904 0.63867 0.26877 -0.15628 0.22755 -0.74084 0.11479 0.30446 -0.56459 -0.377 -0.016049 -0.4367 0.025238 0.13986 0.66084 -0.0719 0.19504 -0.50136 -0.6475 0.008911 -0.023739 0.24231 0.52157 -0.41003 0.51369 0.86054 -0.083341 -0.67834 -0.28464 -0.086333 0.035192 0.042347 0.93708 0.1886 0.33922 0.71058 -0.98943 0.24085 -0.27235 0.44113 -0.047011 -0.10773 0.30998 0.37971 0.065194 0.41954 -0.60462 0.48508 -0.43636 0.40498 0.52186 -0.080955 -0.1394 -0.41592 -0.18564 0.32801 0.16985 0.20937 -0.23656 -0.33694 -0.11961 0.16968 0.73539 0.47131 0.20367 -0.95745 0.23868 0.44996 -0.022285 -0.14071 0.061468 0.026929 -0.16365 0.29053 -0.23492 -0.0014159 0.3521 0.22019 0.18939 -0.27578 -0.28721 0.17056 -0.55639 -0.60714 0.053399 -0.40605 -0.19536 0.62522 0.40725 0.70071 -0.22688 -0.10957 0.26102 0.87713 -0.48563 0.19722 0.27501 -0.6639 -0.041962 0.77051 0.29648 0.14979 0.013968 0.66148 0.37817 0.50999 -0.0083594 -0.63944 0.06759 -0.36012 -0.011719 0.29647 0.43046 0.55566 0.4023 -0.84492 -0.35724 -0.1735 -0.10748 0.45895 0.96361 -0.068625 0.57321 0.49604 0.6089 0.070929 -0.092529 -0.53818 0.24917 0.1991 0.071423 -0.30921 -0.41254 -0.30445 -0.1538 0.29445 -0.37599 -0.22485 0.28385 0.14642 -0.028311 -0.11361 0.085355 -0.31663 -0.61942 -0.50532 0.24445 -0.11904 0.11998 0.11313 -0.24757 -0.44313 0.10175 -0.80592 0.19565 -0.03094 -0.43559 -0.53876 -0.18048 -0.35638 -0.16695 0.23148 0.33982 0.029757 0.26676 -0.11451 0.65732 0.249 -0.50532 -0.0059161 0.55376 0.092471 -0.77931 -0.11086 -0.65459 0.28065 0.26364 -0.023809 0.69188 -0.48195 0.19958 -0.11884 0.2549 0.17275 -0.00072394 -0.54158 -0.41942 0.42814 0.38132 -0.13023 0.25407 -0.063681 -0.36433 -0.3048 -0.46199 0.30052 -0.2409 0.40055 -0.26399 0.079197 -0.46381 0.69945 0.11566 -0.035809 0.051918 0.82932 0.21246 0.65776 -0.40403 0.008889 -0.3911 1.0096 -0.33122 0.43163 0.17219 0.09984 0.36077 0.0058912 0.040839 -0.25797 -0.57125 -0.0019005 -0.064401 -0.77735 0.19796 0.091519 0.10401 0.61687 -0.062275 0.0056833 -0.23636 0.29204 -0.2501 0.14202 -0.26157 -0.13254 -0.72426 -0.078505 0.0028248 0.11489 -0.4704 -0.15221 -0.057445 -0.39436 -0.31301 -0.012118 -0.097648 0.086962 0.02144 0.47189 -0.20919 0.060697 -0.3057 -0.4773 0.16806 0.1377 -0.20256 -0.21635 -0.65125 0.88093 -0.34425 -0.21077 -0.34609 -0.23862 -0.7043 -0.54371 -0.21732
seville 0.19139 0.69541 -0.19398 -0.18418 0.38381 0.0023376 -0.3467 -0.19126 -0.24528 0.30314 0.25349 0.8904 0.47362 0.72309 0.04666 -0.11282 -0.14679 0.80022 -0.12917 0.047851 -0.077033 -0.11389 0.06533 -0.13469 -0.060772 -0.35509 -0.20188 0.14957 -0.28136 -0.20368 0.24793 0.012964 -0.30574 0.27904 0.15031 -0.34873 -0.60883 -0.17684 -0.37628 -0.30735 -0.076303 0.118 -0.54588 -0.10953 0.68811 0.077729 -0.087237 0.67544 -0.15548 0.35286 0.38594 0.36231 0.17467 -0.020695 -0.37344 0.49388 -0.11784 -0.36857 0.29843 -0.011324 -0.30654 -0.42934 -0.26683 0.22755 -0.35441 -0.23049 0.18694 0.090751 0.63732 -0.71829 -0.11547 0.83749 0.21378 -0.32758 -0.57064 -0.10452 -0.10755 -0.4962 -0.012828 0.37915 0.010776 -0.011174 -0.4714 0.043159 -0.19891 0.27986 0.25341 -0.031085 0.76067 -0.27305 0.66488 -0.051637 0.17702 -0.26387 0.2352 -0.24026 0.071545 0.024862 -0.32607 0.11696 0.2572 -0.58714 0.54612 0.32934 0.074783 0.48203 0.78009 -0.28858 -0.79235 -0.032031 0.35055 -0.16956 0.18661 -0.58734 -0.56287 -0.84749 0.085772 0.48967 0.29639 0.30485 -0.1864 -0.61997 0.020571 -0.98996 -0.23994 0.26257 0.13559 0.31637 -0.35246 -0.038775 0.13182 -0.032143 -0.32523 0.010802 0.23863 -0.6527 -0.24293 -1.156 0.040816 -0.013847 0.4226 -0.04033 -0.039255 0.32487 0.27613 -0.59616 0.24039 0.17352 -0.55605 -0.0062786 -0.17895 -0.18224 0.31801 -0.31823 -0.098785 0.16275 -0.037394 -0.12748 -0.2314 0.52479 0.24251 0.69195 -0.3234 -0.24552 0.54198 -0.737 0.17701 -0.34251 0.70057 0.24268 -0.33765 0.30803 0.37558 -0.0931 0.59596 0.18892 0.23149 0.3078 -0.357 0.2833 0.039993 0.12061 -0.26767 0.41361 0.77667 -0.33281 -1.0973 -0.21662 0.070097 -0.086161 -0.54126 -0.39983 0.099408 -0.14512 0.1164 0.011006 -0.57477 0.40268 -0.36993 0.29011 0.11028 -0.099931 0.10426 0.30111 -0.1027 0.024557 0.14823 0.13486 -0.028787 0.4675 -0.19305 0.069226 -0.27088 -0.037012 0.14099 0.49922 0.94898 -0.036864 -0.46462 -0.69653 0.39687 -0.40685 -0.47562 0.19834 -0.34746 0.18901 0.58846 0.23167 0.17006 0.1999 -0.41444 0.1202 0.48371 -0.65519 0.84443 -0.11328 0.83906 -0.031285 -0.058668 -0.23053 -0.16208 -0.50784 0.00094982 0.13931 0.39367 0.18155 -0.50127 -0.2081 0.13117 0.45124 -0.10599 0.039519 0.29584 0.086416 -0.28984 -0.45809 0.47536 -0.015481 -0.042877 -0.70625 0.095253 -0.13633 0.58539 0.50451 -0.26979 -0.11079 0.53595 0.0092497 0.027782 -0.57263 0.43787 -0.34209 -0.18436 0.65232 -0.14044 -0.35499 -0.68209 0.07707 0.21507 0.14263 0.16503 -0.081876 -0.26792 0.016412 -0.38498 0.7377 -0.85652 -0.028689 -0.10999 -0.36407 -0.28352 0.15638 0.42939 -0.24084 0.10975 -0.47699 0.021016 0.16427 -0.18726 0.085948
lusaka 0.41099 0.028122 0.3708 -0.0015433 -0.066239 0.15949 0.5793 0.092221 -0.14794 -0.22972 -0.28665 -0.031674 -0.61297 -0.51227 -0.78893 0.069007 -0.43068 0.082695 -0.27788 -0.45329 -0.25563 0.20566 0.82639 0.12976 -0.072968 0.60489 -0.27653 -0.22963 -0.4012 0.099702 0.015128 -0.13716 0.17074 1.0927 0.37319 -0.36936 -0.69957 0.93369 -0.54446 -0.82393 -0.074028 -0.21682 -0.13429 0.05454 0.50074 0.27369 -0.14573 0.45025 -0.27088 -0.23659 0.67906 -0.28845 -0.35587 1.0012 0.37804 0.48064 -0.11563 0.3248 -0.32609 0.014982 -0.16608 -0.35721 0.27748 0.48634 -0.11741 0.32647 0.66263 0.31021 0.23871 -0.77876 0.38694 -0.017274 0.67843 -0.35772 0.18904 0.069422 0.84147 -0.4479 0.088503 0.16391 0.30355 -0.82866 0.42817 0.25267 -0.55682 -0.64348 -0.75156 -0.38097 0.29635 0.90414 -0.94481 -0.23395 -0.28787 0.23512 -0.10519 -0.57099 0.81255 -0.62716 -0.17903 0.18035 -0.019073 -0.42072 0.6208 0.17634 -0.074687 0.053799 0.33173 -0.02283 0.057147 -0.38111 -0.074888 -0.57096 -0.52739 0.32667 0.67608 -0.69564 -0.046443 -0.13748 0.44209 -0.25988 0.04138 -0.3805 0.45638 -0.63321 -0.28933 -0.62081 0.63506 -0.29489 -0.25826 0.21644 -0.55396 -0.20207 0.71709 0.22769 0.17508 -0.10758 -0.37579 -0.18798 0.057531 0.3593 -0.44819 -0.19664 -0.042139 -0.22415 -0.15627 -0.35001 0.59897 0.29981 -0.60496 -1.1388 -0.12967 0.26756 0.23359 1.0258 0.46287 0.034153 -0.14969 0.062703 0.24209 -0.1345 -0.91238 -0.16556 -0.38092 -0.27183 -0.22012 -0.60207 0.32608 -0.32116 -0.29179 -0.37448 -0.50618 0.24959 0.48888 0.007463 -1.1969 -0.15261 0.47677 0.41878 -0.68363 0.13859 -0.20234 -0.026959 0.030881 -0.2909 0.10516 0.21646 -0.26596 0.48514 -0.41175 -0.24944 0.505 -0.77938 0.49197 0.15634 0.66292 0.33274 -0.011842 0.36731 -0.019675 0.035774 -0.76323 -0.61814 -0.35079 0.27791 -0.18472 -0.668 0.56033 -0.5589 0.0039494 -0.17571 0.39891 -0.28599 -0.22976 0.0027921 0.23046 0.43706 -0.19996 0.031971 -0.17746 0.0029199 0.7164 -0.29041 0.11304 0.4728 0.091502 -0.021448 -0.63342 0.20323 0.096791 0.14856 0.11775 -0.11675 0.2286 -0.53591 0.34652 0.69756 -0.76862 0.15903 0.1698 -0.43274 0.27517 -0.51408 -0.85653 -0.10266 0.36861 0.68069 -0.19038 -0.22544 0.059998 -0.2891 0.15603 -0.018375 -0.23363 -0.42166 -0.40953 0.57403 0.18192 -0.1659 -0.053793 -0.078828 0.021813 1.1555 0.71175 -0.055391 0.093481 0.48336 0.30477 0.57168 0.29342 -0.54301 -0.29924 -0.041002 0.046104 0.65237 0.097615 -0.072239 -0.56174 0.13126 0.47187 0.4597 -0.055991 -0.19609 -0.46439 -0.1296 -0.39132 0.17982 -0.18575 -0.44983 -0.44318 -0.46321 -0.76894 0.3753 0.063071 -0.44105 0.45753 0.65652 -0.51361 -0.74225 0.1369 -0.044283
dakar 0.40454 -0.14385 -0.57633 0.053584 -0.13085 0.36919 -0.012683 -0.080598 0.63526 -0.13233 0.14112 0.067986 0.13462 0.23664 -0.046284 0.072166 -0.50149 0.97069 -0.08642 -0.4983 -0.22592 -0.23386 -0.027522 0.17035 0.51076 -0.248 0.057784 -0.19254 0.17949 -0.12047 0.0073509 -0.27135 -0.28474 0.70042 -0.12352 -1.1616 0.10282 0.05978 0.1743 -0.29975 -0.48543 0.12481 -0.55693 -0.70317 -0.031207 0.28293 0.42911 0.35543 -0.57939 -0.10047 0.44669 -0.044762 0.58168 -0.034041 0.28871 0.45268 -0.086574 -0.78922 0.12575 0.2612 -0.36077 0.024267 0.21508 0.23898 -0.275 0.53067 0.28765 0.49022 -0.028871 -0.68904 -0.16845 0.1251 0.23759 -0.25643 -0.30977 -0.23049 0.27626 -0.60013 -0.054556 0.014873 0.35992 -0.0098795 0.68639 0.39597 -1.1367 -0.15767 0.46785 -0.076914 -0.082788 0.027113 0.26474 -0.677 0.18223 -0.074796 0.00011995 -0.064541 0.17086 0.15653 -0.72507 0.25865 0.33666 -0.16934 1.0482 0.029433 0.41128 -0.11818 0.39027 -0.45254 0.2165 -0.18342 -0.45053 0.19962 -0.88335 -0.18906 0.80888 0.063136 0.51672 0.032137 0.48402 0.29712 0.41067 -0.4964 0.41598 -0.36516 0.14538 -0.35669 0.1355 -0.59829 0.037567 -0.23205 0.37216 0.13171 0.32913 -0.62173 0.52622 0.084757 -0.2369 -0.53791 0.14231 0.19785 -0.07727 0.12564 0.31559 -0.38904 0.029383 -0.69598 0.060889 0.068597 -0.0062009 0.4591 0.61143 0.11865 0.5556 0.083933 -0.042303 -0.30598 0.12166 -0.08211 0.087896 -0.091207 -0.61524 -0.39309 -0.61176 -0.22814 0.084413 -0.52955 0.19101 -0.65798 -0.26494 -0.0075045 -0.28866 -0.29703 0.37363 -0.39864 -0.41704 -0.20112 0.12967 -0.079629 -0.63858 0.52014 0.22484 0.41172 -0.121 0.29259 0.47324 -0.025203 -0.66934 0.57181 -0.17174 -0.23651 -0.27747 -0.1357 0.046003 -0.50273 0.76259 -0.27594 0.02908 0.27815 -0.46287 0.18491 0.31509 -0.56735 -0.0050717 -0.18779 0.41337 0.054612 -0.058757 0.019721 0.25827 0.37723 0.32518 -0.095656 -0.18416 0.10373 0.35043 0.79713 0.54425 0.095821 -0.020454 -0.58405 0.47078 -0.53187 -0.046841 -0.17499 0.10597 -0.43044 0.67785 -0.26341 -0.56174 -0.11803 0.033594 -0.42377 0.38848 0.14849 0.74428 0.9985 -0.13146 0.030207 0.68709 0.11209 0.07565 -0.16461 -0.39824 -0.12022 0.09624 0.031371 -0.1363 0.011575 0.33007 -0.066975 -0.080582 -0.023914 -0.32883 0.054907 -0.22619 0.10993 0.4019 0.31779 -0.42424 -0.69403 0.29733 -0.39277 -0.4385 0.47809 0.5518 0.44683 0.052557 -0.17643 -0.20339 -0.43216 0.62534 0.53284 -0.15265 -0.091909 0.39367 -0.0052971 0.064459 -0.12091 0.64759 0.057456 0.044184 -0.4358 -0.25944 -0.24319 -0.86312 0.044803 -0.012796 0.2886 -0.58699 -0.38728 -0.43695 -0.12092 -0.10094 -0.037937 -0.32416 0.021372 -0.43059 0.068275 0.089038 -0.14555
salaam 0.48669 -0.41053 0.0089174 -0.079371 -0.41613 0.5348 -0.34558 -0.42566 -0.13683 0.03155 0.47304 0.41421 -0.22466 -0.38431 0.84632 0.087498 -0.28743 0.21861 -0.092497 -0.15707 -1.0826 -0.4812 0.14081 0.23654 -0.073603 0.91409 0.35314 0.12517 -0.11969 -0.52892 -0.10763 -0.10467 0.36632 0.025901 0.72506 -1.2338 -0.51727 0.25048 -0.37512 -0.63666 -0.33611 -0.078032 -7.9739e-05 -0.42527 -0.29839 -0.14998 0.28022 1.023 0.089028 -0.11449 0.37765 -0.44528 -0.9473 0.64997 0.1583 1.1486 -0.23406 0.50485 -0.51928 -0.053875 -0.72167 0.25341 -0.32839 -0.21767 0.28254 0.72595 0.43537 -0.2655 -0.37976 0.073104 1.0167 -0.058762 0.62729 0.19404 0.36419 -0.34155 1.1806 -0.44071 -0.22482 0.050458 0.68703 0.10076 -0.075938 0.54008 -0.1484 0.087435 -0.52159 -0.33239 0.1424 0.070127 -0.7686 -0.53718 0.65114 -0.37614 0.30571 -0.11356 0.49384 -0.19779 0.045852 0.67265 0.17409 -0.36301 0.88114 0.046884 -0.018448 -0.024408 0.503 -0.17402 -0.061566 -0.48357 -0.46042 -0.53262 -0.61114 0.44006 0.62983 -0.022054 -0.043228 0.39836 0.4128 -0.26434 0.084815 -0.64152 0.19775 -0.70726 -0.69226 -0.85166 0.23 -0.39081 -0.070628 -0.22763 -0.33306 -0.14534 0.53016 -0.33325 -0.31408 -0.1798 0.02251 0.019097 0.21505 0.27221 -0.22652 0.32829 0.28368 0.23574 -0.31912 -0.0025168 0.70936 -0.34398 -0.69863 0.42544 0.20056 -0.23692 0.32401 -0.24468 0.09849 0.27022 0.090677 -0.58757 0.76409 0.35482 -0.23766 0.17019 -0.35785 -0.49476 0.042631 -0.18698 0.029279 -0.29134 0.050759 -0.44077 -0.25966 0.11292 -0.19972 0.14664 0.4902 0.53312 -0.16435 0.15008 0.015219 -0.022747 0.69082 -0.057921 -0.76676 -0.55361 -0.13456 0.099796 0.61979 0.95473 0.05669 0.35785 0.53861 -0.22589 0.19946 -0.50626 0.24832 0.44823 -0.0053938 0.039583 -0.60502 0.36227 0.058365 -0.29974 0.80043 0.51574 -0.10258 -0.016615 -0.1047 -0.18098 0.34297 0.2256 0.022736 0.14451 0.18137 -0.10409 0.11987 -0.19504 -0.091843 -0.050564 0.40639 -0.52657 0.12515 -0.23402 -0.072437 0.53115 0.34233 0.093821 -0.17141 0.34455 0.36268 -0.2824 0.43344 0.35496 -0.26942 -0.25126 0.40715 0.81547 -0.20468 -0.4779 0.4103 -0.24106 0.42205 0.38505 -0.24584 -0.18981 0.38813 0.45487 -0.60053 0.15361 0.22898 0.52744 0.87689 -0.92784 0.021941 0.61571 -0.11549 0.49513 0.26573 0.17484 -0.20671 -0.42762 0.25905 0.080834 0.018901 -0.0014 0.31425 -0.5428 0.99712 -0.16774 0.2931 -0.24849 0.089622 0.074734 0.073247 0.38623 0.40531 0.033233 -0.25363 0.32645 0.194 0.34163 -0.76719 0.1504 -0.39091 -0.07796 -0.21835 0.68281 -0.011267 -0.11144 0.020063 -0.80267 -0.042423 0.18266 0.58888 -0.30349 -0.37282 0.62771 -0.13139 -0.88661 -0.15078 0.47763
anchorage -0.20058 -0.1642 -0.24308 -0.19697 -0.24535 0.051936 0.43604 -0.1615 0.0050288 0.24907 -0.090123 0.15809 0.072634 0.41893 0.09395 0.49114 0.29796 0.36222 -0.0741 -0.31076 0.0035308 -0.36801 -0.06397 0.12356 -0.14684 0.074901 -0.13599 -0.14494 -0.72701 -0.40487 0.32693 0.12456 0.41151 0.027113 -0.25335 0.018981 -0.24172 -0.049983 0.38189 0.24025 -0.70804 0.46168 -0.15034 0.1635 0.057849 0.60906 0.54949 0.55615 0.090195 0.86327 -0.1241 0.13399 -0.11456 -0.64273 -0.19121 0.30105 0.31958 0.070476 -0.46722 -0.34701 -0.30409 0.14599 0.7795 -0.68879 0.32278 -0.16206 -0.096974 -0.19314 0.11094 -0.14052 -0.48298 -0.68865 0.0808 -0.54919 -0.41021 0.088566 0.53033 0.6343 0.3874 -0.48972 -0.31582 0.43006 -0.056967 0.027248 -0.77775 -0.26168 0.33979 -0.40936 -0.59105 0.071474 -0.30919 0.14044 -0.15764 -0.4661 -0.17655 0.49128 -0.082521 0.3376 0.16099 0.49205 0.32632 -0.30721 -0.17082 -0.10121 0.44379 0.2162 0.38848 0.10832 0.27836 0.49279 -0.29324 -0.065331 0.011044 -0.018608 -0.0098115 -0.027871 0.16108 -0.018161 -0.0986 0.96504 0.67718 -0.014457 -0.32054 0.040992 0.48354 0.39083 -0.038385 -0.4911 0.057296 -0.31828 -0.038201 -0.18369 0.26918 0.046283 0.68028 0.39225 -0.28352 0.080892 0.70819 -0.1773 0.032635 0.28273 -0.18766 0.17048 0.29998 -0.51053 0.4179 0.8701 -0.40512 0.02281 1.2734 -0.11822 0.39868 -0.41385 0.33143 0.26232 0.56121 -0.10215 -0.13083 -0.18626 0.15358 0.15879 -0.19977 -0.099716 0.15575 -0.43678 0.41538 -0.33067 0.45019 0.43573 -0.40884 -0.26459 0.22456 0.31252 -0.73361 0.58908 0.098759 -0.29985 -0.1193 -0.077276 0.54337 0.64257 0.24067 -0.15392 -0.37378 0.13426 0.74552 0.25831 -0.26607 -0.29791 0.025109 0.20276 0.14063 -0.5478 0.22335 -0.20207 -0.16891 -0.24374 -0.025921 0.1548 0.17874 -0.076159 0.12518 -0.07552 -0.57281 0.14592 -0.16408 -0.41326 0.48565 -0.10293 -0.17563 0.23789 0.17458 -0.14217 -0.48079 0.16829 -0.67847 0.30389 -0.41448 -0.24836 0.76978 0.1472 0.03905 -0.071158 0.095751 -0.13841 -0.21064 -0.088751 -0.015711 -0.49851 0.28769 -0.022659 0.33897 -0.023249 0.0018537 0.034345 -0.41058 -0.11614 0.050484 0.60165 -0.25776 -0.14897 -0.20831 -0.019625 -0.28814 -0.05165 -0.31011 0.46193 0.097713 -0.0032383 -0.14776 -0.059638 -0.081555 0.20614 -0.01601 0.083792 0.21072 -0.27994 0.23426 -0.43482 0.15925 0.037015 -0.26774 -0.21212 0.26977 -0.17069 0.60937 -0.24666 0.25936 0.25997 -0.012548 -0.007815 0.058991 0.10197 0.3616 -0.1382 -0.081465 0.80154 -0.21663 0.019316 -0.25552 0.21615 -0.28675 0.14081 -0.97699 -0.24434 -0.025358 -0.041609 0.63598 0.30991 -0.22653 -0.0045288 -0.09945 -0.12231 -0.20739 -0.1631 -0.064293 0.38495 -0.82556 0.30804
chengdu -0.11533 0.34613 -0.067165 -0.83178 -0.041553 -0.24642 0.51296 0.45671 0.073068 -0.43853 0.62258 0.043432 0.46722 -0.10257 0.0056944 -0.1603 -0.21046 -0.13949 0.68482 0.80434 -0.29401 -0.33314 -0.032785 -0.18892 -0.21237 0.4873 -0.23556 0.0088669 0.46834 0.133 -0.04672 -0.12201 0.12416 0.73435 0.010672 -0.042846 -0.44005 -0.28213 -0.635 -0.33553 0.78703 -0.1666 -0.08675 -0.26846 -0.23271 0.44221 0.13732 0.86645 -1.04 0.39922 0.092874 -0.26149 -0.29892 0.52078 0.18237 0.24961 0.4472 -0.070735 -0.31221 -0.21339 -0.93638 -0.19659 0.067858 -0.58832 -0.096801 0.49755 0.054414 0.56421 -0.44506 0.59726 0.31401 0.49666 0.51096 -0.11905 -0.061057 1.2769 -0.56875 -0.25984 0.42659 0.4699 0.0045104 -0.22637 -0.55261 -0.62344 -0.29394 -0.5605 0.12226 0.31256 0.62568 0.58678 0.24311 0.093243 0.34645 0.77233 -0.027361 0.25189 0.4015 0.60805 -0.099925 0.54159 0.75021 -0.45377 0.11887 0.66381 0.031267 0.0052552 -0.15627 -0.9959 -0.07435 0.8238 -0.23894 -0.51153 -0.44195 -0.063974 0.53538 0.26822 -0.33247 0.36804 -0.39013 -0.072168 -0.62319 -0.55152 0.49235 -0.29902 -0.2242 0.20353 0.10064 0.018582 -0.45071 -0.2589 -0.11794 0.077596 0.43943 0.74038 -0.15332 -0.032532 -0.083845 -0.061435 0.35196 0.25239 -0.42556 0.17688 0.34947 -0.21239 0.68017 0.2849 0.5967 0.33774 -0.45391 0.54644 0.44639 -0.12029 0.47575 -0.087547 0.77374 -0.34498 0.53536 -0.38401 -0.39084 -0.66627 -0.4039 -0.013239 -0.27808 -0.60959 0.39068 0.00060237 0.61 -0.013073 0.12375 0.039508 -0.51588 -0.52893 -0.10259 -0.40835 -0.55579 0.30579 0.47866 -0.32588 -0.37189 -0.065017 -0.066119 -0.075273 -0.73738 -0.011296 0.12959 -0.19177 -0.11509 0.88051 0.074276 -0.79663 0.50918 0.21445 -0.37408 -0.074657 0.64055 0.14978 -0.46196 -0.21887 0.13537 0.99368 -0.05506 -0.38373 0.20656 0.21167 -0.51719 0.6924 0.023164 -0.75819 0.14723 0.50324 -0.36998 0.18914 -0.46367 -0.37835 -0.25076 -0.44828 -0.96691 0.30177 0.30089 0.033671 0.52642 0.091374 -0.0043713 0.24643 0.049803 0.21527 0.25197 -0.16273 -0.45686 -0.24402 0.17812 -0.068993 0.4068 -0.13356 0.40056 0.94525 -0.41565 0.10271 0.36631 0.78989 0.18663 -0.73999 -0.30279 0.82083 0.23721 0.61882 -0.53939 -0.42935 0.23319 0.14491 0.61198 0.48518 0.42851 -0.62172 0.17495 0.46731 -0.18374 -0.14456 -0.27279 -0.74914 0.74523 -0.58242 -0.15676 0.098499 0.010556 -0.2187 0.082757 -0.58818 0.59059 0.052843 0.25305 -0.41423 0.11391 -0.15229 -0.11645 -0.40145 -0.31221 -0.48655 -0.35203 -0.1067 -0.46811 -0.52084 0.00035592 -0.26212 -0.22182 0.25075 -0.13286 0.65314 -0.39128 -0.106 0.74078 -0.053582 0.17337 -0.32863 0.16156 -0.20782 0.083815 -0.59975 0.43738 0.29642
casablanca 0.20522 -0.59997 0.026963 -0.33709 0.039167 0.66179 -0.39683 0.21768 -0.047699 0.057612 0.59966 0.88236 0.20783 0.62159 -0.39728 0.11887 -0.48598 0.21974 0.16725 0.22745 -0.5646 0.024483 -0.35909 -0.21717 0.011137 0.1045 -0.01373 -0.19975 -0.039169 -0.35655 -0.33366 0.017486 -0.065149 -0.070662 0.51133 -0.53577 -0.11562 0.25178 0.086401 -0.038048 0.24425 0.51952 0.2729 -0.47834 0.27179 -0.29762 0.23208 0.39506 -0.17178 -0.43612 0.42586 -0.17781 0.015239 0.029198 -0.021899 0.25382 -0.40702 -0.044067 0.52605 -0.11075 -0.78512 -0.66758 0.10088 -0.061055 0.54403 0.45434 0.1276 0.58187 -0.45509 -0.43921 0.24546 0.48068 0.43332 -0.14568 -0.59008 -0.54005 0.59192 -0.75245 -0.40261 -0.10746 0.34365 -0.19421 0.35359 0.63821 0.18726 -0.51021 0.24278 0.13587 0.51748 -0.038973 -0.22681 -0.39512 -0.063594 0.24596 0.14566 0.64963 0.4202 0.043519 -0.015678 -0.38853 0.38112 -0.49281 1.3572 -0.28653 -0.15241 -0.39863 0.27292 -0.32086 0.18632 -0.16623 -0.013101 -0.052041 0.30191 -0.62945 0.031209 -0.52528 -0.10334 0.070588 -0.092135 -0.014175 0.043318 -0.46379 0.58752 -0.19823 0.70499 0.30757 0.15042 -0.066726 -0.22416 -0.10563 0.23808 0.38732 0.34477 0.030288 0.31467 -0.99614 0.23147 0.18849 -0.16816 0.0010112 0.058932 0.31287 0.037572 0.31885 -0.22382 -0.17791 0.63222 -0.085823 -0.47678 0.45547 -0.18454 -0.080293 0.33727 -0.11347 -0.39165 -0.089169 0.40796 -0.18271 0.1198 0.12138 0.3272 0.21185 -0.49602 -0.17151 -0.020051 -0.083768 0.31092 -0.38073 0.053871 0.50966 0.16263 -0.14854 0.11163 -0.68331 -0.13674 -0.29561 0.1552 0.53883 -0.75044 0.31028 0.92067 -0.053936 -0.5819 0.43998 -0.33175 0.28926 -0.5152 0.75142 0.26486 0.021094 0.31686 -0.21918 0.4721 -0.59863 0.43163 -0.59741 -0.034993 -0.20432 -0.10406 0.11984 0.47803 -0.92948 -0.054415 0.92185 0.15359 -0.4518 -0.18038 -0.23095 0.3509 -0.029338 -0.5875 1.0172 0.29725 0.007209 -0.058004 0.3972 -0.36646 -0.17589 0.17322 -0.24457 -0.26924 0.12606 0.55098 -0.17225 -0.60212 -0.52934 0.034148 -0.4584 -0.019359 -0.082595 0.8129 0.57664 -0.35115 -0.3965 0.67212 0.52303 0.55953 0.3311 0.16835 0.045158 -0.42443 -0.058971 -0.36828 -0.24246 0.76803 -0.16302 -0.2583 -0.34467 -0.059217 -0.11767 0.20012 0.10155 -0.019492 1.0412 -0.1046 -0.66659 0.72271 0.71199 0.1568 -0.19394 0.82736 0.27589 0.36775 0.1392 -0.08471 0.099311 0.4413 -0.28011 -0.090639 -0.20028 0.55027 -0.058558 0.23738 0.3619 0.18708 -0.57304 -0.2459 0.22157 0.24728 -0.10353 -0.32636 0.41383 -0.41979 -0.30497 -0.56277 0.061361 0.21548 0.23531 0.066097 -0.80916 -0.38612 0.40651 -0.50409 0.22779 0.092235 0.46613 0.34146 -0.31438 -0.59982 -0.034412
minsk 0.89298 0.22027 -0.42862 -0.42912 -0.050141 -0.49672 -0.14062 -0.28889 0.50866 -0.23558 -0.60428 -0.15865 0.0011012 -0.20684 0.12705 0.075791 0.16311 0.49655 -0.064024 -0.17642 1.0219 -0.45943 0.30343 -0.10356 0.16197 -0.12074 -0.082894 0.62336 -0.77158 0.69215 -0.047107 -0.47759 -0.057865 0.57494 0.11722 -0.5279 -0.33574 0.15912 -0.26905 -0.23061 -0.26629 -0.37869 -0.75309 -0.43301 -0.63571 -0.075548 -0.55312 0.24634 -0.92973 0.12493 0.58946 -0.42156 -0.27824 -0.035289 0.13132 -0.18601 -0.44255 0.42142 0.61147 -0.62689 0.10165 0.55114 0.23551 -0.64876 -0.54391 0.47237 0.42537 0.58482 -0.34415 -1.1757 0.29985 0.015025 -0.0605 -0.38749 -0.54069 -0.075249 -0.39199 -0.057522 0.87351 0.30787 0.061735 -0.79697 0.14027 0.0083897 -0.11508 -0.56862 0.39175 0.14314 0.54658 0.57549 0.11301 -0.19636 0.29799 0.11387 -0.2343 0.42743 0.26961 0.27629 -1.0299 0.42314 0.31875 -0.086514 0.11917 0.0030556 0.5048 0.35794 0.46606 -0.37735 -0.20992 0.13139 0.00054762 0.50005 0.16604 0.73626 -0.39619 -0.73399 0.31921 -0.25462 0.35241 0.28116 0.22705 -0.48262 1.0254 -0.45 0.14777 -0.2407 0.34933 -0.44096 -0.025708 -0.28441 -0.18456 -0.27673 -9.3502e-05 0.26062 0.17132 -0.053721 0.05175 0.29106 0.074088 0.049738 0.03535 0.072183 -0.27022 0.035961 0.3401 0.058843 0.089672 0.14718 -0.3382 0.10973 -0.020344 -0.358 -0.10423 0.29103 0.054043 0.40117 -0.28866 0.046097 0.16106 -0.20796 -0.69467 0.31561 -0.025035 -0.10014 0.3629 -0.33113 -0.1104 -0.067205 0.13584 -0.085054 -0.25945 -0.32618 0.025796 -0.35042 -0.22251 0.064713 -0.044287 0.017028 -0.68701 0.29941 -0.22002 -0.20376 -0.20274 -0.17053 0.33001 0.13445 0.16955 0.3729 0.29875 -0.16197 -0.1013 -0.20233 -0.31034 -0.10461 0.42916 -0.14836 0.023519 -0.47044 0.31632 0.50909 0.24378 -0.94545 0.27209 0.49945 -0.2892 -0.071911 -0.0084228 -0.33493 -0.38263 -0.16519 -0.40294 0.5563 -0.51274 -0.014019 -0.59648 -0.039152 0.0091354 0.19921 -0.58986 -0.22634 0.077407 -0.078687 -0.61751 -0.47665 -0.10187 -0.19418 -0.038149 0.019935 -0.3074 -0.31556 0.3255 -0.46138 0.15161 -1.4135 0.79414 0.25622 0.4122 -0.40228 0.20941 0.33947 0.53803 0.17493 0.22807 0.1645 0.54019 -0.052193 0.795 0.11966 -0.064095 -0.28039 0.12104 0.079146 0.13199 -0.019613 0.47657 0.30255 -0.50217 -0.19256 0.46778 -0.4031 -0.051519 0.5338 -0.10436 0.020707 0.3099 -0.39044 0.082199 -0.048284 0.12703 0.28236 0.84642 0.26512 -0.07052 -0.62511 0.41526 0.25368 -0.34298 -0.37636 0.53383 -0.12515 -0.25187 -0.32003 -0.45736 -0.42376 -0.10288 0.46248 -0.090111 0.1583 -0.26923 0.3627 -0.31756 -0.028701 0.38389 0.065729 0.41512 0.16418 0.084351 0.0098584 0.090756 -0.065752
christchurch -0.35339 -0.046892 -0.30764 -0.62635 0.37967 -0.048328 0.77201 -0.58925 -0.25578 0.14044 0.099734 -0.44822 0.6373 0.40624 0.78932 0.2791 -0.060797 -0.44383 -0.20689 -0.48552 -0.28134 0.083831 -0.20505 -0.040939 0.19165 -0.095695 -0.48522 0.050408 -0.20955 0.19365 0.30746 0.062059 -0.35698 1.143 -0.009482 0.026578 0.076619 0.62837 0.17103 -0.20104 0.0078677 0.59677 -0.40555 0.10282 0.17942 0.64439 0.17047 -0.16392 0.26244 -0.31141 -0.38095 -0.34969 -0.30243 -0.22717 -0.41525 0.42901 -0.15057 0.47483 -0.67196 -0.29591 0.055743 0.21062 -0.36781 0.066445 0.3839 0.059419 0.26333 -0.24281 -0.3582 -0.09757 -0.33754 0.19124 -0.09633 -0.092801 -0.48038 -0.2793 -0.074551 -0.048886 -0.45363 -0.094405 -0.28362 0.090882 0.19824 0.041079 -1.1629 0.0020605 0.3971 -0.43422 0.056484 0.034213 0.32799 -0.099562 1.0695 -0.3445 -0.88231 -0.16137 0.39768 0.20588 0.37463 0.4906 0.36376 -0.17983 -0.11264 0.013999 -0.012222 -0.066328 0.32127 -0.41515 0.33956 -0.1018 0.66503 -0.41312 -0.32074 0.3581 0.51475 -0.070336 -0.017262 0.14295 -0.3182 -0.54394 0.030552 -0.2171 -0.11675 -0.42198 -0.074298 -0.27438 -0.029711 -0.59659 -0.037503 -0.66057 -0.0097498 0.30703 0.48215 -0.066767 -0.046537 0.3729 -0.39209 0.069597 0.011431 -0.33102 -0.077234 0.27155 -0.50891 0.24155 0.032898 0.1405 0.45742 0.24118 -0.47063 -0.42504 0.52031 -0.23025 0.13458 0.38838 -0.088348 -0.12567 -0.27041 -0.30186 0.32704 0.097553 -0.77287 0.081155 -0.31293 -0.13797 -0.3344 -0.60279 -0.11485 -0.16269 1.1507 0.22398 0.19037 -0.58881 0.54593 0.090053 -0.07215 0.81467 0.85589 -0.20976 0.38696 0.4915 -0.0028252 0.59343 0.031844 0.069936 0.47863 0.70686 0.11382 -0.30176 -0.38437 0.00131 -0.4989 0.82134 0.48405 -0.30461 0.29305 0.15603 0.070928 0.15368 -0.66843 0.41342 0.14849 -0.15109 -0.22542 -0.15905 0.20567 -0.11747 0.21145 -0.1419 0.20125 -0.54552 -0.089704 0.58331 -0.72548 0.042285 -0.21307 -0.73584 -0.43006 -0.42651 0.17765 -0.0015747 0.39831 0.028496 0.018801 -0.27062 0.015683 -0.03001 -0.12023 -0.59507 -0.2301 0.46636 -0.0010126 0.28694 -0.31423 -0.66733 0.52585 0.10522 0.1218 0.41257 0.31653 0.33775 -0.25035 -0.24686 -0.03062 -0.050225 -0.50888 0.79523 -0.68913 -0.23715 0.018746 0.25039 -0.044731 0.16606 0.030837 -0.42501 -0.43971 0.43032 0.18629 -0.06135 0.61099 -0.15071 0.051205 -0.17384 0.15666 0.99997 0.16433 -0.31889 0.741 -0.18381 0.22049 0.1009 -0.28069 0.35914 0.38104 0.17897 -0.016104 0.15773 -0.34033 0.36348 0.096182 0.99857 -0.54093 0.12276 -0.30819 -0.066421 -0.27562 0.087903 -0.71833 0.25511 -0.23139 -0.5198 -0.30292 -0.16884 -0.28359 -0.20318 0.053567 -0.020831 -0.15123 -0.03704 0.20466 -0.1067
riga -0.091491 -0.22299 -0.15727 -0.32588 0.026609 0.28088 0.065158 -0.20365 0.041819 -0.0815 -0.32991 0.19261 -0.042188 0.073399 0.40971 -0.0017251 0.090141 0.46225 0.37412 0.44428 -0.21448 -0.42317 0.1455 0.14719 0.070506 -0.45856 -0.057831 0.57852 -1.1224 0.45768 0.70239 -0.40299 0.059571 0.43975 0.1021 -0.59967 -0.62032 0.18182 -0.026855 -0.070655 -0.77013 -0.23954 0.20563 -0.29813 -0.28026 -0.23089 0.27594 0.33539 -0.526 0.30023 -0.33473 0.048896 -0.61298 -0.08534 -0.39378 0.24558 0.041365 0.44013 0.53339 0.022004 -0.35064 -0.23441 -0.1217 -0.5926 -0.41387 0.39621 0.41178 1.1113 0.13211 -1.0679 0.052319 0.24863 -0.27265 -0.052945 0.065146 -0.20971 0.39693 0.024996 0.50473 -0.51426 0.14153 -0.7351 0.30456 -0.035036 -0.4134 0.065087 -0.13991 -0.39368 0.27166 0.32733 0.13402 -0.046893 0.13565 -0.38636 -0.22902 0.25637 0.91843 0.3627 -0.98063 0.133 -0.19796 0.021991 0.33405 -0.11493 0.31325 -0.10946 0.66999 -0.82632 0.13028 0.11005 0.26445 0.94005 -0.33032 0.90648 -0.519 -0.7274 0.5502 0.0057293 0.029715 0.20078 0.21404 -0.53694 0.81359 -0.38448 0.29263 -0.26614 0.11657 -0.23846 0.32582 -0.41102 -0.13412 0.021008 0.15228 0.20327 0.29521 -0.15121 0.29906 0.041457 -0.062022 -0.19011 0.56519 0.22301 -0.22786 -0.067373 0.58102 0.075448 0.428 0.056119 -0.78382 0.4423 -0.21115 -0.73162 0.50423 0.20573 -0.38401 0.40254 -0.023723 -0.33264 0.37327 0.12373 -0.28017 0.91511 -0.1181 -0.15182 -0.0019958 -0.037989 0.26399 0.41287 0.69913 0.019051 0.23334 -0.91357 0.10363 0.051748 -0.11363 0.48372 -0.097016 -0.32983 -0.48928 0.36602 -0.29572 -0.26058 -0.55106 0.057323 0.18954 -0.13742 -0.29307 -0.14457 0.10613 0.23676 0.047071 -0.47733 0.021793 -0.61796 0.10243 -0.02502 0.27862 -0.030577 0.34588 -0.042046 0.6342 -0.71669 0.13742 0.519 -0.78637 -0.32079 -0.24184 -0.54273 0.10151 -0.081642 -0.15666 0.31204 -0.16894 -0.087556 -0.3822 0.033313 0.16518 0.034793 -0.62302 -0.42176 0.43324 0.69038 -0.075385 0.020108 -0.2883 -0.21902 -0.42135 -0.39466 0.52045 -0.18385 0.62617 -0.090917 0.39076 -0.99932 0.3381 0.085277 0.63901 -0.47812 0.45585 0.61175 -0.040132 0.048982 0.87141 0.029038 0.27526 0.24375 0.51524 0.40493 -0.27584 -0.23582 0.40701 -0.42942 0.10405 -0.032145 0.012497 0.19159 0.10598 0.016576 0.09448 -0.57252 -0.60856 0.67902 -0.1149 0.046219 0.4075 -0.34886 0.17038 -0.40366 -0.040166 -0.47218 0.49045 0.077318 0.5062 -0.15655 -0.096067 -0.34437 0.11015 -0.46516 0.25075 -0.19252 -0.39467 -0.21585 -0.53002 -0.87292 0.21626 0.60612 -0.14138 0.0666 0.021136 -0.29175 -0.52342 0.051717 0.6647 -0.96982 0.17004 0.035273 0.080353 -0.11602 -0.15332 -0.19528
hobart 0.2221 -0.40257 -0.41053 0.0073924 0.21977 -0.048675 0.36351 -0.3978 0.57353 0.39005 0.55706 0.37676 0.45226 0.10379 0.68104 -0.021799 0.70517 0.16775 -0.29248 -0.61382 -0.64842 -0.69 -0.0023753 0.29642 -0.1272 0.3589 -0.045357 0.81443 -0.39779 -0.49904 0.16685 -0.46451 0.37886 0.78041 0.28335 -0.021988 -0.42385 0.47204 -0.30981 -0.25586 0.083688 0.14098 0.015063 0.13055 0.051468 0.33408 0.14913 0.18857 0.22956 -0.10178 -0.1303 0.38857 0.47192 0.81101 0.2196 0.2917 0.19789 -0.29332 -0.21202 0.33184 0.3528 -0.11202 -0.029851 -0.47371 0.75468 -0.17516 -0.33715 0.047405 -0.54996 0.1613 -0.059227 -0.025036 0.088951 -0.75589 -0.25731 -0.23965 0.11668 -0.27148 0.38214 0.052447 0.46937 -0.036126 -0.074286 0.21227 -0.47398 -0.17404 0.72066 -0.70152 0.39 0.050594 0.10499 -0.607 0.67085 -0.17923 -0.60494 0.053546 0.22002 -0.20409 -0.089232 0.11503 0.69812 -0.31048 -0.31814 0.59165 -0.1582 0.51937 0.26472 -0.41955 0.10239 0.4091 0.29573 -0.27966 -0.28916 -0.16004 0.069187 0.0063648 0.20362 -0.059614 0.028715 -0.20678 -0.38497 -0.36201 -0.27122 -0.17559 0.53928 -0.17085 0.13496 -0.071647 0.25578 0.15527 0.43687 0.46417 0.11645 0.43685 0.25334 0.32208 0.58177 0.062547 0.23999 0.48174 0.12115 0.34307 0.53034 0.58678 -0.049919 0.045961 0.2943 0.49397 -0.1436 0.011524 0.81997 0.08325 -0.3077 -0.26126 0.71416 -0.493 -0.34454 -0.63342 0.33637 0.43137 -0.21353 -0.44133 -0.079318 -0.46066 -0.51471 -0.35617 0.36839 0.71428 0.62679 0.21054 -0.58279 0.06096 0.021245 -0.041234 -0.35531 0.18147 0.039029 -0.39406 -0.057488 0.40545 0.15527 0.067228 -0.063779 0.40459 0.23931 0.011213 -0.039116 0.0022172 0.28832 0.022214 -0.068032 0.12482 0.26298 -0.089394 0.28963 -0.20203 0.59096 0.68835 0.11098 -0.26048 0.23098 0.029566 -0.33934 -0.70221 -0.1752 0.057153 -0.017346 -0.73318 0.29874 -0.53379 -0.0025754 0.71384 0.17044 -0.16966 -0.36413 0.34058 -0.31956 -0.13497 0.34462 -1.4396 0.30834 0.083287 0.46526 -0.29255 -0.018158 0.055487 -0.20165 -0.36977 0.27359 0.87742 -0.27847 -0.14925 0.42366 -0.25341 0.34068 0.12397 -0.021145 0.18543 0.20993 0.44632 -0.033919 -0.013469 0.082547 0.14811 -0.012265 0.57152 -0.62143 0.022078 -0.24416 0.19777 0.41865 -0.31928 -0.90807 -0.52417 0.15756 -0.2996 0.35857 0.22255 1.2179 0.18788 0.17251 -0.23905 -0.24979 0.28228 0.11397 -0.16586 0.72844 -0.49906 0.48157 0.14727 -0.044944 0.021243 -0.0041531 0.39216 0.59584 -0.25602 0.24175 -0.09757 0.30735 0.59267 -0.27143 -0.046145 -0.44515 0.26051 -0.49345 0.058553 -0.71247 0.096765 0.30165 -0.52889 0.049803 -0.1446 0.19316 -0.080367 -0.26905 -0.31272 -0.069948 0.31417 0.061737 0.31981
nicosia 1.0421 -0.24629 0.17386 0.71396 0.68336 -0.33708 -0.37664 -0.53824 0.75088 -0.95019 -0.30458 -0.27682 0.80949 0.23131 1.1154 0.11537 -0.68131 0.39058 -0.53006 -0.83029 0.16245 0.26841 0.089984 -0.22842 0.15635 0.209 -0.15115 -0.078695 0.096499 -0.09969 -0.093413 -0.21822 0.26791 0.87566 0.78661 -0.075121 -0.48821 0.53825 -0.053915 -0.16806 0.70274 -0.010424 -0.7476 -0.31952 0.22782 0.49623 0.39038 0.029274 -0.54445 -0.20493 -0.044323 -0.42859 0.64355 0.010496 0.044375 0.82097 -0.75609 -0.076811 -0.33027 -0.048244 -0.1551 0.17528 -0.88149 0.29929 -0.15826 0.1653 -0.031819 0.7623 0.24547 -0.34545 -0.17345 -0.87808 0.53675 0.32657 -0.67159 0.80517 0.45861 -0.71935 0.17713 -0.2381 0.87404 -0.51312 -0.46763 -0.33609 0.064259 0.048562 0.10529 0.20197 0.25173 -0.32317 0.14003 -0.38111 -0.15355 -0.16288 -0.42831 0.75723 0.19512 0.49648 -0.40209 0.32263 0.43017 -0.13274 -0.078255 -0.2254 0.085406 -0.17222 -0.043653 -0.73441 0.050491 -0.73396 -0.40444 0.28207 0.15757 0.11285 -0.44399 -0.58234 -0.49836 -0.047268 -0.24212 -0.41438 -0.053777 -0.057555 0.20166 -0.028218 -0.18491 -0.088358 1.0195 -0.74125 -0.36574 0.081489 0.32572 0.24231 -0.47077 -0.18605 -0.024133 0.037675 0.175 -0.60796 -0.67238 -0.91201 -0.11238 -0.78225 -0.30308 -0.7495 -0.20396 0.13404 0.26448 0.39984 -0.45486 -0.97863 -0.12304 -0.076043 0.016151 1.0027 0.35656 0.7105 0.17477 0.85481 0.39487 0.68159 -0.59639 -0.2532 -0.17268 -0.37453 0.016447 -0.47276 -0.71154 0.32074 0.55063 -0.092353 0.0039474 -0.36586 0.32343 -0.21841 -0.36713 -0.063978 0.21861 -0.035744 -0.19851 -0.086441 0.52467 -0.12094 -0.30788 0.027957 0.11229 0.78249 -0.58065 -0.43079 0.35081 0.55821 -0.43628 0.033669 -0.48543 -0.32371 0.28518 -0.032129 0.4219 -0.093397 -0.73553 0.69878 -0.24056 0.22289 -0.97626 0.0088534 0.37104 -0.30082 -0.017563 -0.24556 0.2385 -0.030717 0.088118 0.34418 -0.60621 0.51627 0.39522 -0.13067 0.60864 -0.14771 -0.48372 0.3357 0.58743 -1.0763 0.25544 0.047586 -0.25011 -0.41558 0.23428 -0.7396 -0.2531 -0.61421 0.019746 0.2418 0.70717 -0.1858 0.69116 -0.33806 -0.24051 -0.24466 0.46495 0.10175 -0.21756 -0.84611 0.29351 0.45796 0.28484 0.092824 0.27051 0.030086 -0.3377 -0.31741 0.42942 0.83907 0.063011 -0.17994 -0.65368 -0.14339 0.33463 0.0195 -0.14752 -0.89902 0.32072 0.33694 0.86632 -0.028326 0.42056 0.49596 0.12264 -0.30114 0.15626 -0.56055 -0.25874 -0.073186 0.27966 -0.46711 -0.16585 0.33775 -0.084523 0.73612 0.28264 0.047783 -0.10814 -0.21826 -0.0041358 -0.2805 -0.25626 -0.053839 -0.20943 0.070693 -0.24209 0.35068 -0.027542 0.063809 0.2112 0.40072 0.54056 0.1412 -0.090187 -0.50079 -0.31746 0.14259
cr -0.50817 -0.25644 0.41022 0.066085 -0.051683 -0.24614 -0.45852 0.0050367 -0.013136 0.059649 -0.74939 0.1379 0.044385 -0.16477 -0.39907 0.1098 -0.64645 -0.37309 0.45561 -0.63539 -0.57795 0.29642 0.44395 -0.081734 0.49014 0.12871 0.18234 0.15417 0.31671 0.59059 0.74595 0.0037466 -0.18807 -0.0019552 0.44708 0.4061 0.080369 -0.26933 -0.0041938 -0.3402 -0.34399 0.58962 -1.1824 -0.058171 0.64041 0.20296 0.45835 0.38648 -0.034773 0.06528 -0.544 0.34264 0.26051 -0.2586 0.55828 0.015929 0.053452 -0.067926 0.39377 -0.36449 0.48301 0.037104 0.35969 -0.80616 0.67077 0.4938 -0.62571 0.83691 0.84313 -0.040425 0.45851 0.3443 0.16174 0.36412 -0.47992 0.25189 -0.40098 0.24502 -0.74326 0.25015 0.49563 0.51059 0.5839 0.22457 0.53462 -1.1068 0.34515 0.42365 1.0853 -0.090952 0.071416 -0.033665 0.32279 -0.94291 0.14006 -0.023047 -0.050529 -0.19795 0.14918 0.33392 -0.193 -0.20737 0.81865 0.0053521 -0.25434 -0.44411 0.74972 -0.384 0.16889 0.043606 -0.021925 -0.71997 0.26851 -0.40226 -0.2815 0.19238 -0.16244 0.57205 0.4198 0.050583 -0.39008 0.24304 0.0086726 -0.018605 -0.2107 0.24812 -0.13112 -0.20293 0.048455 0.091713 0.33487 -0.85561 0.22961 0.074973 -0.23061 -0.69706 -0.14225 -0.62856 0.92593 -0.49142 0.19396 -0.00084326 0.23046 0.31432 -0.2176 0.83776 0.53162 -0.082726 0.36754 -0.4135 0.29033 -0.33555 -0.68958 -0.65478 0.14756 -0.10704 0.94251 0.029247 -0.31027 -0.023183 0.23841 -0.31002 -0.65221 -0.29332 -0.19869 -0.17968 -0.044907 -0.33405 -0.47118 -0.35908 0.47321 -0.14864 0.95145 1.2006 -0.55669 -0.57229 0.23427 -0.036931 0.093666 -0.068754 0.35977 0.61333 0.033337 0.66391 0.46706 -0.40449 0.13009 0.051805 -0.26468 0.319 0.3444 0.21144 -0.2516 0.012587 -0.98175 0.03151 0.019984 -0.52555 0.51143 0.030236 0.40108 -0.60264 -0.083196 0.46615 -0.091096 0.13995 -0.74447 0.10039 0.12834 -0.022586 -0.23591 -0.054844 0.062762 0.22927 -0.264 -0.54981 0.037171 0.2965 -0.66171 -0.40588 -0.75831 -0.6396 -0.2984 0.049852 0.41064 0.027102 -0.17899 0.20754 -0.52382 0.34592 0.29654 -0.28171 0.6495 -0.21859 0.74045 0.67344 -0.38503 0.21101 0.25421 0.23895 0.013699 -0.34504 0.058344 0.22345 -0.22763 0.62903 0.55926 -0.33073 0.16077 0.36407 0.1201 0.22663 -0.46291 0.045873 -0.83893 -0.69921 0.066183 0.3563 0.14678 -0.46628 0.26916 -0.12169 -0.045515 -0.45664 0.42629 0.58937 0.13065 0.2107 0.30245 0.33767 0.6768 0.060566 -0.22464 0.1359 0.78074 0.40433 0.52392 -0.048999 0.24628 0.26218 0.242 -0.18813 0.53512 0.11111 -0.40832 0.4505 -0.02376 -0.34416 0.63051 -0.004396 -0.14113 -0.00075679 -0.016957 0.076855 -0.31777 0.05857 -0.18579 -0.044558 0.7806 0.15496
skopje 0.63555 0.19285 -0.0099009 0.25741 -0.10898 0.27191 0.33102 -0.20898 0.3298 -0.21827 -0.19595 0.049178 0.19267 0.30351 -0.09377 -0.0014774 0.41042 0.01591 0.19511 0.061378 0.71111 -0.48306 0.11704 0.37502 -0.1764 0.46203 -0.1166 0.23614 -0.38096 0.12738 -0.09728 -0.32621 0.12353 0.75334 0.34531 0.33803 -0.6394 0.74073 -0.42311 0.0046576 -0.053956 -0.19343 -0.2667 -0.37266 0.016619 0.28556 -0.081023 0.79431 -0.46593 0.57089 -0.070083 -0.23881 -0.053865 -0.30626 -0.30507 0.82972 -0.31921 0.36309 0.77744 -0.16401 -0.51178 -0.12593 -0.34578 0.24921 0.19708 0.38122 0.4023 0.92271 0.46805 -0.64218 0.13433 -0.42627 -0.073552 0.52202 -0.4054 0.49684 0.38221 -0.2842 0.36446 -0.080716 0.38916 -0.47311 -0.014 -0.27197 0.046702 -0.13165 -0.18018 -0.37324 0.36967 -0.016759 0.32051 -0.28107 0.10341 -0.013552 0.35476 0.61634 0.30978 0.14607 -1.0651 0.46799 -0.1339 -0.062847 -0.37538 0.38534 -0.17226 0.0029437 0.71675 -0.74329 -0.058639 0.46445 0.2814 0.34771 -0.11638 -0.1248 -0.2321 -0.54628 -0.58825 0.09863 0.022611 -0.59251 0.45472 -0.22589 0.51302 0.19006 -0.21905 0.047358 0.92057 -0.10727 0.30907 -0.26488 -0.43171 0.10613 0.81903 0.080956 0.099445 -0.23669 -0.017358 0.045838 0.45958 -0.25732 -0.29476 -0.23099 0.083001 -0.46867 -0.14357 0.076615 0.74246 0.40296 -0.60791 -0.51608 0.36588 -0.30578 0.39173 0.51053 -0.30444 0.63343 0.28151 0.64363 0.16652 0.061515 -0.22146 -0.47659 0.21669 -0.74779 -0.68634 -0.49595 -0.12723 0.31124 0.36414 -0.48441 0.0067269 -0.011745 0.21239 -0.27888 0.25572 0.15171 -0.41921 -0.42269 -0.25905 0.13644 -0.37102 -0.27552 -0.2607 -0.21583 0.53722 0.50734 -0.62025 0.39203 -0.20454 -0.33574 -0.12045 -0.27005 -0.29509 -0.193 0.058119 0.022977 0.51902 0.57837 -0.42046 1.0969 -0.15339 -0.82416 -0.045266 0.40213 -0.013895 -0.33764 -0.21272 0.065822 0.27852 -0.021621 -0.277 0.66754 0.3117 0.33675 -0.2031 -0.039592 0.15126 0.67057 -0.49174 -0.15413 0.15263 -0.11454 0.19299 0.051624 -0.041572 -0.099498 -0.064889 -0.12981 0.39341 0.1742 0.33724 0.0054891 0.10185 -0.42435 0.42375 -0.23121 0.13493 -0.42102 0.38216 0.37697 0.58716 -0.40694 0.39158 -0.2079 0.81818 -0.13055 0.91329 0.58353 -0.22153 0.37787 -0.066206 0.46028 0.39844 -0.47459 -0.31153 0.16399 -0.17 -0.20962 0.59139 -0.1589 0.39238 -0.12808 -0.079464 0.060651 -0.016814 -0.12605 -0.19894 -0.13321 -0.039642 -0.36906 0.59078 -0.41944 -0.014925 -0.23444 0.090147 0.028646 -0.088676 -0.63418 0.15439 -0.14307 0.21595 0.0073816 0.29298 -0.1503 -0.28747 -0.16995 -0.17017 -0.17448 -0.26211 -0.3077 0.64859 -0.39932 0.72189 -0.23004 -0.49824 0.27701 -0.3528 -0.12196 -0.19838 0.73422
monterrey 0.31641 0.73945 -0.62461 -0.7332 -0.22451 0.81984 -1.1004 0.3413 0.39249 0.18181 0.93851 0.15319 -0.035134 0.30302 -0.08853 -0.51628 -0.78638 0.29263 0.73483 0.14952 -0.35987 -0.65472 0.32698 -0.48743 0.11388 -0.48225 0.47786 0.84161 -0.22338 -0.22164 0.38108 0.19884 0.14611 0.51489 0.50214 0.11622 0.29035 0.33576 -0.65321 -0.50735 0.46492 0.020429 0.11264 0.53975 0.12422 0.20796 0.68871 0.94607 -0.12921 0.24919 -0.018411 0.080256 -0.087354 0.64236 -0.77791 -0.024237 0.57859 -0.44911 0.44609 0.27532 -0.379 -0.61565 0.33692 0.37276 -0.15076 -0.20881 0.50198 0.43902 0.45978 -0.47602 -0.40086 0.76877 0.44712 -0.26213 -0.21475 0.3167 -0.46244 -0.40845 0.041649 -0.14345 -0.36401 -0.5526 0.041444 -0.14386 -1.0004 -0.19669 -0.16739 -0.24991 0.19867 -0.32652 0.46561 0.0072062 0.12683 0.48401 -0.22761 0.049717 0.063099 0.18298 -0.086239 -0.90385 0.33599 0.19724 -0.0079942 0.23955 -0.080597 -0.035736 -0.23191 -0.0098882 -0.32126 0.22474 -0.4013 -0.4135 0.13053 -0.28768 0.068955 -0.82578 0.61952 -0.44181 0.37357 0.55616 0.3486 -0.34624 0.31253 -0.040958 -0.044212 0.16034 0.12049 -0.26156 -0.20826 0.32138 -0.18894 -0.3698 0.14741 0.37797 -0.26558 -0.090264 -0.061796 0.099031 0.70746 0.06021 0.41813 -0.095064 -0.069596 -0.49926 -0.20243 -0.29216 0.24347 -0.21848 -1.0849 0.17848 0.030756 0.47414 0.18645 0.25183 -0.45518 -0.16111 0.55978 -0.021797 -0.52941 0.031673 0.37468 0.1945 -0.2734 -0.193 0.33018 -0.97138 0.27086 0.27794 -0.077733 0.50642 -0.18572 -0.37216 -0.041397 -0.10163 0.57656 -0.17468 -0.38002 -0.050727 0.44101 0.60015 0.11042 0.1155 0.46992 0.89436 0.31763 -0.28206 -0.65905 0.031408 0.19889 0.09289 0.34663 -0.32409 0.17432 0.11069 -0.11615 0.1952 0.12265 0.43316 0.4294 0.2521 -0.25805 0.15439 0.41244 0.5762 -0.41439 -0.020556 -0.12236 0.18551 0.34942 -0.10335 -0.44404 0.94975 -0.56174 0.95161 0.12809 0.37851 -0.48366 -0.27498 0.2053 -0.051268 0.089095 -0.40787 0.17191 0.58971 -0.12882 0.14479 0.17663 -0.62765 0.062421 -0.30523 0.2657 0.33961 -0.15356 -0.19519 0.38053 0.18567 0.47678 0.39137 0.33756 0.35744 -0.22168 -0.48863 -0.46152 -0.11162 -0.15277 -0.058011 -0.19563 -0.78602 0.21671 -0.28149 0.30079 0.015317 -0.11249 0.4528 -0.62619 -0.063107 0.25299 0.25796 -0.28338 -0.12555 0.15411 0.12016 0.060284 -0.04498 0.20975 -0.22445 -0.033739 0.071333 -0.14138 -0.54334 -0.41374 0.0064462 0.23185 0.14843 0.51555 -0.7432 -0.28799 0.033635 -0.004676 1.0314 0.53988 -0.73683 0.045826 0.35923 -0.032243 0.64024 0.46368 0.035278 0.47056 -0.64739 0.63545 -0.1021 -0.00096638 0.64737 0.65169 0.31396 -0.45494 -0.65811 -0.24768 0.6139
kolkata -0.20057 -0.62391 0.056686 -0.21742 -0.12536 -0.43046 0.50914 0.086531 -0.12675 -0.013335 0.58002 -0.30038 -0.02515 0.24634 0.7602 0.22735 -0.72754 0.24657 0.52991 -0.025568 -0.30717 -1.1154 0.14157 0.49952 -0.12326 0.46893 0.0094481 0.7379 -0.62535 0.35926 0.62157 -0.14102 -0.46945 0.14435 0.043369 -0.48456 -0.075958 0.24496 -1.1688 -0.15488 0.082133 -0.34919 0.22563 -0.024482 0.317 0.005775 0.0077262 0.61094 -0.97421 -0.41581 0.10955 -0.05626 -0.15029 -0.075867 0.42927 -0.69738 -0.054879 0.25476 0.67454 -0.18764 -0.57662 -0.10642 0.1271 -0.17959 0.82573 0.043279 0.41652 0.042853 -0.92661 -0.020275 0.52722 0.4085 -0.032611 -0.53456 -0.013553 -0.080919 -0.29321 -0.24323 -0.11929 0.15474 0.47918 0.43086 0.57783 -0.2971 -0.73912 -0.03295 0.23517 -0.31008 0.3942 0.80013 0.15742 -0.29377 0.8775 0.1929 0.19101 0.06853 0.5005 -0.20968 -0.44971 -0.25733 0.44859 0.12636 -0.32749 0.23639 0.3102 -0.13918 0.21651 -0.63928 0.14475 0.40044 -0.084055 -0.63041 0.090128 -0.2203 -0.010577 -0.40469 -0.18264 -0.18116 -0.12069 -0.15823 -0.089238 -0.27739 0.13995 -0.4341 -0.19539 -0.12692 -0.0135 -0.28828 -0.25523 0.0919 0.6848 -0.3535 0.9806 0.1107 -0.05043 0.39027 0.7314 -0.34323 -0.10235 0.35472 0.20592 0.49056 -0.31907 0.15076 -0.12777 -0.11145 0.65038 0.3449 -0.26236 0.30404 0.5514 -0.14571 -0.099772 0.17903 0.015817 0.19874 -0.1466 0.22088 0.76583 -0.32324 -0.13164 0.51348 -0.74025 -0.064789 -0.50061 -0.093818 0.34119 0.16899 0.071863 0.48592 -0.93774 -0.26765 -0.10343 -0.28987 -0.33303 0.064043 -0.30984 -0.16311 -0.46444 -0.22329 -0.22664 -0.4558 -0.70592 1.1154 0.22147 0.33677 -0.016675 0.14109 -0.093712 -0.22135 0.043344 0.22153 0.19875 -0.063512 -0.30453 -0.031062 0.39843 -0.46007 0.4653 -0.39189 0.44856 -0.35236 -0.51233 0.10484 0.28801 -0.63784 0.29005 -0.64449 0.42086 -0.43721 -0.10896 0.91132 -0.28607 0.11476 -0.37388 -0.15816 -0.28797 -0.2518 0.11211 -0.21113 -0.45517 0.087287 -0.41364 -0.17677 0.6727 -0.33937 -0.42038 -0.53249 -0.21988 0.35821 0.10967 -0.62463 -0.21744 -0.32564 0.06169 0.42822 0.99139 0.11635 0.12857 -0.17095 0.04321 -0.33303 -0.65481 0.58302 -0.55006 0.732 0.03725 0.20584 0.0099531 -0.16134 -0.13733 0.18331 0.57526 -0.045853 -0.19419 0.23851 0.86313 0.090701 0.17113 -0.30313 0.53065 -0.047113 0.22573 0.43574 -0.12534 -0.075951 0.22873 -0.24015 0.15257 0.28338 -0.17871 0.0442 -0.050723 -0.061445 0.65027 0.29101 0.1553 -0.39193 -0.74032 0.12796 -0.42041 -0.66862 0.12568 0.32147 -0.52917 -0.16132 -0.14517 0.08347 0.09952 -0.10809 0.67786 -0.005686 -0.49197 0.2962 0.54363 0.43454 -0.50307 -0.12173 0.22831 0.37294
guadalajara 0.3082 1.044 -0.40786 -0.28758 -0.64953 0.27625 -1.0476 0.93625 0.27885 0.23981 0.58919 0.6772 0.40396 0.014923 -0.2469 -0.11776 -0.13793 0.32036 0.61764 -0.11578 -0.2365 -0.60982 0.26955 -0.19196 -0.12971 -0.8095 -0.18429 0.63407 -0.41212 0.074418 0.63491 0.26031 -0.10584 0.29701 0.19643 0.36939 -0.015637 0.045848 -0.38217 -0.1492 0.44378 -0.43468 0.26016 0.17574 0.51722 0.044346 1.1305 0.51837 -0.12862 0.4656 0.1992 0.011791 -0.45519 0.51529 -0.66648 -0.31783 -0.26946 -0.33689 0.63178 -0.01908 -0.39329 0.066573 0.28069 0.15475 -0.16938 0.18971 0.39116 0.32503 0.42303 -0.47179 0.26238 0.69449 0.96914 -0.17779 -0.18281 0.1333 -0.72879 -0.55827 -0.037371 -0.13134 -0.30314 -0.3186 -0.52276 -0.16301 -0.68634 -0.48695 0.12133 -0.25359 0.047786 -0.10634 0.28974 0.155 0.40125 0.33233 -0.11281 -0.068353 -0.036908 0.22103 -0.71018 -0.4418 0.51867 -0.38114 -0.027741 0.13576 -0.089376 0.23016 0.096167 0.25672 -0.5399 0.71825 -0.24738 -0.34352 0.038299 -0.67503 -0.029308 -0.17312 0.15603 -0.2359 0.29087 0.083837 0.61779 0.020643 -0.15642 -0.069795 -0.20745 0.29109 -0.076194 -0.12727 -0.74647 0.44331 -0.28659 -0.48713 0.33741 0.61303 0.49773 -0.29345 -0.65343 0.052895 0.10578 0.41361 -0.19602 -0.39669 -0.40547 0.076805 0.18613 -0.25972 0.68 0.32878 -0.9453 0.24447 -0.13324 0.31725 0.38679 0.050287 -0.069518 -0.37514 0.58485 -0.11299 -0.50342 0.0096803 0.025899 0.33201 -0.37368 0.30952 0.50839 -0.56132 0.048139 -0.1767 0.058563 -0.059053 -0.1285 -0.31576 0.29702 0.025088 0.44767 0.087661 0.12922 0.50342 -0.41025 0.66403 -0.17382 0.049088 0.27549 0.90598 0.34882 -0.16931 -0.56204 0.041033 -0.029449 0.41893 0.043328 -0.26009 -0.69944 0.0056452 -0.065695 -0.51521 -0.046589 -0.16373 -0.091885 0.64579 -0.4071 0.06349 0.21981 -0.13096 -0.43598 0.30508 -0.24626 0.37073 0.23183 0.0027819 -0.16863 0.13639 -0.68721 0.69314 0.12943 0.39286 -0.32253 -0.43824 -0.21913 -0.038118 -0.31109 0.059941 -0.31336 0.62389 -0.015503 0.12499 -0.10836 -0.14205 0.089171 -0.47774 0.17724 -0.3208 0.16806 -0.50278 0.24453 -0.22163 0.41584 0.32777 0.36077 -0.11535 0.031346 -0.010333 -0.36224 0.20845 0.28158 0.28663 -0.58401 -0.1709 0.89312 -0.16964 0.39882 0.21203 0.0042802 0.47228 0.21892 0.085373 0.3612 0.077467 -0.22608 -0.32711 0.076161 0.19589 0.25639 0.35116 -0.17248 -0.30078 0.38405 -0.083776 -0.52446 -0.37089 -0.26694 -0.13777 0.0033501 0.59193 0.46687 -0.32949 -0.30052 -0.007143 -0.26204 0.67079 0.60893 -0.36839 -0.37491 0.34 -0.28825 0.89097 -0.24927 0.45455 0.082315 -0.21929 0.33007 0.44853 0.35001 0.18188 0.87079 0.05071 -0.12388 -0.33512 -0.5153 0.10892
quito 0.61781 0.60813 -0.3585 0.46524 0.10609 -0.083328 -0.10884 -0.16041 0.31737 -0.2861 0.35629 1.1363 0.59558 -0.64811 0.1803 0.17938 0.067316 0.64198 0.48292 -0.16838 -0.18839 -0.30734 0.2118 -0.35707 -0.14788 -0.43301 0.24718 0.57696 -0.47056 -0.1065 0.33244 0.39089 -0.31525 0.23206 0.50096 -0.43122 0.25481 0.38901 -0.3829 0.02664 -0.24886 -0.64729 -0.17176 0.071735 0.010449 0.45965 0.34431 0.80009 0.1123 0.20573 0.3965 -0.39446 -0.16961 0.32278 0.0949 -0.11262 -0.48834 -0.50021 0.27962 -0.31021 -0.23261 -0.18064 0.47135 0.24456 -0.18759 0.28185 0.5563 0.22711 0.6538 -0.8299 -0.31593 0.11467 0.48737 0.068714 -0.19359 0.10497 0.12139 -0.058056 0.74189 -0.35733 -0.024995 -0.5917 -0.33456 0.46027 -0.59356 -0.50757 0.024432 -0.58975 0.14589 -0.038226 0.036937 -0.36702 0.34494 -0.060697 0.17839 0.38954 -0.16505 0.41365 -0.37098 0.29124 0.057665 -0.16223 -0.54996 -0.27577 0.42444 0.41306 -0.4744 -0.15722 0.059572 1.3475 -0.096122 -0.83917 0.21926 -0.33029 -0.0015788 -0.27114 -0.11523 -0.36278 0.090846 0.22321 0.53059 -0.2657 0.0098313 -0.3362 -0.61193 0.15975 0.22278 -0.38765 -0.32296 0.5355 -0.60713 -0.27185 -0.19748 0.3273 0.20601 0.065228 -0.26414 0.025046 -0.059855 0.12128 -0.3499 -0.34103 -0.040806 0.18256 -0.20051 0.0078388 0.78072 0.49882 -0.59419 -0.25118 0.30066 0.13027 -0.27562 0.62873 0.26617 0.30142 0.010967 -0.37917 -0.27691 -0.011615 -0.26168 0.13648 0.25666 -0.076563 -0.042732 -0.61962 -0.51326 0.054101 -0.038826 -0.47629 -0.19304 -0.14172 0.245 -0.22487 0.49498 0.22432 -0.045296 0.52096 -0.78702 0.69705 -0.17371 -0.024594 0.32596 0.28734 -0.021541 0.24508 -0.038472 0.66546 -0.21389 0.12997 -0.24247 0.47264 -0.16089 -0.55249 0.68922 0.077474 0.10096 0.11087 -0.26925 0.95959 -0.068207 -0.52241 0.019813 0.28904 0.49184 -0.27238 -0.095522 -0.18359 -0.3925 0.15986 -0.23768 -0.35334 -1.0005 0.11026 0.16045 0.44731 0.061478 -0.64366 -0.32919 -0.2533 0.31528 0.18687 -0.51307 0.62951 -0.24106 0.75862 -0.20277 -0.04408 -0.043429 -0.70706 -0.39631 0.2292 0.36462 -0.3706 0.59319 -0.47832 0.68114 0.07098 0.7223 0.42436 0.51092 -0.38606 -0.44185 0.13728 0.11115 0.60097 -0.15179 -0.11668 0.83596 -0.00581 0.011367 -0.56762 -0.43659 0.15199 -0.29125 0.79621 0.19968 -0.24042 -0.5426 -0.66538 0.18837 0.067669 0.25887 -0.029863 1.1919 0.52548 0.32412 -0.0037437 0.2049 -0.18846 -0.18719 -0.12475 -0.20994 0.32436 0.16337 0.24335 0.31003 -0.47895 0.099349 0.63653 0.41979 -0.21774 0.042479 -0.16964 -0.55524 0.20582 0.27916 0.28843 -0.21804 0.25338 -0.15227 -0.17991 0.24522 -0.078673 0.59459 -0.35363 -0.37372 0.29047 -0.41372 -0.13904
busan -0.2756 -0.040014 -0.20373 -0.48992 -0.064277 0.10147 0.29167 0.68991 -0.1487 0.35009 0.32422 0.50663 0.23322 0.25742 0.45506 -0.22914 0.11634 0.98479 -0.097492 -0.33159 -0.34455 -0.63298 -0.61979 -0.29662 -0.044827 0.64056 -0.23473 -0.0041371 0.018264 0.085318 0.76693 0.11498 0.29793 0.51035 -0.0060888 -0.29093 -0.28637 -0.29035 -0.32394 -0.34739 0.88184 -0.44584 0.21253 0.18044 0.073798 0.17768 0.77984 -0.046545 -0.52159 0.083605 0.23831 0.44306 -0.059713 -0.67892 -0.67323 0.73926 0.22715 0.43375 -0.53949 -0.065075 -0.57211 0.3199 0.060451 -0.58949 0.35222 0.26099 -0.28486 0.66539 0.36393 -0.48663 -0.10614 -0.40775 -0.30625 -0.31667 -0.4567 0.22827 -0.22384 -0.34369 0.42108 -0.35182 -0.062893 0.055749 0.32957 0.00034863 0.43945 -0.35923 -0.65184 -0.38428 0.59825 0.16927 -0.39812 -0.14764 0.60313 -0.22523 -0.19022 0.33997 -0.36943 0.58622 -0.028193 -0.28407 -0.092455 -0.48767 0.27016 -0.060171 0.087494 0.27335 0.20793 -0.45477 -0.44237 -0.43238 -0.44269 -0.2473 -0.19456 -0.28005 0.58425 -0.21903 -0.013305 -0.58516 0.36345 0.31674 -0.089459 -1.1046 -0.18574 -0.20823 0.080636 0.58366 -0.49804 -0.0065708 -0.40778 0.24951 -0.5906 0.39093 0.61119 -0.02381 0.53494 0.54627 0.1735 -0.055478 0.4697 0.28479 -0.097822 0.43451 0.0072166 -0.56637 0.0245 -0.29153 0.18148 -0.049479 -0.7029 -0.2203 -0.19065 -0.40194 0.66738 -0.42692 0.18569 0.10219 -0.4068 0.010864 -0.38358 -0.10194 -0.56839 0.058894 -0.57238 -0.1456 0.35 -0.95274 -0.23119 0.12292 0.43282 0.032305 -0.13555 -0.37958 -0.61508 -1.0402 -0.10113 -0.20407 0.86941 -0.036919 0.047814 0.15428 0.095535 -0.27387 -0.7483 0.19056 -0.0034048 0.97137 -0.097658 0.43274 0.47071 0.0050673 0.050402 -0.43265 -0.0010976 -0.43844 -0.095568 -0.04321 0.52057 0.14117 -0.36069 0.26118 0.18987 -0.23763 -0.094662 -0.96405 0.088271 -0.030139 0.35368 -0.45818 0.07138 -0.025916 0.065357 0.2875 -0.84659 0.54656 0.04374 0.22216 0.07241 -0.47653 -0.77147 0.042942 0.41768 -0.41363 0.32013 0.30283 -0.17212 -0.43121 -0.14368 -0.13495 -0.31697 0.1334 0.16157 -0.42737 -0.15983 0.072496 0.44567 0.69323 0.4346 0.23504 0.51493 -0.017929 0.25964 -0.14204 -0.66469 0.25342 0.20967 -0.12782 -0.32601 0.14377 -0.17521 -0.23547 -0.56916 -0.16026 0.042162 0.8434 -0.44969 -1.0735 0.42428 -0.33996 -0.21884 -0.23724 -0.034354 0.14456 -0.096966 -0.41142 0.46818 0.03369 0.41892 -0.25146 -0.13711 -0.33728 0.078605 0.51188 0.22526 1.3907 0.038323 -0.38363 -0.14743 0.39235 -0.33304 0.034625 -0.2081 -0.87591 -0.44131 0.048754 -0.41535 -0.013172 -0.32891 0.2197 -0.19234 -0.14159 -0.062502 0.20493 -0.65712 -0.96397 0.40696 -0.12 0.81316 -0.021206 -0.4492 -0.019197
freetown 0.19661 -0.43612 0.073572 0.4638 0.074345 0.16503 0.33753 0.21142 0.34133 -0.16515 -0.55457 0.29605 0.82362 0.42811 -0.3217 0.080807 0.010467 -0.10855 -0.21065 -0.80539 0.28485 0.10619 0.096954 -0.1784 0.4791 0.20318 0.092594 -0.15126 0.33721 0.17069 -0.1769 -0.44193 0.36125 0.84131 1.2994 -0.2559 -0.38169 0.30998 0.058387 -0.34672 -0.24472 -0.30798 -0.015968 0.11369 0.68175 0.74127 0.031964 0.61591 0.15814 0.1589 -0.28488 -0.32804 0.15899 0.6153 -0.043581 -0.2719 -0.030021 0.16651 -0.10316 0.36109 0.033973 -0.0084205 0.030621 0.70904 0.47616 0.45703 -0.067586 0.27276 0.0090838 -0.73574 0.51388 -0.29196 0.34072 -0.50426 0.18918 0.62116 0.38585 -0.17574 0.29342 -0.18638 0.17614 -0.50867 0.32212 0.61646 -0.51791 -0.41259 0.59468 -0.30565 0.46639 -0.088671 -0.095555 -0.40055 -0.37258 -0.12476 -0.64518 0.17712 0.40667 -0.60848 -0.36283 1.3034 0.13387 -0.053391 0.48334 0.87467 0.36649 -0.28373 0.52325 -0.28281 0.25689 0.31803 0.095142 -0.15427 -0.14805 -0.14643 0.51406 0.32477 -0.15799 0.011324 0.15323 -0.12137 -0.091133 -0.39074 0.35241 0.10857 -0.13467 -0.78522 0.13934 -0.57416 0.13354 0.40452 -0.39031 -0.034095 -0.23053 -0.60057 0.22742 0.23639 -0.028403 0.035693 0.21171 0.24101 -0.50156 -0.20079 0.22057 0.18821 -0.42848 -0.26645 1.0172 0.41654 -0.57959 -0.23179 0.38703 -0.84339 0.62568 0.3421 0.012849 -0.36689 0.55558 -0.1692 0.22784 0.41947 -0.37877 -0.57284 -0.2802 -0.7471 -0.58762 -0.5618 0.7237 -0.22386 -0.49725 -0.3238 -0.62963 0.38577 0.23159 0.086149 -0.33672 -0.081843 -0.20166 0.040697 -0.55488 0.52707 -0.58091 0.37242 0.26432 0.18826 0.18611 -0.022775 0.068661 0.47513 0.0094063 0.13735 -0.18775 0.50804 0.90678 -0.077739 1.0352 0.078849 0.47574 -0.10776 -0.50941 0.11196 -0.28777 -0.29666 0.17126 0.37952 -0.50042 -0.48824 0.34511 -0.38323 0.23305 -0.021256 0.41993 -0.036898 0.0064371 -0.12632 0.49801 0.90971 -0.082493 -0.020437 0.044367 -0.44527 0.59319 -0.43883 0.23408 0.3122 -0.25958 -0.011567 0.0079963 0.060551 0.14335 -0.50327 0.473 0.32214 -0.29515 0.45874 0.89569 0.30962 -0.35903 0.13538 -0.42704 -0.56311 0.15973 -0.40552 0.058598 0.087629 0.51687 0.18177 -0.061727 1.0732 -0.17807 0.22077 0.23641 0.3352 -0.24871 0.10148 -0.10455 0.20879 0.12586 0.24788 0.23689 -0.13453 0.25411 -0.0062069 -0.36724 -0.33901 0.094503 -0.17039 0.069394 -0.26397 -0.048841 -0.14439 -0.2543 -0.2538 0.032767 -0.24331 0.5295 0.57148 -0.5662 -0.2362 0.15487 0.31388 0.56178 0.49389 -0.31546 0.10483 -0.47434 -0.26576 -0.44472 -0.31486 -0.30341 -0.45604 0.19781 -0.28563 0.36187 0.075841 0.1341 0.63168 -0.3629 -0.026471 -0.16794 0.18023
tunis 0.33816 -0.09278 -0.29295 -0.080212 0.50344 0.35431 -0.45249 0.13014 -0.13048 -0.33302 0.018242 0.38068 0.64863 -0.42858 0.065143 -0.0095997 0.27425 0.379 0.029149 -0.37979 -0.50157 0.24739 -0.14645 0.12266 0.73273 0.10539 0.53674 0.34939 -0.274 0.079259 -0.34199 -0.44385 -0.71415 0.67255 0.26315 -1.1073 0.1231 0.65796 -0.095161 -0.99748 0.2841 0.59542 -0.21489 -0.12142 -0.28293 0.35781 0.18081 0.88561 -0.32981 0.46422 -0.35106 -0.05935 -0.29947 -0.10036 0.14624 0.30531 -0.38604 0.62158 0.49517 -0.01442 -0.016077 0.33893 -0.21052 -0.2449 -0.0093873 0.21079 0.84624 -0.13388 -0.095297 -0.05023 0.12379 -0.37997 0.39317 0.10053 0.15946 -0.54119 0.41862 -0.75793 -0.15944 -0.079274 0.53195 0.01995 -0.073811 0.45109 -0.38867 -0.23618 0.51341 0.18396 0.35451 0.3597 -0.47807 -0.22855 0.63516 -0.037734 0.24798 -0.1115 -0.12495 0.3959 -0.84268 -0.10055 0.06258 -0.24395 0.84022 0.45979 -0.13417 0.20118 -0.072544 -0.60133 -0.015452 -0.043931 -0.096563 -0.074958 -0.3253 -0.36617 -0.42021 -0.018177 0.058197 0.012552 0.37351 0.46067 -0.40344 -0.14499 0.13633 -0.75409 0.35871 0.2253 0.041894 -0.2528 0.12429 -0.20966 0.44207 -0.0017396 0.0037473 -0.34432 0.14737 -0.32735 0.30381 0.28988 -0.28357 -0.02912 0.1634 -0.22841 -0.32088 0.40438 -0.19553 -0.13643 -0.017198 -0.22961 -0.91301 0.30127 -0.24506 -0.043933 0.29474 0.068825 -0.14577 0.24501 0.25499 -0.13354 0.23075 -0.26918 -0.34599 -0.06973 -0.94631 0.39916 0.38553 -0.44694 0.19561 -0.11459 -0.05226 0.20666 -0.17935 -0.24968 0.13014 -0.54545 0.21931 0.63457 0.054558 -0.073602 -0.53967 0.63496 0.39504 0.23451 -0.59177 0.17892 0.04976 0.1504 -0.49109 0.62058 0.012895 0.37663 0.17979 0.19122 0.14274 -0.55092 0.14377 0.079442 -0.1929 0.057707 0.030912 0.69149 -0.23077 -1.0631 -0.22278 1.0221 0.7066 -0.25989 0.0091935 -1.0405 0.27331 -0.15055 -0.18436 -0.081348 -0.77041 0.3459 0.045701 0.37897 0.69738 -0.64418 -0.29511 -0.70694 0.37367 -0.20152 0.32092 0.3214 -0.50282 -0.3936 0.12279 0.26714 0.48766 -0.41813 0.47369 -0.32478 -0.10599 -0.3999 0.25567 0.70372 -0.053028 -0.12778 1.0834 0.091621 -0.20782 -0.33461 -0.18425 -0.1156 0.61013 0.041127 -0.28363 -0.5345 0.30854 -0.48828 0.065745 0.13334 0.062326 0.043874 -0.30414 0.43892 -0.20332 -0.030309 -0.47694 -0.26365 -0.14516 0.24842 -0.34735 0.060377 -0.0064136 -0.27548 -0.061967 0.06806 -0.32327 -0.18224 -0.41851 0.03168 0.44419 0.19512 -0.38805 0.25667 0.19701 0.24734 0.037855 -0.010171 -0.55294 -0.15981 -0.45157 -0.4465 0.1631 0.22206 -0.066675 0.46387 -0.40367 -0.094402 -0.46963 0.081926 -0.15969 0.11562 -0.71064 -0.036025 -0.4829 -0.70961 -0.79187 -0.13738
wuhan -0.051921 0.29876 0.22939 -0.26317 0.41498 -0.00081667 0.95183 -0.035531 0.29651 -0.37621 0.30261 -0.2256 0.32944 0.026827 0.13652 -0.37111 -0.30039 0.025716 0.61716 0.69612 -0.31695 -0.52496 0.24315 0.2483 -0.52742 0.30882 -0.48079 0.12327 -0.14724 0.071598 0.092159 0.040583 0.31595 0.63927 -0.23093 -0.24856 -0.50094 -0.54959 -0.55659 0.18238 0.38585 0.38688 -0.067703 -0.28813 -0.16012 0.13719 -0.12842 0.63505 -1.1512 0.1617 -0.17604 0.1356 -0.61664 0.61959 -0.10077 0.067765 0.76556 0.066888 -0.071496 0.05556 -0.94902 -0.14263 -0.25912 -0.521 -0.19122 0.43654 -0.035853 0.94097 -0.81161 0.33346 0.16562 0.76457 0.6464 -0.31754 -0.24551 0.65808 -1.0519 -0.5478 0.45543 0.08415 -0.19383 -0.41326 0.22267 -0.48716 0.2116 -0.022521 -0.27765 -0.20905 0.27886 0.57537 0.27466 0.36686 0.79444 0.89118 -0.47508 0.56515 0.42281 0.21657 -0.10463 -0.1556 0.35447 -0.32336 0.20153 0.094148 0.57221 0.069722 0.030803 -0.61834 0.0032701 0.46616 -0.35167 -0.086122 0.061665 0.025698 0.44387 -0.094094 -0.082302 0.018499 0.058121 0.26655 -0.39644 -0.60278 0.077323 -0.20973 0.074437 -0.12163 0.21474 0.22069 -0.23908 -0.40622 -0.65813 0.35923 0.82971 0.23055 0.038883 0.2115 0.13862 -0.24499 0.094425 0.84154 -0.27835 0.34952 0.48204 -0.24039 0.90112 0.36232 0.49881 0.068398 -0.31264 0.29276 0.58025 -0.13023 1.0262 -0.27036 1.1365 0.064283 0.03741 -0.27203 -0.57769 -0.31974 0.016975 0.14241 -0.25764 -0.11277 0.28072 -0.19352 0.18951 -0.19077 0.27771 0.24888 -0.45348 -0.055127 -0.29588 -0.47538 -0.41008 -0.30942 -0.24894 -0.54695 -0.62965 -0.23157 -0.2082 -0.073115 -0.61483 -0.024542 0.19546 0.022714 0.033135 0.83546 0.73253 -0.71114 0.29372 -0.032621 -0.085087 0.30246 0.57978 -0.24531 -0.060963 -0.7135 -0.22537 0.76082 -0.12198 -0.045323 0.13907 0.33994 -0.85175 0.32096 0.10118 -0.5418 -0.055296 0.3808 -0.082756 0.043193 -0.35701 -0.31726 -0.28048 0.12141 -0.81451 0.36369 0.23065 -0.091909 -0.064748 -0.25742 -0.29378 0.14815 0.13667 0.17827 0.19517 -0.043784 -0.53497 -0.31442 0.084521 -0.39558 0.041126 0.34027 0.25009 0.68081 0.17426 -0.33162 0.60036 0.045886 0.2594 -0.34947 -0.4047 0.53819 0.15165 0.5048 -0.2088 0.010719 0.13211 0.034425 0.23464 0.13689 0.69144 -0.52529 -0.19033 0.43567 0.222 -0.20443 -0.28862 -0.66019 0.4291 -0.45657 0.34322 -0.024992 0.18036 0.28861 -0.48042 -0.25674 0.19848 0.1974 0.11465 -0.46407 0.20044 0.64746 -0.085408 -0.018072 0.35263 -0.5034 -0.2632 0.5076 -0.47898 -0.37454 -0.018314 -0.88002 0.2947 0.064279 -0.18845 0.67169 -0.25589 -0.20455 0.28349 0.32508 -0.16628 -0.3308 0.69015 -0.23248 -0.033352 -0.75009 0.10819 0.54641
luanda 0.25326 0.43749 -0.070598 0.38105 -0.12305 0.21243 0.2229 0.52156 0.35402 -0.39736 -0.23057 0.053934 -0.26674 -0.28741 -0.30584 0.016581 0.1376 0.1077 -0.10906 -0.90854 -0.067204 0.53293 0.41115 0.18828 0.25668 0.29855 0.58287 0.27284 -0.41468 0.062224 0.086957 -0.0040372 0.016906 0.43021 0.85007 -0.087585 -0.00349 0.74631 -0.27908 -0.59215 -0.33912 -0.091566 -0.22004 0.1686 0.34753 -0.036544 0.45076 0.70777 -0.67688 0.12336 0.24236 0.097965 -0.27504 0.83004 0.29536 0.44039 -0.07705 0.76853 0.029315 0.46039 -0.4904 -0.2023 -0.043183 0.24988 0.20066 0.3896 0.81098 -0.11954 0.25613 -0.61792 0.38822 0.43483 0.64458 -0.91283 0.061512 -0.061303 0.39659 -0.12177 0.432 -0.063513 0.54117 -0.11795 0.22875 -0.060477 -0.46171 -0.79034 0.22509 -0.42432 0.62333 0.5832 0.026742 0.048204 -0.14939 0.13686 -0.2748 -0.30785 0.549 -0.42926 -0.34306 0.42289 0.31551 -0.18616 0.064382 0.50252 0.1803 0.11824 0.0011603 -0.2897 -0.58521 0.27873 0.17992 -0.55584 -0.82151 -0.20725 -0.13889 -0.18005 0.031631 -0.066647 0.5145 -0.051669 -0.29501 -0.43217 0.14414 -0.21581 0.2028 -0.24509 0.45656 -0.10685 -0.14896 0.20724 -0.2996 -0.70749 -0.1858 -0.10368 0.41625 -0.25122 -0.11025 0.29184 0.012385 0.22867 -0.28459 -0.39198 0.20606 -0.072355 -0.073869 -0.32788 0.75934 0.57156 -1.1478 -0.46464 -0.11855 0.057773 0.25984 0.60744 0.37285 -0.012594 0.3508 -0.176 0.57496 -0.2857 -0.40457 0.095071 0.1044 -0.075674 0.098988 -0.53226 0.022839 -0.29378 -0.64056 -0.25765 -0.7206 0.019412 0.18183 0.06514 -0.39459 -0.68365 0.1447 0.15914 -0.81499 0.37443 -0.55903 0.10274 0.2762 0.13981 -0.034889 0.15659 0.055867 -0.00021895 -0.16231 0.16763 0.32711 -0.22383 0.29951 0.13892 0.81914 0.47875 0.063863 0.25758 -0.10362 0.54992 -0.46384 -0.84715 0.0058256 0.084189 -0.00032571 -0.26293 0.17023 -0.089787 0.14379 0.1015 0.1238 -0.11099 -0.33595 0.2689 0.062617 0.5712 0.093647 -0.44655 -0.39791 -0.08196 0.79621 -0.16508 0.54897 0.80069 -0.04325 -0.42958 0.25704 -0.24047 -0.19146 -0.2619 0.2932 -0.29515 0.35586 -0.4157 0.47951 0.031827 0.30085 0.57314 0.18975 -0.34743 0.093916 -0.57814 -0.55165 0.16473 0.42151 1.0584 -0.0081403 -0.22767 0.21765 0.030299 0.30237 0.23666 0.35013 0.29671 -0.096645 -0.094092 0.28944 0.04423 -0.4038 -0.16279 0.25385 0.81083 -0.33765 -0.20929 0.29041 0.062653 0.20244 -0.26632 -0.024428 -0.26983 -0.26574 -0.33397 -0.64261 0.049118 0.9287 0.30035 -0.30701 -0.11981 -0.14306 0.17496 0.028786 -0.10144 0.021867 -0.45935 0.027482 0.073288 -0.4221 0.012661 -1.0056 -0.28924 -0.34611 0.18738 0.5687 -0.46977 -0.058577 0.0091177 -0.37712 -0.40761 -0.079213 -0.053097
vilnius 0.19634 -0.1257 -0.02868 -0.42887 0.26062 0.034919 0.12065 -0.27732 0.079963 -0.51833 -0.30218 0.033059 0.39562 0.42148 0.28151 0.14324 -0.19917 0.27334 0.038653 0.36432 -0.35692 -0.31881 0.40499 0.024345 0.33252 -0.49059 -0.38375 -0.089496 -0.79666 0.62929 0.86265 -0.2835 -0.20947 0.41119 0.24476 -0.093574 -0.19284 0.29067 -0.12639 0.11551 -0.31744 -0.027744 0.16231 -0.11734 0.053036 -0.18415 -0.34189 0.48064 -0.71156 0.16716 -0.017064 -0.2081 -0.06933 -0.31684 0.054822 -0.14882 0.20243 0.0091548 0.95292 -0.16842 -0.82476 -0.060623 -0.31721 0.24861 -0.30806 0.44297 -0.013603 0.69969 0.122 -0.71412 0.67853 0.059654 0.062009 -0.21393 -0.0074612 -0.15405 -0.019907 -0.12552 0.3778 -0.30478 -0.16432 -0.73819 0.36585 -0.068287 -0.22774 -0.14811 -0.34685 -0.038415 0.14983 0.62725 0.15804 -0.21388 -0.041584 0.23982 -0.55109 0.30436 0.18239 0.079967 -0.93355 0.2708 -0.0093401 0.19216 0.64419 0.12663 0.36863 -0.2307 0.33539 -0.69083 -0.24462 0.10939 -0.063084 0.39715 -0.38576 0.36911 -0.32972 -0.4615 0.059383 -0.29418 0.12787 0.26923 0.76152 -0.28802 0.27342 -0.55027 0.12826 -0.44598 0.52703 -0.35065 0.11745 -0.57475 0.26072 -0.37921 -0.1021 -0.18826 0.018158 0.084028 0.33922 0.51349 0.091658 -0.069341 -0.28418 0.20516 -0.36902 -0.24174 0.69854 -0.36461 0.74487 -0.67791 -0.073663 0.10877 0.26393 -0.2864 -0.13806 0.62108 -0.35497 0.45876 -0.5125 0.18655 0.74506 -0.33992 -0.3329 0.89657 0.18692 -0.21505 0.23675 0.28072 0.12687 0.2364 0.36062 0.055421 -0.057442 -0.57454 0.19891 0.1003 -0.25507 0.37324 0.37713 -0.17134 -0.16105 0.007272 -0.62329 0.064029 -0.3785 -0.0089264 0.48766 0.14669 -0.066647 0.29745 -0.30554 0.0049211 -0.016958 -0.60016 0.015994 -0.69338 0.035264 -0.032806 -0.44944 -0.069851 0.053059 -0.013002 0.24277 -0.57548 -0.25251 0.92064 -0.39123 -0.47893 -0.49868 -0.6641 -0.28994 -0.082594 0.068794 0.69112 -0.26464 0.29341 -0.066658 0.4725 0.13642 0.095197 -0.51555 -0.68299 -0.044437 0.40728 -0.17436 -0.070528 -0.42601 -0.24322 -0.60822 -0.33244 -0.19069 -0.11209 0.55659 -0.10644 0.34453 -1.1205 -0.17819 -0.33194 0.12395 -0.22117 0.043705 0.35875 -0.033592 -0.19526 0.52238 -0.020618 0.65718 0.020234 0.4529 0.30295 -0.1355 -0.4652 -0.49978 -0.46896 0.11761 -0.36014 0.060782 0.84753 -0.14362 0.066504 0.12743 -0.36306 -0.39803 0.51158 -0.14906 -0.16998 0.44356 -0.71335 -0.054448 -0.090178 0.46454 -0.40474 0.28788 -0.3287 0.29236 -0.41533 0.10298 -0.1856 -0.050875 -0.647 0.45047 -0.32548 -0.53507 -0.1096 -0.58195 -0.76637 0.35724 0.46538 -0.35331 0.43525 0.28535 0.1689 -0.18413 -0.077793 0.17133 -0.23654 0.139 -0.53563 -0.17587 -0.087449 -0.23471 0.11431
tallinn 0.19985 -0.66774 0.079173 -0.51781 0.11621 -0.22293 0.19408 -0.022204 0.43714 -0.11523 -0.45077 0.82734 -0.13231 0.32382 0.3144 0.087065 0.17239 0.69426 -0.04158 0.3011 -0.1602 -0.3318 0.43045 0.020635 -0.032158 0.19618 0.18128 0.59444 -1.3051 0.35363 0.63372 -0.27048 0.15774 0.21789 0.21356 -0.75283 -0.62255 0.11619 -0.84412 -0.081073 -0.57959 0.27843 0.040407 0.028446 -0.45896 0.16181 0.12832 0.5175 -1.1449 0.36904 -0.31712 -0.26921 -0.94076 -0.026644 0.026033 -0.13698 0.026179 0.1861 0.42833 -0.29296 -0.99767 0.13548 -0.54363 -0.37034 -0.12551 -0.089304 0.40334 0.80544 0.033023 -0.44799 -0.3511 -0.064497 0.22477 -0.33936 -0.74115 0.21999 0.47405 0.071908 0.5094 -0.30728 0.17638 -0.2347 0.61228 -0.68968 -0.018654 -0.0081606 -0.57895 -0.29175 0.21707 0.50731 -0.11875 -0.40319 0.38226 -0.50502 -0.1155 0.38036 0.65247 -0.2145 -0.83093 0.19735 0.084552 0.61901 0.32155 0.19721 0.61322 -0.14168 0.67212 -0.45228 -0.43313 -0.33528 -0.10051 0.50411 0.15714 0.19094 -0.43834 -0.46389 0.31222 0.26607 -0.3192 0.41097 0.42401 -0.48912 0.53266 -0.23629 0.4226 -0.22153 0.20793 -0.043869 0.2972 -1.1799 0.15396 0.18302 0.19698 -0.29222 0.36254 0.3921 0.5452 0.45764 0.46226 0.25117 0.35689 -0.12196 0.055875 0.06758 0.58923 -0.026891 0.53445 0.063165 -0.47505 0.45809 0.31851 -0.53952 0.75525 0.33466 -0.38936 0.62793 -0.41633 0.28548 0.42763 0.018576 -0.27699 0.45304 0.22368 -0.23967 0.13476 0.076948 0.82079 0.4235 0.57354 -0.1768 -0.53704 -0.12444 0.10089 -0.071089 -0.29027 0.24372 -0.15559 -0.39936 -0.75116 -0.22355 -0.87344 -0.14387 -0.4409 -0.7146 0.42813 -0.027295 -0.056912 -0.042853 0.32778 0.033268 -0.36389 -0.37003 0.23876 -0.19412 0.3822 0.031595 0.011646 -0.22434 -0.015616 -0.17523 0.46133 -0.77569 -0.045636 0.23171 -0.16317 -0.50579 -0.072212 -0.60958 -0.058906 -0.096523 0.31043 0.32735 -0.25038 -0.0079506 0.07556 0.56573 0.52065 -5.1449e-05 -0.70146 -0.75821 0.38834 0.038665 -0.3427 -0.57098 -0.31764 -0.050957 -0.26773 -0.60934 0.31219 -0.40469 0.62731 -0.056538 0.054719 -0.6468 0.30525 0.042528 0.45174 -0.42952 0.32725 0.58402 0.33008 -0.38381 0.57301 -0.49098 0.24813 0.14612 0.49719 0.42669 -0.11184 -0.060052 0.018683 -0.2828 -0.013088 -0.080224 -0.37065 0.16155 0.42627 0.19319 0.43725 -0.52045 -0.036017 0.27171 -0.1893 -0.086849 0.3617 -0.46391 0.0011116 -0.74258 -0.17292 -0.3174 0.24873 -0.14648 0.45304 -0.71262 0.20768 -0.015548 0.26239 -0.53751 0.2231 -0.55028 -0.15622 0.052891 -0.31418 -0.63272 0.11068 0.02686 -0.76084 0.050388 -0.11938 -0.049728 0.15723 0.053128 0.24806 -0.44674 -0.07946 -0.24431 -0.19192 0.066406 -0.090484 -0.21493
hangzhou -0.16409 0.11257 -0.24811 -0.15243 0.18883 -0.81555 0.87182 0.22762 0.24189 -0.20588 0.1973 -0.097838 0.39227 -0.086472 0.2372 0.16916 -0.28918 -0.044765 0.46667 0.56485 -0.63565 -0.32062 -0.39595 -0.047225 -0.42506 0.30604 -0.65889 -0.37865 -0.08008 0.59239 0.096788 -0.068646 0.14311 0.38998 -0.16509 -0.064693 -0.34305 -0.25713 -0.43073 -0.23741 0.14785 0.19193 -0.32626 0.10716 -0.58351 0.30116 0.19797 0.63958 -0.99553 0.61186 0.031055 0.11973 -0.45709 0.35611 0.30144 0.069841 0.91448 -0.001106 -0.50512 0.13092 -0.80835 0.10877 -0.2615 -0.53699 0.19445 0.39782 -0.23247 0.44588 -0.66568 0.49145 0.16522 0.30679 0.6873 -0.3453 -0.39827 0.55799 -0.61755 -0.2044 0.75879 0.24493 -0.71765 0.042131 0.17587 -0.27175 0.32094 -0.22747 -0.16862 0.14054 0.2722 0.54541 -0.1932 0.12291 0.31281 0.35317 -0.49693 0.37187 0.79717 -0.20588 -0.45204 -0.010298 0.22036 -0.13167 0.67282 0.23033 0.43858 0.16686 -0.093056 -1.023 -0.17605 0.078263 0.014932 -0.51494 -0.070951 0.48837 0.96179 -0.1804 0.089356 0.47426 -0.55868 0.36031 -0.67035 -0.18063 0.24971 -0.60875 0.067397 0.019164 0.20275 0.39756 0.15539 -0.54381 -0.11605 0.39093 0.83229 0.21327 -0.40337 0.027019 0.13692 -0.40545 -0.016394 0.30877 0.11951 -0.063095 0.31966 -0.20896 1.0737 0.54646 0.23522 -0.023347 -0.42949 0.13877 0.54929 -0.31992 0.87834 -0.42358 0.24192 -0.1366 -0.10006 -0.23524 -0.027662 -0.11897 0.25086 0.37084 -0.36971 0.051816 0.36893 -0.15446 0.63517 0.050684 -0.10689 -0.27568 -0.2044 -0.10375 -0.53702 0.16298 -0.37927 -0.38622 0.11139 -0.073529 -0.39909 -0.094314 -0.26258 -0.28532 -0.53851 0.34564 0.30018 -0.24968 0.38761 0.43746 0.088329 -0.073676 0.8565 -0.21739 -0.10929 0.072892 0.26195 -0.16471 0.05748 -0.40378 0.11525 0.48459 -0.40955 -0.34346 0.37934 0.30651 -0.82163 0.41381 0.03778 -0.39421 -0.022894 0.54593 -0.0011593 0.40703 -0.080187 -0.25589 -0.024609 -0.15375 -0.85218 -0.0046857 0.17151 -0.26895 0.56686 -0.323 -0.38712 0.64804 0.13512 0.18316 0.13305 -0.32273 -0.45654 -0.071959 0.20118 -0.24617 0.33033 -0.069564 0.15342 0.66961 0.18429 -0.50434 0.1361 -0.23806 0.010339 -0.66654 -0.14381 0.75615 0.2175 0.90541 -0.26858 0.04965 0.18521 0.19148 0.3276 0.3886 0.94995 -0.30067 -0.37316 0.3591 0.1906 -0.28355 -0.31649 -0.65579 0.040715 -0.3126 0.0335 0.013015 0.24153 -0.26328 -0.096733 -0.67988 0.38143 -0.0096347 -0.11436 -0.43241 0.14829 0.85178 0.51812 0.16709 -0.15097 -0.27751 -0.4387 0.13681 -0.43351 -0.1585 -0.62328 -0.67447 -0.34219 0.28818 0.36395 0.4419 -0.67769 0.17818 0.032564 0.17484 -0.26687 -0.16686 0.28296 -0.47097 0.68839 -0.57666 0.3063 0.2175
bratislava 0.18481 0.15555 -0.15302 0.14216 0.59031 -0.089109 -0.08561 0.055254 -0.063699 -0.4376 -0.37518 0.069798 0.10098 0.042244 0.47633 -0.28051 -0.20728 0.26665 0.14577 0.41271 0.19513 -0.42322 -0.043563 0.36513 0.21729 0.17446 -0.16165 0.7839 -1.076 0.20252 0.72494 -0.7238 0.093312 0.70631 0.16644 0.62182 -0.63118 0.27137 -0.25529 -0.03872 0.079042 -0.095369 0.24139 0.24244 -0.20813 0.10911 0.051762 0.088631 -0.43146 0.31373 -0.14875 -0.40678 -0.087167 -0.086548 0.45823 0.25822 0.55403 -0.49156 0.80469 0.52799 -0.63741 -0.2068 -0.29405 -0.2004 0.068493 0.44555 0.011108 0.44167 -0.27316 -0.82777 0.26786 0.24875 0.068253 -0.077938 -0.0037398 -0.020456 -0.24654 -0.013949 0.45172 -0.17518 0.058922 -0.66557 0.4134 -0.12474 -0.01409 0.28261 -0.10669 -0.24748 -0.48215 0.34201 0.47616 0.10814 0.15141 -0.31488 0.072162 0.75057 0.033109 -0.18973 -1.1446 0.22717 0.24503 -0.19877 0.31421 -0.20483 -0.28667 0.48215 0.89672 -0.16701 -0.10617 0.34268 0.43997 -0.11508 -0.46085 0.041902 -0.32285 -0.53003 0.49314 -0.41768 0.038461 0.25731 0.14977 0.026946 0.53246 -0.31244 0.080111 -0.061431 0.40119 -0.41157 -0.28309 -0.61712 -0.14695 0.065435 0.35687 -0.2053 -0.070835 0.28967 0.53438 0.45885 0.034022 0.050945 0.26567 -0.017123 0.0012167 -0.11689 0.48398 0.33799 0.45606 0.1914 -0.72953 -0.08837 0.42123 -0.090135 -0.44619 0.18145 -0.1375 0.17017 0.28506 -0.16046 0.60967 -0.36882 -0.010291 -0.13314 -0.19157 -0.35062 0.069608 0.63579 -0.20832 0.19428 0.16084 -0.6135 0.28328 -0.49866 0.12247 0.375 -0.81872 -0.2858 0.27362 -0.14648 -0.45988 0.034234 -0.055114 -0.38922 -0.36044 -0.17849 0.39121 0.45798 -0.15972 0.5307 0.32795 0.40846 -0.34403 -0.054143 0.11661 -0.60168 -0.079723 -0.2374 -0.35333 -0.11852 0.097073 0.90874 0.0050345 -0.53422 -0.42851 0.64421 -0.28302 -0.039979 0.017401 -0.573 -0.61747 -0.37272 0.11693 0.37648 -0.38977 -0.69822 0.051715 -0.11933 0.07445 -0.3934 -0.87428 -0.078706 -0.085005 -0.36065 -0.010423 0.014274 -0.43296 -0.48197 0.027459 -0.58275 -0.35689 -0.0071091 0.2658 0.046405 0.55287 -0.55091 0.64593 -0.13404 0.43652 0.66353 0.81784 0.52199 -0.10204 -0.53928 0.51203 0.079531 0.78528 0.76547 0.61343 0.26468 0.2044 -0.38761 -0.1572 -0.46036 0.30906 -0.16081 0.13377 0.20989 0.25205 0.22324 0.15307 0.062529 -0.031399 0.6473 0.39668 0.20199 0.54376 -0.61384 0.026721 0.43912 -0.074367 -0.001879 0.33096 -0.27937 0.2342 -0.51311 0.53011 -0.030753 0.2841 -0.65773 0.51905 -0.34006 -0.54568 -0.37673 -0.34503 -0.015657 -0.1166 0.37647 -0.5577 0.63205 -0.14403 0.21913 0.24635 -0.029199 0.011468 0.89068 -0.10053 -0.62584 0.45152 -0.3309 0.0020278 0.1306
nagoya 0.16469 0.43838 -0.074601 0.10054 0.33351 -0.33167 -0.41159 0.40282 -0.26835 0.31902 -0.16665 0.093148 0.61747 0.045726 -0.35124 0.36428 -0.42669 0.40423 0.36245 0.045265 0.14717 -0.99605 -0.69432 -0.073412 0.33732 -0.065198 0.23384 -0.60223 -0.39662 -0.18967 0.49543 -1.0311 -0.19588 0.29154 0.22186 -0.11286 0.6964 -0.57156 -0.66489 0.49755 0.6025 0.34986 -0.29396 0.0039761 -0.50833 0.10097 0.64085 0.31183 -0.33779 0.59338 -0.054119 0.24671 0.37605 -0.40102 -0.75356 -0.12451 0.65005 -0.5274 -0.46843 -0.55746 -0.12817 0.11766 0.042468 -0.48236 0.3696 0.43053 0.36005 0.51565 -0.010316 -0.48664 0.85422 0.17314 0.95225 -0.82216 -0.27812 -0.32517 -0.56367 0.46968 -0.15766 -0.70096 -1.0199 0.053332 0.13225 0.22767 -0.71073 0.28964 -0.047421 0.094657 0.67603 0.22262 0.43913 -0.1084 0.45462 0.044685 0.098031 -0.076733 0.23432 0.11201 0.0072805 -0.20522 -0.49083 -0.57073 0.25396 0.62574 0.27203 -0.09916 0.3101 -0.54583 -0.52559 0.32334 -0.44121 0.039045 -0.11395 0.37564 0.53769 0.19417 0.13698 0.70817 0.56273 0.46162 0.088182 -0.2696 0.52178 0.27601 0.13106 -0.14981 0.029625 -0.42156 -0.040828 0.021839 -0.019174 1.0355 0.32717 0.50547 0.74824 0.13515 0.16087 -0.32932 0.049022 0.21805 -0.33955 -0.44552 -0.027241 -0.67394 1.0169 0.038705 0.42628 0.10422 0.12024 -0.29876 0.39846 0.12575 0.57685 -0.023349 0.36479 0.23049 -0.022509 -0.091787 -0.55937 -0.098102 -0.056394 0.19052 -0.042702 -0.45881 0.086665 -0.54163 0.092295 -0.15732 0.0042328 0.013993 0.28398 -0.54082 0.29216 0.20486 -0.71592 0.401 0.30669 0.69724 -0.29732 0.68847 0.29256 1.1704 0.40096 -0.096821 0.13537 0.411 0.079585 0.58836 0.29634 -0.15709 0.26911 -0.30523 0.26281 -0.23396 0.0061284 -0.18021 0.20714 -0.38804 -0.51789 0.14904 0.54738 -0.1891 0.043328 0.31472 -0.72386 0.55321 -0.10715 -0.1327 0.61044 -0.68616 -0.23984 0.4659 -0.18191 0.25133 0.31446 -0.30886 -0.67416 0.20654 -0.55183 -0.28256 0.075068 -0.42275 0.22374 -0.34289 -0.45253 -0.18171 -0.77931 0.26116 -0.49216 -0.024266 0.75325 0.091425 0.28396 -0.29127 0.054235 0.11917 0.02332 0.51486 0.47721 -0.0136 -0.14103 -0.86468 -0.20409 0.59967 0.14171 0.089966 0.11086 0.24678 0.5662 -0.033473 0.012855 -0.24555 0.25309 -0.083403 -0.75548 -0.30414 -0.60271 0.30289 0.1381 -0.88453 0.16043 -0.021164 -0.012217 -0.073402 -0.13312 -0.24828 -0.4266 -0.18026 0.3602 -0.099238 0.037422 -0.2759 0.47501 0.42605 0.17908 0.025551 -0.076814 0.28583 0.48084 0.075014 -0.53155 0.02906 -0.21227 -0.2151 -0.057841 -0.0052504 -0.27416 0.5363 -0.20963 -0.48891 0.6483 0.58285 -0.59862 -0.23925 0.34946 0.15177 0.33342 -0.45525 -0.080651 -0.034221
tashkent 0.39669 -0.04041 0.015647 -0.52609 0.0060575 -0.085573 -0.12779 0.63318 0.075608 -0.25259 0.98203 0.26522 -0.23544 0.1556 -0.16776 0.4166 -0.0074588 0.99206 0.36215 -0.021952 0.17336 -1.4124 -0.49268 0.014334 0.20127 0.33179 0.23828 0.11888 -0.83827 0.050366 0.59814 -0.19296 0.31023 0.38139 1.0246 -0.41143 -0.65063 0.11346 -0.52869 -0.73117 0.59881 -0.082837 -0.059755 -0.33162 -0.028117 -0.24857 0.33026 0.47025 -0.65148 0.32419 0.29884 -0.41434 0.10228 0.073681 -0.6778 0.24194 0.20313 -0.62079 0.15512 -0.58091 -0.77613 -0.28956 -0.015531 -0.47702 -0.4127 -0.03673 0.5992 0.043309 0.025857 -0.098896 0.33144 0.19498 -0.066504 -0.30621 -0.0014634 -0.61708 0.29044 -0.75098 0.30275 0.39525 -0.091687 -0.82213 0.12964 0.274 -0.21968 -0.33061 0.41756 -0.24491 0.65264 0.67285 0.34442 -0.014552 0.12522 0.88761 0.0055116 0.17379 -0.22587 0.12807 -0.34606 -0.057918 0.29502 -0.25074 -0.33054 0.10138 -0.31858 0.29303 0.065766 -0.5288 -0.64962 -0.054561 0.029494 0.20748 -0.22501 0.33003 0.13666 -0.0541 -0.31206 -0.28596 0.56461 0.066258 0.15369 -0.22145 0.83028 -0.18902 -0.1093 -0.14025 -0.1323 -0.091191 -0.5489 -0.099626 -0.2944 0.21748 -0.016781 -0.15617 -0.10775 -0.68015 0.49151 1.2352 -0.24457 -0.14824 0.064105 -0.095961 -0.020308 0.21153 -0.54527 -0.74328 0.39074 0.53102 -1.1168 0.23028 0.071759 -0.63795 0.5174 0.15683 -0.16195 0.20706 -0.19796 -0.36456 0.66698 0.14486 -0.3231 0.50653 -0.42556 0.074881 0.16584 -0.042432 0.24276 -0.28755 0.22037 -0.20215 -0.17554 -0.52453 0.26678 -0.56631 -0.45013 0.31641 0.50932 -0.39997 0.12354 0.1248 -0.37429 -0.2123 -0.23767 0.27063 -0.43426 1.0415 -0.24935 0.2535 0.78839 -0.26261 0.1062 -0.66051 0.1494 -0.55348 0.38716 -0.16429 0.69583 -0.056824 0.071412 0.55705 0.30787 0.001792 0.38897 0.14288 -0.51909 0.18856 0.13554 -0.40772 -0.038579 -0.1349 -0.043589 0.60637 -0.030072 0.54854 -0.58072 -0.18669 -0.45073 0.62966 -0.75804 -0.41117 0.26186 0.56203 -0.32044 -0.015962 0.13585 0.0010937 -0.14315 -0.09552 0.044777 -0.44197 -0.027267 -0.78527 0.099349 -0.41213 0.48393 0.2323 0.56576 -0.35679 0.23465 0.73014 -0.04151 0.099107 -0.0015838 0.61236 0.79123 0.33309 -0.11431 0.0042779 0.014112 -0.45987 0.44497 -0.18512 0.025219 -0.27952 0.28582 -0.051368 0.52429 -0.052542 0.53253 0.18229 0.092618 0.26625 0.35829 -0.53663 -0.20028 -0.55958 0.60404 -0.15429 -0.25833 -0.29755 0.54916 0.37521 -0.045235 -0.33125 -0.17256 -0.73562 0.54903 0.073932 0.44368 0.38944 -0.25152 -0.49191 0.037757 -0.33635 -0.61502 0.49053 0.20731 0.41055 -0.62088 -0.49397 0.12979 -0.38404 0.26722 0.24287 0.4182 0.46609 0.39596 0.26615 -0.041173 0.79257
chittagong -0.80502 -0.078479 0.14757 -0.17392 0.24192 -0.40314 1.0198 0.57193 0.038063 0.24044 -0.44702 -0.21872 0.34818 -0.15991 1.064 0.35115 -0.25006 0.32374 -0.13904 -0.51646 -0.29103 -0.84978 -0.048639 0.45822 -0.71351 0.49623 -0.25707 -0.33808 0.18304 -0.1931 -0.28296 -0.47177 -0.11972 0.36253 0.39479 -0.12349 0.015261 -0.16175 -0.94633 -0.17089 0.79378 -0.38546 0.60105 0.5012 0.27908 -0.18901 -0.0086354 0.49652 -0.86479 -0.030612 -0.041278 0.48833 -0.34887 -0.27207 0.90626 0.18718 -0.25573 0.37618 -0.074428 -0.045691 -0.0096452 -0.21827 -0.19054 -0.086687 0.41725 0.68323 -0.17765 0.40378 0.76393 -0.16449 0.60081 -0.030436 0.1547 -0.59455 0.47432 0.21184 -0.1215 -0.44429 0.37248 -0.18487 0.93858 0.12682 0.55956 0.43796 -0.56285 0.11069 0.081157 -0.34745 0.33627 0.28796 -0.044399 -0.13127 0.62006 -0.17287 0.051024 0.84663 0.27118 0.15323 -0.040403 0.33978 0.43863 -0.31428 -0.61068 0.38657 0.073304 -0.2091 0.22227 0.16702 0.093587 -0.099157 0.0049504 -1.5158 -0.072466 0.92484 0.77182 -0.029297 0.15595 0.063099 0.42774 0.41948 -0.72072 -0.028291 -0.090673 -0.050447 -0.36449 0.11983 -0.31627 -1.3448 0.77881 0.37556 0.36962 1.144 0.67494 0.011596 -0.52146 0.51005 0.12382 -0.64235 0.46798 0.33257 -0.60479 0.67291 -0.14689 -0.33072 -0.31464 -0.3923 0.78954 -0.17495 -0.6595 0.093134 -0.040592 -0.65769 -0.037588 0.27736 0.0029168 0.73525 -0.12179 -0.61009 -0.058593 -0.117 -0.42769 0.01316 -0.98984 0.40871 -0.40144 -0.25003 0.05178 -0.11628 -0.27376 0.45372 -0.50233 -0.73485 0.31864 -0.12222 0.025935 0.84108 0.022571 -0.15728 -0.96062 -0.18825 -0.10953 0.085546 -0.3179 0.21173 -0.2214 0.51353 0.47279 0.45014 -0.32113 -0.17786 -0.60133 0.44158 0.48109 -0.056524 0.42418 0.74278 -0.08035 -0.1165 -0.25704 -0.009175 -0.29307 -0.49144 -0.19664 -0.37339 0.72365 -0.13339 0.43534 -0.067757 0.53343 -0.040907 -0.10323 0.36366 -0.55659 0.11124 -0.23481 -0.32544 -0.49457 -0.23937 -0.017104 0.15616 -0.069287 -0.039861 -0.03803 -0.0014434 0.14301 -0.090214 0.1979 -0.63615 -0.39372 0.055613 -0.12805 -0.18028 -0.83193 -0.24205 0.51777 -0.060223 0.54574 0.20147 0.44333 -0.60972 -0.0060311 -0.38272 -0.34751 0.22574 -0.34459 0.44227 -0.45551 -0.033839 -0.14644 0.29139 0.066134 0.11031 -0.054593 -0.32314 -0.13128 0.47231 0.46929 -0.49355 -0.619 0.090957 0.047465 0.073854 0.35082 0.040163 0.51147 -0.048685 0.2564 -0.11479 -0.093691 0.081778 -0.32237 -0.50733 0.40379 0.47768 0.20574 0.25565 0.25452 0.44601 -0.52996 0.41031 -0.29374 -0.27042 0.31584 0.043969 -0.20821 -0.16645 -0.22484 -0.55355 -0.1443 -0.32129 -0.24824 0.14118 0.018496 -0.20764 0.10899 1.1321 0.16196 -1.1525 -0.60998 0.0039203
thessaloniki 0.71617 0.1859 0.20756 -0.087627 0.16782 0.076511 -0.14403 0.14061 -0.31739 0.33584 -0.055553 0.23843 0.52826 0.65877 0.88843 -0.24746 -0.51324 0.08566 0.29962 0.070902 0.008139 -0.47781 0.14157 0.185 0.73176 -0.16535 -0.31957 -0.0019013 -0.55349 0.8209 -0.39944 0.41332 0.17347 0.7045 0.070625 -0.46434 -0.17665 0.35068 0.15399 -0.29779 0.42426 -0.70815 -0.18411 -0.61206 -0.066443 0.13364 0.56466 1.1968 -0.22581 0.30532 -0.29295 0.19517 -0.056039 -0.76131 0.030204 0.71494 -0.21395 -0.2987 -0.05616 -0.063214 -0.70108 0.42737 -0.69542 -0.24343 -0.088875 0.25096 -0.25502 0.61503 0.57798 -1.0336 0.34408 -0.23607 0.50583 -0.34392 -0.15104 0.37693 -0.49248 0.051145 0.057007 -0.38319 -0.18633 -0.48154 -0.089476 -0.31173 -0.29889 0.42433 -0.0428 0.35908 0.088646 0.051278 0.13295 -0.24127 0.25989 -0.076842 0.15178 0.23974 0.84491 0.6194 -0.70138 -0.37679 0.070328 -0.012779 -0.083984 0.22016 0.23521 0.12878 0.79567 -0.36383 -0.15576 0.12926 -0.28894 -0.11292 0.37627 -0.029372 -0.31667 -0.53061 -0.16516 -0.14224 0.20395 -0.61357 -0.21541 0.14247 -0.12185 -0.3726 -0.1229 0.38197 0.13706 -0.45521 0.22754 -0.17491 0.31173 0.25912 0.72579 -0.13169 0.085462 -0.36954 0.24266 -0.31139 0.48392 -0.086045 0.041713 -0.34936 -0.26468 -0.74151 0.43668 -0.22934 0.53091 -0.432 -0.33776 -0.29297 0.33343 -0.2887 1.0742 0.66176 -0.17115 0.84273 0.35916 0.67734 -0.082112 -0.1807 -0.27432 0.461 0.092751 -0.17967 -0.21442 -0.72547 -0.26721 0.84404 0.40838 0.10036 0.17148 -0.43204 -0.050924 0.092242 0.37875 -0.10447 0.081076 -0.28377 -0.0833 0.26585 0.06401 -0.12045 -0.49171 0.16492 0.94965 0.11604 -0.20967 -0.083436 -0.070704 0.32034 -0.23056 -0.24092 -0.34338 -0.65776 -0.064685 0.10685 0.28918 0.27189 -0.39543 1.0121 -0.3104 -0.26941 -0.072117 0.39604 0.1659 -0.24509 0.37165 -0.48506 0.4601 -0.071812 -0.4991 0.51863 -0.22818 0.74689 0.046591 -0.23027 0.13202 0.28595 -0.46842 -0.27994 0.3817 0.11433 0.01186 0.15131 -0.38277 -0.55689 -0.14745 -0.58654 0.23242 0.098401 0.34089 0.18581 -0.31724 -0.40499 0.10101 0.31359 0.062939 -0.28135 0.52915 0.50381 0.27696 -0.21983 0.40739 -0.29658 0.20197 -0.27685 0.14841 0.51014 -0.23429 0.44022 0.055648 -0.076395 0.21212 0.14221 -0.11606 0.26903 -0.17322 -0.41293 -0.15671 -0.10675 -0.10681 0.38475 0.32145 0.5225 0.15136 -0.21419 -0.063562 -0.19559 0.34625 -0.71043 0.57762 -0.11161 0.29478 0.68969 0.20803 -0.035626 -0.018503 -0.5424 -0.043189 0.4058 -0.52808 -0.037762 0.20019 0.14393 0.46736 0.66835 -0.23899 -0.036269 0.3154 -0.40652 0.44048 0.38784 0.20659 -0.29468 -0.35687 0.2665 0.03638 -0.053006 -0.44554 0.097634
medellin 0.9682 0.79718 -0.20007 -0.010494 -0.4316 0.55958 -0.40382 0.46046 0.43857 0.52424 -0.16488 0.66655 -0.00042762 0.14397 -0.15851 -0.097085 0.39543 -0.10681 0.27101 0.17601 -0.4963 0.19057 0.67091 -0.61483 -0.30804 -0.43048 0.11874 0.32462 -1.504 -0.50713 -0.4163 0.21603 0.14763 -0.41563 0.71436 -0.0026109 0.23455 0.017323 -0.47283 -0.28395 -0.37835 0.43956 -0.55965 0.36403 0.64286 -0.3714 0.4804 0.090094 0.46358 0.16581 -0.31937 0.00083534 -0.54913 0.91688 -0.017816 -0.59178 -0.56786 -0.58543 0.20522 -0.75197 -0.18104 -0.66655 0.16536 0.021424 -0.65669 0.14734 0.0041328 0.35832 0.23735 0.013591 0.47522 0.32334 -0.080611 -0.31778 0.46614 -0.51307 0.55854 -0.45708 0.037601 0.31947 0.37032 -0.12872 -0.28586 0.63345 -0.67306 -0.12026 -0.25263 0.30354 -0.35625 0.30527 0.46554 0.61477 0.67894 -0.17643 0.57349 -0.033688 -0.11159 -0.23684 0.24872 -0.44962 -0.027499 0.29959 -0.36128 0.38657 -0.51877 -0.092486 0.3113 0.40934 -0.10529 0.18328 -0.59698 -0.25711 0.23918 -0.38904 0.092231 -0.28572 0.34961 0.017435 0.021601 0.083308 0.18253 -0.042533 0.32965 -0.33736 -0.13163 -0.25659 0.36878 0.055633 0.19338 0.57273 -0.58553 -0.052543 0.27719 0.53257 0.066707 0.22475 -0.28708 -0.44783 0.94174 0.31208 -0.33059 -0.41118 -0.1727 0.48837 0.29936 -0.49385 1.3739 0.45726 -0.34329 -0.50011 -0.14352 0.08549 0.1609 0.80066 -0.39631 0.61314 0.66397 -0.36301 0.40657 -0.1308 0.007486 0.65014 -0.14685 -0.20779 -0.31567 -0.45784 0.45529 -0.1812 -0.44772 -0.814 0.15158 0.11929 -0.025193 0.06116 0.81723 -0.07253 0.07945 0.51573 -0.30646 0.39014 -0.45708 0.12632 -0.075053 0.12762 0.027656 -0.073131 -0.13694 -0.10212 -0.19833 -0.11034 -0.16906 -0.64509 -0.45508 0.0613 -0.22485 0.11126 -0.0086588 0.95488 -0.62461 0.1596 -0.0062528 0.0012749 0.41993 0.074974 -0.98875 -0.042088 -0.55073 0.34547 0.1354 0.45381 -0.12931 -0.013944 -0.37064 0.40348 -0.28385 0.92227 -0.39795 0.019909 -0.16829 0.051071 -0.30637 -0.24242 -0.22807 0.7932 0.081307 0.4961 0.093621 -0.46503 0.069123 -0.36814 -0.30408 -0.19538 0.22127 0.26779 0.665 0.12559 0.65337 0.294 0.74903 -0.13375 -0.55994 -0.53724 -0.32344 -0.86954 -0.009267 0.24537 0.34342 -0.35897 0.34129 0.28437 0.39707 -0.16556 0.061492 0.09535 0.20637 0.90617 0.23009 -0.20581 -0.43061 -0.2395 -0.22432 0.38331 0.0032673 0.62363 -0.12193 0.4085 0.078449 0.25996 0.040443 0.069758 0.13642 -0.27187 -0.1376 0.23758 0.33041 0.47476 -0.20314 0.02891 0.06065 0.67196 -0.3853 0.3468 -0.124 -0.65886 -0.30341 0.57898 0.67179 0.048913 -0.035481 -0.3501 0.5217 -0.04272 0.30515 0.12288 0.90327 -0.090406 -0.51049 -0.725 -0.83404 0.75794
pune -0.62475 -0.088691 0.25395 -0.19002 -0.22404 -0.68617 -0.1068 0.088198 -0.21755 0.37861 0.52393 0.24788 0.54148 0.20261 0.64508 0.32372 -0.46497 -0.20821 0.21667 0.11783 0.14082 -1.1563 0.26515 0.60976 0.13595 0.30089 -0.047581 0.12108 -0.21013 -0.063806 0.56553 -0.49846 -0.41681 0.022457 0.85899 -0.65532 -0.2319 0.54237 -0.72989 -0.25688 0.56614 0.20766 0.18742 -0.67923 0.60646 -0.18288 0.38677 1.0661 -0.02993 -0.42182 0.16472 -0.45535 -0.20347 -0.0054957 1.2357 -0.46277 0.09074 0.32473 0.20528 0.20144 -0.28872 0.16501 -0.33495 -0.65092 0.65289 0.10254 0.18322 0.066442 -0.74749 -0.48072 0.43905 0.21869 0.50652 -0.24006 0.12331 0.1742 -0.62495 -0.27128 -0.58948 0.39625 0.37017 -0.053334 0.23044 -0.4042 -0.56091 0.39339 -0.0026816 -0.36085 0.41694 0.63927 -0.17081 0.055137 1.0813 -0.24655 0.37956 0.36574 0.40722 0.20076 -0.19197 -0.17694 0.12937 -0.32396 0.062418 0.41532 0.092863 -0.54543 0.21676 -0.36792 -0.024457 0.49866 0.40984 -0.74488 -0.34912 -0.58903 -0.33441 0.29217 0.26401 0.017608 0.017915 -0.099737 -0.22859 -0.19551 0.32686 0.30859 -0.14595 -0.42858 -0.42892 -0.29796 -0.41108 -0.17935 0.68298 -0.44909 0.62294 0.30549 -0.46214 -0.3062 0.69707 -0.032913 0.59002 0.13632 -0.066093 0.4177 0.34896 -0.091776 -0.24938 -0.16039 0.69475 0.15852 -0.38801 0.68517 0.49975 -0.14462 -0.25365 0.6159 0.19317 -0.32217 0.34679 0.26238 0.19049 -0.37865 0.13157 0.062253 -0.21596 -0.32872 0.068653 -0.71962 0.31879 0.067783 -0.060189 0.011941 -0.69916 -0.73049 0.13275 -0.15538 -0.74969 0.14834 -0.36212 -0.42942 -0.28903 -0.17391 0.050458 -0.08131 -0.438 0.0020636 0.38598 0.38127 0.11266 0.25084 0.19499 -0.1158 0.67898 0.059414 -0.07215 0.096824 -0.68135 -1.0334 0.29485 -0.20381 0.1498 0.30087 0.060708 -0.39764 0.213 0.21857 -0.45516 -0.23234 0.21773 -0.1218 0.34387 -0.23462 0.01314 0.88611 -0.23463 0.10129 0.13867 -0.28311 -0.39036 -0.25977 0.26196 -0.37627 -0.51234 -0.085574 -0.37847 -0.12517 -0.13 -0.88465 -0.42859 -0.066124 0.28876 0.34389 0.23282 -0.039779 -0.36783 -0.71082 0.15205 0.24457 0.51231 0.11993 0.011089 0.073111 0.43212 0.11821 -0.53994 0.20905 -0.53642 1.0094 -0.28823 0.083066 -0.0067634 -0.070179 0.3967 0.22567 0.0075257 0.90079 -0.11065 0.25449 0.34653 0.31286 0.017101 0.14341 -0.053236 -0.13811 0.13865 0.47299 0.093669 -0.10091 0.1868 0.24273 0.24638 0.44345 -0.1475 -0.18318 -0.36054 0.54212 0.47264 -0.22547 -0.24036 -0.35814 -0.63336 0.24714 -0.28871 -0.66159 -0.038174 0.10598 -0.39089 0.52359 0.26912 -0.072015 -0.10008 -0.28222 0.90152 0.17026 -0.44654 -0.54642 -0.093828 0.40654 -0.30433 -0.34929 0.089279 -0.029133
ljubljana 0.63295 0.68531 0.042375 0.39389 0.2693 0.059376 0.050067 -0.54509 0.56605 -0.51497 -0.70745 0.15066 0.72468 0.18253 0.58809 0.39022 0.16323 0.15849 0.50935 0.36331 0.14408 -0.24603 -0.0082446 0.035168 -0.10905 0.1466 -0.12725 -0.0515 -0.56298 0.42524 0.25927 -0.33797 0.09598 1.2165 0.16637 0.63774 -0.37019 -0.45459 -0.068054 0.5174 0.21869 -0.43697 -0.50199 0.19864 0.27375 0.22425 0.24736 0.54045 -0.32554 0.31014 -0.20729 0.064992 -0.30383 0.090945 0.1941 0.20724 -0.36786 -0.16874 0.7302 -0.041341 -0.5532 0.0012266 -0.089435 0.02609 0.19906 0.74298 0.5148 0.53094 -0.1587 -0.83553 0.29536 -0.004013 0.31844 -0.016836 -0.46126 0.12915 0.40885 -0.35416 0.61974 -0.3737 -0.34131 -0.91325 -0.058275 -0.30053 -0.019283 0.6101 -0.29165 -0.38832 -0.43273 0.015023 0.68385 -0.14771 0.46904 -0.29827 -0.07503 0.71697 0.033974 0.1675 -0.17702 -0.055377 -0.071349 -0.40073 -0.62502 -0.42607 -0.19504 0.60719 0.23196 -0.63639 -0.085031 -0.37018 0.3177 0.61975 -0.39987 0.15053 -0.15513 -0.68131 0.054183 -0.09611 0.42173 -0.1493 0.56262 -0.3254 0.47982 -0.12215 -0.0060651 0.11239 0.75523 -0.33073 -0.11174 -0.20855 -0.23772 -0.062365 0.30327 -0.1176 0.0012389 0.33348 0.62979 0.21278 0.75969 -0.18315 0.11814 0.23339 -0.80768 -0.22534 0.85744 0.040741 0.91833 -0.38868 -0.5017 -0.25607 0.14946 0.10039 0.51866 0.75394 -0.31728 0.32365 0.20455 0.26618 0.49949 -0.39787 -0.18584 0.030256 -0.090478 -0.54965 -0.36473 -0.064596 0.073839 0.22535 0.66787 -0.51948 -0.16504 -0.87727 0.24267 0.36506 -0.47188 -0.1712 0.68475 -0.57531 -0.074144 0.19271 -0.096894 -0.097419 -0.16069 0.44193 0.68036 0.86043 -0.50163 0.11637 0.22099 -0.048319 -0.62336 0.1588 -0.13007 -0.19926 0.59495 -0.40921 0.06476 0.24743 -0.0081608 0.73533 0.1045 -0.33551 -0.57588 1.0961 0.084894 0.18406 -0.4261 -0.35371 -0.011821 -0.11137 -0.16643 0.43695 -0.18653 -0.22668 -0.04385 0.54189 -0.3892 -0.32713 -0.47173 -0.22721 -0.43274 0.13398 -0.16606 0.034366 -0.31406 -0.21986 -0.77232 -0.60648 0.19385 0.094028 0.60573 -0.15594 0.39991 -0.44925 0.32504 0.048953 0.67204 0.34524 0.53947 0.064778 -0.19149 -0.3713 0.64161 -0.012237 0.32803 0.38386 0.60643 0.94677 -0.33079 -0.56906 0.28256 0.15076 0.49232 -0.36829 -0.74818 0.22363 0.19337 0.082915 0.4458 -0.31986 -0.37623 -0.42326 0.076626 0.2013 0.55761 -0.14687 -0.35341 -0.1438 0.006921 0.12502 -0.059499 -0.078752 0.2631 0.055318 0.59902 0.062354 0.33336 -0.99267 0.3895 0.24387 -0.25036 -0.58949 0.022239 -0.95841 0.054796 0.038292 -0.44795 0.13155 0.053021 0.23803 0.46218 0.23641 0.49458 -0.05896 -0.14055 -0.51214 -0.092147 -0.37347 0.054302 0.44448
accra 0.22537 0.11073 0.067641 0.4136 0.19941 0.52266 0.57961 0.18461 0.056536 -0.39436 -0.44821 0.13659 0.14334 -0.57839 -0.09401 0.15189 -0.52952 0.64888 0.30054 -0.41963 -0.18824 0.23339 -0.54084 0.57128 0.41804 0.30702 -0.53633 -0.25101 -0.074099 -0.033618 0.85106 -0.60277 -0.17783 1.1056 -0.060118 0.091046 -0.7213 0.92243 -0.21957 -0.40474 -0.63391 -0.50367 -0.24238 -0.0079349 0.37926 0.045522 0.21988 0.5226 -0.078427 -0.17559 0.33142 -0.26043 -0.3069 -0.1678 0.062101 0.3846 -0.22977 0.20782 0.69368 -0.040059 -0.33241 -0.44942 0.025576 0.12135 0.82778 0.51168 0.056354 0.26333 0.0063504 -0.71555 0.37883 -0.33601 0.080507 -0.10667 0.17534 0.77651 -0.094793 -0.63439 -0.40143 0.34604 0.7019 -0.61895 0.39462 0.084221 -0.47144 -0.45826 -0.017514 -0.5222 -0.056376 0.33878 -0.40482 -0.038649 -0.075513 0.002283 -0.27739 -0.0063846 0.48062 0.00088201 -0.76555 0.29734 0.55635 -0.21919 0.69594 0.066684 0.27335 0.34646 0.19092 -0.44563 -0.25533 -0.16507 0.12158 0.094855 -0.56316 0.036393 0.20981 -0.35137 0.29292 0.23054 0.29427 -0.017333 0.067811 -0.55066 0.68394 0.19744 0.10782 -0.55811 0.49575 -0.90939 0.030994 -0.39925 -0.24699 -0.13383 0.11484 -0.45423 -0.063725 0.63178 -0.37253 0.094399 -0.23386 -0.33958 -0.56027 0.1254 0.23697 -0.3323 -0.0013631 -0.29146 0.61319 0.03154 -0.58744 -0.23194 0.025121 -0.14461 0.65693 0.10171 -0.3031 -0.0010722 0.45292 -0.091801 0.008907 -0.09672 -0.15495 -0.36567 -0.43438 -0.36232 0.020807 -0.53193 0.36021 -0.1619 -0.22079 -0.55857 -0.74576 -0.3148 -0.027072 -0.5098 0.58883 -0.041305 0.023341 -0.20555 -0.73969 0.38514 -0.35474 0.54284 -0.47167 0.071404 0.3793 -0.062645 0.060994 0.36423 -0.19371 -0.66923 0.29127 -0.050633 0.77568 -0.38311 0.79081 0.22515 0.49475 -0.043207 -0.44331 0.85647 -0.56794 -0.72554 0.33829 0.29697 -0.022844 -0.38129 0.3448 0.033661 0.15264 -0.28212 0.49885 -0.75084 -0.93854 0.14489 0.35322 0.79092 0.16975 -0.27027 -0.29929 -0.94252 0.020283 -0.52258 0.30803 -0.040105 -0.59467 0.012928 -0.086399 0.26394 0.34051 0.11416 0.44095 0.17668 0.10121 0.02325 0.53656 0.41096 0.17642 -0.1791 0.35823 -0.23963 -0.1814 -0.13293 -0.14711 -0.05576 1.0775 -0.079288 -0.12356 0.17098 0.11215 -0.10039 0.26494 0.74177 0.092071 -0.65741 -0.10713 0.43434 0.52797 -0.20171 -0.28051 -0.067782 0.16499 -0.043272 0.45131 0.062716 0.27264 -0.10573 0.0083554 0.28675 0.064303 -0.10188 0.050735 -0.28921 0.18736 -0.009002 -0.074967 -0.042576 -0.13508 0.044943 0.17443 0.03419 0.054136 -0.40381 -0.54055 0.31325 -0.55926 -0.17997 -0.73039 -0.086589 -0.44697 -0.5979 -0.098 -0.25126 0.15882 0.18298 0.078167 0.5618 -0.54475 -0.32565 -0.42808 0.10024
fukuoka 0.49976 0.059269 0.099036 -0.10745 0.56932 0.14268 0.10122 -0.087132 -0.57503 0.80669 0.44306 0.33815 0.48362 -0.075472 -0.37413 0.14119 -0.079968 0.51077 0.55994 -0.14513 -0.17765 -0.61686 -0.42559 -0.46266 0.2251 -0.44172 0.30671 0.11642 -0.64193 0.59624 0.32491 -0.42273 0.016021 0.52697 -0.13902 -0.35409 -0.10087 -0.5483 -0.4257 0.36345 0.44574 -0.020455 -0.083224 0.13692 0.21802 0.32665 0.16692 0.39434 -0.35846 0.65248 -0.50891 0.51486 0.018383 -0.64041 -0.56279 -0.13763 -0.049859 0.076175 -0.32634 -0.42684 -0.91203 0.088103 0.23969 -0.20579 0.3275 0.16602 -0.1762 0.88174 0.5451 -0.10629 0.54581 0.25914 0.42088 -0.46571 -0.46247 -0.094622 -0.084941 0.0086846 -0.20617 -0.62076 -0.8188 0.21334 0.14701 0.1097 -0.67383 0.18784 -0.28497 -0.56264 0.64414 0.43708 -0.045402 -0.021847 0.25062 -0.13237 0.35668 -0.37095 -0.17054 0.42569 -0.21687 0.53929 -0.073439 -0.61312 0.38521 0.037941 -0.3383 -0.28855 0.27953 -0.43995 0.17097 0.65467 -0.75193 -0.22743 0.085789 -0.4117 1.0266 0.0014983 -0.37488 0.52293 0.73637 0.24846 0.84374 -0.59354 0.091618 -0.46441 -0.34256 -0.05378 0.14854 0.21827 0.22439 0.14214 -0.45819 0.96876 0.54874 0.47249 0.082345 -0.20357 0.20285 -0.20776 -0.1243 -0.13218 -0.39259 0.22619 0.34746 -0.65827 0.59736 -0.37823 0.4796 0.035569 0.40589 0.12827 0.063461 -0.21933 0.70983 0.23175 -0.37404 0.32994 -0.42081 -0.22832 -0.63661 -0.007499 -0.27384 0.078994 -0.28401 -0.97828 0.15914 -0.46011 0.44012 0.25183 0.4101 -0.56809 -0.023457 -0.46626 -0.093387 -0.4296 -0.44209 0.62899 0.91712 0.60499 -0.61106 0.46085 0.14564 1.2564 0.027828 -0.14012 0.79874 0.49308 -0.25874 0.43026 -0.203 -0.57644 0.20139 -0.19201 -0.069106 0.056938 -0.19134 0.49809 -0.42015 -0.1167 -0.41184 -0.35554 0.20322 0.076643 -0.12902 -0.27493 -0.69732 0.83582 0.071214 -0.89607 0.33799 -0.27102 -0.21282 0.14533 0.10852 0.72377 0.49009 0.26809 -0.52842 -0.19096 -0.05 -0.36596 0.051049 -0.010233 0.36454 -0.097942 -0.10235 -0.29817 -0.81894 0.23313 -0.53558 0.23227 0.43031 0.084818 -0.23536 -0.2787 0.070037 0.34507 0.51301 0.12231 0.42725 0.46374 0.146 -0.24801 -0.15741 0.10355 0.28332 0.035118 -0.41443 -0.23319 0.14994 0.022366 0.19715 -0.39603 -0.0044238 -0.10802 -0.73091 -0.30695 0.33499 0.43703 -0.42331 -0.37667 0.3187 -0.68052 -0.01979 -0.32671 -0.50228 0.53615 -0.21672 0.046719 0.11702 -0.66551 -0.22554 -0.21654 0.69956 0.65447 -0.31378 -0.59806 -0.43303 0.3603 0.039465 -0.29511 -0.57044 -0.058508 -0.30966 -0.061229 -0.37196 0.1093 -0.32415 0.5169 -0.071413 -0.81742 0.20158 1.2714 -0.50395 -0.47226 0.013071 0.21822 0.62438 -0.055811 -0.3576 -0.46936
fairbanks -0.65566 0.14675 0.20428 -0.22422 -0.1746 0.055737 -0.53592 -0.0048936 -0.20433 0.8512 -0.29553 0.29693 -0.079757 0.59064 -0.005771 0.07517 0.40322 0.16057 -0.065607 0.18772 0.3762 0.18107 -0.30382 -0.34955 0.24219 0.3387 -0.013217 -1.0949 -0.42224 -0.37497 -0.08408 -0.14338 -0.14359 0.39417 -0.13312 -0.053399 -0.14987 -0.40929 0.12761 -0.23443 -0.49473 0.63565 -0.19168 0.38218 0.2352 0.12065 0.55432 -0.21077 0.02322 0.25747 0.36968 -0.010522 0.019244 -0.75308 -0.027747 -0.063772 0.31621 0.31239 -0.31417 -0.90408 -0.014082 0.34435 0.85279 -0.54611 0.044159 -0.4538 -0.3442 -0.34839 0.23842 -0.13661 -0.27289 -0.26166 -0.31912 0.031299 -0.41072 -0.35011 0.20799 0.36337 -0.0068764 -0.30103 -0.6095 -0.18384 0.47513 -0.099903 -0.46159 -0.12437 0.38845 -0.29661 0.055047 0.19086 -0.031313 0.05014 0.10039 -0.1339 -0.26501 0.14311 -0.34685 0.048822 -0.13384 0.10419 0.15173 0.033198 -0.24466 0.45266 0.23572 0.73704 -0.32743 0.35407 0.26333 0.32187 -0.11286 0.030911 -0.13595 0.060441 -0.080326 -0.032236 0.2521 0.33825 0.34353 1.4114 0.20905 0.17632 -0.24708 0.13692 0.58132 0.60286 0.097167 -0.6133 -0.019601 0.13201 -0.4041 -0.14584 0.091316 0.069916 0.70402 0.41551 -0.47974 -0.043691 0.079099 -0.39665 0.26073 0.1869 -0.52338 0.18561 0.27513 -0.61941 -0.14469 0.21435 -0.29207 -0.71448 1.0199 -0.21369 0.38389 -0.28047 0.41364 0.20748 0.33778 0.044016 -0.50083 0.01582 0.35624 -0.61717 -0.13496 -0.13151 -0.013308 -0.27825 -0.01713 0.019342 0.52182 0.089236 -0.55152 -0.31282 0.17557 0.19181 -0.66447 0.4966 -0.10317 -0.32979 -0.084447 -0.54363 0.18188 1.0331 0.26688 0.23706 -0.0087655 0.00044708 -0.26045 -0.039532 -0.60344 -0.08159 -0.050375 0.096553 0.461 -0.51547 -0.087695 0.04147 0.37693 -0.0044351 0.28292 -0.40807 -0.15431 -0.073886 0.25435 -0.096557 -0.019306 -0.24043 -0.12634 -0.15616 0.024023 -0.22797 -0.27115 0.092223 -0.3185 0.00842 -0.11616 0.42703 -0.34608 0.35026 -0.72215 -0.26095 -0.32034 0.11388 0.1851 -0.45204 0.0059366 0.16555 -0.3143 0.59604 -0.2057 -0.16802 0.39505 -0.10881 -0.24332 -0.73308 -0.22737 -0.10292 -0.0036069 -0.021482 -0.078933 0.089077 -0.51534 0.23737 -0.34812 0.076207 -0.15248 -0.70353 -0.46705 -0.20321 0.089402 -0.095333 -0.15073 0.12654 0.10382 -0.054074 0.23977 -0.4147 0.31756 -0.10717 0.2998 -0.1131 0.42862 0.23088 0.47698 0.39304 0.50798 0.003884 0.20254 0.1112 0.56857 0.30827 -0.21941 0.096415 -0.2576 -0.16772 -0.060778 -0.4296 -0.15315 0.06406 -0.62997 -0.23313 -0.13578 -0.5517 0.33007 -0.30636 -0.52727 -0.13688 0.040148 -0.15081 0.83527 0.3644 -0.4042 -0.19887 0.22753 -0.32683 -0.64534 -0.42392 -0.19888 -0.2588 -0.4587 0.23845
brasilia 0.34679 0.079409 -0.63854 0.087927 0.19705 -0.076709 -0.14406 -0.086537 -0.082103 -0.10957 -0.3055 -0.23375 0.022846 -0.64769 -0.012845 0.2363 -0.15576 0.15489 0.13414 0.24997 0.19208 -0.016409 0.16106 0.12673 -0.31091 0.24365 1.0971 0.14534 -0.66844 -0.8778 0.67724 0.20315 -0.3902 0.22006 0.42265 -0.13425 0.078947 0.061655 -0.37918 0.4896 -0.35092 -0.18312 -0.52663 -0.12761 -0.35809 0.039313 0.0074995 0.66535 -0.33355 -0.17445 0.098621 -0.70599 0.096363 0.53241 -0.079338 0.14705 -0.41267 -0.12931 -0.044691 -0.58767 -0.73076 -0.54178 -0.044708 -0.29855 -0.090742 0.94122 0.55272 0.28903 0.35817 -0.68925 0.17878 0.87497 0.14857 -0.88808 -0.53422 0.042199 0.26191 0.094564 0.83949 0.16975 0.68206 0.15826 -0.35499 0.27224 -0.25304 0.25975 0.51514 0.25539 0.34391 0.11113 -0.0017781 -0.23892 0.32815 0.0075147 -0.14173 -0.16653 0.16077 0.49614 -0.80252 -0.20084 0.16491 -0.53411 -0.35899 0.43051 0.13745 0.37958 -0.087845 -0.0078959 -0.14856 -0.049952 -0.30091 -0.3309 -1.1482 -0.19867 0.090571 -0.10194 0.29484 -0.17043 -0.12475 -0.13734 0.3648 -0.36319 0.086742 -0.57307 -0.28092 -0.12946 0.39476 -0.88007 -0.38105 0.2416 -0.34503 -0.29705 0.32899 -0.20495 -0.35949 -0.019901 -0.51669 0.22924 0.13443 -0.1104 -0.50304 0.20611 0.26614 0.036206 -0.54462 -0.066634 1.162 -0.14635 -0.021908 0.060061 0.17221 0.32567 -0.17316 0.37157 0.10555 -0.092288 0.18776 -0.18374 0.085234 -0.39302 -0.17432 0.35453 -0.67583 -0.021808 0.21379 -0.37389 -0.3048 0.024635 -0.4744 0.1492 -0.39967 -0.20314 0.072328 0.48107 0.56778 -0.62436 0.11375 0.12956 -0.24432 -0.18235 0.05355 0.31709 0.5083 0.54665 -0.44615 0.91571 -0.037551 0.35721 0.038103 -0.026062 -0.35121 -0.43512 0.11302 -0.34404 -0.1721 0.037257 0.64985 0.57632 -0.57876 0.28685 0.10767 -0.74493 -0.10604 0.35677 -0.41866 -0.6678 -0.30823 0.22281 -0.1166 -0.119 0.11039 -0.11033 0.0078737 -0.059522 -0.17345 0.30279 -0.42198 -0.19779 -0.49789 0.44606 0.67053 0.017536 0.31875 0.25057 -0.47025 0.055871 0.36023 -0.044865 -0.15456 -0.54949 0.1896 -0.14919 0.63161 0.43366 0.51104 -0.036984 0.29716 -0.23868 0.64571 0.21606 0.085831 0.2296 -0.49935 0.28765 0.25054 0.42399 -0.16105 0.0016288 0.6974 -0.10228 0.33556 -0.1216 -0.067124 0.062762 0.007094 0.29449 -0.35738 -0.13336 -0.1328 -0.44615 0.49511 0.20688 0.053519 -0.14113 0.84628 0.18372 0.20062 -0.23033 -0.42437 -0.55634 -0.64618 0.085009 -0.030473 -0.41629 0.42512 -0.016865 0.40418 -0.16323 0.31675 -0.37025 -0.12563 -0.20853 -0.27808 -1.0171 -0.24102 -0.11577 0.17851 0.56577 -0.63696 -0.11557 -0.18462 -0.37301 0.55793 0.30229 0.1438 -0.74662 -1.0477 -0.032164 -0.19931 -0.40185
montevideo 0.82613 0.2056 -0.076162 -0.55186 0.26571 0.049346 -0.034441 -0.14925 0.10091 -0.044676 -0.3008 0.71804 0.33639 -0.51066 -0.16092 -0.13635 -0.19428 -0.16058 0.1409 0.21979 -0.60649 -0.48889 0.046984 0.39978 -0.0084277 -0.33073 -0.46753 0.11216 -0.32817 -0.3682 0.54449 0.35724 -0.21445 0.062435 0.74139 -0.57775 0.37138 0.52076 -0.24968 0.2497 -0.58464 0.2604 0.0097398 -0.45648 0.051403 0.61181 0.33188 0.35331 0.025222 0.11348 -0.15746 0.021666 -0.04334 0.78818 0.32872 -0.10354 -0.44463 -0.16319 0.66459 -0.33191 -0.35948 -0.3785 -0.080207 -0.13128 0.19043 -0.052124 0.65212 0.39907 0.0026695 -0.69518 0.02581 0.37918 0.23081 -0.13067 -0.37365 -0.2763 0.31155 0.21562 0.25045 -0.40235 0.34294 -0.26935 0.18231 -0.34203 -0.86315 -0.080216 0.21624 -0.41275 0.53598 0.34612 0.52241 -0.39325 0.58944 0.1314 -0.22804 0.25505 -0.053454 -0.24108 -0.88636 -0.18358 0.46435 -0.066721 -0.081221 -0.31612 0.49479 0.34347 0.27 -0.67108 -0.089524 0.10368 0.11962 -0.25577 -0.73833 -0.27608 0.066247 -0.60193 -0.2482 -0.5975 0.34687 0.13457 0.62913 -0.83955 0.036492 0.14568 0.060038 -0.42724 0.18339 -0.59538 0.025347 0.12578 -0.055137 -0.13177 0.39263 -0.41685 0.26493 0.19716 0.235 0.009618 -0.24922 0.18394 -0.27543 -0.15219 -0.61134 0.3558 0.0027891 -0.14144 0.61179 0.19432 -0.51704 0.15802 0.19442 -0.26463 0.26962 -0.17442 -0.05458 -0.53242 -0.039754 -0.46566 0.40557 -0.06632 -0.34801 0.75314 -0.29857 -0.16067 -0.07016 -0.32319 -0.11183 -0.52522 0.38797 -0.10016 -0.42175 -0.11437 0.1873 0.062861 0.7293 -0.27834 -0.18209 -0.25117 -0.88448 0.26748 -0.23745 0.33425 -0.38395 0.26179 0.0024602 0.15508 0.020124 0.25305 0.41653 0.33171 -0.065803 0.26704 0.1503 -0.596 0.38117 0.19185 0.31524 0.1826 -0.33443 0.13001 0.10595 -0.097908 -0.032869 0.074443 0.27306 -0.0016748 0.14275 0.24028 0.20313 -0.070708 -0.04362 -0.055699 -0.15631 0.3306 -0.022953 1.0686 -0.30972 -0.48111 -0.36076 0.044558 0.25245 -0.34148 0.10107 -0.018131 -0.27388 0.25017 0.10993 -0.23413 0.55427 -0.36495 0.084528 0.092599 0.55661 -0.074195 0.56919 -0.19495 0.026896 0.34469 0.51184 -0.21795 -0.20841 -0.29766 -0.018364 -0.14629 0.43095 0.30204 0.022387 -0.10453 0.14247 0.058105 0.82024 -0.13464 -0.061374 0.4511 -0.40743 0.69852 0.11376 -0.30293 0.027162 -0.55353 -0.2267 -0.035487 0.19243 0.050133 0.71064 0.48827 0.18443 -0.16085 0.14607 -0.46186 -0.31231 -0.38212 0.079728 0.31342 0.6831 -0.37187 0.26715 -0.013007 0.51339 0.60399 0.090903 0.21345 -0.64695 -0.031981 -0.36377 -0.019415 -0.20985 -0.024227 0.22573 0.080978 -0.2519 0.43287 -0.089159 -0.11111 0.0084783 -0.05408 0.15991 -0.30395 -0.40025 -0.18243
jeddah 0.1567 -0.12493 0.088423 -0.42655 0.50101 -0.096738 -0.021108 0.35132 -0.022407 0.1708 0.50432 -0.24044 0.46355 -0.084064 0.78289 -0.17605 0.41065 0.31063 -0.49444 -0.8387 -0.80991 -0.3642 0.057644 -0.24019 -0.028467 0.0059587 0.34038 -0.032959 -0.7583 -0.15104 0.21413 -0.096151 -0.45785 0.5322 0.70789 -0.32737 -0.28641 -0.21217 -0.3778 0.040651 0.23468 0.20381 -0.20818 0.052429 -0.62764 0.43878 0.06574 0.68304 -0.57063 -0.64194 -0.62613 0.22454 0.0026082 -0.45123 -0.21646 0.080404 -0.26733 0.62623 0.29918 0.021712 -0.49128 -0.38283 0.46997 -0.44253 -0.0066468 -0.14285 -0.17448 0.073647 -0.12602 0.24206 0.0001698 0.090439 0.27565 -0.3177 0.27224 0.41741 0.32513 -0.69143 0.74713 0.68276 -0.21288 -0.40545 -0.44102 0.68701 0.39089 -0.15811 0.43784 -0.53777 0.36872 0.12485 -0.11295 0.64825 0.44986 0.8199 0.13232 0.40512 0.34253 0.34042 0.16452 0.015495 0.60297 -0.15587 0.49092 0.24177 -0.17529 -0.11924 0.0055731 -0.3251 -0.34209 0.22774 0.35248 -0.39931 -0.61299 -0.01324 0.72913 -0.034163 -0.034063 -0.46378 0.18144 -0.4308 -0.37857 -0.69165 -0.010115 -0.14069 0.22116 0.21578 -0.19149 -0.58361 0.51738 -0.7115 0.76444 0.078722 -0.0291 0.28902 -0.48557 -0.51854 -0.91071 -0.18917 -0.87592 -0.21175 -0.031201 -0.1497 -0.40148 -0.699 0.033608 0.35082 0.33678 -0.03202 -0.995 0.79724 0.0082677 -0.34033 0.42222 0.46666 -0.26639 -0.084646 1.1795 -1.1848 0.58197 -0.51333 -0.098582 0.72498 -0.16791 -0.25322 0.51126 -0.36781 0.24517 0.14519 -0.14708 0.649 -0.59541 -0.6037 0.23558 -0.42873 0.32662 0.50654 0.10918 -0.031388 -0.18077 0.049681 0.10918 0.49246 -0.05419 0.25556 -0.06765 -0.066343 0.055576 0.61228 -0.051534 -0.026286 0.081932 0.047053 0.14277 -0.94982 0.81924 0.3482 -0.21988 -0.39223 0.18407 0.60254 0.087809 -0.11278 0.35046 0.33005 -0.036675 -0.10876 0.19445 -0.70327 0.20346 -0.25921 -0.64492 0.10473 -0.20697 0.036131 -0.29605 0.096339 0.17662 -0.51901 -0.27746 -0.087301 0.32731 0.066645 -0.3606 0.64397 -0.37243 -0.1783 -0.26786 0.16249 0.51241 -0.92032 0.081028 0.28209 0.27731 -0.66464 0.85807 0.38329 -0.11818 0.25018 0.35928 -0.13267 -0.35997 0.21943 -0.81341 0.49703 0.5889 0.51525 -0.34263 -0.41596 0.23087 -0.015129 0.0054213 0.1002 0.46257 0.18042 -0.89349 -0.4441 -0.26237 0.41085 -0.25556 0.31319 0.23892 -0.17259 0.26666 -0.41363 0.25811 -0.26286 -0.074306 -0.31217 -0.058419 -0.74089 0.24279 -0.047732 -0.0045319 0.31675 -0.39165 -0.42982 -0.26386 0.23652 0.20741 0.1701 -0.025064 0.045292 0.30229 -0.07434 -0.5928 0.41988 0.079949 0.65497 -0.48985 -0.46307 -0.19664 0.11016 0.36962 0.28949 -0.21967 0.24726 -0.0023484 0.19782 -0.77233 -0.38829
krakow 0.097679 0.10879 -0.096335 -0.3901 0.050607 -0.15703 -0.14387 -0.31721 -0.0094677 0.16053 -0.36438 0.28159 0.26802 -0.00306 0.1856 0.16112 -0.30359 0.033499 0.090659 0.15801 0.086012 -0.4228 0.29254 -0.5545 -0.012765 -0.19804 -0.7084 0.76675 -0.33058 0.012368 -0.0043779 -0.14776 -0.61714 0.74458 -0.0031528 -0.047672 0.16723 0.1419 -0.55058 -0.44299 0.56405 -0.1185 -0.05982 -0.15391 0.010035 -0.27513 0.36087 -0.070127 -0.28465 -0.3243 0.28978 -0.13047 -0.12058 0.028041 -0.29119 -0.33359 0.59137 -0.6851 0.41196 0.24266 -1.055 0.28487 0.35728 0.18167 -0.31308 0.62574 0.29992 0.70322 -0.3482 -0.32923 0.36979 -0.53178 -0.10033 0.17581 -0.05223 0.050818 -0.18207 0.54774 0.67863 -0.66707 -0.10378 -0.27579 -0.46275 -0.3825 -0.043593 -0.017579 -0.066326 0.044457 0.40653 0.22102 0.5371 -0.38408 -0.29811 -0.18395 -0.30545 -0.20659 0.12996 0.47659 -0.74952 0.39477 0.35466 -0.18528 0.44373 -0.14574 0.27475 0.37248 0.60584 0.16976 -0.13286 0.00068174 0.20787 0.44695 0.2575 0.025264 0.48155 -0.38543 0.32225 -0.69356 0.34516 -0.043967 0.2508 -0.61349 -0.10425 -0.69744 0.66594 0.45886 -0.0048318 -0.52365 -0.12997 -0.27556 0.82066 -0.070232 0.047606 -0.0036685 0.53391 -0.53658 -0.22065 -0.13478 0.048213 -0.16164 0.29835 -0.048461 -1.0407 0.33185 0.36788 -0.12934 -0.31347 -0.40834 -0.89436 -0.33455 -0.37296 0.14368 0.23489 0.35802 0.20101 0.044727 -0.022171 -0.071668 0.43665 -0.54342 -0.038417 0.53031 0.11569 -0.40759 -0.0612 0.1397 0.22184 -0.37259 0.12907 -0.73975 0.2274 -0.35005 0.23908 0.00029782 -0.45478 0.28066 0.65282 -0.06222 -0.15242 0.3428 0.50021 0.44451 -0.45347 0.45861 0.19731 0.34529 -0.21668 0.19762 -0.19528 0.19168 -0.48084 -0.32786 -0.24731 -0.21408 -0.33593 -0.47327 -0.055099 0.43694 -0.55995 0.2159 -0.091907 -0.43402 -0.72009 0.026055 -0.22527 -0.039283 -0.40955 -0.47666 -0.16805 -0.54389 0.10625 -0.16922 -0.74847 -0.4595 0.10228 0.1471 -0.099638 -0.080256 -0.36743 -0.52842 -0.14239 -0.31105 -0.89899 -0.45418 -0.61169 0.13703 -0.29162 -0.63124 -0.34651 -0.41386 -0.020817 0.0079847 0.62989 -0.58974 0.083791 -0.3092 0.91881 0.58371 0.25783 0.43905 0.048543 -0.13646 0.030618 -0.083712 0.63495 0.39418 0.156 0.11739 0.29256 -0.58482 -0.54668 0.15124 0.31207 -0.71776 0.1093 0.19145 0.28517 -0.88187 0.1235 -0.39528 0.15313 0.43942 0.67185 0.19703 0.48634 -0.50514 -0.48054 -0.20358 0.27781 0.089126 0.288 -0.29372 0.47495 0.003354 -0.14792 -0.18884 -0.045256 -0.1761 0.060266 -0.38025 -0.65023 -0.11437 -0.51492 -0.48963 -0.3132 0.46199 -0.10116 0.060912 0.080121 0.17197 -0.75588 0.013605 0.74241 0.59133 -0.12089 -0.80325 0.20065 -0.044333 -0.77882 0.54708
yerevan 0.86072 -0.048853 -0.071893 -0.073511 -0.36928 -0.26423 0.66045 -0.59647 0.81983 -0.13718 -0.087761 -0.25566 0.13544 0.25189 0.71173 0.82407 0.0060589 0.66234 -0.33196 -0.49208 0.69557 -0.64682 -0.33461 0.36414 -0.32588 0.10027 0.08121 -0.20429 -1.0155 0.34193 0.095019 -0.29797 0.087985 0.52351 0.29269 -0.31859 -0.045248 0.52359 -0.22701 0.069937 -0.16026 -0.32668 -0.87989 -0.076097 -0.25755 -0.24376 -0.25931 0.39563 -0.017567 0.73743 0.7704 -0.45276 -0.3702 -0.24209 -0.11013 -0.36801 -0.13986 -0.1589 -0.058145 0.11641 -0.80707 0.44209 -0.41942 0.061889 -0.86824 0.32042 0.7418 0.63529 0.33155 -0.87891 0.0062703 -0.07296 -0.19498 -0.32808 -0.07795 0.00049076 0.26743 -0.33621 0.86462 -0.19319 0.049599 -0.18618 0.7143 -0.62204 0.11641 -0.38888 -0.047821 0.26727 0.43684 0.51598 0.37395 -0.46907 -0.0013844 0.74297 0.12238 0.751 0.35677 -0.74937 -0.73625 0.26459 0.44067 0.20424 0.058212 -0.081795 -0.057472 -0.16609 0.10638 -0.22243 -0.063138 -0.043188 -0.18772 0.33295 -0.020111 0.27091 -0.18438 -0.43177 -0.090502 -0.3012 -0.008821 -0.098989 0.3082 0.20033 0.35849 -0.19351 -0.12298 -0.30004 1.0516 0.051242 -0.064276 -0.41377 -0.50148 0.14675 0.35975 0.476 0.34299 -0.18201 0.55297 0.48018 -0.22 0.10614 0.35711 -0.43089 -0.010359 -0.48944 0.56837 -0.21987 0.0013232 -0.66198 -0.47588 0.12605 0.59505 0.3824 0.47868 0.2773 -0.10495 0.50827 -0.02757 -0.010892 0.51825 -0.46875 -0.51666 0.038532 0.042509 -0.13359 -0.51278 -0.49583 0.1261 -0.2764 -0.072042 0.0062868 -0.28597 -0.6965 -0.087202 -0.36049 0.62625 0.084196 0.25549 -0.49334 -0.75112 0.19451 -0.67874 -0.41824 -0.17821 -0.3725 0.48957 0.40803 0.58592 -0.038842 0.26042 -0.12904 -0.15882 -0.11157 0.069308 -0.53697 0.21291 -0.25963 0.084809 0.48081 0.24681 0.47164 -0.02791 -0.37234 0.4543 -0.23489 0.16177 -0.52875 -0.32108 -0.42292 -0.15075 0.17548 0.35132 0.96541 -0.24207 -0.24116 0.20734 0.41699 0.34324 -0.010013 -0.39568 -0.10382 0.33696 0.038269 -0.4151 -0.021642 0.061153 -0.29495 0.24473 -0.33713 -0.64631 -0.35437 0.34232 -0.37887 0.29313 -0.73857 0.34174 -0.035815 0.16496 -0.42819 0.39977 0.30539 -0.079485 -0.26119 -0.018593 0.045153 0.53384 0.17398 0.51688 0.70431 -0.37853 -0.74302 0.42472 0.40909 0.033865 -0.39126 -0.0062134 0.10916 -0.61551 -0.23889 0.79885 -0.58196 0.59205 0.49919 0.40538 -0.07291 0.48872 -0.49509 0.022903 -0.65582 0.45161 0.45656 0.2418 0.34953 0.16182 -0.33316 0.36744 -0.11592 0.59576 -0.14659 0.47666 0.29663 -0.099176 -0.082476 0.51996 -0.65462 0.0011911 -0.091803 -0.59858 0.34425 -0.4042 -0.0044239 0.42954 -0.51856 0.32539 0.087874 -0.47275 -0.23772 -0.046692 0.030964 -0.21952 0.52343
maputo 0.3153 0.026653 -0.40073 0.17099 0.040322 0.39125 0.11032 -0.36208 -0.036919 -0.51017 -0.58314 -0.035831 -0.16744 -0.15094 0.18708 -0.2406 -0.22918 0.21351 -0.14269 -0.55508 -0.45367 0.089605 0.22622 -0.30673 0.5289 0.63492 0.0024087 0.71309 -0.10511 -0.30529 0.39094 0.52969 -0.32554 0.8422 0.70755 -0.43283 -0.50159 0.99904 -0.76168 -0.31005 -0.17129 -0.040795 -0.6479 -0.069008 -0.048671 0.0027611 0.40055 0.49975 -0.51289 0.0081792 0.24596 -0.10603 -0.27305 0.92944 0.46653 0.56668 -0.035188 0.28375 -0.065809 0.088888 -0.52883 -0.66035 0.12134 0.020973 0.1374 0.26185 0.57874 0.22734 -0.42179 -0.029245 0.59917 0.45928 0.19174 -0.79588 -0.094545 -0.14626 0.22552 -0.60378 0.72371 -0.1067 0.67176 -0.32266 0.54066 -0.19034 -0.52907 -0.33418 -0.47347 -0.28561 0.79866 0.71636 -0.25786 0.0089213 -0.36656 0.16029 -0.52817 -0.3414 0.7679 -0.301 -0.051442 0.015204 0.13105 -0.12328 -0.029968 -0.019499 0.6317 0.045266 0.057763 -0.30518 -0.10555 -0.27746 0.0027433 -0.099699 -0.66111 -0.16476 0.59238 -0.65625 0.56429 0.12917 0.3874 -0.15144 -0.085213 -0.27214 0.14888 -0.49898 -0.22001 -0.21135 0.52903 -0.14785 -0.0438 0.063804 -0.27327 -1.0014 0.40378 0.38393 -0.33759 -0.28348 -0.077113 -0.39476 0.52267 0.24926 -0.1147 0.23381 -0.15851 -0.30933 0.36765 0.53304 0.93571 0.11099 -0.43615 0.39867 -0.50286 -0.50919 0.40478 0.2131 -0.15909 0.065919 0.2123 -0.23437 0.11182 0.029684 -0.85717 0.37834 -0.18027 -0.035749 0.68476 -0.81749 -0.043883 -0.39502 -0.32064 -0.019979 -0.24509 0.37328 0.46937 -0.30976 -0.51531 -0.093162 -0.41336 0.014775 -0.39715 -0.21976 -0.2021 -0.023499 -0.2742 0.35654 0.14344 0.329 0.13554 0.54794 -0.19994 0.13098 -0.026151 0.16892 -0.19051 0.28216 0.65111 0.10581 0.23234 -0.39481 -0.099591 0.654 -0.384 -0.33508 0.056368 -0.46886 0.22387 0.13574 -0.01689 -0.22331 0.20843 0.21396 0.58475 -0.034482 -0.031399 0.22673 0.091991 0.11881 -0.068027 -0.54491 -0.024561 -0.62568 0.84867 -0.27387 0.24278 0.5066 -0.11484 0.0098594 0.24648 -0.35016 0.31663 -0.35534 0.19304 -0.57743 -0.063647 -0.068772 0.57346 0.41229 0.36916 0.21834 -0.1136 -0.49057 0.52509 -0.54063 -0.34213 -0.29466 0.47988 0.8912 0.1885 -0.051858 0.15148 -0.20183 -0.040019 0.30841 0.19431 -0.021218 -0.46143 0.33154 -0.28736 -0.26947 -0.31111 -0.39012 -0.01964 0.14351 0.1065 -0.044001 0.45357 0.38301 0.42161 -0.22268 -0.17288 -0.2738 -0.08942 0.034776 -0.15033 0.15113 0.13607 -0.39953 -0.17297 0.015334 0.1376 0.53325 0.032175 -0.062997 -0.595 -0.39491 -0.48366 0.12775 0.10978 -0.53599 -0.37679 -0.71582 -0.44647 -0.063264 -0.33583 0.22835 -0.014047 0.70269 -0.46365 -0.37103 -0.10356 0.11867
cordoba 0.53248 0.82682 -0.74907 0.10416 0.21154 -0.32857 0.0047276 -0.18186 0.20824 -0.08733 0.21905 0.51312 0.30942 0.2519 0.031228 0.34045 0.11594 -0.15979 0.62067 0.73019 0.19223 -0.061909 0.14266 -0.44821 -0.21307 -0.48651 -0.13245 -0.057085 -0.20287 -0.059231 0.30771 -0.12161 -0.52407 -0.66578 0.33612 -0.50466 0.22128 -0.11211 -0.079118 -0.068817 0.56619 -0.25455 -1.0752 -0.15761 0.22451 -0.29918 -0.39878 0.90516 -0.17648 0.16196 -0.34781 0.68512 -0.10115 0.22426 -1.043 -0.68356 -0.50273 -0.40531 0.21814 -0.073219 0.068179 -0.33531 -0.13734 -0.26443 -0.30498 0.60875 1.0169 -0.08749 0.13396 -0.44968 -0.21315 0.96565 0.56613 -0.50778 0.046809 0.15454 -0.1522 -0.71438 0.18978 -0.19589 0.44671 0.25173 0.090055 0.31647 -0.33782 -0.06075 0.18805 -0.34161 0.12516 -0.22576 0.42677 -0.023245 0.17019 -0.53205 0.044124 0.071092 0.32968 0.67052 0.17515 -0.011809 0.66053 0.25903 -0.37881 0.062543 0.66881 -0.12036 -0.22522 0.012799 -0.42895 -0.021963 0.60157 -0.28723 -0.25502 -0.16749 -0.23568 -0.19893 0.11016 -0.21258 0.52135 0.72566 -0.40464 0.077851 -0.26994 -0.12448 -0.2168 -0.44353 0.15794 0.075291 -0.055465 -0.090388 0.54667 -0.48051 -0.32199 0.38181 0.097051 -0.46905 -0.17061 -0.52475 0.016552 -0.025455 0.22474 -0.36145 -0.4208 0.49911 0.21826 0.17073 0.057309 -1.0993 -0.41793 -1.0325 -0.068607 -0.009978 0.42467 0.19559 -0.27265 0.43798 0.14258 -0.35517 0.45586 -0.074303 0.37807 -0.39834 -0.33167 -0.15314 -0.039442 -0.47634 0.33847 -0.30961 0.47653 -0.18158 -0.14165 -0.47999 0.11768 0.044611 0.44754 0.11381 -0.21653 0.15738 0.25162 -0.11214 -0.22311 -0.30427 0.22078 0.32119 -0.05503 -0.13401 -0.67496 -0.022551 0.50643 0.59554 -0.68095 -0.028299 -0.094925 0.33158 0.027478 0.15647 0.031201 0.29253 -0.11661 0.60686 0.11571 -0.10358 0.53787 0.10525 0.33673 -0.18251 -0.022392 0.40079 0.40205 0.47364 -0.054859 0.18179 -0.46692 -0.22666 0.023458 0.50328 -0.059696 -0.69027 0.35542 -0.026886 0.18092 -0.63089 0.043668 0.34851 0.42357 0.16271 0.75685 -0.53513 -0.27746 -0.084564 -0.58732 -0.49745 0.50271 -0.22669 1.2896 -0.27836 0.44695 0.4583 0.74458 0.20936 -0.2722 -0.27193 -0.45457 -0.27803 0.52384 0.33449 -0.24348 -0.32302 -0.089848 0.61062 0.10236 0.18885 -0.43934 0.074609 -0.47303 0.49079 0.48636 0.026459 0.15505 -0.38058 0.34408 0.31141 0.42736 0.8552 0.37882 -0.12672 0.339 0.20351 -0.060171 -0.38658 0.60714 -0.28696 -0.59551 0.28887 0.46802 -0.54971 0.19 -0.23499 0.12131 0.62939 0.097891 0.16627 0.13485 -0.3703 0.05511 0.50644 0.079512 -0.085165 0.37025 -0.14854 0.29812 0.14711 0.5855 0.23096 -0.013244 0.042983 -0.043382 -0.83632 -0.07008 0.3656
lucknow 0.064998 -0.16409 0.042438 -0.069401 0.19337 -0.89644 0.76855 0.24335 -0.050142 0.19405 -0.034193 0.17595 -0.31241 0.45007 0.71678 0.24125 -0.49699 -0.47174 0.41631 0.11002 0.20533 -1.1775 -0.23232 0.045325 0.30923 -0.12871 0.43091 0.2892 0.10087 0.43551 0.61331 -0.00061436 -0.57132 -0.20483 0.63783 -0.36249 -0.27777 0.8328 -0.97718 -0.046572 0.23233 -0.44008 0.40194 0.090542 0.25065 0.21759 0.37254 1.136 -0.41271 -0.31417 0.21607 -0.0029064 0.019019 0.0028943 0.42338 -0.48666 0.060536 -0.38677 0.13173 0.67224 -0.49778 -0.39592 0.011417 -0.1149 0.43876 0.3907 -0.20682 0.19381 -0.64112 -0.5348 0.61878 0.13725 -0.42109 -0.8973 0.17086 0.1112 0.20022 -0.12072 -0.24016 0.1675 0.84012 -0.19627 0.25553 -0.19025 -0.74842 0.6676 0.15963 -0.45869 0.31099 1.1498 -0.092331 0.42995 0.41098 -0.20023 0.3178 -0.22184 0.35436 -0.1013 -0.75054 0.638 -0.25727 0.030617 -0.7044 0.43855 -0.11352 -0.45074 0.1741 0.059054 0.28934 0.169 -0.069096 -0.44928 -0.68464 -0.17886 -0.20825 -0.40651 -0.40093 -0.25982 0.37622 -0.39889 -0.20845 0.058363 0.16856 -0.36607 -0.20053 -0.15874 -0.58578 -0.31618 -0.22047 0.39921 0.66869 -0.49149 0.42401 -0.27934 0.03286 0.34163 0.49264 -0.1201 0.72631 -0.21277 -0.47454 0.26327 0.0065964 0.0012192 -0.2185 -0.3193 0.73591 0.046739 0.21137 0.038832 0.49537 0.36219 0.26094 0.36405 -0.33744 0.55169 0.11518 -0.15129 0.10073 -0.53373 -0.33298 0.59688 0.11934 -0.57407 -0.22189 0.063592 0.70513 0.064559 -0.27506 0.37173 -0.92105 -0.48709 -0.111 -0.16732 -0.35306 0.27009 0.13041 -0.20623 0.15644 -0.1793 0.23429 0.14494 -0.75146 0.48611 0.20621 0.12184 -0.30526 0.2677 0.084584 -0.39583 0.033125 0.21652 0.3065 -0.21296 -0.73558 0.44658 0.22943 0.19456 -0.20913 -0.20039 0.16288 -0.39946 -0.23327 0.87022 0.03559 -0.18161 0.18359 -0.4529 0.43962 -0.15697 0.22023 0.41363 0.066411 0.16603 0.3147 0.38511 -0.4552 -0.17187 0.30561 -0.061586 -0.69598 0.3907 0.15781 0.37905 0.19774 -0.13124 0.11672 -0.24541 -0.16685 0.1308 -0.40238 0.040777 0.16872 -0.28036 0.55639 0.19073 0.60237 0.53788 0.42494 0.16297 -0.11032 -0.23989 -1.0524 0.29334 -0.44163 0.61625 -0.010821 0.19871 0.10568 -0.40689 -0.18339 -0.40548 -0.060399 0.47168 -0.54977 0.49391 0.34644 0.47395 -0.020221 -0.12088 0.17216 0.20556 0.36076 0.52958 0.063632 -0.11526 -0.13746 0.28279 -0.13967 -0.21802 -0.40865 -0.45836 -0.66626 -0.19898 0.030761 0.003594 0.13817 -0.49206 -0.29032 0.35558 -0.29656 -0.91254 0.37033 -0.26876 -0.36669 0.31912 -0.3195 0.19355 -0.21135 -0.47995 0.66489 -0.19081 0.32038 0.019253 -0.16356 0.11103 -0.76208 -0.063479 -0.042307 0.040908
vladivostok -0.44089 -0.1152 -0.24082 -0.84763 0.013956 -0.24242 -0.29811 -0.38433 0.39324 -0.081596 0.31915 0.11152 0.47849 0.041964 0.46811 -0.03806 -0.053525 0.15687 -0.23424 0.35931 -0.24324 -0.87348 -0.01127 -0.50667 0.12937 -0.021424 0.14611 0.33797 -0.44992 0.70677 0.59113 -0.49435 0.32759 -0.11206 0.76733 -0.22507 -0.44277 0.15255 -0.17912 -0.34816 0.096316 0.094708 -0.23906 -0.18006 -0.32686 0.25022 0.29294 0.47412 -0.79976 -0.15589 0.99971 -0.0024234 0.12925 -0.081437 -0.27627 0.47432 0.25211 0.22037 -0.19957 0.05207 -0.3836 0.22747 0.25144 -0.73235 0.044145 -0.12912 -0.65632 0.297 0.28017 -0.36613 0.50463 -0.17832 -0.50383 -0.2408 -0.42074 0.17295 -0.56793 0.35918 0.85156 0.51099 -0.19031 -0.43169 0.0073381 0.18528 -0.22069 -0.47603 -0.11701 0.045124 0.091752 -0.13175 -0.55262 -0.10014 -0.15375 -0.20875 -0.26801 0.14005 -0.014927 0.33393 0.037351 0.12929 0.30362 -0.14732 0.44846 0.41402 0.17798 -0.074314 -0.16821 0.043322 -0.60896 0.42878 -0.16572 -0.13199 0.057688 0.018631 0.20732 -1.0506 0.36664 -0.016248 -0.12715 0.23481 0.15314 -0.63935 -0.066153 -0.48278 0.36238 0.77718 -0.18465 -0.70056 0.16939 -0.65482 -0.10265 0.17113 0.059236 0.090026 0.23434 0.16651 0.0083883 0.17464 1.161 -0.28415 -0.0057793 0.30829 -0.32935 0.23319 0.10397 -0.15375 0.32638 0.081415 -0.20204 -0.23845 0.48824 -0.73172 0.84917 -0.17788 0.38042 0.54636 0.18973 0.040163 0.31275 -0.36291 -0.60969 0.11196 -0.21246 0.13431 0.45055 -0.61152 -0.30195 0.28345 0.11424 0.067996 -0.62257 -0.82075 -0.72379 -0.30055 -0.046993 0.13063 0.26804 0.013615 -0.21525 -0.46812 -0.41367 0.50886 -0.0031844 -0.17421 0.85929 0.26694 0.66921 0.072512 -0.093802 -0.33139 0.42107 0.0065405 0.12153 -0.88693 0.88545 -0.27516 -0.032283 -0.12673 -0.38553 0.71993 -0.29752 -0.069355 0.11806 0.22455 -0.70793 0.32715 0.070045 -0.48728 0.41083 -0.58394 -0.47382 0.12882 -0.59084 0.091571 -0.061324 0.010676 0.25425 0.10447 -0.43795 -0.040278 0.38652 0.33725 -0.24306 -0.075504 0.00079533 -0.14874 0.20834 -0.70317 -0.317 -0.67445 0.040548 -0.23622 0.011198 0.035346 0.42523 0.54705 0.20768 0.18958 0.13204 0.58491 -0.48667 -0.26703 0.12717 0.3328 0.50782 -0.079664 -0.18426 0.87896 0.1087 0.26279 0.13455 0.10864 0.47017 0.78359 0.1215 -0.11529 -0.48671 0.0082257 0.3881 -0.013938 0.080773 0.079264 0.18132 -0.2879 0.58322 -0.22243 0.11718 0.3129 -0.054745 0.10778 0.63906 -0.0075554 0.11453 -0.25858 0.64085 0.17289 -0.051394 0.029163 0.069279 0.11202 -0.017099 0.50216 -0.362 0.19533 -0.58533 0.24161 0.16942 0.17574 -0.22801 0.20054 -0.14882 0.36853 0.57808 -0.40554 0.34401 0.0062031 0.56815 0.40611 0.41267 -0.15548
sapporo 0.32358 0.30659 -0.093683 -0.16746 0.41425 0.65863 -0.053501 0.6381 -0.35827 -0.1483 -0.075877 -0.15421 0.89117 0.10839 -0.3159 0.15794 -0.23554 0.64642 0.54315 -0.48784 -0.10447 -0.67545 -0.98499 0.18879 -0.21624 -0.50235 -0.051737 -0.26503 -0.72523 0.070655 -0.28526 -0.98712 -0.14141 0.4555 0.25186 -0.15952 0.35249 -0.19154 -0.41679 0.50854 0.65337 -0.49854 -0.17647 0.47538 0.18398 -0.064399 -0.16168 0.33665 -0.26686 0.62616 -0.80924 0.21055 0.10939 -0.27643 -0.63485 0.36939 0.20861 0.20683 -0.62959 -0.073893 -1.2543 0.27022 -0.6347 -0.045399 -0.45478 0.38974 -1.024 0.57066 0.078527 -0.80925 0.12063 0.74403 0.1331 -0.13061 -0.63895 -0.14097 -0.34037 0.23433 -0.42669 -0.81504 -0.35583 0.29323 -0.14794 -0.084416 0.047392 -0.017908 -0.23805 -0.38899 0.17927 -0.15553 0.041899 -0.07662 0.47234 -0.59232 -0.27634 -0.24978 0.36751 0.023475 -0.00089425 -0.17752 0.06194 -0.31145 -0.422 0.67552 -0.78638 0.089049 0.045621 0.15508 -0.3092 0.79571 -0.71498 -0.62533 -0.46774 -0.027494 0.33277 -0.11936 -0.34349 0.11499 0.4917 0.27913 0.13608 -0.10977 0.33639 -0.45706 -0.13322 -0.16397 0.22414 0.094357 -0.27722 -0.21453 -0.94802 1.2169 0.02767 0.43912 0.1668 0.42317 -0.56391 -0.095874 0.48297 -0.38462 -0.18713 -0.32491 0.31928 -0.70153 0.80468 -0.25433 1.1441 0.41679 0.75044 -0.55706 0.051569 -0.0059838 0.84265 -0.21923 -0.20896 0.63874 -0.17491 -0.38584 -0.16409 -0.2808 0.062476 0.065878 -0.53278 -0.55508 0.31656 0.0028172 0.18559 0.16919 1.2527 -0.31489 -0.087902 -0.49721 0.35467 0.34885 -0.39378 0.51651 0.63659 0.25149 -0.34414 0.66257 -0.20357 0.71268 -0.08107 0.20892 1.1033 0.82397 0.48529 -0.12471 -0.058703 0.066629 0.31901 -0.25717 0.39518 -0.3603 -0.54036 -0.048455 0.16098 0.313 -0.87393 0.47083 0.13673 -0.021148 -0.45682 0.20419 -0.86106 0.28552 -0.31517 -0.37705 0.38293 -0.37041 -0.0030552 0.12338 -0.49349 0.39185 -0.14505 -0.16271 -0.37067 -0.2454 0.1512 0.086829 -0.073632 0.075046 0.1446 -0.31777 -0.20145 -0.32693 -0.19139 -0.028987 -0.30984 -0.12366 0.070036 -0.19733 0.82231 0.11622 0.63349 0.040779 0.59171 0.14632 0.17272 0.69889 -0.37641 -0.21413 -0.59826 -0.11968 -0.2325 -0.43944 -0.29777 0.080558 0.35244 -0.47511 0.10505 -0.1655 0.26431 0.13975 -0.084373 -0.0097313 0.14664 -0.41292 -0.23346 -0.24738 0.57218 -0.040637 0.45243 0.18391 0.042936 -0.079139 -0.20132 -0.14136 0.62537 -0.28064 0.51063 0.26119 0.49584 0.22478 -0.025527 -0.36151 0.09892 -0.13173 -0.094302 -0.38235 -0.16858 -0.2101 0.24625 -0.3459 -0.3161 0.40504 -0.22878 0.57229 0.13185 -0.13208 -0.23828 0.78072 0.024487 0.21434 0.32676 -0.51132 0.15418 -0.076716 0.20155 -0.53
ahmedabad 0.082519 -0.2937 0.19001 -0.16946 0.036694 -0.45672 0.3363 -0.13372 -0.62784 0.00045979 0.63435 -0.091531 0.41664 -0.57839 0.81044 0.56575 -0.47549 0.51005 0.46585 -0.82088 -0.048345 -1.2365 0.38178 0.44855 -0.15492 0.69209 0.067647 0.12551 -0.30459 0.33973 0.28667 0.07233 -0.44346 0.49028 0.85378 -0.55077 0.09888 0.431 -0.71335 -0.18382 0.35025 -0.010353 0.13676 -0.62597 0.34602 0.060005 0.14669 0.58455 -0.22164 -0.63405 0.30569 0.0064997 0.38681 0.23554 0.33268 -0.12496 -0.060183 -0.16918 -0.14472 -0.073423 -0.48116 -0.60703 -0.19607 -0.49536 0.94563 0.49884 -0.00087078 -0.45904 -0.47285 -0.18585 0.54012 -0.10549 0.50758 0.025958 0.20109 0.46082 -0.41905 -0.40259 -0.38157 0.058342 0.50683 -0.31239 -0.13148 0.055505 -0.45636 0.36448 -0.20293 -0.87725 0.30703 0.49645 -0.33424 0.090913 0.46186 -0.1627 0.2123 0.10528 0.30735 0.483 -0.09218 -0.18197 0.19947 0.19984 -0.32678 -0.19333 0.44787 -0.090352 0.052762 -0.18235 0.27924 0.21409 0.043288 -0.88271 -0.60629 -0.29632 -0.10351 -0.014164 0.24511 0.14981 0.020263 -0.50353 0.27588 -0.060289 0.0072025 0.39482 -0.53567 0.12901 -0.52433 -0.82139 -0.41476 0.49427 0.56566 -0.069736 0.90309 -0.1523 -0.67273 0.081415 0.21171 0.10909 0.85929 -0.041808 -0.30859 0.09071 0.15972 -0.0808 -0.68632 0.089612 0.69214 0.71877 -0.32529 0.42995 0.11231 -0.014519 0.01145 0.49369 0.22526 0.11528 0.49153 0.18242 0.4157 0.04865 -0.031865 -0.042682 -0.38985 -0.32971 -0.32469 -0.10919 0.4492 0.043414 0.23185 0.28245 -0.78007 -0.42541 0.40305 -0.099699 -0.11768 0.26729 0.57276 -0.29398 -0.46465 0.13343 0.087102 -0.17616 -0.69187 0.62883 -0.12687 0.53879 0.041898 0.22251 0.033077 0.010051 1.1922 0.20018 -0.21142 0.40647 -0.23098 -0.66894 0.30162 -0.31619 -0.049015 -0.2273 -0.2495 -0.91221 0.29522 -0.10136 0.068531 -0.719 0.8526 -0.26019 0.3278 -0.43203 -0.19357 0.76225 0.24985 0.081501 0.0034364 -0.27331 -0.54187 -0.15384 0.08988 -0.31881 -0.78168 -0.10334 0.36745 0.33135 -0.067776 -0.54902 -0.40941 -0.71735 -0.46105 0.73507 0.25683 0.042242 -0.38658 -0.84506 0.62898 0.54099 0.40382 0.30196 0.0040794 -0.44512 0.24619 0.01713 -0.9738 0.38404 -0.34963 0.65078 -0.15016 -0.068755 0.26447 0.19424 0.3874 0.066898 0.51522 0.063882 -0.32965 0.23358 0.62094 0.081546 -0.11326 0.026482 0.78018 0.19337 0.22534 0.049729 0.10804 -0.41465 -0.040964 -0.20984 0.28763 0.69775 -0.50795 0.38073 -0.024091 0.22622 -0.022682 -0.17126 0.0084492 -0.39364 -0.72397 0.51242 -0.34804 -0.69585 -0.10063 0.18025 -0.48365 -0.061416 -0.51696 0.12336 -0.17372 -0.36568 0.78549 -0.67338 -0.025594 0.13597 0.42943 0.47256 0.01011 -0.1034 0.40432 0.20348
brazzaville 0.32764 -0.34687 0.38388 0.3234 -0.63963 0.59679 0.7997 -0.23525 0.94071 0.1211 -0.0078012 0.35564 -0.60942 -0.55146 -0.26091 -0.065039 0.1848 0.89416 0.0050892 -0.23336 -0.32047 0.73323 -0.14749 -0.69199 0.39246 0.076703 0.8156 0.65506 -0.23845 0.37798 -0.20507 -0.1255 0.21848 0.62031 0.82404 -0.44629 -0.68146 0.54459 -0.32011 -0.30312 -0.13598 -0.21054 -0.21467 0.047496 0.24009 0.39198 0.73755 0.49993 -0.51157 0.12845 0.40078 -0.36379 0.49645 0.6605 0.1443 -0.020345 0.03055 0.42766 0.68192 0.25506 -0.77343 0.55315 -0.17798 0.40475 0.060009 0.057676 -0.013381 0.50356 0.23154 -0.39831 0.13645 -0.11515 0.10844 -0.67192 -0.019933 -0.064281 0.43368 0.053787 0.14866 -0.69928 0.21408 -0.27381 0.57938 -0.074783 -0.49691 -0.71214 0.08512 -0.32893 -0.093342 0.27229 -0.67058 -0.27138 0.35253 -0.3638 0.60196 0.3629 -0.17989 0.12401 -0.18117 0.39644 -0.12693 0.1865 0.53419 -0.072553 0.57627 -0.2931 0.032108 -0.31593 0.09439 -0.21821 0.35116 -0.16585 -0.29223 0.50805 -0.027815 -0.28825 -0.12957 -0.40404 0.62224 0.011059 -0.23292 -0.4285 -0.071147 0.098712 -0.22573 -0.20185 0.67118 0.57016 -0.57917 -0.47083 -0.4584 0.5083 0.15912 -0.41635 0.34793 -0.65764 0.21469 -0.17555 0.19215 -0.028475 -0.63477 -0.3784 -0.42357 0.55742 0.29091 -0.0058939 0.8389 -0.037369 -1.07 0.53132 0.47201 -0.124 0.49246 0.5407 0.55413 -0.35324 0.49004 -0.068676 0.40898 0.67856 -0.24822 -0.39832 0.1365 -0.029691 0.059851 -0.33509 0.47541 -0.28769 -0.53544 -0.17055 -0.27852 0.17198 0.081146 -0.14022 -0.22841 -0.62548 -0.12259 -0.1077 -0.86944 -0.099035 -0.10049 0.45238 0.068007 -0.43238 0.10137 -0.10184 -0.28194 0.13984 0.042074 -0.50768 -0.25067 0.10772 0.55004 -0.1858 0.9719 0.11581 0.70496 0.41732 -0.35917 -0.0093373 -0.18965 -0.38751 -0.46252 -0.10281 -0.37553 -0.82643 0.20267 -0.45542 -0.027118 0.27215 0.54316 0.4422 -0.5751 0.030193 0.72487 0.80679 0.39373 -0.26586 0.36737 -0.44202 0.43856 -0.15065 0.44729 0.29491 -0.20268 0.084545 0.17915 0.18792 -0.20876 -0.62744 0.21422 -0.059909 0.091941 0.14895 -0.027923 0.27321 0.028644 0.23397 0.30437 -0.36941 -0.16668 -0.23939 -0.050135 -0.61684 0.77271 -0.23361 -0.32112 -0.00016941 -0.23791 0.043852 0.6498 0.51343 0.5887 0.045484 -0.13464 0.31491 -0.19451 0.6007 -0.60582 -0.073305 0.34813 0.72083 -0.50854 -0.16354 -0.011217 0.13942 -0.14066 -0.091065 -0.2825 0.19658 0.15405 0.011393 -0.41092 -0.72131 0.35189 0.48109 -0.37826 0.49424 -0.59649 0.16808 0.092843 0.38891 -0.4454 -0.90888 -0.41447 0.097243 0.43046 0.20265 -0.95029 -0.42751 -0.11448 -0.18235 0.4805 -0.082012 0.067475 0.15109 -0.3807 -0.076361 0.7799 -0.089534
muscat -0.81592 -0.10819 -0.48746 -0.50218 0.49819 -0.37645 -0.085709 0.42826 -0.058863 0.13554 0.18773 -0.29052 -0.10947 -0.43685 0.27285 0.35198 -0.83721 -0.031353 -0.085809 0.14048 -0.25405 -0.20537 -0.13051 0.078268 0.67884 -0.030404 -0.029504 -0.040281 -0.55107 -0.57436 -0.11917 -0.48494 -0.53427 0.25414 0.0085814 -0.77143 0.3188 0.57395 -0.042248 -0.076033 -0.20407 0.37842 0.31294 -0.067866 -0.1459 -0.022455 -0.50025 1.2528 -0.29221 0.028236 -0.2527 0.10879 0.13267 -0.40515 -0.34975 -0.055501 -0.59409 0.1465 0.32113 -0.23075 -0.16562 -0.0096316 -0.19621 -0.3502 -0.059966 0.11777 0.8411 0.076591 -0.36708 -0.89305 -0.078952 -0.29849 0.47429 -0.47174 -0.20464 -0.35977 0.3699 -0.67114 0.29554 -0.077519 0.8045 0.29226 -0.062259 0.084351 -0.15743 -0.29856 0.29855 -0.40881 0.53695 -0.035898 -0.50441 -0.09506 0.56826 -0.54006 -0.27018 0.050283 0.65986 -0.0091904 -0.27084 0.36361 0.0011946 0.80532 0.50025 0.12577 -0.52048 -0.10686 -0.045692 -0.15766 0.21348 -0.15165 -0.61337 0.13957 -0.31953 -0.12714 0.093098 -0.33443 0.29379 0.026806 0.38338 0.4418 -0.16146 -0.97929 -0.28437 -0.57894 0.19228 -0.36319 -0.34443 0.41117 -0.15341 0.14515 -0.18286 -0.060917 -0.24653 0.054949 0.58233 0.067523 0.88111 -0.090895 0.05755 -0.40561 -0.092765 0.20898 0.37401 -0.55737 -0.14529 -0.55075 -0.38175 -0.53528 -0.65205 0.37132 0.16106 -0.13368 0.33607 -0.13407 0.00091805 -0.65491 0.11673 -0.97055 0.32489 -0.7188 0.080802 0.13562 -0.32283 0.030029 0.33628 -0.72102 0.7101 -0.25975 0.35793 0.59346 -0.11166 -0.72453 0.15619 0.020485 0.32294 -0.15994 0.096463 -0.44771 0.0069207 0.34408 0.069523 0.22521 -0.085111 0.37654 0.3103 -0.16565 0.49542 0.33268 -0.18876 0.12259 -0.083162 0.34894 -0.013883 0.16693 -0.03835 -0.52518 0.6517 0.59881 -0.54765 -0.1876 -0.25745 -0.88681 -0.63812 0.31549 0.36462 -0.18178 0.12552 -0.077431 0.083554 -0.21298 0.18665 -0.0077455 -0.022806 -0.10516 0.4401 -0.10935 0.8791 -0.73869 -0.47596 -0.60997 0.56699 -0.42993 -0.32964 -0.25 -0.52817 -0.36132 0.64263 -0.081788 -0.22658 -0.44072 0.25901 0.14186 0.18792 0.031293 0.48349 0.92687 0.13678 0.17121 0.43935 -0.10217 -0.96104 -0.39269 -0.87092 0.46744 0.72334 0.50868 0.041894 0.40198 -0.048531 -0.30171 0.065022 0.099209 0.017032 0.32441 -0.25039 0.11647 -0.47657 -0.039194 0.087314 -0.6317 -0.34867 0.79822 -0.5793 -0.35227 -0.46468 -0.62323 0.054863 -0.42017 -0.77058 0.24704 -0.23019 0.5034 -0.15792 0.18855 -0.33064 -0.38087 0.37438 -0.089131 -0.47454 0.26068 -0.11928 -0.40111 -0.12895 -0.098489 0.26156 -0.1201 0.0014861 0.57307 0.01468 -0.045438 0.38115 0.38533 -0.062836 0.016435 0.072523 -0.41559 -0.49988 -0.15239 -0.53182 -0.22484
xian 0.59426 -0.060455 -0.062559 -0.98743 0.15256 -0.67288 0.35753 0.09732 0.22373 0.1499 -0.074237 -0.32493 0.20869 0.19316 -0.29407 -0.078536 0.15656 0.15025 0.27399 0.26037 -0.4085 -0.18106 0.10997 -0.12895 0.35437 -0.15798 -0.2415 -0.58671 0.39161 0.05018 0.67986 0.12858 0.26491 -0.19798 -0.087726 -0.024109 -0.14004 -0.246 -0.16979 -0.20123 0.60534 -0.15826 0.1007 0.020373 -0.085607 -0.20669 0.070778 0.35484 -1.0376 -0.12927 -0.055762 0.27335 0.19605 0.70202 -0.017401 -0.34677 0.61159 -0.11424 0.0038355 -0.066505 -0.5939 0.18146 0.17603 0.074197 0.40243 0.74682 0.071228 0.41321 0.12282 0.37824 -0.11355 0.33988 0.091013 -0.39815 -0.44651 0.38217 -0.55629 -0.51766 0.56496 0.077925 -0.14532 0.44583 0.13532 0.028065 -0.042201 -0.039929 -0.15192 0.19118 0.75622 0.75656 0.10487 0.50565 0.55529 0.56918 -0.35407 0.083372 0.18846 0.4723 -0.24162 0.36628 -0.17479 0.020313 -0.083817 0.59057 -0.048132 -0.24104 -0.54288 -0.26051 -0.096321 0.37539 -0.097744 0.077336 0.060188 0.02111 0.27537 0.25271 -0.055952 0.35196 0.13036 -0.16152 -0.28669 0.36666 -0.018667 -0.5701 -0.2379 0.32066 -0.14065 0.31313 -0.33178 -0.10834 -0.11847 0.028343 0.63066 0.50266 -0.26599 -0.20116 -0.39891 -0.35247 0.20318 0.37747 -0.36769 0.0014394 0.35213 -0.39157 0.13012 -0.34927 0.32562 0.2161 -0.48529 -0.58969 0.17787 -0.4864 -0.15339 0.38185 0.2778 -0.09771 0.16164 0.43447 -0.14055 -0.65236 -0.11408 0.068124 -0.045362 0.33482 0.11943 -0.24048 0.19829 -0.37584 -0.27119 0.082522 -0.60254 -0.071263 0.22847 -0.31049 -0.14281 -0.1688 0.489 -0.36889 -0.19462 0.38134 -0.20823 0.010016 -0.74726 0.29283 -0.4448 0.017292 -0.27176 0.92866 0.60881 -0.64909 -0.29183 -0.21225 -0.20811 -0.32414 0.084576 -0.35748 -0.007685 -0.21346 0.1864 -0.12364 0.0075254 -0.63678 -0.23981 0.35782 -0.22703 -0.11145 -0.19027 -0.63094 -0.19188 0.44103 -0.39034 -0.094021 0.3934 -0.15715 0.20097 -0.21959 -0.78167 0.028232 -0.21216 -0.33802 -0.063561 0.54604 0.2842 0.296 -0.57382 -0.11829 -0.18154 -0.021032 -0.62326 -0.16714 0.27965 -0.23286 0.32883 -0.27998 0.8158 0.17811 -0.55184 0.30604 -0.050223 0.35139 0.25105 0.24666 -0.25695 1.0284 0.73331 0.73332 -0.42811 0.055408 0.37295 0.04037 0.56995 0.5913 0.09492 0.063516 0.23413 -0.45656 -0.079641 -0.29803 0.60958 -1.3121 -0.15757 -0.23691 0.52344 -0.085376 -0.34885 0.077193 -0.3579 -0.2122 0.073169 -0.12501 -0.22704 -0.18026 0.021534 0.67905 0.14168 -0.89435 0.27884 -0.69324 -0.32494 0.032307 0.1145 0.29235 -0.79051 -0.31581 -0.1352 0.34045 0.031068 0.1223 -0.48476 0.15679 0.71413 0.038814 0.075756 -0.60074 0.28965 -1.0222 0.46525 -0.28741 -0.43688 0.54663
bandung -0.8309 -0.65123 -0.54816 -0.67197 0.35879 -0.89825 0.51807 0.4668 -0.51561 0.035324 0.76461 0.42234 -0.194 -0.053843 0.53865 0.10228 0.95652 0.081636 0.05273 -0.29045 0.19716 -0.80346 -0.096751 0.48397 0.59012 0.41526 -0.45527 -0.14053 -0.59949 -0.44833 0.45515 0.0057283 -0.17417 0.18734 0.74704 -0.26371 -0.31546 0.3967 -0.021931 -1.095 0.14338 -0.0091183 -0.35166 -0.2894 0.37023 0.19687 0.68552 -0.231 -0.49985 -0.21432 0.63157 -0.1758 -0.20411 -0.12079 0.24842 -0.012744 0.28887 0.013296 -0.20469 -0.27403 -0.89538 -0.0035936 0.021836 -0.28346 0.65715 0.48937 0.5407 0.30585 -0.45119 0.27979 -0.4912 0.063553 -0.58926 -0.5968 -0.26404 -0.079329 0.64282 0.028325 0.34806 -0.254 0.014716 -0.46398 0.042347 0.39209 0.091962 -0.59572 -0.39208 -0.08663 0.39104 0.53305 -0.1794 -0.099799 0.71708 0.78492 -0.18247 -0.094698 0.74344 0.12544 -0.0038137 0.48867 0.7491 -0.4844 0.7657 0.27067 0.11327 0.28707 -0.060113 -0.48371 0.011992 -0.28304 0.0049803 -0.60426 -1.0642 0.37262 0.22645 -0.079696 0.080269 -0.027763 0.48273 0.044469 0.19498 -0.30752 0.27383 -0.5731 -0.28121 0.34136 0.015506 0.054608 -0.46581 -0.25279 0.058898 0.40705 0.36113 -0.032549 0.36182 0.5846 0.38115 0.17248 -0.27283 -0.26006 0.43595 0.61872 -0.4561 0.67127 -0.14862 -0.21218 0.72966 0.48276 -0.70018 -0.38599 -0.047364 0.31002 0.87542 0.75452 0.31828 -0.20023 0.2072 -0.18459 0.0012479 -0.44988 0.14252 -0.078315 -0.8224 -0.35185 0.29143 -0.27564 -0.29527 0.51248 -0.050368 -0.53252 0.042745 -0.39702 0.1928 -0.93417 -0.28997 -0.29079 0.34934 -0.47167 -0.26972 0.033017 -0.16045 -0.33875 0.094098 0.20786 0.44697 -0.32017 -0.12447 0.36666 0.39608 0.3747 0.38068 -0.091832 0.079667 0.33394 -0.2111 -0.23468 -0.27669 -0.20527 -0.84217 0.48973 -0.0032201 0.40903 -0.57596 -0.01484 -0.65138 0.25409 0.68139 -0.29555 -0.024643 -0.0077019 0.18827 0.27971 0.034138 0.069975 -0.15779 0.71839 -0.39121 0.48867 -0.1874 -0.66262 -0.42544 0.20496 0.01683 0.81656 -0.39602 -0.21033 -0.64151 -0.095743 0.12801 0.51494 0.57996 -0.5441 0.4272 -0.3917 0.62697 0.34878 0.58335 -0.06143 0.041251 -0.42924 0.58897 0.58928 -0.77912 0.073325 0.21572 -0.0086789 -1.001 0.22835 0.1225 0.030826 0.4518 -0.13829 -0.013224 0.39415 -0.49846 0.18451 0.22406 -0.028436 -0.36668 -0.25084 0.2478 -0.20082 0.518 0.36328 0.61368 0.53119 -0.47276 -0.068975 0.19117 -0.072726 -0.62272 -0.26981 -0.88371 0.28099 0.00021588 -0.44854 0.10753 -0.12923 -0.76762 -0.37439 -0.88366 -0.63273 -0.73745 -0.36393 -0.49349 0.037222 -0.82562 0.095194 -0.051832 -0.45454 -0.73922 -0.50844 0.28812 -0.12446 -0.1642 -0.13901 -0.63026 -0.39746 -0.11145 -0.35508
tegucigalpa 0.24668 -0.21185 -0.29209 -0.013168 -0.60873 0.27019 -0.55011 0.061094 0.108 -0.18408 -1.0325 0.079405 -0.044476 -0.059393 -0.227 0.11968 -0.191 -0.23332 -0.057414 -0.015295 0.23292 -0.27724 -0.14609 -0.51286 0.38163 0.47894 -0.2243 0.2926 -0.19019 -0.27848 0.24534 0.32886 0.25669 0.29275 0.69445 -0.40136 0.53051 0.15634 -0.44163 -0.048228 -0.27998 0.089417 0.035378 0.12614 0.21164 0.11167 0.72809 0.46179 -0.76679 0.21289 -0.36968 -0.45437 0.19797 0.74276 -0.19257 0.42753 -0.204 -0.55529 -0.24128 -0.34363 -0.18955 0.36073 0.36937 0.85098 -0.51508 0.42024 0.36778 1.0962 0.76503 -0.56493 0.16084 0.20403 -0.27716 0.036203 -0.12541 0.052465 0.1683 0.090168 0.31815 -0.49428 0.19925 -0.88238 -0.16752 -0.29957 -0.65788 0.070816 0.0033374 0.20594 0.13658 0.33714 -0.29615 -0.33895 0.00055856 -0.018919 -0.13851 0.49193 0.76686 0.15264 -0.40996 0.53289 0.18587 -0.36711 -0.54216 0.10592 0.69798 0.19722 -0.022047 0.069131 0.0088406 0.36366 -0.74129 -0.64883 -0.52716 0.14808 0.074491 0.24964 0.20587 -0.66635 -0.29685 -0.26064 0.8799 -0.10221 0.40256 0.38113 -0.64921 -0.87389 0.63028 -0.519 -0.18564 0.33542 -0.40371 0.21954 0.32507 0.030113 -0.11826 0.052054 -0.60437 0.20221 -0.027961 -0.17371 -0.76979 -0.57853 -0.40423 -0.48582 -0.16325 -0.14796 0.80356 0.89867 -0.29729 -0.70202 0.539 -1.0206 0.10367 0.99535 -0.055809 -0.052782 0.44717 -0.2062 0.63222 0.082981 -0.065102 -0.13226 -0.11243 -0.1878 -0.10248 -0.73857 -0.14334 -0.33441 -0.5673 -0.0065959 0.10179 0.47268 0.19633 -0.0025715 -0.2842 -0.36649 -0.16612 -0.23751 -0.075013 0.076377 -0.73009 -0.21334 0.43105 0.79845 0.017987 0.18876 0.39634 0.29876 0.59193 0.11328 -0.89528 0.11445 0.16009 -0.28643 0.84284 -0.15403 0.43284 0.24959 -0.96767 0.54415 -0.02757 -0.13356 0.069191 -0.037627 -0.41884 -0.66326 0.44988 -0.0091834 0.024126 0.12718 0.27179 -0.34723 -0.23387 0.19451 -0.32112 0.55029 -0.066885 -0.55023 -0.082923 0.11462 0.61568 -0.70149 -0.11773 0.67813 -0.30738 0.49522 0.013594 -0.17431 0.10213 -1.1815 -0.4279 0.086951 0.40611 0.094172 0.61045 -0.13916 -0.37804 -0.23866 0.37401 0.066655 -0.032945 -0.058788 -0.81197 0.43562 0.24978 -0.16312 0.36184 0.5566 0.0029856 -0.12266 0.0082543 0.5271 0.0494 -0.1849 0.16119 0.18688 0.11576 -0.37236 -0.14102 -0.56435 0.2887 0.40099 -0.36979 0.058686 0.65389 0.38519 0.22594 -0.4777 -0.36383 -0.38571 -0.095272 0.6423 -0.61959 -0.47545 0.36465 0.035091 0.55863 -0.31531 -0.14196 -0.17327 0.41896 -0.13548 0.23733 -0.655 -0.66823 0.47855 -0.17007 -0.04694 -0.43788 0.51763 0.11334 -0.52078 0.76021 0.20889 0.47397 -0.4776 -0.64697 -0.017361 0.07811 0.21925
jaipur -0.31163 -0.40072 -0.19474 -0.06224 0.44123 -0.91065 -0.11426 0.65692 -0.46405 0.0070413 0.52202 -0.52781 -0.20251 0.47874 1.1697 0.30459 -0.65318 -0.061686 0.50462 -0.25389 0.15679 -1.1982 -0.15437 0.33892 0.32329 -0.24285 0.1273 0.26941 -0.16174 0.14523 0.4952 -0.086814 -0.31236 0.09477 0.87772 -0.70378 0.013692 0.33813 -0.97355 0.17528 0.64017 0.005453 -0.079653 -0.31935 0.43702 -0.23859 1.0365 0.33447 0.021819 -0.72026 0.20672 -0.23066 0.23637 -0.050599 0.61422 -0.37313 -0.070858 -0.16603 0.049742 0.54423 -0.34287 -0.099392 0.1519 -0.17742 0.78739 0.1567 -0.067075 -0.19058 -0.73079 -0.30367 0.96341 0.4862 0.57612 -0.38152 0.2152 -0.048941 0.3309 -0.58706 -0.10159 0.41449 0.64107 0.22159 0.008238 -0.27384 -0.44668 0.62924 0.18957 -0.93143 0.95953 0.82439 0.35636 0.060024 0.65951 -0.54461 0.6405 0.45931 0.32371 -0.32623 -0.43395 0.52427 0.52074 0.28027 0.134 0.34292 -0.052921 0.068293 0.089778 0.027033 0.13394 0.24274 0.24046 0.029131 -0.54173 -0.17016 -0.13249 0.13354 -0.032327 0.14843 0.30007 -0.13298 -0.12451 -0.059572 0.29499 -0.11988 0.096515 -0.25519 -0.95547 -0.50551 -0.58121 0.31761 0.79786 0.067208 0.44213 -0.15308 -0.93714 -0.22733 0.19039 0.17917 0.32887 -0.20991 -0.45738 0.086321 -0.013315 -0.35784 -0.34935 -0.41954 0.2471 0.3952 -0.2504 0.43846 0.094769 0.10926 -0.29999 0.61567 -0.60765 0.099925 0.23301 -0.50813 0.17374 -0.1115 0.84424 0.61194 -0.1849 -0.82289 0.39656 -0.28587 0.55125 0.31253 0.52585 0.41354 -0.45358 -0.3513 0.4636 0.26758 -0.53635 0.60027 0.17487 -0.087022 -0.35944 0.11541 -0.048573 -0.11771 -0.53162 0.46852 -0.2639 0.050541 0.1927 0.38 0.031999 -0.20487 0.48937 -0.0010183 -0.177 -0.19891 -0.66033 -0.38585 0.48626 -0.38143 0.16905 -0.20301 0.17471 -0.78406 -0.24038 0.11855 -0.3043 -0.6343 0.051742 -0.15082 0.44877 -0.34588 0.1804 0.62366 0.35625 0.22103 0.037538 0.018961 -0.30553 -0.36502 0.016744 -0.51978 -0.25811 -0.044777 -0.027059 -0.0043854 -0.083833 -0.67344 -0.2519 -0.32291 -0.31319 0.48179 0.024615 0.099479 0.34463 -0.36953 0.20798 0.059315 0.7531 0.11205 -0.10119 -0.56127 0.17388 0.014546 -0.63405 0.47676 -0.52862 0.4642 -0.17131 -0.02322 0.2511 -0.22897 -0.293 -0.25899 0.40567 -0.085864 -0.51621 -0.035698 0.52117 0.45032 -0.20996 -0.072077 0.703 0.008529 0.55444 -0.03056 -0.27552 -0.41837 0.5652 -0.34512 -0.023798 0.21827 0.049309 -0.070964 -0.17404 0.099841 0.15814 -0.2636 -0.10105 0.033417 -0.70932 -0.011614 0.22944 -0.3424 -0.13511 0.20677 -0.49332 0.15563 -0.56966 0.48682 -0.26227 -0.74806 0.6103 -0.10054 -0.286 0.34385 0.14867 -0.077723 0.083928 0.095778 0.089682 0.14177
managua 0.34752 -0.10358 -0.53917 -0.45218 0.2915 0.37739 0.19122 -0.31766 0.32743 -0.06318 -0.7445 0.20054 0.026887 -0.27015 0.17119 -0.023195 0.23993 -0.082574 0.055399 0.15453 -0.14976 -0.45063 0.083511 -0.38223 0.5814 -0.02014 -0.23043 0.2001 -0.30783 -0.54798 -0.04287 0.36855 -0.18969 0.091704 0.48615 -0.20027 -0.032214 -0.043854 -0.11711 0.18383 -0.051163 -0.07399 -0.067664 0.33423 0.28529 0.34079 0.6416 0.53008 -0.52307 0.20881 -0.40464 -0.67847 0.14319 0.13389 0.49081 -0.28333 -0.067025 -0.111 0.31294 -0.13278 -0.36087 -0.14641 -0.14273 0.69137 -0.38901 0.52567 -0.090495 0.57169 0.39388 -0.58663 0.455 0.081309 0.55154 0.32813 -0.48945 -0.049808 0.51318 0.25521 0.13964 -0.34078 -0.043902 -0.31436 -0.065362 0.04182 -0.70259 -0.50395 -0.27369 0.032175 0.10975 -0.25707 0.086251 -0.19066 -0.0051505 -0.41275 -0.15465 0.28233 0.61474 -0.094557 -0.0080152 0.32493 0.98864 0.25589 -0.33983 0.19974 0.14513 0.17215 0.15258 0.070592 -0.031056 0.51839 -0.066975 -0.41215 -0.35033 -0.31226 0.41391 0.038858 0.37843 -0.26762 -0.27455 0.40302 1.0737 0.07431 0.19696 0.034545 -0.13908 -0.049696 0.78019 -0.24014 -0.13667 0.1411 -1.1085 -0.71006 0.74087 0.29642 -0.11268 -0.32344 -1.0018 0.11461 0.38301 -0.12652 -0.53729 -0.55605 -0.36215 -0.015627 0.33225 -0.36424 0.55073 0.073629 -0.20335 -0.55883 0.35696 -0.21889 -0.070608 0.68652 -0.73793 0.69486 0.24181 0.23608 0.91356 -0.56586 0.047558 -0.17297 -0.17469 0.38638 -0.30956 -0.98697 -0.040608 -0.69601 0.29611 0.20084 -0.073756 0.43442 0.29023 0.17133 0.0015497 -0.18744 0.13601 0.20387 -0.3148 0.01006 -0.35468 0.36112 0.21562 0.29928 0.36873 0.51015 0.11503 0.30357 -0.45959 0.066351 -0.39935 0.21436 -0.17881 0.011019 0.091001 0.0087147 -0.18404 -0.22835 -0.60462 0.66847 -0.13918 -0.31917 0.084528 -0.020996 -0.67033 -0.32977 0.15052 0.073236 0.25234 0.044625 0.29248 0.05683 -0.50229 -0.076898 -0.29974 0.3897 -0.11991 -0.75189 -0.39984 -0.34787 0.80759 -0.40648 -0.624 0.34093 0.33434 0.65304 0.32319 -0.049398 -0.38492 -0.60052 0.55889 -0.0073003 0.36909 -0.22484 0.83783 -0.13913 0.17106 -0.044183 0.54916 0.21185 0.52699 0.29713 -0.42455 -0.44602 0.30154 -0.32537 0.39887 -0.094666 0.082393 -0.20688 0.011786 0.33186 -0.0076748 0.24825 -0.35439 0.33921 -0.027969 -0.56083 0.15722 -0.66798 -0.088152 0.12003 -0.13057 0.46775 0.57192 0.0066897 0.58666 -0.50517 -0.36207 -0.35931 0.27944 0.17492 -0.11413 0.096452 0.4289 0.13752 0.43754 0.16594 0.035681 -0.59285 0.91504 0.49167 0.63442 -0.42695 -0.16389 0.7604 -0.39274 0.083053 0.2587 0.25327 -0.27566 -0.40196 0.66292 0.34842 -0.27178 -0.49578 -0.090913 0.19983 -0.29323 -0.22547
juneau 0.039683 -0.3043 0.019214 0.040342 0.10261 0.10447 -0.25146 -0.036523 -0.017487 0.9997 -0.51388 -0.23318 -0.2067 0.11448 0.15383 0.73378 0.12032 -0.15056 -0.23857 0.68368 -0.030433 0.13158 0.33021 -0.061865 0.050271 -0.072919 0.30243 -0.66363 -0.22371 -0.15079 0.95156 -0.035234 0.33186 0.042962 -0.30822 -0.30612 -0.33451 -0.14877 0.22105 -0.06829 -0.746 0.11272 -0.4503 -0.10172 -0.033822 0.14643 -0.109 0.15862 -0.38106 0.49038 -0.47306 -0.27134 -0.42836 -0.74966 -0.35321 -0.20614 -0.0019418 0.38166 -0.11734 -0.15491 0.069135 -0.29582 0.34744 -0.76439 0.42287 -0.0654 -0.062571 0.0029682 0.58213 0.19588 0.020327 -0.33121 0.074648 0.26764 -0.5309 0.28311 0.38732 0.34314 0.095793 -0.20999 -0.3637 0.18113 0.508 -0.53924 -0.2392 -0.2846 0.53528 -0.19484 -0.30209 -0.51588 -0.18277 -0.41425 -0.47745 -0.45365 -0.62863 0.39867 -0.70114 -0.07554 -0.14737 1.2315 0.20892 0.060206 0.18578 -0.089257 0.29778 0.10906 0.55183 0.22392 0.26083 0.7271 -0.047418 0.02847 -0.28402 0.58385 -0.0897 -0.3036 0.12082 -0.1487 0.093445 1.3409 0.44079 0.4524 0.026614 0.034785 0.4559 -0.084475 0.16692 -0.013295 0.005499 -0.45603 -0.17661 0.011298 0.39034 -0.36237 1.2121 0.53625 -0.94173 -0.091777 0.040617 -0.39786 -0.040918 0.30781 -0.4588 0.4028 0.45039 -0.31573 0.63532 0.64475 -0.097791 -0.5358 0.70371 0.0096109 0.25905 -0.32354 -0.08421 0.31959 0.64845 0.31928 -0.10323 -0.27604 0.42187 -0.68303 0.11522 -0.48444 0.37076 -0.27316 0.42108 -0.37544 0.17543 0.64074 0.12761 0.13433 0.02736 -0.01105 -0.42858 0.22438 -0.34322 0.080911 -0.53653 -0.043881 -0.11386 0.83903 0.39235 -0.37479 0.044098 0.3719 0.76017 0.42755 -0.24614 -0.33031 0.15485 0.11712 0.24625 -0.48883 0.13146 -0.27291 -0.12858 -0.41303 -0.06588 0.34561 0.25885 -0.14751 0.14456 -0.36849 -0.18923 -0.52771 -0.22377 0.37927 0.54913 -0.10808 0.00089754 0.42927 -0.15434 0.14172 -0.025424 0.1042 -0.28769 0.28927 -0.5018 -0.058285 0.17646 0.39292 0.15889 -0.34704 0.30345 0.050527 0.055081 -0.09502 0.32396 -0.32629 -0.42817 0.59338 0.6736 -0.080219 -0.21407 -0.074949 0.06787 -0.072032 0.23847 -0.20402 -0.2485 0.13515 -0.26834 -0.47225 0.033543 -0.19237 -0.15116 0.77809 -0.17671 0.67505 -0.1927 0.032338 0.43656 -0.09653 -0.25855 -0.091804 -0.16922 -0.022822 0.30257 -0.79278 -0.39685 0.54989 -0.024977 0.11605 0.18911 0.2674 0.36368 -0.054314 0.19662 0.22728 -0.023729 -0.012542 0.14348 0.017106 0.029037 -0.12342 0.3162 -0.03111 -0.4314 -0.67643 0.086174 0.30653 -0.18038 -0.61783 -1.0485 -0.21593 -0.34815 0.34427 0.21093 0.27982 -0.24522 -0.25626 0.26731 -0.36998 0.15066 -0.26052 0.025953 0.15603 -0.41029 0.16517
almaty 0.39629 0.27195 -0.17493 -0.45849 -0.065875 0.078322 0.43538 0.51494 0.0069949 0.50918 -0.076211 0.12245 0.7594 -0.36401 -0.14598 0.010573 -0.21525 0.77842 -0.061957 -0.27401 -0.18963 -0.50972 -0.10689 0.28258 -0.17425 0.0049242 0.18987 0.14134 -1.263 0.065178 0.63182 -0.22855 0.50032 0.17314 0.45446 0.46076 -0.89201 -0.080002 -0.63151 0.23889 -0.066845 0.080694 -0.16409 -0.27148 -0.11294 0.40561 -0.034416 0.68259 -0.49308 0.38135 0.36282 -0.22223 0.12274 -0.43394 0.38502 -0.096668 -0.66478 0.035358 0.1568 -0.21967 -0.34307 -0.035414 0.12418 -0.6558 -0.023156 0.6311 0.14985 0.070695 -0.14376 -0.51223 0.10326 -0.1598 -0.43282 0.16367 -0.32832 0.34426 0.0031419 -0.6811 1.3506 0.62125 0.00077806 -0.047518 0.066289 0.13718 0.18384 -0.16825 -0.20351 -0.26055 -0.0072575 -0.090705 -0.042737 0.44796 0.19053 0.24572 0.17668 0.21485 -0.13203 0.5044 -0.026744 0.22753 0.44397 -0.16603 -0.34981 -0.053774 0.35178 0.33082 0.23241 -0.2237 -0.43781 0.19311 0.056065 -0.14123 -0.52088 0.58112 0.58442 -0.39614 0.56079 -0.089818 0.55903 -0.046899 0.31373 -0.31784 0.33025 -0.24277 -0.094856 -0.20739 -0.11615 -0.51691 -0.56187 -0.23427 -0.8853 -0.43234 0.6729 -0.26968 -0.2986 0.093905 0.26976 -0.38682 -0.052407 -0.42707 -0.36795 -0.008589 0.25237 -0.78464 -0.18329 0.036548 1.0892 -0.13673 -0.5332 0.45428 -0.38416 -0.36657 0.5729 0.40138 -0.078263 0.29294 0.12009 0.044536 0.24972 -0.066983 -0.18662 0.10199 -0.025153 0.31491 -0.15991 0.10885 0.15501 -0.43147 0.11103 -0.13783 -0.49697 -0.5066 -0.26629 -0.68444 -0.18838 0.32983 1.189 -0.25268 -0.36329 -0.16136 -0.49281 -0.25178 -0.20143 0.15819 0.28192 0.3152 0.14032 0.19751 -0.38804 -0.1995 0.13648 -0.321 -0.12482 -0.79742 0.39797 0.18518 0.10225 -0.33485 0.17186 0.21598 -0.12021 -0.71448 0.31012 -0.12853 -0.30374 0.21196 0.44858 -0.058579 0.0016578 -0.039001 0.16334 -0.17194 -0.66758 -0.20658 -0.23599 0.29604 0.013261 -0.1838 -1.3053 -0.37188 0.10936 0.3965 -0.43546 -0.33487 0.19144 -0.48615 0.33708 -0.22193 -0.33555 -0.24639 0.26157 -0.15439 -0.18534 -0.66519 0.62 0.47592 0.78263 -0.61157 0.60206 0.18529 0.11373 0.40541 0.039812 0.29922 0.57307 0.58909 0.43323 -0.16532 -0.005254 -0.48523 0.0098783 -0.10161 0.38852 -0.69231 -0.28828 0.32375 0.14605 -0.34616 -0.18042 0.047052 0.47442 0.099617 0.54338 0.43702 0.35561 -0.72145 0.32839 0.35067 0.01358 -0.25931 0.46955 0.12496 -0.53039 0.32789 0.2506 -0.35898 0.25091 -0.0045532 0.30394 -0.063171 -0.15206 -0.60534 -0.28427 -0.12615 -0.68688 0.16233 -0.27397 0.90497 -0.67012 0.59134 0.14768 0.11981 0.4035 -0.46308 0.14731 -0.058429 0.046926 -0.0082881 -0.22401 0.11373
surabaya -0.36352 -0.77925 0.084364 -0.24384 0.50274 -0.81527 0.27667 0.22999 -0.19999 -0.059735 0.55588 0.37949 0.091728 -0.4236 0.75041 0.20418 0.36205 0.66423 0.034809 -0.32183 0.083146 -1.0144 -0.15324 -0.090807 0.48968 0.29548 -0.20867 0.25355 -0.63084 -0.14252 0.11786 0.10863 0.22222 0.095581 0.77794 -0.34251 -0.49994 -0.095545 -0.22942 -0.28994 0.010964 0.001457 -0.19987 -0.55792 0.063082 0.54021 0.59923 0.50733 -0.72545 0.31489 0.063181 0.33251 -0.020981 -0.13445 -0.33475 0.25449 0.080189 0.21235 -0.45721 0.18333 -0.75808 -0.24887 -0.60588 -0.13527 0.61987 0.56938 0.49616 -0.073845 0.023254 -0.0031186 -0.40949 0.10279 0.18329 -0.59191 -0.16853 0.15837 0.3742 0.0046597 0.65552 0.13421 -0.017023 -0.2876 -0.33111 0.097043 0.039251 -0.44371 -0.59946 -0.27881 0.41519 0.77219 -0.64629 0.27092 0.17099 -0.28762 0.16797 0.60751 0.40956 -0.43752 -0.14464 0.58115 0.17693 -0.57726 0.20511 0.33855 0.064914 -0.14103 -0.078661 -0.6396 -0.11345 0.85799 -0.34296 -0.48963 -0.44372 0.3327 0.4236 -0.18124 0.15083 0.1645 -0.05615 -0.045923 -0.11328 -0.06163 -0.077505 -0.29835 -0.049754 0.49471 0.22032 -0.041663 0.26071 -0.53741 0.31541 0.89261 0.089982 -0.0082359 0.63409 0.15431 0.074728 0.32664 0.45413 0.15711 -0.15541 0.19467 -0.33525 0.65203 0.41569 -0.16885 0.29511 0.35243 -0.27852 -0.31893 0.25891 -0.37834 0.68755 0.70229 0.43782 -0.25505 -0.1199 -0.011704 -0.033039 -0.23966 0.20243 0.22041 -0.62073 0.064087 0.17276 -0.17366 -0.10825 0.71209 0.39205 -0.37189 -0.02684 -0.58499 -0.13874 -0.64037 0.28284 -0.032513 0.20616 -0.10197 -0.16077 -0.17745 -0.22364 0.15707 -0.20194 0.017351 0.29667 -0.39669 0.47155 0.44835 0.58406 0.56457 -0.015884 -0.53411 -0.072957 -0.27916 0.50443 0.20322 -0.18449 -0.4154 -0.61225 0.52608 -0.20866 0.2266 -0.33142 0.0907 -0.65977 0.42376 0.82915 -0.56577 0.33751 -0.30955 -0.33768 0.167 -0.11149 0.14885 -0.28999 0.96833 -0.3099 0.1911 -0.15135 -0.55387 -0.12483 0.33318 -0.007709 0.53864 -0.21144 -0.24088 -0.10313 -0.0058595 0.0096587 -0.12092 0.2818 -0.32123 0.28452 -0.050266 0.26561 0.91491 0.2475 0.15397 -0.10366 -0.16158 0.32467 -0.20489 -0.15903 0.20353 0.49747 -0.10417 -0.59273 0.31142 0.33009 0.42674 0.45332 -0.10944 -0.015001 0.3858 -0.24865 0.20405 0.59656 0.32142 0.1976 -0.061273 0.44048 -0.31667 0.31196 -0.27731 0.83545 0.17564 -0.5216 -0.64136 -0.098864 -0.033605 -0.33497 -0.68541 0.17973 0.42496 -0.36604 -0.18463 0.2968 -0.48238 -0.44048 0.42344 -1.2004 -0.26969 -0.56075 -0.49594 -0.35916 -0.2658 -0.33225 0.21475 0.15377 -0.27981 -0.25717 0.14994 0.22753 -0.0043396 -0.18774 0.092586 0.1082 -0.24836 -0.25738 -0.45742
suva -0.049758 0.05819 -0.35369 -0.026847 0.54118 0.22777 0.19007 0.12302 0.24141 -0.42307 -0.30827 0.17113 0.6894 0.42261 -0.19872 0.55867 -0.01592 -0.25659 0.23777 0.0082598 0.29951 -0.41247 0.32811 -0.39853 -0.087388 0.1219 -0.25021 -0.19919 0.20586 0.45128 -0.29663 -0.046104 0.25284 0.81069 1.0629 0.1798 0.19284 0.7631 -0.46989 -0.063983 0.36765 -0.33675 -0.1542 0.11459 0.11557 0.29858 -0.28544 0.67464 0.27177 0.095945 0.35571 -0.21393 -0.041204 -0.15608 -0.010839 0.16057 -0.56093 0.22508 0.40267 0.042839 -0.20428 0.020569 -0.16256 0.3075 0.3065 0.019675 -0.32414 0.37457 -0.44148 -0.58259 0.12437 0.11698 0.1497 -0.12874 -0.30509 0.48312 0.27615 -0.27672 0.16191 -0.55485 0.78241 -0.25616 0.1414 0.24086 -0.93351 -0.035385 0.044534 -0.59146 0.10224 -0.38386 -0.14134 -0.15485 0.17782 -0.182 -0.31359 0.93635 0.69459 -0.020938 -0.41126 0.59513 0.30226 0.12794 0.018091 0.51653 0.54186 0.39874 0.5873 -0.28011 -0.058718 0.29576 0.22136 -0.27395 -0.22713 0.24538 0.38993 0.26629 0.21009 -0.02741 -0.33699 -0.063358 0.49117 -0.15441 0.72569 -0.086699 -0.075559 -0.75894 0.26295 -0.79387 -0.34408 0.48967 -0.255 -0.37589 0.15835 -0.72387 0.061499 0.38822 0.046293 -0.55938 0.66364 -0.10472 -0.37128 0.3521 -0.19153 -0.064492 -0.38715 0.14121 0.17984 0.83033 -0.15262 -0.36675 0.32327 -0.91284 0.075677 0.4071 -0.0081416 0.20812 0.17945 0.10508 0.21805 0.23156 0.0010656 0.010624 -0.18764 -0.83518 -0.44171 -0.4399 0.15698 0.25919 0.16109 -0.32515 -0.59025 0.44479 0.10863 -0.069682 -0.14176 0.027682 -0.13206 -0.12938 -0.010561 0.35214 -0.49926 0.39303 0.15722 0.54782 0.48861 0.29763 -0.06383 0.45694 -0.31927 -0.47926 -0.45255 0.10843 -0.026191 -0.31674 0.56553 -0.23093 0.30328 -0.034585 -0.86089 0.70186 -0.62338 -0.23557 -0.65327 0.27603 -0.35332 0.35245 0.049508 -0.60026 0.3049 -0.47394 0.19072 0.24395 -0.73618 0.12905 -0.080645 0.079378 -0.36776 -0.42634 0.40274 -0.28911 0.13787 -0.029386 0.24215 0.035062 -0.56197 -0.3725 0.15179 0.047653 0.47576 0.0091528 -0.17543 0.70796 -0.52828 0.012476 1.0423 -0.039262 0.42269 -0.52804 0.1744 0.83379 0.24719 0.009716 -0.33431 0.37192 0.33741 0.016705 0.17 0.45342 0.23129 0.20556 0.20284 -0.085515 0.068041 -0.42609 -0.51599 0.27347 -0.099373 0.45037 0.71666 0.097445 -0.1518 0.028205 0.18557 0.47135 0.64313 -0.10327 0.84555 -0.44046 -0.19966 -0.0010495 -0.39324 0.063607 0.7105 0.035604 0.38638 0.31404 0.52421 0.50962 0.0079818 0.13495 0.22099 0.014867 -0.6112 0.4229 -0.59567 -0.18306 -0.44126 -0.43463 -0.24082 -0.25291 0.47552 -0.13563 0.26831 -0.1581 0.033132 0.15569 -0.14101 0.30179 -0.27033 0.19355
vientiane -0.28959 0.1262 -0.21871 -0.7009 0.16473 -0.17268 0.69074 0.17705 -0.14861 0.14486 -0.10519 -0.032115 -0.34291 -0.15972 -0.30057 0.10511 0.05939 0.66019 0.02198 -0.62295 0.0017777 -0.11129 0.19742 -0.10347 0.59917 -0.17604 -0.21497 -0.20698 0.11104 -0.060499 0.61282 -5.4727e-05 0.51527 0.77278 0.90235 -0.22865 -0.67435 -0.26136 0.12529 0.28148 0.033241 0.22831 -0.21178 -0.38086 0.54617 0.24358 0.71121 0.55207 -0.81342 0.20307 0.070109 -0.46879 0.63551 0.16618 0.0288 0.15737 0.15086 0.36675 -0.58197 -0.50448 -0.13101 0.0023561 -0.53524 -0.31633 -0.14233 0.63612 0.85807 0.52421 -0.22053 -0.02516 0.21047 0.23282 -0.21569 -0.11927 -0.46669 0.91876 0.98229 -0.39238 0.12492 -0.017984 0.52676 -0.83281 0.63797 0.17977 -0.25033 -1.0747 -0.26661 -0.52746 0.18696 0.28329 -0.27272 0.010566 0.21576 0.49365 -0.098381 0.082454 0.16454 -0.026048 -0.31956 0.029895 0.30182 0.23409 -0.63232 0.17134 0.19232 0.09718 -0.74184 -0.21263 0.38573 0.66536 0.089558 -0.40106 -0.83248 0.13244 0.12443 -0.33583 0.35022 -0.59106 0.73486 0.085263 -0.35812 -0.63546 -0.13159 -0.3642 -0.27002 0.099608 0.34362 0.13428 -0.57393 -0.033396 0.026454 -0.32025 0.59374 0.018384 -0.1612 -0.47172 0.017565 -0.2352 0.19789 -0.14159 -0.2879 0.01633 -0.49769 -0.70308 -0.58196 -0.078298 0.61504 0.71712 -0.93598 -0.23595 -0.23536 -0.50383 -0.087417 0.85341 -0.48401 0.063793 -0.26166 -0.21821 -0.13256 -0.34962 0.0093156 0.30566 -0.36957 -0.5147 -0.11848 -0.42644 -0.412 -0.61207 0.14407 -0.142 -0.31463 -0.14129 -0.51013 -0.26637 -0.67294 -0.10109 0.65801 -0.10636 -0.32059 0.45539 -0.22009 0.24839 -0.4059 -0.070193 0.087832 -0.020368 -0.052992 0.38798 0.68252 -0.35008 -0.64655 -0.10768 0.1396 -0.23935 -0.004621 0.55481 -0.17295 -0.07956 -0.34298 0.87828 -0.40593 -0.48955 -0.60503 0.75633 -0.33303 0.61072 -0.24202 -0.1503 -0.12157 0.086365 0.021064 -0.044362 0.026721 -0.068317 0.1538 -0.12087 -0.45487 -0.41839 -0.57089 0.19241 0.084816 0.30813 -0.20524 0.30447 -0.55346 0.23907 0.09694 0.59617 0.06444 -0.61983 0.20665 0.0073346 -0.33793 -0.32652 0.41788 0.42886 0.23202 -0.24875 0.5461 0.099483 0.52666 0.092579 0.04941 0.57005 0.62098 0.3583 0.43536 0.6534 0.083144 0.059388 -0.19619 -0.23229 0.065502 -0.074748 -0.32323 0.29387 0.59107 0.48219 -0.47736 -0.77812 -0.39487 0.65711 0.56018 0.054763 0.54674 -0.45326 0.47792 -0.099857 0.00045601 -0.11126 -0.08586 0.1574 -0.21473 0.10171 0.25045 0.4045 0.12489 -0.10457 0.5151 0.27753 0.051306 -0.3474 0.0041139 -0.25885 -0.73725 -0.15039 0.39543 0.31669 -0.65562 -0.071179 0.37983 -0.12286 -0.061678 -0.060793 -0.67875 0.097061 -0.08875 0.22888 -0.30983 -0.33297
conakry 0.7171 0.20025 -0.28839 0.14472 0.48592 0.47057 0.22377 0.54285 0.46868 -0.35687 -0.8725 0.061045 0.60261 -0.48893 -0.0010584 0.53658 -0.39717 0.4985 -0.14375 -0.35266 0.017178 0.040859 -0.72084 -0.099232 0.56543 -0.26096 0.023595 -0.2367 0.95695 -0.2959 0.35213 -0.18405 -0.57501 1.2182 0.66289 -0.58728 0.1447 0.739 0.14127 -0.7703 -0.079053 -0.020715 -0.49005 -0.38931 -0.16984 0.032954 0.22552 0.62436 -0.044449 0.18006 -0.44256 -0.10362 -0.0080676 0.0086301 0.20478 -0.27443 0.21917 -0.20662 0.40284 0.035992 0.0093376 0.0076423 -0.046662 0.085064 -0.17279 0.43653 0.46234 0.10483 0.42885 -0.27638 0.080271 0.060402 0.30622 -0.31942 -0.21698 0.45875 -0.10472 -0.31224 0.38768 -0.44087 0.59217 -0.35069 0.55412 0.67417 -0.6904 -0.21164 0.77935 -0.75536 0.18152 -0.51956 0.11212 -0.58868 -0.40231 -0.010163 -0.26425 0.43678 0.24934 -0.36287 -0.8064 0.8891 0.29968 -0.35497 0.017668 0.23581 0.42127 0.27494 0.77382 -0.38912 -0.003362 0.078025 -0.36793 -0.013028 -0.30537 0.23104 0.47552 -0.13756 -0.25223 0.21806 0.30409 -0.07982 0.034928 -0.097633 0.39413 0.33515 0.047695 -0.45017 0.48957 -0.64765 -0.68871 -0.46174 -0.38796 0.11152 0.25865 -0.47332 0.69147 0.11785 0.46382 -0.12188 0.32351 0.2064 -0.50889 0.1969 -0.16072 0.46262 -0.19426 -0.33603 0.15599 0.3761 -0.73289 -0.2827 0.039908 -0.49257 0.84627 0.021561 -0.075819 -0.75347 0.3603 -0.20971 -0.027424 0.17727 -0.57535 -0.87745 -0.092832 -0.026574 0.17166 -0.52322 0.48767 0.10773 0.025915 -0.17911 -0.4333 -0.5549 0.45576 -0.86341 -0.51021 -0.21142 0.23255 -0.25626 -0.60637 0.5112 -0.43613 0.2657 -0.060289 0.13623 0.010894 0.31436 0.029941 0.019788 0.078647 -0.4326 -0.090899 0.038546 0.44505 -0.62577 0.67611 -0.10674 0.53145 0.29604 -0.83921 0.64641 -0.97048 -0.49126 0.28158 -0.16799 0.11741 0.19374 0.36107 -0.077086 0.51916 -0.56281 0.44787 0.22139 -0.28262 -0.25729 -0.14589 0.87656 0.47989 -0.43799 0.14364 -0.1735 0.1756 -0.22675 0.64508 0.073487 -0.22815 0.3081 0.30214 -0.028576 -0.14632 -0.41876 0.41958 -0.12586 -0.51592 0.13585 0.89421 0.59548 -0.0061368 -0.14577 0.48443 -0.28769 0.52785 -0.46348 0.08243 -0.30398 0.97242 -0.2607 0.20122 0.64596 -0.2548 -0.25389 0.94957 0.38006 -0.09484 0.45745 0.20957 0.41084 0.069718 0.50349 -0.0463 -0.47902 0.23517 0.54015 0.015203 0.18319 0.036208 0.13101 0.063324 -0.13948 0.055438 0.30907 -0.016239 0.76567 0.20361 -0.56316 0.54722 0.091136 -0.077778 0.11891 0.22545 0.3179 0.63339 -0.047318 -0.36179 -0.17244 -0.63023 -0.38461 -0.64329 0.14578 -0.32791 -0.47611 -0.23256 -0.47609 0.21029 -0.083684 0.25253 -0.29568 0.29895 0.20771 0.019863 0.14944
gdansk 0.27569 0.28661 -0.18923 0.22676 0.64814 -0.86079 0.27379 -0.04396 0.88681 0.003854 -0.65978 0.21159 0.32619 -0.07975 1.4659 0.21294 -0.39017 -0.14626 -0.054192 0.75022 -0.32297 -0.10011 -0.09834 -0.34185 0.17522 -0.091794 -0.77042 0.60014 0.097019 0.77391 0.50288 -0.18425 -0.94299 0.070567 0.15237 -0.25387 -0.21469 0.50532 -0.50876 -0.15254 0.057172 0.11028 0.21047 -0.19045 -0.32905 -0.40542 0.3658 0.44098 0.041077 -0.66266 0.95271 -0.35133 -0.21727 -0.26691 0.46251 0.65041 -0.02921 0.22316 -0.38024 0.13765 -0.81125 0.19332 -0.51376 -0.098029 -0.44714 0.48773 -0.19987 0.44862 0.0068867 0.31939 0.88964 -0.26432 0.021154 0.51799 -0.42446 -0.12939 -0.3949 0.43213 0.66185 0.12246 -0.19927 -0.072496 0.087582 -0.41111 -0.014004 -0.046085 -0.36656 0.37745 -0.25911 0.44522 0.56804 0.53772 -0.014318 -0.59203 -0.86543 -0.26025 0.64218 -0.12941 -0.83536 0.3924 0.089549 -0.27341 0.13273 0.28151 0.15309 0.078185 0.75031 0.099959 -0.25458 -0.72388 -0.46125 0.61181 -0.0024032 0.11306 0.7767 -0.67299 1.0809 0.0021715 -0.19694 0.052521 -0.015833 -0.5796 -0.27749 -0.51787 1.1942 0.42256 0.021393 -0.73363 0.047746 0.13913 -0.074632 0.075659 0.55169 -0.59658 0.36995 -0.13658 0.056489 0.0816 0.38982 -0.2528 -0.26066 0.058503 -0.551 -0.047177 0.69305 -0.3339 0.27167 -0.25702 0.073749 -0.087129 -0.29211 0.11533 0.44333 -0.37671 -0.055442 1.1757 0.26001 -0.58187 0.47162 -0.61714 -0.34433 1.3112 -0.82851 0.10524 -0.38001 0.63764 -0.038814 -0.13197 0.56875 0.18391 -0.54995 -0.47489 -0.11306 -0.018776 0.4368 0.065819 0.43288 -0.20168 -0.12719 0.033597 0.64729 0.30183 0.18477 -0.14767 0.60302 0.8259 0.25441 0.14077 0.26845 0.1779 -0.41559 -0.73592 -0.71275 -0.21413 -0.095106 -0.0066191 -0.18827 -0.4456 -0.41878 0.24188 -0.17646 0.1398 -0.61906 -0.57977 -0.16134 0.34513 0.22419 -0.69155 0.50148 -0.027023 0.16988 0.71527 -0.90708 0.022104 -0.46707 0.8203 -0.32102 -0.35124 -0.11442 -0.19072 0.36509 0.071084 -0.26305 0.012314 0.16084 -0.74799 -0.1335 -0.61174 -0.52642 -0.23577 0.77001 -0.022375 0.14099 0.27319 -0.24722 -0.058495 0.90352 0.34376 0.48947 -0.30374 -0.35977 -0.82723 0.347 0.12888 0.33212 -0.063698 0.19257 0.081813 0.49854 -0.2679 -0.36639 0.022355 0.42886 -0.14816 0.22692 0.71088 0.15737 -0.18121 0.025955 -0.46981 0.36365 0.071528 0.487 -0.23151 0.22407 0.39952 -0.1602 0.22127 -0.45883 -1.2715 0.0011828 -0.10792 -0.27566 0.20143 -0.016937 -0.49418 -0.069964 -0.032448 0.30661 -0.19639 -0.74114 -0.099029 -0.6994 0.33625 0.45531 0.73534 -0.12259 -0.65092 -0.06814 0.4786 -0.16212 0.23462 0.88544 -0.28066 -0.044341 -0.38168 0.48159 -0.40011 -0.33578 0.3852
podgorica 0.73429 0.5409 -0.084787 0.24904 0.36212 0.12412 -0.46453 0.07981 0.43484 0.10055 -0.018756 -0.018412 0.1903 0.24406 0.19577 -0.14728 -0.27677 0.027192 0.39699 -0.047771 0.84775 -0.49386 0.21218 0.5218 0.45133 -0.036932 -0.0077597 0.15381 -0.47747 -0.16925 0.54037 -0.053582 0.066964 0.85584 0.65537 0.41807 -0.88643 0.85289 -0.32526 0.083182 -0.23723 0.72113 -0.57033 -0.21642 0.089769 0.17198 -0.17497 0.38485 -0.062922 0.41651 -0.28048 -0.45581 -0.16551 0.10978 0.19262 0.43367 -0.053234 0.4697 0.59026 0.14625 0.10616 -0.65329 -0.074201 -0.027919 0.30084 0.69149 0.21013 0.39415 0.15081 -0.67192 0.32922 -0.10695 0.23327 0.28764 -0.072429 0.40081 -0.31976 -0.40038 0.25728 0.16068 -0.018873 -0.98895 0.13554 0.10563 -0.21386 -0.33543 -0.025082 -0.60017 -0.059966 0.66934 0.71621 0.26093 -0.18409 -0.18488 0.22355 0.96347 -0.19435 -0.59173 -1.1803 0.69701 -0.14021 -0.39065 0.25357 -0.063087 0.30471 0.7756 -0.21318 -0.028398 0.040749 0.3594 0.45795 0.42439 -0.38329 -0.39011 -0.20088 -0.16925 -0.0017698 0.024145 0.14093 -0.058828 -0.059416 0.13613 1.1524 0.17724 -0.14094 0.11415 0.5297 -0.20006 -0.1856 -0.23623 -0.24324 -0.31033 -0.14406 -0.3359 0.968 -0.049293 -0.17031 0.13344 0.45438 -0.84355 -0.21119 -0.11738 -0.13776 0.21399 0.0092945 -0.74599 0.79704 0.53153 -0.68155 -0.19136 -0.023274 -0.80208 -0.012905 0.91652 0.016574 0.26544 0.97513 0.34113 0.077549 0.48576 -0.25126 0.019771 -0.36872 -0.62459 -0.44319 -0.47287 0.078664 -0.0067738 0.28473 -0.1655 -0.67528 0.10962 0.43037 0.58348 0.36603 -0.36152 0.57923 -0.35334 -0.40411 -0.15199 0.32633 -0.16173 0.2718 0.04751 0.11559 0.33931 0.33946 0.32173 -0.042965 -0.69485 -0.25209 0.0020775 -0.49171 -0.48914 0.5218 0.12954 0.28201 -0.18463 -0.51008 0.70681 -0.4537 -0.82358 0.087569 0.72566 -0.1219 0.036852 0.41731 -0.25761 0.17209 0.34276 0.49038 0.62539 -0.019661 0.52763 -0.069248 0.091043 0.46764 -0.035282 -0.61537 -0.2768 -0.095031 0.27775 0.27464 0.15575 -0.29294 0.66221 0.18383 -0.4017 -0.10562 -0.35987 0.073058 0.093102 0.16368 -0.38519 0.36441 -0.37995 -0.30834 -0.52885 0.15367 -0.19063 0.1604 -0.18435 0.074344 -0.35746 0.46351 0.28898 0.24932 0.43818 -0.19707 0.15288 -0.049145 0.27079 0.06089 -0.29147 0.053594 -0.11992 0.40091 0.064567 0.1551 -0.28867 0.055119 0.29643 -0.0089587 -0.29655 -0.11888 -0.57354 0.69291 -0.061467 0.032387 0.30748 -0.27885 0.13727 -0.24462 -0.24958 -0.38544 -0.17374 -0.13321 -0.15518 -0.067254 0.10081 -0.0056078 -0.085701 -0.57852 -0.32272 0.25937 -0.041678 -0.50126 0.52656 -0.35552 -0.46869 0.18277 0.17878 0.10675 -0.15965 0.32749 -0.03598 -0.090229 -0.35591 0.32628 0.17188
reykjavik 0.35165 -0.45462 -0.049052 -0.011902 0.57171 0.20331 -0.016379 -0.42366 0.27272 -0.024115 0.18287 -0.086089 0.39506 0.21074 0.085929 -0.030194 -0.085791 0.10305 -0.2574 0.029509 0.52648 -0.030842 -0.38007 0.29916 0.2498 0.052009 -0.096993 0.10017 -1.2022 0.29304 0.26662 -0.69437 -0.13024 0.51997 0.19712 -0.61652 -0.096464 0.65906 -0.59179 0.21457 -0.31252 0.56683 0.25323 0.48219 -0.1656 0.32215 -0.27925 0.1157 -0.7773 0.26277 0.029108 -0.66973 0.10945 -0.41394 -0.18834 0.43831 0.10323 -0.10077 0.46797 -0.27228 -0.5088 -0.12977 -0.23267 0.14137 0.42593 0.62361 -0.05075 0.72073 0.075907 -0.78383 -0.30929 0.84474 0.35958 -0.073349 -0.2228 0.42607 -0.0072035 0.35661 0.54232 -0.29687 -0.4804 -0.65061 -0.048854 0.39495 -0.088065 -0.68474 0.17483 0.13351 -0.21671 -0.45754 -0.13586 -0.17334 -0.59555 -0.50068 -0.05535 0.49073 0.26149 0.28485 -0.54019 0.45874 -0.14028 -0.14388 -0.094954 0.11821 0.31034 0.48643 0.65774 -0.16274 -0.49269 0.44813 0.1354 0.11408 -0.067875 0.21032 0.44889 -0.35778 -0.3399 -0.011194 0.058546 0.2066 0.78472 -0.32979 0.18329 -0.16967 0.12047 0.13178 -0.15723 -0.85448 0.064333 -0.38616 -0.24403 0.20182 0.15706 -0.090101 0.11043 0.35945 -0.053677 0.30444 -0.098678 -0.3586 0.032875 -0.17524 -0.2089 0.38077 0.049913 -0.23671 0.63919 0.81381 -0.22414 0.22733 -0.25695 -0.69853 0.00030569 0.67048 -0.37125 0.89344 0.2994 -0.41179 0.14786 0.06658 -0.98044 0.62911 0.11582 -0.19617 0.078523 0.06826 0.53712 0.18134 -0.034617 -0.59169 -0.2507 -0.0014627 0.11598 -0.33803 -0.0084634 -0.066893 -0.2385 -0.088214 0.053922 0.12106 -0.002233 -0.25938 -0.059318 0.004537 -0.14297 0.69029 0.55618 0.061832 0.07488 -0.67242 -0.73935 0.1532 0.26749 -1.0281 0.010712 -0.41738 0.013714 0.37075 -0.36265 0.88098 -0.057735 -0.68268 -0.13444 0.24594 -0.20756 -0.29758 -0.21952 -0.034822 0.42939 -0.56655 -0.24856 -0.26833 -0.082875 0.062461 0.035359 0.76188 0.31664 -0.15633 0.020556 -0.69334 0.26415 0.45534 -1.1716 -0.22845 -0.52349 -0.17831 -0.20097 -0.4123 -0.25979 0.3349 0.16537 0.013267 0.23364 -0.57277 0.57459 -0.39023 0.66109 0.16026 0.19011 0.20337 -0.071879 -0.23096 0.3563 0.0045012 0.34651 -0.12164 -0.31541 -0.1308 -0.45461 -0.2362 -0.30907 -0.59929 -0.18196 -0.28615 -0.36105 -0.0059618 -0.43685 -0.19049 0.12044 -0.26406 0.28838 0.021948 0.040888 -0.012393 0.52107 0.13949 0.04204 -0.27287 0.27211 -0.34121 -0.30023 -0.019111 0.26374 0.011642 0.15806 -0.63017 0.25515 -0.27127 0.30027 -0.33145 -0.42865 0.24422 -0.39969 -0.60582 -0.39576 -0.51139 -0.96985 -0.10228 0.10143 -0.17798 -0.23607 0.20075 0.40355 -0.070679 0.21691 -0.66137 0.14688 0.17323 -0.13693 -0.14351
antananarivo 0.87589 -0.01601 0.40831 0.20205 0.45349 0.2347 0.92244 -0.35411 0.64757 0.066114 -0.58377 0.14945 0.089905 0.10307 0.59647 0.54635 -0.65438 0.15064 -0.075859 -0.082881 -0.30057 -0.26052 0.77484 -0.23329 0.14712 0.73066 -0.69288 -0.095997 -0.15591 0.61205 -0.26144 0.39703 -0.086334 0.86128 -0.013779 -0.3012 0.17234 0.59734 -0.41287 -0.27603 -0.36991 -0.24638 -0.95577 -0.78917 -0.12544 0.017222 0.0072446 0.39729 -0.44692 -0.03044 0.47699 -0.37071 0.47768 0.32721 0.25241 -0.0034405 -0.33207 0.17196 0.18538 -0.057868 -0.80612 -0.20134 -0.0032965 0.1535 0.04199 0.17092 0.10261 0.96703 -0.18555 -0.15644 0.09853 -0.060322 -0.11694 -0.59535 -0.032392 0.51151 -0.26197 -0.50242 0.40181 0.023877 0.58462 -0.16446 0.42353 0.13098 -0.93424 -0.21449 0.357 -0.070483 0.23305 -0.3772 -0.30503 -0.8241 0.26793 -0.50468 -0.4724 0.65189 0.54703 0.20305 -0.52131 0.73595 -0.14819 0.63172 0.35667 -0.13202 0.45514 0.007026 -0.21168 -1.0072 -0.28616 -0.21102 -0.16621 -0.2472 -0.28317 0.44981 0.053743 -0.39975 0.17067 -0.17009 0.68718 -0.12423 0.57101 0.35806 -0.037116 -0.17061 -0.3759 -0.44642 0.47143 0.36468 -0.068516 -0.096294 -0.41608 0.15209 0.066369 -0.44989 0.54201 -0.26004 0.35649 -0.47333 0.15952 0.051772 -1.0816 0.08593 -0.77948 0.026737 0.7923 0.32106 -0.28498 -0.075011 0.27637 -0.077611 0.34615 -0.68973 0.55374 0.73462 0.13954 0.24613 0.22424 0.0022171 0.31634 0.28766 -0.89569 -0.72643 0.19014 0.51602 0.018531 -0.7648 0.05684 0.006199 -0.097011 -0.52167 -0.23394 -0.39977 0.2227 -0.15304 -0.69119 0.25342 0.13114 0.39866 -0.98971 -0.34101 -0.7625 0.31197 0.038556 0.38069 0.308 0.42457 0.4607 0.68458 -0.239 -0.001679 -0.25501 -0.043496 -0.46876 -0.78412 0.96617 -0.57861 -0.33932 -0.27361 -0.016592 0.85428 -0.74187 -0.72029 0.35929 -0.013847 0.19524 -0.43405 0.63216 -0.5049 -0.12572 -0.1861 0.078509 0.1711 0.043283 -0.57837 -0.051153 0.46464 0.045928 -0.3993 -0.39602 -0.49514 0.00092406 0.36257 0.055173 0.075715 -0.023599 -0.11498 0.30107 -0.17172 0.025717 -0.24547 -0.21239 -0.14007 0.25738 -0.14678 0.34266 0.088274 0.30389 -0.27381 0.16088 -0.19646 0.18005 -0.3672 -0.43137 0.012503 0.3991 0.62035 0.067449 0.084075 -0.014415 -0.33021 0.58812 -0.33794 -0.29675 -0.32935 0.049176 0.42997 0.082456 0.043867 0.004011 -0.53212 0.036296 0.2109 -0.88725 0.0087318 0.43862 0.46618 0.74925 0.19192 0.18326 -0.0010778 -0.25943 0.41593 -0.11873 -0.45977 0.18646 0.05503 0.25625 -0.55536 -0.10651 0.10675 0.24116 -0.30122 -0.3659 -0.45892 -0.6515 -0.43422 -0.45345 0.38118 -0.28535 -0.48821 -0.092255 -0.16114 0.025416 -0.27746 0.31771 -0.11802 -0.45586 -0.20958 -0.4683 -0.47723
bamako 0.25712 0.13932 -0.48238 -0.1995 0.29 0.54811 0.18369 0.16104 0.31647 0.019504 -0.60351 -0.033612 -0.016607 -0.44584 -0.092855 -0.24346 -0.2484 0.35311 0.31322 0.0073807 -0.048518 -0.045985 -0.31917 0.24195 0.68174 0.11081 0.32544 -0.25081 0.051084 0.46158 -0.046544 -0.0053054 -0.15139 0.60002 0.21149 -0.77648 -0.10428 0.20501 0.029525 -0.43771 -0.044722 -0.51048 -0.51391 -0.47449 0.057648 0.11333 -0.27814 0.92798 -0.11384 -0.51071 0.16544 0.072085 0.025047 0.16677 0.5279 -0.3558 -0.29602 -0.079666 0.49689 0.73261 -0.18706 -0.43549 0.18994 -0.45163 0.16916 0.54183 0.94346 0.24993 0.091731 -0.81613 -0.055032 0.29148 0.092912 0.13088 -0.28647 0.03416 0.021441 -0.50064 -0.011654 0.096118 0.22816 -0.30725 0.54854 -0.18363 -0.58549 -1.0439 -0.19058 -0.3044 0.10924 -0.42019 0.057541 -0.48348 0.71952 0.32729 0.19244 0.32992 0.18274 -0.23356 -0.37579 0.47881 0.2577 -0.2454 0.66831 -0.28012 0.56461 0.1099 0.048515 -0.16828 -0.057771 0.12912 -0.32238 -0.01121 -0.51331 -0.50896 0.29032 0.0282 0.54449 -0.067425 0.40711 0.015019 0.021735 -0.1655 0.40836 0.038693 0.15392 -0.25214 0.36466 -0.15707 -0.8431 0.0015368 -0.66668 -0.18862 0.60737 -0.7598 -0.50778 -0.069187 0.72725 -0.11786 -0.13683 -0.23517 -0.17852 0.18268 0.36267 -0.49082 0.13928 -0.39153 0.60119 0.0019503 -0.38296 0.33636 0.073692 0.11768 0.63172 0.31967 -0.097131 0.15179 0.67087 -0.0027819 0.15468 -0.092735 -0.20212 -0.63276 -0.38451 -0.16008 0.3447 0.036802 0.5402 -0.68597 0.15727 -0.0044128 -0.33074 -0.2932 0.37863 -0.83152 0.086114 -0.24814 0.15953 -0.36614 -0.57874 0.65329 0.020826 -0.15718 -0.46033 0.8367 -0.094548 0.45745 -0.17369 0.13991 0.34467 -0.38068 -0.098855 0.27449 0.47475 -0.083394 0.28083 -0.43817 0.2066 0.16835 -0.0071422 0.68397 -0.72947 -1.1312 -0.10061 0.0023717 0.23461 -0.37179 -0.13632 0.075577 -0.028938 0.34004 0.65624 0.091638 -0.12332 0.38414 0.13802 0.43298 0.18605 -0.073087 -0.24119 -0.36787 -0.066436 -0.44586 0.57571 0.19369 -0.67579 -0.36983 0.31279 -0.25385 -0.075618 -0.5273 0.20556 -0.25872 -0.0076299 -0.0010585 0.47756 0.67948 0.016243 0.26277 0.76791 -0.12746 0.26644 -0.020083 -0.63946 -0.070859 0.86015 0.49822 -0.16731 0.034524 0.018508 0.12686 0.27368 0.18406 0.31856 -0.2149 0.083651 0.71497 0.6322 -0.11159 -0.055248 -0.73747 0.33677 -0.10548 0.1479 0.35917 0.5155 0.07782 0.28384 -0.11233 0.1931 0.13435 0.17205 -0.070329 -0.28327 -0.19675 0.25085 -0.51962 0.16903 -0.043537 0.054188 0.13331 0.42197 -0.3827 -0.26877 -0.15893 -0.029068 -0.16875 -0.11205 0.23193 -0.35748 -0.11781 0.56398 0.29693 -0.0088871 -0.16397 0.016999 -0.43149 -0.03837 0.037755 -0.08832 0.32054
moresby -0.52894 -0.025359 -0.011388 -0.21144 0.26147 -0.194 0.34639 -0.27264 0.42321 -0.087061 0.19708 -0.34085 0.76014 -0.098442 0.21598 0.34631 0.52705 -0.016617 0.21223 -0.21554 -0.33072 0.002407 0.049619 -0.57269 0.49892 0.64288 -0.043209 -0.021346 0.43463 0.45978 -0.33291 0.24346 0.2063 0.31391 0.60557 0.031788 0.24159 0.37471 -0.035519 -0.49595 -0.13745 0.79096 -0.11146 -0.25821 0.44008 0.076351 0.021527 0.73663 -0.15275 0.67102 -0.089002 0.30398 -0.055901 -0.041273 0.22334 0.23493 -0.23704 0.15133 0.23552 -0.16359 -0.42135 0.2463 -0.21486 0.30208 0.36417 0.21627 0.20438 -0.23201 -0.010514 -0.21524 0.13255 -0.070183 -0.22625 -0.46589 -0.63015 0.087982 -0.17559 0.11919 0.601 -0.55825 0.11049 -0.14492 0.20512 -0.57103 -0.42287 -0.33119 0.079952 -0.83712 0.54463 -0.078372 -0.098623 0.36906 -0.058734 -0.13238 -0.46042 0.55346 -0.081173 -0.13152 -0.89387 0.55413 0.075445 0.41739 -0.47946 -0.088741 -0.043731 -0.19522 -0.32829 -0.36982 0.80927 0.44688 0.083382 -0.11975 -0.29947 0.053806 0.018301 -0.23398 0.16956 0.32202 0.26915 -0.44569 0.13506 -0.50976 -0.84964 -0.20928 0.46251 -0.03032 -0.25404 -0.27727 -0.17103 0.18279 0.13189 0.13351 -0.0007255 -0.57321 0.6435 0.46274 0.34632 -0.21477 0.75115 -0.28977 -0.8242 0.6007 -0.22157 -0.28399 0.055273 -0.60033 0.27019 0.10914 -0.48597 -0.30697 0.3376 -0.81692 0.16118 0.14364 0.2507 0.015974 -0.040159 -0.22748 0.30695 -0.28734 0.053226 -0.35682 -0.72117 -0.64718 0.22763 -0.50127 0.3568 0.49161 -0.12427 -0.029513 -0.45805 -0.22938 0.21462 -0.1766 -0.17127 -0.11788 0.85998 -0.059562 -0.21794 0.35113 -0.6326 0.86424 0.11751 -0.042995 0.30617 -0.28059 0.9371 0.68208 -0.043237 -0.33719 -0.37146 0.41704 0.12631 -0.040028 0.94358 0.44086 0.059449 -0.31252 -0.83202 0.31581 -0.58521 -0.013865 -0.36708 -0.26252 0.030415 0.43065 0.1333 -0.80778 0.58077 -0.18605 0.29665 0.12613 -0.084837 0.17652 -0.18419 0.29851 0.16073 -0.038682 -0.016688 -0.56108 0.2192 0.31259 0.92041 0.2595 -0.2362 -0.17503 0.21117 -0.12156 -0.21548 0.060899 0.19062 0.16041 -0.32207 0.044561 0.109 0.58299 0.13911 0.75668 0.3525 0.26163 -0.20036 -0.67124 -0.077344 0.26285 1.2213 0.41555 0.29704 0.44456 8.263e-05 -0.33993 0.080856 0.12364 0.43786 0.59085 0.15077 0.18556 0.23991 0.63748 0.02571 -0.4311 0.12563 0.028454 -0.44351 0.20772 -0.19151 -0.0091425 -0.15708 -0.50923 0.097407 0.30098 0.30041 -0.10578 0.15499 -0.47132 0.48262 0.65741 0.45694 0.5165 0.58721 -0.26559 -0.18778 0.067986 -0.434 -0.030953 -0.51872 -0.27656 -0.55114 -0.32134 -0.13255 -0.96841 0.086975 -0.27568 -0.099718 0.08331 -0.54963 0.4446 -0.20591 0.58643 -0.11634 -0.28498
asuncion 0.29039 0.44346 -0.53375 0.0016573 0.026936 0.21636 -0.13615 0.39305 0.40609 -0.10955 -0.15973 0.5337 0.29446 -0.2696 -0.77756 -0.13528 -0.11672 -0.17458 0.34995 -0.034344 -0.23614 0.11234 0.12718 -0.133 0.2446 0.31687 -0.44539 0.30424 -0.46158 -0.43296 -0.13563 0.24966 0.012115 0.38061 0.62331 -0.089523 0.59956 0.027741 -0.27488 -0.48533 0.54338 -0.25638 0.48612 0.064564 0.34551 0.47505 0.14658 0.54622 -0.011306 0.15362 -0.025188 0.12985 0.039006 0.067705 -0.41517 -0.052523 -0.5285 -0.48014 0.078084 -0.022502 -0.86816 -0.34376 0.44962 0.41161 -0.073951 -0.018725 0.59127 0.15766 0.010327 -0.54353 -0.12962 0.29837 0.22302 -0.82451 -0.018113 -0.12942 -0.085301 -0.20621 0.48906 -0.14291 -0.015884 -0.18998 -0.003089 0.14981 -0.78781 -0.14658 0.16815 -0.41972 0.32688 0.65076 0.24679 -0.54093 0.26934 -0.19477 -0.08657 0.51982 -0.38092 -0.28629 -0.99686 0.060665 -0.12786 -0.098505 -0.32209 0.40041 0.6459 0.25087 0.28025 -0.45463 -0.4512 0.48033 0.044632 -0.035803 -0.52705 0.042392 0.55303 -0.14561 -0.077137 -0.39036 0.31812 0.24963 0.64537 -0.44433 0.3637 -0.60749 -0.37266 -0.0033344 0.025502 -0.40472 -0.60585 0.022457 -0.47185 -0.41764 0.42132 0.028802 0.22615 -0.43581 0.0060978 0.55583 0.027352 0.12826 -0.19627 0.15243 0.17902 0.33733 0.12975 0.14994 -0.096766 0.69047 -0.32255 -0.031308 -0.14026 -0.2089 0.39382 0.29339 0.067895 -0.14895 0.3383 -0.24966 0.11444 -0.29656 -0.14152 0.26209 0.0043893 0.01724 0.30896 -0.64551 -0.39163 -0.35575 -0.24673 -0.28172 -0.3381 0.64426 0.30972 -0.52846 -0.024112 -0.25076 -0.26474 0.12935 -0.4848 -0.03656 -0.23351 0.32099 -0.28293 0.1933 -0.1508 0.59531 -0.38593 0.50728 -0.62923 0.30072 -0.44645 0.07988 0.22693 -0.42686 0.14381 0.58113 0.39346 -0.30872 -0.45679 0.91057 -0.75963 -0.78042 0.0628 -0.082186 -0.46778 -0.59136 0.40508 0.63612 0.87605 -0.50109 0.19057 0.25555 -0.69782 0.37671 -0.088887 0.49727 0.083994 -0.62212 -0.69895 0.30929 0.58522 -0.0056766 -0.044906 0.17449 -0.27935 0.47367 0.20574 -0.1373 0.43973 -0.166 0.16753 -0.2618 0.27795 -0.12031 0.62399 -0.048809 0.38801 0.14418 0.034509 0.033672 0.058073 -0.45619 -0.67311 0.0423 0.35609 0.0021967 0.15287 0.64937 0.49995 -0.21201 0.32946 -0.46878 0.41915 -0.042873 -0.25418 0.3006 -0.19016 0.19711 0.55851 -0.62645 0.24515 -0.17593 -0.19061 -0.37268 0.88827 -0.085079 0.17624 -0.23402 -0.027303 -0.54111 -0.0028213 -0.24759 0.37143 -0.39577 0.38399 -0.24376 0.64559 -0.015953 0.068317 -0.061538 0.41837 0.050947 0.13288 -0.22354 -0.80704 0.13092 0.36529 0.025466 -0.20967 -0.11689 0.10557 -0.068237 0.20227 0.49773 -0.035543 -0.11038 0.12289 0.17465 -0.27099 0.26105
kyiv 0.083705 1.0934 -0.18503 0.13254 0.24652 -0.32246 0.086985 -0.010248 0.26448 0.26321 0.097783 0.080554 0.14908 -0.26214 0.41393 0.27051 -0.37286 0.29567 -0.26227 -0.02725 0.16508 -0.37707 0.42429 0.3629 -0.043428 0.054312 -0.55414 0.28145 -1.4387 0.4825 0.84173 -0.62283 1.0137 0.6814 0.28159 -0.25209 -0.68881 -0.12515 0.097339 0.50694 0.11389 -0.31182 -0.38687 0.091227 -0.17001 -0.021726 0.58078 0.43605 -0.42406 0.37425 0.44546 -0.33506 -0.34144 -0.26381 0.2923 -0.041594 0.096527 -0.48711 0.42719 -0.39104 0.029125 1.0022 -0.4172 -0.57382 0.035589 -0.061461 -0.11187 -0.004395 0.39686 -0.98736 0.56656 -0.10309 -0.33446 -0.87793 0.24475 0.094899 0.40305 -0.28339 0.67038 0.1263 0.28721 0.19882 -0.10283 -0.71568 -0.044418 0.050395 0.51829 0.12015 0.53114 0.75076 0.30087 -0.37364 0.43451 0.068983 0.16342 0.64271 0.30722 -0.019587 0.23773 0.3539 -0.098828 0.27909 0.38985 -0.12286 0.78038 -0.43528 0.10622 -0.31268 -0.52312 0.25285 0.32515 0.50829 -0.17063 0.46928 0.092845 -1.2492 0.61235 0.33048 0.23823 0.032452 -0.18891 -0.14114 0.35711 0.15422 0.14507 0.050369 -0.49776 -0.38039 -0.021671 0.021235 0.22797 -0.80607 -0.15468 0.069134 -0.37635 -0.010989 -0.14274 0.56156 0.046909 0.061555 0.41382 -0.42206 -0.40922 -0.19707 0.78374 0.40501 0.093832 0.38565 -0.093174 0.38635 0.23213 -0.16817 -0.62598 0.25354 -0.73817 0.32501 0.077562 -0.25041 0.18255 -0.16672 -0.22559 -0.28397 0.31822 0.072842 0.085521 -0.89841 -0.24426 -0.2146 -0.42157 -0.28902 -0.32335 0.3352 -0.095129 -0.12079 0.27262 -0.010116 -0.2224 -0.077463 -0.77358 -0.38283 -0.10491 -0.57223 0.21145 0.29622 0.23899 0.07519 0.17756 0.67207 0.23666 0.18461 0.67693 -0.072651 -0.23946 -0.3801 0.15016 -0.4546 -0.0083956 -0.29412 0.3001 0.42168 -0.0656 -0.38044 0.72092 -0.24214 -0.82859 -0.29883 0.35871 -0.11687 -0.19735 -0.2206 -0.063893 0.21017 -0.54402 0.38803 -0.34907 0.19323 -0.11777 0.0073458 -0.21988 -0.34338 -0.23663 -0.36366 -0.27517 0.1652 -0.21935 -0.94814 -0.6975 -0.2788 0.17524 -0.1827 -0.064144 0.62218 -0.045661 -1.0075 -0.19399 0.02449 0.15852 -0.92508 0.094699 0.66587 0.4861 -0.073467 0.59126 0.018803 -0.2706 0.94482 -0.081339 0.55094 0.036704 -0.54652 0.51467 0.41267 0.045601 1.1414 -0.4295 -0.0391 -0.48805 -0.1227 0.021779 0.096714 0.25841 0.25597 0.59857 -0.0056992 0.58055 -0.59399 -0.1632 -0.39324 0.050659 0.83114 -0.08019 0.05502 -0.040776 -0.21211 0.31814 -0.56487 0.78339 -0.43486 -0.067476 0.049231 -0.13746 -0.37412 0.034418 0.23876 1.0185 0.76345 -1.0346 -0.0092888 0.096103 0.022011 -0.53171 -0.25164 0.37676 0.13389 0.32573 -0.073613 -0.41254 -0.26923 -0.23838 -0.39034
douala 0.57098 -0.57569 -0.28197 -0.037912 0.48026 0.1301 -0.036282 0.39482 0.26774 -0.2476 0.13573 0.022072 0.08728 -0.25432 0.62145 -0.08773 -0.011087 0.29908 -0.17586 0.13493 -0.3849 -0.081519 -0.09497 0.14009 0.07552 0.012513 0.53565 -0.26694 -0.6238 -0.023452 0.5656 -0.10704 -0.38879 0.71984 -0.030434 -0.44843 0.012498 0.49669 0.0019858 -0.50151 -0.14049 0.46285 0.089655 -0.2727 0.12682 0.11479 0.72004 0.11538 -0.54754 0.18472 0.0037258 -0.75374 0.2989 0.12116 0.033938 0.24812 -0.022328 -0.12054 0.3311 -0.12935 -0.59312 0.029248 0.39377 0.10985 -0.58041 0.29162 0.54912 0.59756 1.3123 -0.34545 0.2259 0.18589 -0.23941 0.12164 0.21757 0.59465 -0.10384 -0.64498 0.56374 -0.72728 -0.049533 0.086867 0.30156 -0.16008 -0.47076 -0.98794 0.89676 -0.074066 0.8142 0.36459 -0.38493 0.07654 0.4909 -0.22961 0.096691 0.10888 0.5825 0.21551 -0.49663 0.42374 0.15043 0.58544 0.1329 0.41081 -0.38019 -0.082082 0.89176 -0.25558 0.083323 -0.084857 0.11385 0.25702 -0.027133 1.0111 0.14628 -0.20363 0.41791 0.080115 -0.18016 -0.46756 -0.20119 -1.0042 -0.059074 0.15703 -0.39671 0.46552 0.47852 -0.78217 -0.30359 0.063906 -0.046725 -0.2819 0.34801 -0.044668 -0.24904 0.34407 0.43891 0.017709 -0.092673 -0.34505 -0.33774 0.2248 -0.34779 -0.42847 0.16275 -0.41236 0.6433 0.24254 -0.57988 -0.0047644 0.2783 -0.4151 0.1386 0.23324 -0.14323 -0.033649 0.8103 -0.083082 0.3114 1.0538 -0.60724 -0.23602 0.21862 0.35422 -0.4126 -0.50857 -0.19626 -0.37543 -0.39352 0.0090841 -0.59163 -0.53278 0.53432 0.085865 0.1185 -0.15874 0.48266 -0.45673 -1.1007 0.64001 0.43456 -0.012251 -0.034825 -0.32425 0.07307 0.0396 -0.48841 0.54727 -0.07978 -0.52015 -0.32252 0.0065141 0.081777 -0.75046 0.88921 0.0016113 -0.30481 -0.46704 -0.77009 0.15418 -0.68017 -0.87043 0.27361 -0.44822 0.15929 0.66149 0.070011 -0.026836 0.15627 0.07298 0.28427 0.14063 -0.70725 -0.018676 0.063501 0.10247 -0.22471 -0.034414 -0.40968 -0.6125 -0.77692 0.049817 0.91779 0.097051 -0.19955 -0.89056 -0.92963 -0.35811 0.3639 -0.38598 0.63462 0.8471 -0.80312 -0.55436 0.76269 0.31279 0.056937 1.3461 0.78999 -0.35894 0.55711 -0.0098581 0.13135 0.097288 0.72187 0.39619 -0.0078306 -0.15613 0.54165 -0.64397 0.012106 0.41092 0.46928 0.47988 -0.57237 -0.02361 0.026213 -0.55123 -0.5093 -0.41393 0.8007 0.34395 0.036336 -0.136 0.49487 0.45974 -0.03246 -0.19531 -0.42771 -0.1114 -0.26549 0.58332 -0.54443 -0.17573 0.79354 -0.41608 0.86163 0.63784 -0.91175 -0.31764 -0.33922 0.19453 -0.49148 0.006251 -0.022434 -0.40107 -0.42712 -0.50566 -0.34825 0.0019413 0.66928 -0.090046 0.62205 -0.6552 -0.21414 -0.66345 -0.16236 -0.55572 0.3219 0.17747
windhoek -0.13343 0.010043 -0.57285 -0.14785 -0.033278 -0.060178 0.53268 -0.049671 0.56215 0.13196 -0.34789 -0.14813 0.3261 -0.38316 -0.42342 -0.13615 -0.1584 -0.05637 -0.18969 -0.8111 0.24209 0.029186 0.083977 0.19655 0.41816 0.013146 0.34067 0.26401 -1.1497 0.39089 0.18121 -0.083895 -0.57479 0.95738 0.24204 -0.63575 -0.32001 1.0437 -0.16145 -0.45764 -0.42533 0.65419 0.25322 -0.35156 0.39336 0.50557 0.080676 0.5722 -0.276 -0.20051 -0.2878 -0.16611 -0.49024 0.47811 0.47963 0.16064 -0.040533 0.36588 0.27909 -0.16118 -0.33933 -0.11253 -0.1 -0.31466 0.54184 0.40858 0.26047 0.16788 -0.22401 0.027545 0.15154 0.50306 0.21048 -0.21869 0.066117 -0.41382 0.075912 -0.46709 0.41267 -0.31151 0.28563 0.10189 0.27144 0.13946 -0.59551 -0.59229 -0.087219 -0.62172 0.58811 0.29202 -0.64646 0.10695 -0.041244 -0.14102 0.028081 -0.18281 0.41691 0.035251 -1.1736 0.10653 0.26632 0.030754 0.33871 0.29469 0.041333 0.099124 -0.13538 -0.3092 -0.34994 0.14197 0.17682 0.12598 -0.4915 0.20973 0.17785 0.093142 0.13693 -0.03386 0.19894 -0.37528 0.57879 0.028278 0.63399 -0.5506 -0.072726 -0.12706 -0.17921 -0.18517 -0.22146 -0.2385 -1.0127 -0.43684 1.057 0.15677 -0.41708 0.12842 0.59993 0.16599 -0.08269 -0.063343 0.31096 -0.32266 0.21474 -0.40947 0.17646 0.35848 0.34777 0.72094 -0.4905 0.71621 -0.45328 -0.46642 0.19606 0.41194 0.20317 -0.11917 0.44549 -0.16268 1.0065 0.085847 -0.056789 -0.19599 -0.0017711 -0.012125 0.35299 -0.16752 0.50769 -0.26769 -0.11217 -0.055377 -0.019048 0.16418 0.22056 -0.036945 -0.1016 -0.016256 0.1259 -0.072094 -0.37445 -0.033289 -0.017595 -0.15534 0.075267 -0.15187 0.29135 0.040504 0.69365 0.24312 -0.48008 -0.2303 -0.0063937 0.027804 0.45764 0.20502 0.57832 0.63447 0.22469 -0.82956 -0.15091 0.17867 -0.40021 -0.90615 -0.3939 -0.19726 -0.28571 -0.58163 0.20329 -0.29994 0.2334 -0.13437 0.6781 0.10211 -0.42724 -0.012467 -0.080042 0.64428 -0.5114 -0.20133 -0.43428 -0.42294 0.52742 -0.24873 -0.20373 0.16102 -0.26469 -0.1115 -0.21529 0.024461 0.028419 -0.16718 0.59634 -0.20972 -0.26572 -0.24181 0.065948 0.29354 0.038586 -0.24305 0.74828 -0.1496 0.094627 0.049007 -0.41228 -0.42459 0.70846 0.46219 0.19831 -0.11104 0.39527 -0.53509 0.52742 -0.064522 0.2563 0.11142 -0.55479 0.56267 -0.15859 -0.23231 0.2293 -0.51402 0.25003 0.56019 -0.099595 -0.14498 0.27566 -0.38841 -0.30493 -0.024431 0.49949 0.54623 -0.66065 -0.24745 -0.54462 -0.21083 0.049131 -0.30333 0.32734 0.72312 0.25914 0.21598 0.37338 -0.026836 -0.71 -0.19709 -0.1828 0.37825 -0.54573 -0.74819 -0.91252 -0.060384 0.42671 0.15984 0.18626 -0.77752 -0.16887 0.14264 -0.10696 0.32456 0.39901 -0.17302
recife 0.21644 -0.62281 -0.39199 0.020238 -0.031212 -0.040997 -0.025778 -0.043312 0.11111 -0.044108 -0.54856 0.72787 0.67913 -0.2356 0.07705 0.20567 -0.31133 0.62831 0.27269 -0.023246 0.23761 0.34612 0.29197 0.1421 -0.056856 0.077696 0.33522 -0.096935 -0.59654 -0.3065 0.58536 0.051701 -1.1532 0.24909 0.81583 -0.19277 0.39845 0.63859 -0.67683 -0.14205 0.19386 -0.16127 0.42793 -0.38783 0.63416 0.10659 0.87738 0.6464 -0.57573 0.46171 0.24798 -0.035859 0.54578 0.33666 -0.3901 0.26075 -0.75833 -0.45855 -0.71285 -0.37189 -0.77854 0.31587 -0.14602 -0.0064388 0.087913 0.45656 -0.096252 0.54786 -0.057969 -0.74018 0.077977 0.33507 0.22702 -0.75185 -0.40964 0.30642 0.33766 -0.14149 0.54717 -0.23085 0.1815 0.85013 -0.16997 -0.79418 -0.9263 0.091978 0.079168 -0.081719 0.62698 0.54756 -0.25688 -0.037576 0.55169 -0.86436 0.3046 -0.6362 -0.015248 0.076689 -0.28205 0.35169 0.32529 -0.3731 -0.26267 0.24695 0.57431 0.60139 0.23579 -0.01973 -0.20321 0.05203 0.22296 -0.28067 -0.76812 -0.78764 0.029746 -0.023041 0.61438 -0.89622 0.10171 0.065293 -0.26118 -0.155 0.18676 -0.034149 0.30858 0.1377 -0.20845 -1.0412 0.1208 -0.27168 0.77704 -0.015896 0.075813 0.75388 0.1605 -0.10475 -0.49811 0.21308 0.43473 0.28233 -0.08064 0.25719 0.06913 -0.052961 0.49019 -0.35349 0.57954 0.027325 0.10811 0.74396 0.14181 -0.35037 -0.16851 -0.043726 -0.070713 -0.59543 0.33381 -0.083111 -0.42917 -0.059814 0.36253 -0.34456 -0.30173 -0.23756 0.46674 -0.84971 -0.015817 0.34051 0.25704 0.38109 -0.2695 -0.059033 0.11401 0.60074 0.60167 -0.55243 0.11427 0.023532 -0.56799 0.061342 0.035693 0.90272 0.035869 0.58655 -0.093331 0.32058 0.10094 0.71838 -0.14684 0.45384 -0.58334 -0.41446 -0.099259 0.072367 1.0849 0.42932 0.78898 0.39613 -0.38961 -0.18568 -0.3111 -0.63798 -0.37408 0.13384 -0.45446 -0.33387 0.53854 0.26942 0.15997 -0.085372 -0.001989 0.55676 -0.67571 0.80274 0.044417 0.76244 -0.22674 -0.18081 -0.52275 -0.16382 0.18138 -0.21702 0.63231 -0.34945 -0.38597 -0.20347 0.12999 -0.3918 0.44839 -0.4033 0.53565 0.14505 0.55529 -0.31351 -0.17317 0.027886 0.13581 0.86416 -0.1405 -0.16025 -0.42189 -0.36774 -0.50152 0.13284 0.51215 0.2741 -0.21138 -0.014137 -0.10165 0.099211 0.066925 -0.18186 0.25382 0.82823 -0.72734 1.0072 0.037658 0.00024975 -0.46518 -0.47484 0.68037 -0.011102 -0.036685 -0.053758 0.89764 -0.22143 -0.34738 -0.0058513 -0.458 0.26947 0.0037884 -0.45159 -0.57936 0.055674 0.37804 0.012104 -0.038817 -0.53757 -0.53421 0.1441 -0.063259 -0.096309 -0.4896 -0.41708 -0.35179 0.11176 -0.19923 -0.28284 -0.13217 0.37116 -0.11194 0.35213 0.19894 -0.4816 0.32926 -0.26927 -0.39321 -0.19411 0.22717 -0.35437
novosibirsk -0.24599 0.21652 -0.11198 -0.068148 -0.20315 -0.36381 -0.33236 -0.12029 0.20757 0.64676 0.22523 -0.52344 0.42711 -0.037972 0.80374 0.1707 -0.02367 0.53819 -0.255 0.25797 0.44837 -0.43242 -0.23319 0.052607 -0.41114 -0.1621 0.19006 0.17901 -0.93645 -0.078563 0.51572 -0.58921 -0.23294 -0.057132 0.8273 -0.082309 -0.47509 0.38647 -0.19799 -0.65067 -0.21787 0.014244 -0.21928 -0.29025 -0.4702 0.19148 0.44271 -0.12655 0.27166 0.44824 0.91962 0.18293 -0.31875 -0.35455 -0.28828 0.35824 0.052617 -0.32289 0.30239 0.15579 -0.38257 0.69006 0.011984 -1.2229 -0.62319 -0.013737 -0.23608 0.62721 0.0079985 0.19717 0.97007 -0.25793 -0.24819 -0.48217 0.0044207 -0.066748 -0.029814 0.19208 0.95804 0.33989 0.059286 -0.36503 -0.512 0.18314 0.55778 -0.22114 0.18749 0.21051 0.68215 0.54386 0.29069 -0.11953 0.64665 -0.27505 -0.19303 0.31785 -0.46301 0.20571 -0.26702 0.045106 0.75383 -0.1472 0.46443 0.33398 0.094337 -0.054583 0.21964 0.26149 -0.60005 0.46229 0.00071927 -0.067312 -0.4895 0.17178 -0.12821 -0.59356 0.71168 0.059518 -0.18346 0.62551 -0.32427 -0.027717 0.49073 -0.3029 -0.19292 0.165 0.25811 -0.42603 -0.13931 -0.96121 0.25116 0.12714 0.18233 0.43469 0.027984 0.52048 -0.15211 0.84375 0.34313 -0.035861 0.331 -0.44565 -0.15445 -0.35022 0.55198 -0.12469 0.41032 -0.039388 -0.27422 0.22342 -0.035512 0.10228 -0.053896 0.28614 0.25328 0.35906 0.18281 -0.36356 0.038974 -0.090287 -0.10834 0.14775 0.019344 0.32353 0.55351 -0.33643 -0.11974 0.77394 0.05919 -0.5513 -0.35714 -1.1783 0.40758 -0.12923 0.020409 0.16136 0.67614 -0.33407 -0.10709 -0.43975 -0.091465 -0.41308 -0.13309 0.071101 -0.030723 0.21149 0.12191 -0.32157 0.23192 -0.24982 0.31283 -0.08752 -0.21118 -0.29488 0.14179 -0.054992 -0.26987 0.28501 0.20172 0.74196 -0.25332 -0.11822 -0.52543 -0.18235 -0.02239 0.0053469 0.15714 -0.2413 -0.12147 -0.0097549 -0.38586 0.2984 -0.63782 0.26509 0.71679 -0.17828 -0.13224 -0.18248 -0.14688 -0.11457 -0.25069 0.5818 -0.18703 0.3648 0.3714 -0.43709 -0.55533 -0.61789 -0.060663 -0.40201 0.20498 -0.32107 0.30215 -1.0067 -0.2327 0.58674 0.47671 -0.27377 0.23857 0.314 -0.26323 0.13053 0.3362 0.39834 0.26253 0.3196 -0.094148 0.057813 0.11354 -0.36798 0.23239 0.23534 -0.060324 0.56593 0.40414 0.32484 -0.53097 0.30965 0.04149 -0.31638 0.055047 0.4823 0.85447 0.25565 0.98076 -0.385 -0.33175 0.20047 0.191 0.7147 0.35417 -0.41797 0.40505 0.4638 0.45896 -0.60006 0.13611 0.08797 -0.39794 -0.25954 -0.83833 -0.051514 -0.72428 -0.30353 -0.46752 0.65954 -0.3241 0.94434 0.25927 0.67554 -0.14272 0.045199 0.93614 -0.47496 0.80196 -0.28676 -0.031239 -0.18952 -0.0018401 -0.042089
yaounde 0.60754 0.31162 -0.68229 0.14291 0.073685 0.2475 0.35723 0.82055 0.22588 0.13245 -0.2975 -0.34451 0.84719 -0.27866 -0.49004 -0.19992 -0.27763 0.11212 -0.38372 -0.73192 -0.13983 0.19142 -0.21285 -0.084562 0.80994 0.18641 1.0645 -0.54067 -0.13005 0.1233 0.11431 -0.19388 -0.3304 1.2295 -0.038502 -0.43147 0.069555 0.61455 0.12104 -0.48285 0.35656 0.39271 0.016356 -0.35915 -0.049632 0.34434 0.014739 0.81408 -0.3437 -0.093662 -0.0097228 -0.24659 0.068017 0.77888 -0.16579 0.54025 0.30009 0.01555 0.21005 0.40811 0.22739 0.62122 0.25105 0.33451 -0.31845 0.81419 0.056037 0.18061 0.54911 -0.6475 0.20947 0.45065 0.53354 0.11284 0.063491 0.92571 0.18169 -0.44663 0.24104 -0.09762 -0.19053 0.11131 0.19884 -0.0249 -0.22975 -0.58049 0.86299 -0.34054 0.75273 0.36413 -0.058761 -0.43415 0.22784 0.14784 -0.33023 -0.16044 0.81201 0.22068 -0.45361 0.34635 -0.062396 -0.10245 0.46667 0.78038 -0.34866 0.072502 -0.028992 0.5266 -0.044364 0.14136 -0.059688 0.21993 -0.6243 0.095671 0.094823 -0.38259 0.11438 -0.19069 0.67818 0.11613 -0.11296 -0.41267 0.073655 -0.56299 -0.27473 0.063489 0.11183 -0.12714 -0.32248 -0.30396 0.067016 0.062301 0.352 -0.34896 0.042714 -0.07179 -0.41833 0.54986 -0.12597 0.146 -0.16919 -0.17392 -0.30652 0.084713 -0.25446 0.12408 0.51405 -0.54577 -0.31058 0.49118 -0.11389 0.37188 0.039568 0.34516 0.1575 -0.25458 0.51359 -0.37789 0.078296 0.55157 -0.081777 -0.035904 -0.02139 -0.068687 -0.14848 -0.31288 0.29896 -0.37374 -0.46686 -0.12468 -0.23851 -0.42176 -0.043834 -0.03531 -0.062205 -0.2004 0.4399 0.62321 -0.79267 0.52053 0.26616 0.27977 -0.17014 -0.1272 0.065917 0.32988 -0.16202 1.0358 0.056472 0.057416 0.72898 -0.43247 0.62603 0.053527 0.88352 -0.23076 -0.031525 -0.081689 -0.64556 0.27065 -1.1967 -1.213 0.22524 -0.025414 0.052694 -0.035674 -0.014173 -0.38787 0.4518 -0.10556 0.29524 -0.43114 -0.19856 -0.51495 0.34255 0.43932 -0.51632 -0.42816 -0.11966 -0.68117 -0.48456 0.26812 0.40184 0.51042 -0.59268 -0.66727 -0.19195 -0.21837 -0.021133 0.015668 0.81798 0.24732 -0.11801 -0.77724 0.30828 0.49007 0.18183 0.72375 0.51952 -1.0571 -0.081166 -0.38914 -0.21268 -0.45305 0.9011 0.13561 -0.16044 -0.2865 -0.25158 -1.0337 0.29954 0.22148 0.97704 -0.039418 -0.71467 0.47259 -0.55749 -0.33116 -0.35355 -0.55733 0.90162 -0.10622 0.12971 -0.11344 0.20323 -0.067735 -0.76869 0.054566 -0.25182 0.12796 -0.43263 0.24502 -0.13194 0.038563 0.45269 0.22182 0.23199 0.35471 -0.20709 -0.018264 0.99547 -0.20952 -0.092032 -0.76133 0.049864 -0.1526 -0.72217 -0.40942 -0.72838 -0.29417 0.13967 0.49042 0.94261 -0.20465 -0.58013 -0.39853 -0.051388 -0.30001 0.29796 -0.32369
valletta -0.095166 -0.29162 -0.16049 0.411 0.67231 0.086369 0.058114 -0.40955 -0.099901 0.013875 0.35107 -0.22076 0.00013403 0.082378 0.7247 -0.38392 -0.74038 -0.36806 -0.41093 -0.29015 0.16933 -0.13764 0.11586 0.20829 0.52696 -0.2528 -0.47829 -0.0052902 -0.54599 0.25513 0.43474 0.085579 -0.1905 0.73841 0.15836 0.31182 0.31802 0.79431 0.35055 -0.27883 -0.28853 0.042346 0.50133 0.41548 0.052096 0.29294 0.22298 0.54075 -0.60066 0.54282 -0.048043 -0.78464 0.097544 -0.29249 -0.15801 0.33662 0.0045976 -0.44256 0.47605 0.42082 -0.24419 -0.30824 -0.046054 0.39204 0.070268 0.13531 -0.093825 0.40886 0.21601 -1.0226 0.21465 0.2539 0.37163 -0.35822 -0.094434 0.59478 0.20167 -0.72267 0.30245 0.074294 0.050404 -0.33221 0.16966 -0.37913 -0.50018 -0.063299 -0.066244 0.23599 -0.16914 0.21324 0.21595 -0.063881 0.2059 -0.39477 0.010567 0.44721 0.44819 -0.21356 -0.76168 0.38641 0.50519 0.42348 0.37161 -0.02749 0.41318 -0.12424 -0.027655 -0.24709 0.48964 -0.16191 0.0079396 -0.029807 -0.053306 0.18488 -0.21379 -0.42854 -0.3729 0.14313 -0.59171 -0.12369 -0.16972 0.056945 0.2164 0.22394 0.19933 -0.69253 -0.039636 -0.7074 0.7877 -0.46641 0.096234 -0.35879 -0.045549 -0.14823 -0.037471 0.25006 0.95554 0.12745 -0.80908 -0.27546 0.24876 0.046699 -0.25948 -0.090666 0.44794 -0.47953 0.28331 -0.13042 -0.57497 0.13355 0.0095582 -0.27093 -0.21849 -0.06614 -0.3134 -0.036955 0.0037394 0.47128 -0.18117 -0.10721 -0.20577 0.4317 -0.30563 0.31579 -0.16021 -0.01567 -0.14903 -0.3335 0.3035 0.27651 -0.0037811 0.29676 0.71449 -0.09574 0.0042347 0.38389 -0.3161 -0.13682 -0.66452 -0.4957 -0.21016 -0.050319 0.13954 0.715 0.11447 0.089073 0.023083 0.57471 -0.32343 0.042052 0.31089 0.031085 -0.3865 -0.61736 1.2471 0.053947 0.4424 -0.22352 -0.53004 -0.022345 0.040917 -0.68008 -0.36253 0.56849 -0.045885 -0.42711 0.32208 -0.04485 0.43711 -0.14611 -0.026654 0.16642 -0.17728 0.13751 -0.22134 0.2288 0.25521 0.18732 -0.48157 -0.34261 -0.055865 0.18329 0.1861 -0.083078 -0.43146 0.010784 0.11748 -0.41933 0.41898 -0.76767 0.29106 -0.14449 0.51008 -0.48336 -0.28312 -0.19597 0.3589 -0.26981 0.16717 0.27363 -0.3834 -0.10441 -0.027948 0.55844 0.86353 0.46847 0.31012 0.25932 -0.112 -0.71808 0.57644 0.18774 0.80912 0.30574 -0.45889 0.090415 0.15998 -0.15342 -0.29651 -0.21027 -0.37442 -0.082977 0.07502 0.28745 0.54442 0.24604 0.29598 -0.61301 -0.44565 -0.029843 0.39554 -0.064906 0.32763 -0.19885 0.28055 0.1525 0.85164 -0.12296 -0.5249 -0.042481 0.4438 0.26584 -0.096227 -0.067305 0.084095 -0.017093 -0.18567 -0.035306 0.41188 -0.13747 -0.27757 0.58399 0.36997 0.76339 0.49577 -0.069574 -0.14314 0.32735 -0.337 -0.096087
marrakech 0.014927 -0.39087 -0.16317 0.20494 -0.039061 0.33519 -0.0027484 -0.25476 -0.16174 0.71917 0.8273 0.58856 0.28507 0.12624 -0.033261 0.089579 -0.53145 0.062146 -0.035751 -0.21859 -0.59509 -0.26746 -0.61486 -0.20005 -0.079274 -0.58256 -0.037446 -0.017049 0.0029035 0.1787 0.22798 -0.41407 0.019239 0.13447 0.45365 -0.3552 -0.52203 -0.16525 0.010669 -0.40992 0.42754 0.56837 0.073407 -0.42607 -0.0036564 0.42299 0.29709 0.13424 0.016143 -0.32055 0.24615 -0.38169 0.19489 0.036406 0.44979 -0.2803 -0.288 0.19345 0.35438 0.55637 -0.57267 -0.49541 0.48423 0.3122 0.46318 0.2465 0.53445 0.64453 0.087618 -0.32126 0.41777 0.025446 0.94224 0.20309 -0.15536 0.39972 0.43228 -0.8321 0.078746 -0.40149 0.53357 -0.18843 0.2978 0.033927 0.15733 -0.26255 0.00794 0.14255 0.72207 0.41915 -0.27264 -0.85866 0.21032 -0.041532 0.21621 0.055963 0.27541 0.035091 -0.39497 0.43851 0.56887 -0.053171 1.1218 -0.035094 -0.45226 -0.19179 -0.11635 -0.38466 0.77885 0.19605 0.45523 -0.085549 -0.097527 -0.28578 0.13377 -0.12393 0.00016272 0.59108 -0.19057 0.19919 -0.0065468 0.045677 -0.13658 -0.16736 -0.15352 0.57946 0.38583 0.16953 -0.52079 -0.57416 0.36534 0.22619 0.21053 0.50302 0.19883 -0.61214 -0.37111 0.30166 0.099148 -0.16686 0.2216 0.33285 0.15989 -0.25763 0.43668 -0.39822 0.73921 -0.26216 -0.2635 0.25507 -0.2857 -0.099861 0.25915 0.02377 -0.70797 -0.35291 0.24443 0.072394 -0.36505 0.41524 0.17785 0.23953 -0.078655 -0.29762 0.51481 -0.53538 0.39215 -0.062393 0.24816 0.4002 0.026696 -0.31002 0.30503 -0.89536 -0.099806 0.33908 -0.063123 0.34006 -0.44642 0.091557 0.18704 -0.20497 -0.46907 0.54106 0.35037 -0.069661 -0.027733 0.83729 0.42263 -0.44188 0.44256 0.00080412 0.65432 -0.74628 -0.15946 -0.26736 -0.016342 0.76672 -0.31864 0.10972 -0.0079615 -0.62069 0.09132 0.15763 0.31397 -0.28735 0.19898 0.050121 -0.079744 -0.040976 -0.44208 0.47274 0.031477 0.054705 0.11501 0.37885 -0.13988 -0.59771 0.10253 -0.47267 0.60125 -0.31195 -0.16462 0.042063 -0.50131 0.038364 -0.21946 0.17715 0.28417 -0.61044 0.46069 -0.010421 0.29625 -0.18976 0.57515 -0.01744 0.029357 -0.061843 0.40283 -0.36382 0.11489 0.15384 -0.28816 0.025263 0.32288 0.21916 -0.48678 -0.66065 0.20256 -0.13991 0.018242 -0.57206 -0.18635 0.071763 -0.80516 -0.2706 -0.21182 0.095515 -0.33309 -0.21709 0.77948 -0.034819 0.054896 0.28309 0.4343 0.44955 0.13436 0.122 0.51687 -0.0032273 0.042713 0.35958 0.46493 0.60057 0.084478 -0.63422 0.2917 0.15386 -0.18471 0.29558 -0.063583 -0.2963 -0.87021 0.192 -0.46637 0.019026 0.45533 0.41037 -0.3533 -0.19966 0.21469 0.38258 -0.55062 -0.57103 -0.14567 0.039462 -0.25457 -0.090591 -0.2491 0.05491
gaborone -0.023898 -0.079921 -0.45725 0.29432 -0.03475 0.4667 0.72921 0.18988 0.46142 0.42151 -0.40212 -0.38642 -0.11114 0.0094948 0.12573 -0.62135 0.12531 0.1074 0.090269 -0.23502 0.12373 0.22268 -0.057743 0.26799 0.41713 0.33439 0.24478 0.54748 -0.70847 -0.15354 0.20057 -0.23885 -0.014835 0.9628 0.22976 -0.42079 -0.4804 1.0968 -0.4205 -0.273 0.10952 0.21791 -0.19311 0.14592 0.045827 0.46393 -0.18221 0.45991 0.048479 -0.40251 0.17578 -0.0018787 0.018406 0.76767 0.59368 -0.18268 -0.26375 0.92507 -0.12966 0.74495 -0.16513 -0.69089 0.25507 -0.69778 0.32051 0.26989 0.33648 0.62702 -0.33859 -0.14757 0.25041 -0.38692 0.27117 0.23811 -0.092087 0.5681 0.46602 -0.33393 0.012515 0.030869 0.39224 -0.23926 0.35431 0.30671 -0.94859 -0.55274 -0.34255 -0.47143 0.67788 -0.26113 -0.31202 0.036597 0.78814 0.16178 0.2248 0.077812 0.25515 0.60806 -0.75154 0.27481 0.4985 -0.025939 -0.070734 0.32558 0.065556 0.22077 0.19473 0.10723 -0.038632 -0.13691 0.1962 -0.41706 -0.83345 0.26541 0.31432 0.14221 0.2087 -0.57256 -0.061272 0.17502 0.17256 0.18897 0.64196 0.13618 -0.42764 -0.44891 0.076432 -0.68403 -0.3491 -0.37662 -0.52961 0.22676 0.50624 0.053031 -0.29336 0.19522 -0.28809 -0.70122 -0.52308 -0.16076 -0.69055 -0.44485 -0.11851 -0.25211 0.42094 0.17976 0.7279 0.44379 0.26967 0.62727 -0.35376 -0.43143 0.43668 0.49676 -0.057817 -0.1289 0.3795 -0.0025225 0.32091 0.43333 -0.010643 0.39774 -0.26847 -0.33732 0.59945 -0.17702 0.44023 -0.43764 0.037629 0.053769 -0.054605 0.39452 0.074078 0.13042 -0.42639 0.35385 -0.49265 0.60167 0.020537 0.24282 -0.074499 0.0066453 0.32124 -0.086632 0.52248 -0.0086343 0.079865 0.18442 -0.26763 -0.26141 -0.40101 0.31578 0.17852 0.12824 0.024403 0.51147 0.65123 -0.66169 -0.46063 0.26739 -0.74171 -0.82888 -0.065021 -0.13646 0.09749 -0.16751 -0.025409 -0.25319 -0.14188 0.26178 0.63064 -0.34701 -0.11503 -0.10957 0.10181 -0.16129 -0.58684 -0.46968 -0.4878 -0.12362 -0.3557 -0.49072 -0.19745 0.51903 -0.013381 0.16571 -0.16043 0.046474 0.28987 0.0095081 0.22208 -0.495 0.27793 -0.14865 0.30579 0.68216 -0.10522 -0.20884 0.68442 -0.41668 0.13839 0.071074 -0.93206 0.24877 0.65239 0.25868 -0.25654 -0.017107 0.035089 -0.70611 0.0029761 -0.36882 0.1331 -0.68706 -0.69927 0.34112 0.038493 -0.13539 -0.44298 -0.34056 0.15231 0.55146 -0.29927 -0.091052 0.17033 0.10028 0.1352 0.053767 -0.34664 0.7486 -0.29524 -0.56089 -0.43103 -0.12775 -0.030754 -0.08973 0.35969 0.041573 0.12092 0.16801 0.1421 -0.44062 -0.31774 -0.057984 -0.73312 -0.25804 -0.16423 -0.2535 -0.75635 -0.26726 -0.12731 0.3778 -0.18932 0.16365 -0.15591 -0.21284 -0.047545 0.28696 0.47409 0.016279
manaus -0.089826 -0.082263 -0.51128 0.14551 -0.12795 -0.54419 0.39428 0.036897 0.3519 0.40853 -0.74056 -0.10002 -0.0041346 -0.99247 0.66091 -0.1466 0.017947 0.37132 0.37117 0.89367 -0.15805 0.14149 -0.037665 -0.18418 -0.37412 -0.068673 0.47686 -0.16855 -0.38697 0.098491 0.69695 -0.028397 -0.57966 -0.18055 0.77579 0.10292 -0.13377 0.51644 -0.49527 -0.30223 -0.053487 -0.11538 -0.31184 0.17338 -0.50369 -0.24433 0.69932 0.36718 0.17114 0.025492 0.86009 -0.29747 0.071568 0.21915 -0.46986 -0.011611 -0.35258 -0.56327 -0.3819 0.42273 -0.82426 -0.59759 -0.13945 -0.4299 -0.16438 0.80355 0.3691 0.62524 -0.22022 -0.044866 0.47553 0.13723 0.10078 -0.57261 -0.23486 0.25762 0.31802 -0.075615 0.51685 -0.44784 0.43072 0.10763 0.18185 0.15502 -0.33567 0.11018 0.10229 -0.15083 0.87567 0.1581 -0.11629 0.033261 0.50323 -0.015819 0.39223 -0.19793 -0.093029 0.28853 -0.32338 -0.080711 0.32887 0.21798 0.01446 0.12886 0.20187 0.36386 -0.088422 -0.083077 0.2868 0.36233 -0.099778 -0.4377 -0.62562 -0.39857 0.31469 -0.95116 0.79817 -0.46166 -0.37589 0.19286 -0.44248 -0.34949 -0.018944 -0.40182 -0.29755 -0.14234 0.093652 -0.64925 -0.7186 0.047273 0.23846 0.10903 0.075737 -0.027593 -0.091666 0.19547 -0.32397 0.1457 0.18175 -0.18856 -0.80553 -0.38215 -0.079563 0.062186 -0.21559 0.22825 0.8685 -0.26175 -0.31891 -0.083115 -0.085642 -0.071908 -0.10364 0.20457 0.026093 0.061492 0.077347 -0.37415 -0.10533 -0.3946 -0.010465 0.38245 -0.009728 -0.31412 0.20373 -0.67807 -0.079283 0.31407 -0.49418 0.34837 -1.1436 -0.60987 -0.088205 0.30266 0.76528 -0.10458 0.47867 0.44171 -0.40916 -0.30076 -0.049462 0.5258 0.17273 0.45013 0.12455 0.17684 0.079958 0.61042 0.2208 -0.27103 -0.23789 -0.0197 -0.20806 -0.52984 0.15123 -0.3518 0.17132 0.30543 -0.38103 0.60361 -0.20201 0.11892 -0.4671 -0.044262 0.0261 -0.13325 0.097196 0.14072 -0.15403 0.060526 -0.013623 -0.1096 -0.90247 0.099651 0.29856 0.74617 -0.34714 -0.36879 -0.33863 0.16563 0.19528 -0.36285 0.56337 0.039813 -0.034992 0.21682 0.13265 0.13041 0.2258 -0.51438 0.26895 -0.11235 0.15687 0.48302 0.23394 -0.17872 -0.011283 0.47794 0.31126 0.085584 -0.38704 -0.72774 -0.28827 0.55998 0.43481 0.22633 0.14349 -0.11697 0.56789 -0.070634 -0.14069 0.03803 0.11783 0.40962 -0.71255 0.62306 -0.94128 -0.12856 0.29872 -0.36112 0.49191 0.021834 0.52588 -0.36241 0.17081 0.25784 -0.32089 -0.057233 0.12762 -0.16464 -0.0049143 -0.34028 -0.52681 -0.18748 -0.08313 -0.48361 0.31627 -0.19996 -0.32253 0.015615 -0.24726 -0.24697 -0.68058 -0.34551 -0.13726 -0.095486 0.18641 0.15886 -0.30431 0.2732 0.16836 -0.016877 0.19266 -0.042876 0.30261 -0.88688 -1.1465 0.069835 0.0005629 0.06753
curitiba 0.38352 0.11222 -0.57886 -0.014935 0.45655 0.22528 0.067179 -0.41163 0.40593 0.51289 -0.28451 0.58412 0.26983 -0.51255 0.40278 -0.10653 -0.56683 0.18728 0.14681 -0.22689 0.020294 0.32072 0.040079 -0.17087 0.036139 -0.19069 -0.07048 0.28461 -0.61681 -0.26708 0.18876 0.013725 -0.59407 0.11914 0.94028 0.053829 0.092406 0.24848 -0.73964 -0.46274 0.12965 -0.17989 -0.18221 -0.16636 -0.32004 0.17084 0.71533 0.50495 0.19957 0.078582 0.47106 0.064495 0.45878 0.3077 -0.0030583 0.074784 0.1232 -0.35331 0.23114 -0.081141 -0.77733 -0.40583 -0.038741 -0.4777 -0.030415 0.1973 0.28622 0.56735 0.36795 -0.51246 0.47505 0.33165 0.75761 -0.71914 -0.5956 0.34315 -0.64361 -0.01334 0.77068 -0.91788 0.36998 0.35274 -0.09849 -0.24252 -0.17347 0.42602 -0.06901 -0.51876 0.87107 0.83465 0.15887 -0.028442 1.0957 -0.069493 0.29948 -0.20029 0.036747 0.079181 -0.73251 -0.1195 0.51806 -0.44942 0.18415 0.033315 0.47944 0.18995 -0.45441 0.37549 -0.35653 -0.22315 -0.0414 -0.643 -0.20779 -0.16869 0.085091 -0.49354 0.6259 -0.12695 -0.4098 0.70063 -0.18963 -0.45903 -0.010747 -0.17996 0.014984 0.43181 0.16785 -0.6427 -0.60838 0.42367 -0.029635 0.10913 0.129 0.96752 -0.13382 -0.34989 0.24231 -0.15557 0.11789 0.51012 -0.42999 0.042076 -0.39982 -0.5376 0.37465 0.19358 0.11615 -0.40156 -0.16794 0.029536 -0.63112 0.25033 -0.19469 0.31106 0.051451 -0.32026 0.31662 -0.24882 -0.4819 0.28228 0.15629 0.37204 0.04031 -0.058597 0.13251 -0.49228 -0.28778 0.2157 0.23348 -0.20283 -0.082636 0.15139 0.01887 0.30027 0.69444 -0.55115 0.48929 0.12698 0.091466 0.15779 -0.052606 0.09531 -0.00066366 0.67717 -0.025365 0.42573 -0.27666 0.29688 0.099905 -0.40499 -0.52773 -0.53588 -0.4122 -0.080343 -0.20406 0.009886 0.4654 0.15207 -0.57918 0.34701 -0.28215 -0.41356 0.043718 -0.011518 -0.33006 -0.59556 -0.017414 0.40059 0.10097 0.43123 0.23784 0.068858 -0.4371 0.0029829 0.33303 0.75979 -0.74722 -0.26189 -0.36448 0.16772 -0.091295 -0.079848 0.27407 -0.086812 -0.057351 -0.39831 0.24722 -0.45093 0.27547 -0.15922 -0.0021376 0.015905 0.68775 -0.35414 0.006911 -0.12752 -0.18071 0.59896 -0.27101 0.71077 0.23681 -0.66442 -0.065812 0.13018 -0.0014499 0.0089032 0.18934 0.23718 0.22086 -0.21487 0.094696 0.010921 0.44725 0.96914 -0.59434 0.40283 0.064575 0.4428 0.091857 -0.61405 0.42842 0.23717 0.24342 -0.096114 0.60879 0.13434 -0.41526 0.34597 0.23774 0.32713 -0.12113 -0.040272 -0.15495 0.034296 0.54304 -0.55241 0.32289 -0.28167 -0.28335 0.20119 -0.21826 -0.080492 -0.11691 -0.16725 -0.37186 -0.028214 -0.089989 0.17826 -0.056333 -0.19425 0.27068 0.27537 0.26128 0.18827 0.73395 -0.46408 -1.0983 -0.55512 0.19271 -0.45264
paramaribo 0.28479 -0.30685 -0.43898 0.093324 -0.21001 0.046309 0.49311 -0.063479 -0.0368 0.33337 -0.49305 0.34573 -0.36543 -0.41377 0.029294 0.40552 0.32861 0.037955 0.24997 -0.69334 0.44049 -0.35563 0.18203 0.11721 -0.16918 -0.19407 -0.16173 0.19071 -0.48754 0.031516 0.32459 0.35758 0.12401 0.083786 0.91345 -0.14565 -0.75304 0.94714 -0.33803 -0.15946 0.16672 -0.27956 -0.10189 -0.45215 0.43536 0.26927 0.27071 0.12345 -0.48372 0.11081 0.4428 -0.39902 0.35953 -0.10741 0.29371 -0.31622 -0.01081 -0.1935 0.24366 -0.28211 -0.37656 0.0067387 0.048948 0.057925 0.23925 -0.0046768 0.25139 0.42537 -0.0731 -0.29964 0.12736 0.023638 -0.29043 -0.41386 -0.0066924 0.48073 0.16896 -0.6516 0.57651 -0.25886 0.399 -0.22353 0.52844 -0.21782 -0.54288 -0.69567 0.073053 -0.65627 -0.3502 0.24718 -0.26269 0.24041 0.31993 -0.049104 0.49441 0.29499 0.51422 -0.56977 -0.96438 0.47407 0.054526 0.37313 0.051069 -0.22243 0.55467 -0.21703 -0.099658 -0.29527 -0.0091292 0.29513 0.38775 -0.079401 -0.65218 -0.28738 -0.12308 -0.72046 0.37644 -0.15355 -0.26434 -0.02962 0.12502 -0.14982 0.14359 -0.69647 -0.80113 -0.088967 0.68938 0.076776 -0.49194 -0.38252 -0.56925 -0.39751 0.26264 -0.18867 0.15885 -0.24084 -0.078539 -0.49052 0.48018 -0.11888 -0.39772 0.041147 -0.2502 0.35083 0.3135 -0.29947 1.0576 0.72389 -0.37341 0.74509 -0.50549 -0.087836 0.29128 -0.18971 0.23258 0.19538 0.36383 0.10314 0.11517 -0.16355 -0.55071 0.54091 -0.051697 -0.2374 0.011392 0.28906 0.22377 -0.18351 0.15585 0.044822 -0.043192 -0.076706 -0.14048 -0.46488 0.072978 0.27615 0.2248 -0.28197 -0.68623 -0.13567 -0.38661 -0.22739 -0.31441 0.12616 0.095363 0.12695 0.75803 0.3345 -0.24336 0.096535 -0.10366 -0.099802 -0.11797 -0.099221 0.4666 0.017616 0.91958 -0.058668 -0.34764 -0.28684 -0.28549 -0.38888 -0.17047 -0.42435 -0.53093 0.049513 0.45985 0.26198 0.0090979 0.35215 0.72818 -0.057009 -0.69621 0.054482 -0.1079 0.90489 0.79764 -0.22464 -0.56308 -0.47868 0.0075357 0.20776 0.40851 -0.11 -0.067679 0.22507 -0.59863 0.10253 0.16483 -0.89964 0.68171 0.058871 0.53043 0.51986 0.10048 0.008343 0.70031 -0.06806 0.082839 -0.49033 0.49712 -0.36306 0.43167 0.12948 0.63767 -0.11423 -0.089664 0.3459 0.68885 -0.17248 0.50217 0.051968 0.51531 -0.14656 -0.36422 0.66716 0.325 0.061024 -0.28642 -0.71231 0.44231 0.39676 0.36323 -0.50126 0.95656 0.45492 0.10406 -0.23263 0.0409 -0.24644 -0.30224 -0.6974 -0.20299 -0.69128 0.07506 0.034524 0.49542 -0.26154 -0.69799 0.29826 0.016 0.0045353 -0.35921 0.044795 -0.91529 -0.018524 0.13968 0.12978 -0.70971 0.26308 0.90019 0.17326 0.2994 0.0053062 0.21311 0.090851 -0.20078 0.42021 0.096636 -0.33943
ulaanbaatar -0.34708 -0.11918 0.17849 0.32883 -0.02362 -0.48262 -0.25052 0.62445 0.44621 0.077803 -0.016643 0.22411 0.13932 0.14595 0.092151 -0.6378 -0.037165 -0.42864 -0.17047 0.31895 0.018772 -0.36157 -0.12789 0.021308 0.93991 -0.18751 -0.14659 0.22669 -0.50408 0.28036 0.33705 -0.52946 -0.44324 -0.007349 0.38396 -0.26437 -0.31525 0.39977 -0.70273 -0.31019 -0.25527 0.70526 -0.57153 0.13194 0.45052 0.068928 -0.068799 0.56661 -0.062706 -0.41171 0.38781 -0.35843 -0.22864 -0.28766 0.28952 -0.14096 -0.11289 -0.44506 -0.13527 -0.019349 -0.23731 0.0054253 -0.093794 -0.37418 0.11959 0.32344 0.16486 0.016215 -0.33816 0.25086 0.4649 0.29287 0.40911 -0.54128 -0.24858 0.026722 -0.18819 -0.53094 0.73753 0.031288 0.27903 0.13595 -0.077554 -0.37949 -0.39696 -0.0075992 0.0034069 -0.16243 0.86156 0.3921 0.10821 -0.13418 0.22937 -0.13263 0.27192 0.13936 0.17145 0.13438 -0.65517 0.51335 0.14569 0.5352 -0.23753 0.13383 0.18957 0.51013 -0.35961 0.024303 -0.0022824 0.18277 -0.49245 -0.25689 -0.4614 -0.33349 0.26357 -0.26071 0.069699 -0.5631 -0.09003 0.0011049 0.43175 0.038545 0.28595 0.035541 0.071756 -0.56069 -0.28766 0.35792 -0.33264 -0.25745 -0.61314 -0.032509 0.72503 -0.010147 -0.27615 -0.11728 -0.3331 0.36798 -0.26192 -0.43159 -0.37424 0.57054 -0.19545 -0.35112 0.45009 -0.028937 0.19342 -0.15245 -0.020641 0.10753 -0.045364 -0.67141 -0.20351 0.32687 -0.57106 0.17451 0.25626 0.38088 0.23193 -0.10538 -0.13512 0.27113 -0.11358 -0.31536 0.40708 -0.53179 0.082257 0.074408 0.65415 -0.3854 -0.35821 0.015682 0.14105 0.18441 -0.56413 -0.070841 -0.19045 -0.65664 -0.35721 -0.44093 -0.16574 0.2156 -0.96318 -0.36937 0.24084 0.18811 0.3985 0.23949 -0.30367 -0.27229 0.31895 0.07089 -0.049384 -0.020393 0.22588 0.89219 -0.043929 -0.20577 0.098798 0.50894 -0.39329 -0.64579 0.29164 0.25865 -0.20811 -0.081978 0.49472 -0.24388 -0.08551 -0.41024 0.24895 -0.70537 -0.4995 -0.45373 -0.0083725 0.048261 -0.58825 -0.36364 -0.73185 0.1972 -0.088719 0.087108 -0.49809 -0.039658 0.40136 -0.27809 -0.21094 -0.11921 -0.12391 0.32792 -0.13918 -0.10871 -0.25297 -0.28143 -0.23606 0.52397 -0.18618 -0.52232 0.42256 -0.019603 0.14359 -0.35594 -0.0073973 0.19977 0.43633 0.27234 0.54197 0.45042 0.1378 -0.085487 -0.25925 -0.31384 0.051531 0.16398 -0.92116 0.55046 -0.16067 -0.32613 0.10768 0.029568 -0.14329 0.00075775 -0.019774 -0.44906 0.2627 -0.48163 0.3023 -0.18674 0.14671 0.15159 0.031049 -0.43337 -0.094462 -0.12711 0.0080267 -1.0218 0.82971 -0.19008 0.073053 -0.03028 -0.046047 -0.34054 -0.2634 0.78073 -0.40293 0.22665 -0.38449 0.53289 0.15675 -0.61569 0.56429 0.31596 -0.0038117 0.13471 -0.27223 0.02177 0.87805 0.05951 0.13545 -0.16618
